subreddit,!,"""",#,$,%,&,',(,),*,+,",",-,.,/,:,;,<,=,>,?,@,[,\,],^,_,`,{,|,},~
funny,0.0,0.0,0.0,0.0,0.0,0.0,0.0,1.948051948051948,1.948051948051948,0.0,0.0,3.2467532467532463,0.0,3.2467532467532463,0.0,0.0,0.0,0.0,0.0,0.0,0.6493506493506493,0.0,0.0,0.0,0.0,0.0,0.0,0.0,0.0,0.0,0.0,0.0
atheism,0.7874015748031495,0.0,0.0,0.0,0.0,0.0,0.0,0.0,0.0,1.574803149606299,0.0,5.511811023622047,0.0,2.3622047244094486,0.0,0.7874015748031495,0.0,0.0,0.0,0.0,0.0,0.0,0.0,0.0,0.0,0.0,0.0,0.0,0.0,0.0,0.0,0.0
AskReddit,0.0,0.0,0.0,0.0,0.0,0.0,0.0,0.0,0.0,0.0,0.0,2.666666666666667,0.0,6.666666666666667,0.0,0.0,0.0,0.0,0.0,0.0,0.0,0.0,0.0,0.0,0.0,0.0,0.0,0.0,0.0,0.0,0.0,0.0
leagueoflegends,0.0,0.0,0.0,0.0,0.0,0.0,1.0869565217391304,1.0869565217391304,1.0869565217391304,0.0,0.0,1.0869565217391304,0.0,6.521739130434782,0.0,0.0,0.0,0.0,0.0,0.0,1.0869565217391304,0.0,0.0,0.0,0.0,0.0,0.0,0.0,0.0,0.0,0.0,0.0
AskReddit,0.0,0.0,0.0,0.0,0.0,0.0,0.0,0.0,0.0,0.0,0.0,1.25,0.0,5.0,0.0,1.25,0.0,0.0,0.0,0.0,0.0,0.0,0.0,0.0,0.0,0.0,0.0,0.0,0.0,0.0,0.0,0.0
AskReddit,0.0,0.0,0.0,0.0,0.0,0.0,0.2638522427440633,0.0,0.0,0.0,0.0,6.33245382585752,0.0,4.749340369393139,0.0,0.0,0.0,0.0,0.0,0.0,0.0,0.0,0.0,0.0,0.0,0.0,0.0,0.0,0.0,0.0,0.0,0.0
AskReddit,0.0,0.0,0.0,0.0,0.0,0.0,0.0,0.0,0.0,0.0,0.0,1.8018018018018018,0.0,4.504504504504505,0.0,0.0,0.0,0.0,0.0,0.0,0.9009009009009009,0.0,0.0,0.0,0.0,0.0,0.0,0.0,0.0,0.0,0.0,0.0
AskReddit,0.0,0.0,0.0,0.0,0.0,0.0,0.0,0.0,0.0,0.0,0.0,3.896103896103896,1.2987012987012987,3.896103896103896,0.0,0.0,0.0,0.0,0.0,0.0,1.2987012987012987,0.0,0.0,0.0,0.0,0.0,0.0,0.0,0.0,0.0,0.0,0.0
AskReddit,0.0,0.0,0.0,0.0,0.0,0.0,0.0,0.0,0.0,0.0,0.0,7.520891364902507,0.0,4.735376044568245,0.0,0.0,0.0,0.0,0.0,0.0,0.2785515320334262,0.0,0.0,0.0,0.0,0.0,0.0,0.0,0.0,0.0,0.0,0.0
AskReddit,0.0,0.0,0.0,0.0,0.0,0.0,0.3205128205128205,0.3205128205128205,0.3205128205128205,0.0,0.0,4.166666666666666,0.0,5.448717948717949,0.0,0.3205128205128205,0.0,0.0,0.0,0.0,0.0,0.0,0.0,0.0,0.0,0.0,0.0,0.0,0.0,0.0,0.0,0.0
AskReddit,0.0,0.0,0.0,0.0,0.0,0.0,0.0,0.0,0.0,0.0,0.0,5.042016806722689,0.0,5.042016806722689,0.0,0.0,0.0,0.0,0.0,0.0,0.0,0.0,0.0,0.0,0.0,0.0,0.0,0.0,0.0,0.0,0.0,0.0
AskReddit,0.5376344086021506,0.0,0.0,0.0,0.0,0.0,0.0,0.5376344086021506,0.5376344086021506,0.0,0.0,11.827956989247312,0.0,10.21505376344086,0.0,0.0,0.0,0.0,0.0,0.0,0.0,0.0,0.0,0.0,0.0,0.0,0.0,0.0,0.0,0.0,0.0,0.0
AskReddit,0.0,0.0,0.0,0.0,0.6535947712418301,0.0,0.0,0.0,0.0,0.0,0.0,6.535947712418301,0.6535947712418301,2.6143790849673203,0.0,0.0,0.0,0.0,0.0,0.0,0.0,0.0,0.0,0.0,0.0,0.0,0.0,0.0,0.0,0.0,0.0,0.0
atheism,0.0,0.0,0.0,0.0,0.0,0.0,0.0,0.0,0.0,0.0,0.0,7.174887892376682,0.0,4.0358744394618835,0.0,0.0,0.0,0.0,0.0,1.345291479820628,2.242152466367713,0.0,0.0,0.0,0.0,0.0,0.0,0.0,0.0,0.0,0.0,0.0
AdviceAnimals,0.0,0.0,0.0,0.0,0.0,0.0,0.0,0.4524886877828055,0.4524886877828055,0.0,0.0,4.524886877828054,0.0,5.429864253393665,0.0,0.0,0.0,0.0,0.0,0.0,0.0,0.0,0.0,0.0,0.0,0.0,0.0,0.0,0.0,0.0,0.0,0.0
AskReddit,0.0,0.0,0.0,0.0,0.0,0.0,0.0,0.7874015748031495,0.7874015748031495,0.0,0.0,4.724409448818897,0.0,4.724409448818897,0.0,0.0,0.0,0.0,0.0,0.0,0.0,0.0,0.0,0.0,0.0,0.0,0.0,0.0,0.0,0.0,0.0,0.0
AskReddit,0.34843205574912894,0.0,0.0,0.0,0.0,0.0,0.0,1.3937282229965158,1.3937282229965158,0.0,0.0,2.4390243902439024,0.0,3.1358885017421603,0.0,0.0,0.0,0.0,0.0,0.0,0.34843205574912894,0.0,0.0,0.0,0.0,0.0,0.0,0.0,0.0,0.0,0.0,0.0
AskReddit,0.0,0.0,0.0,0.0,0.0,0.0,0.0,0.6896551724137931,0.6896551724137931,0.0,0.0,5.517241379310345,0.0,6.896551724137931,0.0,0.0,0.0,0.0,0.0,0.0,0.6896551724137931,0.0,0.0,0.0,0.0,0.0,0.0,0.0,0.0,0.0,0.0,0.0
AskReddit,0.0,0.0,0.0,0.0,0.0,0.0,0.0,1.2195121951219512,1.2195121951219512,0.0,0.0,5.691056910569105,0.0,4.878048780487805,0.0,0.0,0.0,0.0,0.0,0.0,0.0,0.0,0.0,0.0,0.0,0.0,0.0,0.0,0.0,0.0,0.0,0.0
AskReddit,0.0,0.0,0.0,0.0,0.0,0.0,0.0,0.4987531172069825,0.4987531172069825,0.0,0.0,2.2443890274314215,0.24937655860349126,2.7431421446384037,0.0,0.0,0.0,0.0,0.0,0.0,0.0,0.0,0.0,0.0,0.0,0.0,0.0,0.0,0.0,0.0,0.0,0.0
explainlikeimfive,0.0,0.0,0.0,0.0,0.0,0.0,0.0,0.0,0.0,0.0,0.0,9.523809523809524,0.0,2.976190476190476,0.0,0.0,0.5952380952380952,0.0,0.0,0.0,0.0,0.0,0.0,0.0,0.0,0.0,0.0,0.0,0.0,0.0,0.0,0.0
AskReddit,0.0,0.0,0.0,0.0,0.0,0.0,0.0,0.41841004184100417,0.41841004184100417,0.0,0.0,2.510460251046025,0.0,5.02092050209205,0.0,0.0,0.0,0.0,0.0,0.0,0.41841004184100417,0.0,0.0,0.0,0.0,0.0,0.0,0.0,0.0,0.0,0.0,0.0
leagueoflegends,0.0,0.0,0.0,0.0,0.0,0.0,0.0,1.2345679012345678,1.2345679012345678,0.0,0.0,2.4691358024691357,0.0,3.7037037037037033,0.0,0.0,0.0,0.0,0.0,0.0,0.0,0.0,0.0,0.0,0.0,0.0,0.0,0.0,0.0,0.0,0.0,0.0
atheism,0.0,0.0,0.0,0.0,0.0,0.0,0.0,0.0,0.0,0.0,0.0,6.329113924050633,0.0,1.2658227848101267,0.0,0.0,1.2658227848101267,0.0,0.0,0.0,1.2658227848101267,0.0,0.0,0.0,0.0,0.0,0.0,0.0,0.0,0.0,0.0,0.0
AskReddit,0.5268703898840885,0.0,0.0,0.0,0.0,0.0,0.0,0.10537407797681769,0.10537407797681769,0.0,0.0,6.533192834562697,0.0,4.214963119072708,0.0,0.0,0.0,0.0,0.0,0.0,0.5268703898840885,0.0,0.0,0.0,0.0,0.0,0.0,0.0,0.0,0.0,0.0,0.0
AskReddit,0.0,0.0,0.0,0.0,0.0,0.0,0.0,2.5380710659898478,2.5380710659898478,0.0,0.0,0.5076142131979695,0.0,7.1065989847715745,0.0,0.0,0.0,0.0,0.0,0.0,0.0,0.0,0.0,0.0,0.0,0.0,0.0,0.0,0.0,0.0,0.0,0.0
todayilearned,0.0,0.0,0.0,0.0,0.0,0.0,0.0,0.0,0.0,0.0,0.0,9.090909090909092,0.0,4.545454545454546,0.0,0.0,0.0,0.0,0.0,0.0,0.0,0.0,0.0,0.0,0.0,0.0,0.0,0.0,0.0,0.0,0.0,0.0
atheism,0.0,0.0,0.0,0.0,0.0,0.0,0.0,0.2949852507374631,0.2949852507374631,0.0,0.0,5.3097345132743365,0.0,4.71976401179941,0.0,0.0,0.0,0.0,0.0,0.0,1.1799410029498525,0.0,0.0,0.0,0.0,0.0,0.0,0.0,0.0,0.0,0.0,0.0
AskReddit,0.823045267489712,0.0,0.0,0.0,0.0,0.0,0.0,1.2345679012345678,1.2345679012345678,0.0,0.0,6.995884773662551,0.0,4.526748971193416,0.0,0.0,0.411522633744856,0.0,0.0,0.0,0.0,0.0,0.0,0.0,0.0,0.0,0.0,0.0,0.0,0.0,0.0,0.0
AskReddit,0.0,0.0,0.0,0.0,0.0,0.0,0.0,0.0,0.0,0.0,0.0,10.344827586206897,0.0,6.896551724137931,0.0,0.0,0.0,0.0,0.0,0.0,0.0,0.0,0.0,0.0,0.0,0.0,0.0,0.0,0.0,0.0,0.0,0.0
AskReddit,0.0,0.0,0.0,0.0,0.0,0.0,0.0,0.0,0.0,0.0,0.0,12.5,0.0,6.25,0.0,0.0,0.0,0.0,0.0,0.0,0.0,6.25,0.0,0.0,0.0,0.0,0.0,0.0,0.0,0.0,0.0,0.0
AskReddit,0.0,0.0,0.0,0.0,0.0,0.0,0.0,0.9398496240601504,0.9398496240601504,0.0,0.0,3.195488721804511,0.37593984962406013,5.827067669172932,0.0,0.0,0.0,0.0,0.0,0.0,0.18796992481203006,0.0,0.0,0.0,0.0,0.0,0.0,0.0,0.0,0.0,0.0,0.0
pics,0.0,0.0,0.0,0.0,0.37174721189591076,0.0,0.0,0.0,0.0,0.0,0.0,7.806691449814126,0.0,4.089219330855019,0.0,0.0,0.0,0.0,0.0,0.0,0.0,0.0,0.0,0.0,0.0,0.0,0.0,0.0,0.0,0.0,0.0,0.0
atheism,0.0,0.0,0.0,0.0,0.0,0.0,0.0,0.7042253521126761,0.7042253521126761,0.0,0.0,8.450704225352112,0.0,3.5211267605633805,0.0,0.7042253521126761,0.0,0.0,0.0,0.0,2.8169014084507045,0.0,0.0,0.0,0.0,0.0,0.0,0.0,0.0,0.0,0.0,0.0
AskReddit,0.0,0.0,0.0,0.0,0.0,0.0,0.0,0.0,0.0,0.0,0.0,0.0,0.0,5.769230769230769,0.0,0.0,0.0,0.0,0.0,0.0,0.0,0.0,0.0,0.0,0.0,0.0,0.0,0.0,0.0,0.0,0.0,0.0
politics,0.0,0.0,0.0,0.0,0.0,0.0,0.0,0.0,0.0,0.0,0.0,6.315789473684211,0.0,5.263157894736842,0.0,1.0526315789473684,0.0,0.0,0.0,0.0,0.0,0.0,0.0,0.0,0.0,0.0,0.0,0.0,0.0,0.0,0.0,0.0
AskReddit,1.9157088122605364,0.0,0.0,0.0,0.0,0.0,0.0,0.0,0.0,0.0,0.0,4.21455938697318,0.0,4.21455938697318,0.0,0.38314176245210724,0.0,0.0,0.0,0.0,0.38314176245210724,0.0,0.0,0.0,0.0,0.0,0.0,0.0,0.0,0.0,0.0,0.0
AskReddit,0.0,0.0,0.0,0.0,0.0,0.0,0.0,0.24630541871921183,0.24630541871921183,0.0,0.0,5.41871921182266,0.0,5.665024630541872,0.0,0.0,0.49261083743842365,0.0,0.0,0.0,0.0,0.0,0.0,0.0,0.0,0.0,0.0,0.0,0.0,0.0,0.0,0.0
AskReddit,0.0,0.0,0.0,0.0,0.0,0.0,0.0,0.4807692307692308,0.4807692307692308,0.0,0.0,4.567307692307692,0.0,4.807692307692308,0.0,0.0,0.0,0.0,0.0,0.0,0.7211538461538461,0.0,0.0,0.0,0.0,0.0,0.0,0.0,0.0,0.0,0.0,0.0
leagueoflegends,0.0,0.0,0.0,0.0,0.0,0.0,0.0,0.78125,0.78125,0.0,0.0,4.6875,0.0,3.90625,0.0,0.0,0.0,0.0,0.0,0.0,0.0,0.0,0.0,0.0,0.0,0.0,0.0,0.0,0.0,0.0,0.0,0.0
leagueoflegends,0.0,0.0,0.0,0.0,0.423728813559322,0.0,0.0,1.2711864406779663,1.2711864406779663,0.0,0.0,4.661016949152542,0.423728813559322,4.661016949152542,0.0,0.847457627118644,0.0,0.0,0.0,0.0,0.0,0.0,0.0,0.0,0.0,0.0,0.0,0.0,0.0,0.0,0.0,0.0
funny,0.0,0.0,0.0,0.0,0.0,0.0,0.0,0.0,0.0,0.0,0.0,4.888888888888889,0.0,4.888888888888889,0.0,0.0,0.0,0.0,0.0,0.0,0.0,0.0,0.0,0.0,0.0,0.0,0.0,0.0,0.0,0.0,0.0,0.0
AskReddit,0.0,0.0,0.0,0.0,0.0,0.0,0.0,0.0,0.0,0.0,0.0,6.8181818181818175,0.0,6.8181818181818175,0.0,0.0,0.0,0.0,0.0,0.0,0.0,0.0,0.0,0.0,0.0,0.0,0.0,0.0,0.0,0.0,0.0,0.0
gaming,0.0,0.0,0.0,3.296703296703297,0.0,0.0,0.0,3.296703296703297,1.098901098901099,0.0,0.0,8.791208791208792,0.0,5.4945054945054945,0.0,0.0,0.0,0.0,0.0,0.0,0.0,0.0,2.197802197802198,0.0,2.197802197802198,0.0,0.0,0.0,0.0,0.0,0.0,0.0
AskReddit,0.30120481927710846,0.0,0.0,0.0,0.0,0.0,0.0,0.6024096385542169,0.6024096385542169,0.0,0.0,5.72289156626506,0.0,8.132530120481928,0.0,0.0,0.0,0.0,0.0,0.0,0.6024096385542169,0.0,0.0,0.0,0.0,0.0,0.0,0.0,0.0,0.0,0.0,0.0
AskReddit,1.935483870967742,0.0,0.0,0.0,0.0,0.0,1.2903225806451613,0.6451612903225806,0.6451612903225806,0.0,0.0,3.870967741935484,0.0,4.516129032258064,0.0,0.0,0.0,0.0,0.0,0.0,0.0,0.0,0.0,0.0,0.0,0.0,0.0,0.0,0.0,0.0,0.0,0.0
AskReddit,0.0,0.0,0.0,0.0,0.0,0.0,0.0,0.9259259259259258,0.9259259259259258,0.0,0.0,6.481481481481481,0.0,4.62962962962963,0.0,0.0,0.0,0.0,0.0,0.0,0.0,0.0,0.0,0.0,0.0,0.0,0.0,0.0,0.0,0.0,0.0,0.0
AskReddit,0.0,0.0,0.0,0.0,0.0,0.0,1.694915254237288,0.0,0.0,0.0,0.0,1.694915254237288,0.0,10.16949152542373,0.0,0.0,0.0,0.0,0.0,0.0,0.0,0.0,0.0,0.0,0.0,0.0,0.0,0.0,0.0,0.0,0.0,0.0
AskReddit,6.172839506172839,0.0,0.0,0.0,0.0,0.0,0.0,1.2345679012345678,1.2345679012345678,0.0,0.0,0.0,0.0,3.7037037037037033,0.0,0.0,0.0,0.0,0.0,0.0,1.2345679012345678,0.0,0.0,0.0,0.0,0.0,0.0,0.0,0.0,0.0,0.0,0.0
AskReddit,0.0,0.0,0.0,0.0,0.0,0.0,0.0,0.0,0.0,0.0,0.0,2.097902097902098,0.0,4.895104895104895,0.0,0.6993006993006993,0.0,0.0,0.0,0.0,0.0,0.0,0.0,0.0,0.0,0.0,0.0,0.0,0.0,0.0,0.0,0.0
pics,0.0,0.0,0.0,0.0,0.0,0.0,0.0,0.0,0.0,0.0,0.0,0.0,0.0,8.333333333333332,0.0,0.0,0.0,0.0,0.0,0.0,0.0,0.0,0.0,0.0,0.0,0.0,0.0,0.0,0.0,0.0,0.0,0.0
AskReddit,0.0,0.0,0.0,0.0,0.0,0.0,0.0,0.0,0.0,0.0,0.0,5.1020408163265305,0.0,6.122448979591836,0.0,0.0,0.0,0.0,0.0,0.0,1.0204081632653061,0.0,0.0,0.0,0.0,0.0,0.0,0.0,0.0,0.0,0.0,0.0
leagueoflegends,0.7194244604316548,0.0,0.0,0.0,0.0,0.0,0.4796163069544364,0.0,0.0,0.0,0.0,2.6378896882494005,0.0,1.9184652278177456,0.0,0.0,0.0,0.0,0.0,0.0,0.4796163069544364,0.0,0.0,0.0,0.0,0.0,0.0,0.0,0.0,0.0,0.0,0.0
politics,0.10172939979654119,0.0,0.0,0.20345879959308238,0.3051881993896236,0.0,0.0,0.8138351983723295,0.3051881993896236,0.0,0.0,4.069175991861648,0.10172939979654119,5.90030518819939,0.0,0.0,0.0,0.10172939979654119,0.0,0.6103763987792472,0.9155645981688708,0.0,0.508646998982706,0.0,0.508646998982706,0.0,0.0,0.0,0.0,0.0,0.0,0.0
funny,0.0,0.0,0.0,0.0,0.0,0.0,0.0,0.0,0.0,0.0,0.0,0.0,0.0,5.555555555555555,0.0,0.0,0.0,0.0,0.0,0.0,0.0,0.0,0.0,0.0,0.0,0.0,0.0,0.0,0.0,0.0,0.0,0.0
pics,1.36986301369863,0.0,0.0,0.0,0.0,0.0,0.0,0.0,0.0,0.0,0.0,5.47945205479452,0.0,6.8493150684931505,0.0,0.0,0.0,0.0,0.0,0.0,0.0,0.0,0.0,0.0,0.0,0.0,0.0,0.0,0.0,0.0,0.0,0.0
AskReddit,0.186219739292365,0.0,0.0,0.0,0.0,0.0,0.0,0.37243947858473,0.37243947858473,0.0,0.0,6.33147113594041,0.0,6.145251396648044,0.0,0.186219739292365,0.0,0.0,0.0,0.0,0.37243947858473,0.0,0.0,0.0,0.0,0.0,0.0,0.0,0.0,0.0,0.0,0.0
AskReddit,0.0,0.0,0.0,0.0,0.0,0.0,0.0,0.7905138339920948,0.7905138339920948,0.0,0.0,8.695652173913043,0.3952569169960474,3.9525691699604746,0.0,0.0,0.0,0.0,0.0,0.0,0.0,0.0,0.0,0.0,0.0,0.0,0.0,0.0,0.0,0.0,0.0,0.0
leagueoflegends,3.4482758620689653,0.0,0.0,0.0,0.0,0.0,0.0,0.0,0.0,0.0,0.0,8.620689655172415,0.0,3.4482758620689653,0.0,1.7241379310344827,0.0,0.0,0.0,0.0,1.7241379310344827,0.0,0.0,0.0,0.0,0.0,0.0,0.0,0.0,0.0,0.0,0.0
AskReddit,0.0,0.0,0.0,0.0,0.0,0.0,0.0,0.0,0.0,0.0,0.0,5.0359712230215825,0.0,5.755395683453238,0.0,0.0,0.0,0.0,0.0,0.0,1.4388489208633095,0.0,0.0,0.0,0.0,0.0,0.0,0.0,0.0,0.0,0.0,0.0
funny,0.0,0.0,0.0,0.0,0.0,0.0,0.0,0.0,0.0,0.0,0.0,2.941176470588235,0.0,2.941176470588235,0.0,0.0,0.0,0.0,0.0,0.0,0.0,0.0,0.0,0.0,0.0,0.0,0.0,0.0,0.0,0.0,0.0,0.0
AskReddit,0.0,0.0,0.0,0.0,0.0,0.0,0.0,0.672645739910314,0.672645739910314,0.0,0.0,4.260089686098654,0.0,7.174887892376682,0.0,0.0,0.2242152466367713,0.0,0.0,0.0,0.2242152466367713,0.0,0.0,0.0,0.0,0.0,0.0,0.0,0.0,0.0,0.0,0.0
funny,0.0,0.0,0.0,0.0,0.0,0.0,0.0,5.303030303030303,4.545454545454546,0.0,0.0,7.575757575757576,0.0,4.545454545454546,0.0,2.272727272727273,0.0,0.7575757575757576,0.0,0.0,0.7575757575757576,0.0,0.0,0.0,0.0,0.0,0.0,0.0,0.0,0.0,0.0,0.0
funny,3.7037037037037033,0.0,0.0,0.0,0.0,0.0,0.0,0.0,0.0,0.0,0.0,3.7037037037037033,0.0,0.0,0.0,0.0,0.0,0.0,0.0,0.0,3.7037037037037033,0.0,0.0,0.0,0.0,0.0,0.0,0.0,0.0,0.0,0.0,0.0
funny,0.0,0.0,0.0,0.0,0.0,0.0,0.0,0.0,0.0,0.0,0.0,6.8181818181818175,0.0,9.090909090909092,0.0,0.0,0.0,0.0,0.0,0.0,4.545454545454546,0.0,0.0,0.0,0.0,0.0,0.0,0.0,0.0,0.0,0.0,0.0
funny,0.0,0.0,0.0,0.0,0.0,0.0,0.0,0.0,0.0,0.0,0.0,8.333333333333332,0.0,4.166666666666666,0.0,0.0,0.0,0.0,0.0,0.0,0.0,0.0,0.0,0.0,0.0,0.0,0.0,0.0,0.0,0.0,0.0,0.0
funny,0.0,0.0,0.0,0.0,0.0,0.0,0.0,0.0,0.0,0.0,0.0,4.672897196261682,0.0,3.7383177570093453,0.0,0.0,0.0,0.0,0.0,0.0,0.0,0.0,0.0,0.0,0.0,0.0,0.0,0.0,0.0,0.0,0.0,0.0
politics,0.0,0.0,0.0,0.0,0.0,0.0,0.0,0.0,0.0,0.0,0.0,4.861111111111112,0.0,6.25,0.0,0.0,0.0,0.0,0.0,0.0,1.3888888888888888,0.0,0.0,0.0,0.0,0.0,0.0,0.0,0.0,0.0,0.0,0.0
leagueoflegends,0.0,0.0,0.0,0.0,0.0,0.0,0.0,0.0,0.0,0.0,0.0,1.0526315789473684,0.0,2.1052631578947367,0.0,0.5263157894736842,0.0,0.0,0.0,0.0,0.0,0.0,0.0,0.0,0.0,0.0,0.0,0.0,0.0,0.0,0.0,0.0
leagueoflegends,0.0,0.0,0.0,0.0,0.0,0.0,0.22727272727272727,0.22727272727272727,0.22727272727272727,0.0,0.0,3.8636363636363633,2.9545454545454546,3.6363636363636362,0.0,0.22727272727272727,0.0,0.0,0.0,0.0,0.45454545454545453,0.0,0.0,0.0,0.0,0.0,0.0,0.0,0.0,0.0,0.0,0.0
AskReddit,0.0,0.0,0.0,0.0,0.0,0.0,0.0,0.8746355685131195,0.8746355685131195,0.0,0.0,3.498542274052478,0.0,7.288629737609329,0.0,0.0,0.0,0.0,0.0,0.0,0.0,0.0,0.0,0.0,0.0,0.0,0.0,0.0,0.0,0.0,0.0,0.0
AskReddit,0.0,0.0,0.0,0.0,0.0,0.0,0.0,0.0,0.0,0.0,0.0,3.9408866995073892,0.0,6.896551724137931,0.0,0.0,0.0,0.0,0.0,0.0,0.0,0.0,0.0,0.0,0.0,0.0,0.0,0.0,0.0,0.0,0.0,0.0
explainlikeimfive,0.0,0.0,0.0,0.3003003003003003,0.0,0.0,0.0,0.6006006006006006,0.6006006006006006,0.0,0.0,4.2042042042042045,0.0,3.6036036036036037,0.0,0.0,0.3003003003003003,0.0,0.0,0.0,0.3003003003003003,0.0,0.0,0.0,0.0,0.0,0.0,0.0,0.0,0.0,0.0,0.0
leagueoflegends,0.0,0.0,0.0,0.0,0.0,0.0,0.0,0.0,0.0,0.0,0.0,4.895104895104895,0.0,1.3986013986013985,0.0,0.0,0.0,0.0,0.0,0.0,0.0,0.0,0.0,0.0,0.0,0.0,0.0,0.0,0.0,0.0,0.0,0.0
leagueoflegends,0.0,0.0,0.0,0.0,0.0,0.0,0.5405405405405406,1.6216216216216217,1.6216216216216217,0.0,0.5405405405405406,3.783783783783784,0.0,3.783783783783784,0.0,0.5405405405405406,0.0,0.0,0.0,0.5405405405405406,0.5405405405405406,0.0,0.0,0.0,0.0,0.0,0.0,0.0,0.0,0.0,0.0,0.0
leagueoflegends,0.0,0.0,0.0,0.0,0.0,0.0,0.0,0.9259259259259258,0.9259259259259258,0.0,0.0,6.481481481481481,0.0,3.7037037037037033,0.0,0.0,0.0,0.0,0.0,0.0,0.0,0.0,0.0,0.0,0.0,0.0,0.0,0.0,0.0,0.0,0.0,0.0
leagueoflegends,0.0,0.0,0.0,0.0,0.0,0.0,0.0,0.6060606060606061,0.6060606060606061,0.0,0.0,6.666666666666667,0.0,3.6363636363636362,0.0,0.6060606060606061,0.0,0.0,0.0,0.0,0.0,0.0,0.0,0.0,0.0,0.0,0.0,0.0,0.0,0.0,0.0,0.0
leagueoflegends,0.0,0.0,0.0,0.0,0.0,0.0,0.0,0.0,0.0,0.0,0.0,3.2432432432432434,0.0,3.2432432432432434,0.0,0.0,0.0,0.0,0.0,0.0,0.0,0.0,0.0,0.0,0.0,0.0,0.0,0.0,0.0,0.0,0.0,0.0
leagueoflegends,0.0,0.0,0.0,0.0,0.0,0.0,0.0,0.0,0.0,0.0,0.0,3.4782608695652173,0.0,0.8695652173913043,0.0,0.0,0.0,0.0,0.0,0.0,0.0,0.0,0.0,0.0,0.0,0.0,0.0,0.0,0.0,0.0,0.0,0.0
leagueoflegends,0.0,0.0,0.0,0.0,0.0,0.0,0.0,0.0,0.0,0.0,0.0,3.3707865168539324,0.0,6.741573033707865,0.0,0.0,0.0,0.0,0.0,0.0,0.0,0.0,1.1235955056179776,0.0,0.0,0.0,0.0,0.0,0.0,0.0,0.0,0.0
atheism,0.0,0.0,0.0,0.0,0.0,0.0,0.0,4.2492917847025495,1.9830028328611897,0.0,0.0,5.6657223796034,0.84985835694051,1.9830028328611897,0.0,1.9830028328611897,0.28328611898017,0.0,0.0,0.28328611898017,0.84985835694051,0.0,2.26628895184136,0.0,2.26628895184136,0.0,0.0,0.0,0.0,0.0,0.0,0.0
explainlikeimfive,0.0,0.0,0.0,0.0,0.8547008547008548,0.0,0.4273504273504274,2.564102564102564,2.564102564102564,0.0,0.0,5.128205128205128,0.4273504273504274,4.273504273504273,0.0,0.0,0.0,0.0,0.0,0.0,0.4273504273504274,0.0,0.0,0.0,0.0,0.0,0.0,0.0,0.0,0.0,0.0,0.0
explainlikeimfive,0.0,0.0,0.0,0.0,0.0,0.0,0.0,1.579778830963665,1.579778830963665,0.0,0.0,5.529225908372828,0.0,6.161137440758294,0.0,0.0,0.0,0.0,0.0,0.0,0.0,0.0,0.0,0.0,0.0,0.0,0.0,0.0,0.0,0.0,0.0,0.0
AskReddit,0.0,0.0,0.0,0.0,0.0,0.0,0.0,0.0,0.0,0.0,0.0,0.0,0.0,3.225806451612903,0.0,0.0,0.0,0.0,0.0,0.0,0.0,0.0,0.0,0.0,0.0,0.0,0.0,0.0,0.0,0.0,0.0,0.0
AskReddit,0.0,0.0,0.0,0.0,0.0,0.0,0.0,0.0,0.0,0.0,0.0,1.1428571428571428,0.0,4.571428571428571,0.0,0.0,0.0,0.0,0.0,0.0,0.0,0.0,0.0,0.0,0.0,0.0,0.0,0.0,0.0,0.0,0.0,0.0
AskReddit,0.0,0.0,0.0,0.0,0.0,0.0,0.0,0.0,0.0,0.0,0.0,6.934306569343065,0.0,4.014598540145985,0.0,0.0,0.0,0.0,0.0,0.0,0.0,0.0,0.0,0.0,0.0,0.0,0.0,0.0,0.0,0.0,0.0,0.0
atheism,0.0,0.0,0.0,0.0,0.6578947368421052,0.0,0.0,0.6578947368421052,0.43859649122807015,0.0,0.0,5.482456140350877,0.0,3.289473684210526,0.0,0.0,0.0,0.0,0.0,0.0,0.6578947368421052,0.0,0.21929824561403508,0.0,0.21929824561403508,0.0,0.0,0.0,0.0,0.0,0.0,0.0
AskReddit,0.0,0.0,0.0,0.0,0.0,0.0,0.0,0.0,0.0,0.0,0.0,5.172413793103448,0.0,5.172413793103448,0.0,0.0,0.0,0.0,0.0,0.0,0.0,0.0,0.0,0.0,0.0,0.0,0.0,0.0,0.0,0.0,0.0,0.0
AskReddit,0.0,0.0,0.0,0.0,0.0,0.0,0.0,0.0,0.0,0.0,0.0,10.588235294117647,0.0,5.88235294117647,0.0,0.0,0.0,0.0,0.0,0.0,1.1764705882352942,0.0,0.0,0.0,0.0,0.0,0.0,0.0,0.0,0.0,0.0,0.0
funny,0.0,0.0,0.0,0.0,0.0,0.0,0.0,0.0,0.0,0.0,0.0,0.0,0.0,16.666666666666664,0.0,0.0,0.0,0.0,0.0,0.0,0.0,0.0,0.0,0.0,0.0,0.0,0.0,0.0,0.0,0.0,0.0,0.0
AskReddit,0.0,0.0,0.0,0.0,0.0,0.0,0.0,0.0,0.0,0.0,0.0,4.958677685950414,0.0,11.570247933884298,0.0,0.0,0.0,0.0,0.0,0.0,0.0,0.0,0.0,0.0,0.0,0.0,0.0,0.0,0.0,0.0,0.0,0.0
AskReddit,0.0,0.0,0.0,0.0,0.0,0.0,0.0,0.0,0.0,0.0,0.0,4.878048780487805,0.0,4.878048780487805,0.0,0.0,0.0,0.0,0.0,0.0,0.0,0.0,0.0,0.0,0.0,0.0,0.0,0.0,0.0,0.0,0.0,0.0
AdviceAnimals,0.0,0.0,0.0,0.9523809523809524,0.0,0.0,0.0,0.0,0.0,0.0,0.0,2.857142857142857,0.0,1.9047619047619049,0.0,0.0,0.0,0.0,0.0,0.0,0.0,0.0,0.0,0.0,0.0,0.0,0.0,0.0,0.0,0.0,0.0,0.0
AdviceAnimals,0.78125,0.0,0.0,0.0,0.0,0.0,0.0,0.0,0.0,0.0,0.0,3.125,0.0,5.46875,0.0,0.0,0.0,0.0,0.0,0.0,0.0,0.0,0.0,0.0,0.0,0.0,0.0,0.0,0.0,0.0,0.0,0.0
AdviceAnimals,0.7575757575757576,0.0,0.0,0.0,0.7575757575757576,0.0,0.0,1.5151515151515151,1.5151515151515151,0.0,0.0,3.0303030303030303,0.0,3.787878787878788,0.0,0.0,0.7575757575757576,0.0,0.0,0.0,0.0,0.0,0.0,0.0,0.0,0.0,0.0,0.0,0.0,0.0,0.0,0.0
AdviceAnimals,0.0,0.0,0.0,0.0,0.0,0.0,0.0,2.0,2.0,0.0,0.0,10.0,0.0,4.0,0.0,0.0,0.0,0.0,0.0,0.0,0.0,0.0,0.0,0.0,0.0,0.0,0.0,0.0,0.0,0.0,0.0,0.0
AdviceAnimals,0.5865102639296188,0.0,0.2932551319648094,0.2932551319648094,0.0,0.0,0.0,0.2932551319648094,0.2932551319648094,0.2932551319648094,0.0,6.744868035190615,0.0,2.0527859237536656,0.0,0.0,0.0,0.0,0.0,0.0,0.2932551319648094,0.0,0.0,0.0,0.0,0.0,0.0,0.0,0.0,0.0,0.0,0.0
gaming,0.0,0.0,0.0,0.3067484662576687,0.0,0.0,0.3067484662576687,0.0,0.0,0.0,0.0,3.9877300613496933,0.0,3.6809815950920246,0.0,0.3067484662576687,0.0,0.0,0.0,0.0,0.0,0.0,0.0,0.0,0.0,0.0,0.0,0.0,0.0,0.0,0.0,0.0
leagueoflegends,0.0,0.0,0.0,0.0,0.0,0.0,0.0,0.0,0.0,0.0,0.0,0.0,0.0,3.0303030303030303,0.0,0.0,0.0,0.0,0.0,0.0,0.0,0.0,0.0,0.0,0.0,0.0,0.0,0.0,0.0,0.0,0.0,0.0
gaming,0.0,0.0,0.0,0.0,0.0,0.0,0.0,0.0,0.0,0.0,0.0,7.8431372549019605,0.0,4.901960784313726,0.0,0.0,0.0,0.0,0.0,0.0,0.49019607843137253,0.0,0.0,0.0,0.0,0.0,0.0,0.0,0.0,0.0,0.0,0.0
AskReddit,0.0,0.0,0.0,0.0,0.0,0.0,0.0,0.0,0.0,0.0,0.0,0.0,0.0,0.0,0.0,0.0,0.0,0.0,0.0,0.0,0.0,0.0,0.0,0.0,0.0,0.0,0.0,0.0,0.0,0.0,0.0,0.0
leagueoflegends,0.0,0.0,0.0,0.0,0.0,0.0,0.0,0.0,0.0,0.0,0.0,1.680672268907563,0.0,5.042016806722689,0.0,0.0,0.0,0.0,0.0,0.0,0.0,0.0,0.0,0.0,0.0,0.0,0.0,0.0,0.0,0.0,0.0,0.0
leagueoflegends,0.0,0.0,0.0,0.0,0.0,0.0,0.0,2.3255813953488373,2.3255813953488373,0.0,0.0,3.488372093023256,0.0,3.488372093023256,0.0,0.0,0.0,0.0,0.0,0.0,0.0,0.0,0.0,0.0,0.0,0.0,0.0,0.0,0.0,0.0,0.0,0.0
AskReddit,0.0,0.0,0.0,0.0,0.0,0.0,0.546448087431694,1.092896174863388,2.185792349726776,0.0,0.0,5.46448087431694,0.0,4.371584699453552,0.0,0.0,0.0,0.0,0.0,0.0,0.0,0.0,0.0,0.0,0.0,0.0,0.0,0.0,0.0,0.0,0.0,0.0
AskReddit,0.0,0.0,0.0,0.0,0.0,0.0,0.0,0.0,0.0,0.0,0.0,2.7027027027027026,0.0,5.405405405405405,0.0,0.0,0.0,0.0,0.0,0.0,0.0,0.0,0.0,0.0,0.0,0.0,0.0,0.0,0.0,0.0,0.0,0.0
funny,0.0,0.0,0.0,0.0,0.0,0.0,0.0,0.0,0.0,0.0,0.0,8.235294117647058,0.0,4.705882352941177,0.0,0.0,0.0,0.0,0.0,0.0,2.3529411764705883,0.0,0.0,0.0,0.0,0.0,0.0,0.0,0.0,0.0,0.0,0.0
funny,0.1607717041800643,0.0,0.0,0.0,0.0,0.0,0.0,0.3215434083601286,0.3215434083601286,0.0,0.0,3.536977491961415,0.0,4.340836012861737,0.0,0.964630225080386,0.0,0.0,0.0,0.0,0.0,0.0,0.0,0.0,0.0,0.0,0.0,0.0,0.0,0.0,0.0,0.0
AskReddit,0.0,0.0,0.0,0.0,0.0,0.0,0.0,0.0,0.0,0.0,0.0,5.042016806722689,0.0,4.201680672268908,0.0,0.0,0.0,0.0,0.0,0.0,0.0,0.0,0.0,0.0,0.0,0.0,0.0,0.0,0.0,0.0,0.0,0.0
AskReddit,0.0,0.0,0.0,0.0,0.0,0.0,0.0,0.0,0.0,0.0,0.0,0.0,0.0,0.0,0.0,0.0,0.0,0.0,0.0,0.0,0.0,0.0,0.0,0.0,0.0,0.0,0.0,0.0,0.0,0.0,0.0,0.0
AskReddit,0.0,0.0,0.0,0.0,0.0,0.0,0.0,0.8130081300813009,0.8130081300813009,0.0,0.0,4.878048780487805,0.0,4.0650406504065035,0.0,0.0,0.0,0.0,0.0,0.0,0.0,0.0,0.0,0.0,0.0,0.0,0.0,0.0,0.0,0.0,0.0,0.0
AskReddit,0.0,0.0,0.0,0.0,0.0,0.0,0.0,0.0,0.0,0.0,0.0,5.952380952380952,0.0,4.166666666666666,0.0,0.0,0.0,0.0,0.0,0.0,0.0,0.0,0.0,0.0,0.0,0.0,0.0,0.0,0.0,0.0,0.0,0.0
AskReddit,0.0,0.0,0.0,0.0,0.0,0.20366598778004072,0.0,1.2219959266802443,1.2219959266802443,0.0,0.0,3.2586558044806515,0.0,6.517311608961303,0.20366598778004072,0.40733197556008144,0.20366598778004072,0.0,0.0,0.40733197556008144,5.091649694501019,0.0,0.0,0.0,0.0,0.0,0.0,0.0,0.0,0.0,0.0,0.0
AskReddit,0.0,0.0,0.0,0.0,0.0,0.0,0.0,1.834862385321101,1.834862385321101,0.0,0.0,7.339449541284404,0.0,3.669724770642202,0.0,0.0,0.0,0.0,0.0,0.0,0.0,0.0,0.0,0.0,0.0,0.0,0.0,0.0,0.0,0.0,0.0,0.0
atheism,0.0,0.0,0.0,0.0,0.0,0.0,0.0,0.37453183520599254,0.37453183520599254,0.0,0.0,5.2434456928838955,0.0,7.865168539325842,0.0,0.0,0.0,0.0,0.0,0.0,1.4981273408239701,0.0,0.0,0.0,0.0,0.0,0.0,0.0,0.0,0.0,0.0,0.0
atheism,0.0,0.0,0.0,0.0,0.0,0.0,0.0,0.0,0.0,0.0,0.0,1.257861635220126,0.0,4.40251572327044,0.0,0.628930817610063,0.0,0.0,0.0,0.0,0.0,0.0,0.0,0.0,0.0,0.0,0.0,0.0,0.0,0.0,0.0,0.0
atheism,0.0,0.0,0.0,0.0,0.0,0.0,0.0,1.25,1.25,0.0,0.0,4.583333333333333,0.0,6.25,0.0,0.0,0.0,0.0,0.0,0.0,0.0,0.0,0.0,0.0,0.0,0.0,0.0,0.0,0.0,0.0,0.0,0.0
AskReddit,0.0,0.0,0.0,0.0,0.0,0.0,0.0,1.25,1.25,0.0,0.0,2.5,0.0,5.0,0.0,0.0,0.0,0.0,0.0,0.0,0.0,0.0,0.0,0.0,0.0,0.0,0.0,0.0,0.0,0.0,0.0,0.0
AskReddit,0.0,0.0,0.0,0.0,0.0,0.0,0.0,1.3054830287206265,1.3054830287206265,0.0,0.0,6.266318537859007,0.0,4.43864229765013,0.0,0.0,0.26109660574412535,0.0,0.0,0.0,0.5221932114882507,0.0,0.0,0.0,0.0,0.0,0.0,0.0,0.0,0.0,0.0,0.0
AskReddit,0.0,0.0,0.0,0.0,0.0,0.0,0.0,0.0,0.0,0.0,0.0,5.825242718446602,0.0,6.796116504854369,0.0,0.0,0.0,0.0,0.0,0.0,0.0,0.0,0.0,0.0,0.0,0.0,0.0,0.0,0.0,0.0,0.0,0.0
AskReddit,0.0,0.0,0.0,0.0,0.0,0.0,0.0,0.8680555555555556,0.8680555555555556,0.0,0.0,5.902777777777778,0.0,6.25,0.0,0.3472222222222222,0.0,0.0,0.0,0.0,0.3472222222222222,0.0,0.1736111111111111,0.0,0.1736111111111111,0.0,0.0,0.0,0.0,0.0,0.0,0.0
AskReddit,0.0,0.0,0.0,0.0,0.0,0.0,0.0,0.0,0.0,0.0,0.0,8.547008547008547,0.0,4.273504273504273,0.0,0.0,0.0,0.0,0.0,0.0,0.0,0.0,0.0,0.0,0.0,0.0,0.0,0.0,0.0,0.0,0.0,0.0
AskReddit,0.0,0.0,0.0,0.0,0.0,0.0,0.0,0.0,0.0,0.0,0.0,8.287292817679557,0.0,9.392265193370166,0.0,0.0,0.0,0.0,0.0,0.0,0.0,0.0,0.5524861878453038,0.0,0.5524861878453038,0.0,0.0,0.0,0.0,0.0,0.0,0.0
AskReddit,0.0,0.0,0.0,0.0,0.0,0.0,0.0,0.0,0.0,0.0,0.0,0.0,0.0,6.25,0.0,0.0,0.0,0.0,0.0,0.0,0.0,0.0,0.0,0.0,0.0,0.0,0.0,0.0,0.0,0.0,0.0,0.0
AskReddit,0.0,0.0,0.0,0.0,0.0,0.0,0.0,1.650943396226415,1.650943396226415,0.0,0.0,3.7735849056603774,0.0,5.188679245283019,0.0,0.2358490566037736,0.0,0.0,0.0,0.0,0.0,0.0,0.0,0.0,0.0,0.0,0.0,0.0,0.0,0.0,0.0,0.0
AskReddit,0.0,0.0,0.0,0.0,0.0,0.0,1.36986301369863,0.0,0.0,0.0,0.0,1.36986301369863,0.0,4.10958904109589,0.0,0.0,0.0,0.0,0.0,0.0,0.0,0.0,0.0,0.0,0.0,0.0,0.0,0.0,0.0,0.0,0.0,0.0
AskReddit,1.3157894736842104,0.0,0.0,0.0,0.0,0.0,0.0,0.6578947368421052,0.6578947368421052,0.0,0.0,1.3157894736842104,0.0,4.605263157894736,0.0,0.0,1.3157894736842104,0.0,0.0,0.0,0.0,0.0,0.0,0.0,0.0,0.0,0.0,0.0,0.0,0.0,0.0,0.0
AskReddit,0.6024096385542169,0.0,0.0,0.0,0.0,0.0,0.0,0.6024096385542169,0.6024096385542169,0.0,0.0,3.0120481927710845,0.0,4.216867469879518,0.0,0.0,0.0,0.0,0.0,0.0,0.0,0.0,0.0,0.0,0.0,0.0,0.0,0.0,0.0,0.0,0.0,0.0
gaming,0.0,0.0,0.0,0.0,0.9174311926605505,0.0,0.0,0.9174311926605505,0.9174311926605505,0.0,0.0,3.211009174311927,0.0,1.834862385321101,0.0,0.9174311926605505,0.0,0.0,0.0,0.0,0.0,0.0,0.0,0.0,0.0,0.0,0.0,0.0,0.0,0.0,0.0,0.0
gaming,0.0,0.0,0.0,0.0,0.0,0.0,20.0,0.0,0.0,0.0,0.0,0.0,0.0,0.0,0.0,0.0,0.0,0.0,0.0,0.0,0.0,0.0,0.0,0.0,0.0,0.0,0.0,0.0,0.0,0.0,0.0,0.0
gaming,0.0,0.0,0.0,0.0,1.4367816091954022,0.0,0.0,1.1494252873563218,1.1494252873563218,0.0,0.0,0.8620689655172413,0.0,1.1494252873563218,0.0,0.8620689655172413,0.0,0.0,0.0,0.0,0.0,0.0,0.0,0.0,0.0,0.0,0.0,0.0,0.0,0.0,0.0,0.0
gaming,0.0,0.0,0.0,0.0,0.0,0.0,0.0,0.0,0.0,0.0,0.0,0.0,0.0,2.564102564102564,0.0,0.0,0.0,0.0,0.0,0.0,0.0,0.0,0.0,0.0,0.0,0.0,0.0,0.0,0.0,0.0,0.0,0.0
AskReddit,0.0,0.0,0.0,0.0,0.0,0.0,0.0,0.0,0.0,0.0,0.0,1.7241379310344827,0.0,5.172413793103448,0.0,0.0,0.0,0.0,0.0,0.0,1.7241379310344827,0.0,0.0,0.0,0.0,0.0,0.0,0.0,0.0,0.0,0.0,0.0
AskReddit,0.0,0.0,0.0,0.0,0.0,0.0,0.0,2.2988505747126435,2.2988505747126435,0.0,0.0,5.747126436781609,0.0,4.597701149425287,0.0,1.1494252873563218,0.0,0.0,0.0,0.0,0.0,0.0,0.0,0.0,0.0,0.0,0.0,0.0,1.1494252873563218,0.0,1.1494252873563218,0.0
AdviceAnimals,0.0,0.0,0.0,0.0,0.0,0.0,0.0,7.6923076923076925,0.0,0.0,0.0,0.0,0.0,7.6923076923076925,0.0,0.0,0.0,0.0,0.0,0.0,0.0,0.0,0.0,0.0,0.0,0.0,0.0,0.0,0.0,0.0,0.0,0.0
AdviceAnimals,0.4629629629629629,0.0,0.0,0.0,0.0,0.0,0.0,0.0,0.0,0.0,0.0,3.7037037037037033,0.0,6.481481481481481,0.0,0.4629629629629629,0.4629629629629629,0.0,0.0,0.0,1.3888888888888888,0.0,0.0,0.0,0.0,0.0,0.0,0.0,0.0,0.0,0.0,0.0
funny,0.0,0.0,0.0,0.0,0.0,0.0,0.0,0.0,0.0,0.0,0.0,0.0,0.0,0.0,0.0,0.0,0.0,0.0,0.0,0.0,0.0,0.0,0.0,0.0,0.0,0.0,0.0,0.0,0.0,0.0,0.0,0.0
AskReddit,0.0,0.0,0.0,0.0,0.0,0.0,0.0,0.0,0.0,0.0,0.0,9.523809523809524,0.0,4.761904761904762,0.0,0.0,0.0,0.0,0.0,0.0,0.0,0.0,0.0,0.0,0.0,0.0,0.0,0.0,0.0,0.0,0.0,0.0
AskReddit,4.0,0.0,0.0,0.0,0.0,0.0,0.0,2.0,2.0,0.0,0.0,8.0,0.0,3.0,0.0,0.0,0.0,0.0,0.0,0.0,2.0,0.0,0.0,0.0,0.0,0.0,0.0,0.0,0.0,0.0,0.0,0.0
AskReddit,0.8888888888888888,0.0,0.0,0.0,0.0,0.0,0.0,0.4444444444444444,0.4444444444444444,0.0,0.0,2.666666666666667,0.0,4.444444444444445,0.0,0.0,0.0,0.0,0.0,0.0,0.0,0.0,0.0,0.0,0.0,0.0,0.0,0.0,0.0,0.0,0.0,0.0
funny,2.380952380952381,0.0,0.0,0.0,0.0,0.0,0.0,1.1904761904761905,1.1904761904761905,0.0,0.0,3.571428571428571,0.0,2.380952380952381,0.0,0.0,0.0,0.0,0.0,0.0,0.0,0.0,0.0,0.0,0.0,0.0,0.0,0.0,0.0,0.0,0.0,0.0
funny,0.0,0.0,0.0,0.0,0.0,0.0,0.0,0.0,0.0,0.0,0.0,2.272727272727273,0.0,3.977272727272727,0.0,0.0,0.5681818181818182,0.0,0.0,0.0,0.0,0.0,0.0,0.0,0.0,0.0,0.0,0.0,0.0,0.0,0.0,0.0
AskReddit,0.0,0.0,0.0,0.0,0.0,0.0,0.0,0.0,0.0,0.0,0.0,4.761904761904762,0.0,3.1746031746031744,0.0,0.0,0.0,0.0,0.0,0.0,0.0,0.0,0.0,0.0,0.0,0.0,0.0,0.0,0.0,0.0,0.0,0.0
AskReddit,0.0,0.0,0.0,0.0,0.0,0.0,1.9607843137254901,0.0,0.0,0.0,0.0,0.9803921568627451,0.0,7.8431372549019605,0.0,0.0,0.0,0.0,0.0,0.0,1.9607843137254901,0.0,0.0,0.0,0.0,0.0,0.0,0.0,0.0,0.0,0.0,0.0
todayilearned,0.0,0.0,1.0101010101010102,0.0,0.0,1.0101010101010102,0.0,1.0101010101010102,1.0101010101010102,0.0,0.0,3.535353535353535,0.0,6.0606060606060606,0.0,0.5050505050505051,1.5151515151515151,0.0,0.0,0.0,0.0,0.0,0.0,0.0,0.0,0.0,0.5050505050505051,0.0,0.0,0.0,0.0,0.0
AskReddit,0.0,0.0,0.0,0.0,0.0,0.0,0.0,0.0,0.0,0.0,0.0,1.3333333333333335,0.0,3.3333333333333335,0.0,0.6666666666666667,0.0,0.0,0.0,0.0,0.0,0.0,0.0,0.0,0.0,0.0,0.0,0.0,0.0,0.0,0.0,0.0
AskReddit,0.0,0.0,0.0,0.0,0.0,0.0,0.0,0.0,0.0,0.0,0.0,4.9504950495049505,0.0,6.9306930693069315,0.0,0.0,0.0,0.0,0.0,0.0,0.9900990099009901,0.0,0.0,0.0,0.0,0.0,0.0,0.0,0.0,0.0,0.0,0.0
AskReddit,0.7042253521126761,0.0,0.0,0.0,0.0,0.0,0.35211267605633806,0.7042253521126761,0.7042253521126761,0.0,0.0,3.5211267605633805,0.0,6.338028169014084,0.0,1.056338028169014,0.35211267605633806,0.0,0.0,0.0,1.4084507042253522,0.0,0.0,0.0,0.0,0.0,0.0,0.0,0.0,0.0,0.0,0.0
AskReddit,1.4760147601476015,0.0,0.0,0.0,0.0,0.0,0.0,0.36900369003690037,0.36900369003690037,0.0,0.0,6.642066420664207,0.0,5.535055350553505,0.0,1.107011070110701,0.0,0.0,0.0,0.0,0.36900369003690037,0.0,0.0,0.0,0.0,0.0,0.0,0.0,0.0,0.0,0.0,0.0
leagueoflegends,0.0,0.0,0.0,0.0,0.0,0.0,0.0,0.0,0.0,0.0,0.0,0.0,0.0,10.714285714285714,0.0,0.0,0.0,0.0,0.0,0.0,0.0,0.0,0.0,0.0,0.0,0.0,0.0,0.0,0.0,0.0,0.0,0.0
leagueoflegends,0.0,0.0,0.0,0.0,0.0,0.0,0.0,0.0,0.0,0.0,0.0,0.0,0.0,5.05050505050505,0.0,1.0101010101010102,0.0,0.0,0.0,0.0,0.0,0.0,0.0,0.0,0.0,0.0,0.0,0.0,0.0,0.0,0.0,0.0
leagueoflegends,0.0,0.0,0.0,0.0,0.0,0.0,0.0,2.0080321285140563,2.0080321285140563,0.0,0.0,1.6064257028112447,0.0,3.2128514056224895,0.0,0.0,0.4016064257028112,0.0,0.0,0.0,0.0,0.0,0.0,0.0,0.0,0.0,0.0,0.0,0.0,0.0,0.0,0.0
leagueoflegends,0.0,0.0,0.0,0.0,0.21008403361344538,0.0,0.0,0.21008403361344538,0.21008403361344538,0.0,0.0,3.571428571428571,0.0,4.621848739495799,0.0,0.0,0.0,0.0,0.0,0.0,0.21008403361344538,0.0,0.0,0.0,0.0,0.0,0.0,0.0,0.0,0.0,0.0,0.0
AskReddit,0.0,0.0,0.0,0.0,0.0,0.0,0.0,1.744186046511628,1.1627906976744187,0.0,0.0,4.069767441860465,0.0,12.209302325581394,0.0,0.5813953488372093,0.0,0.0,0.0,0.0,0.5813953488372093,0.0,0.5813953488372093,0.0,0.5813953488372093,0.0,0.0,0.0,0.0,0.0,0.0,0.0
atheism,0.0,0.0,0.0,0.0,0.0,0.0,0.0,1.1363636363636365,1.1363636363636365,0.0,0.0,4.545454545454546,0.0,2.272727272727273,0.0,1.1363636363636365,0.0,0.0,0.0,0.0,0.0,0.0,0.0,0.0,0.0,0.0,0.0,0.0,0.0,0.0,0.0,0.0
gaming,1.4285714285714286,0.0,0.0,0.0,0.0,0.0,0.0,0.0,0.0,0.0,0.0,2.857142857142857,0.0,8.571428571428571,0.0,0.0,0.0,0.0,0.0,0.0,1.4285714285714286,0.0,0.0,0.0,0.0,0.0,0.0,0.0,0.0,0.0,0.0,0.0
AskReddit,0.0,0.0,0.0,0.0,0.0,0.0,0.0,0.0,0.0,0.0,0.0,6.598984771573605,0.0,8.121827411167512,0.0,0.0,0.0,0.0,0.0,0.0,0.0,0.0,0.0,0.0,0.0,0.0,0.0,0.0,0.0,0.0,0.0,0.0
funny,0.5154639175257731,0.0,0.0,0.0,0.0,0.0,0.25773195876288657,0.25773195876288657,0.25773195876288657,0.0,0.0,7.989690721649484,0.0,3.0927835051546393,0.0,0.0,0.0,0.0,0.0,0.0,0.5154639175257731,0.0,0.0,0.0,0.0,0.0,0.0,0.0,0.0,0.0,0.0,0.0
atheism,0.0,0.0,0.0,0.0,0.0,0.0,0.0,0.7194244604316548,0.7194244604316548,0.0,0.0,6.474820143884892,0.0,2.877697841726619,0.0,0.0,0.0,0.0,0.0,0.0,0.0,0.0,0.0,0.0,0.0,0.0,0.0,0.0,0.0,0.0,0.0,0.0
atheism,0.0,0.0,0.0,0.0,0.0,0.0,0.0,1.1904761904761905,0.0,0.0,0.0,7.142857142857142,0.0,4.761904761904762,0.0,0.0,0.0,0.0,0.0,0.0,0.0,0.0,1.1904761904761905,0.0,1.1904761904761905,0.0,0.0,0.0,0.0,0.0,0.0,0.0
AskReddit,0.0,0.0,0.0,0.0,0.0,0.0,0.0,0.7462686567164178,0.7462686567164178,0.0,0.0,6.7164179104477615,0.0,4.477611940298507,0.0,0.0,0.0,0.0,0.0,0.0,0.0,0.0,0.0,0.0,0.0,0.0,0.0,0.0,0.0,0.0,0.0,0.0
AdviceAnimals,1.1235955056179776,0.0,0.0,0.0,0.0,0.0,0.0,0.0,0.0,0.0,0.0,7.303370786516854,0.0,3.932584269662921,0.0,0.0,0.0,0.0,0.0,0.0,0.5617977528089888,0.0,0.0,0.0,0.0,0.0,0.0,0.0,0.0,0.0,0.0,0.0
AskReddit,0.0,0.0,0.0,0.0,0.0,0.0,0.0,0.333889816360601,0.333889816360601,0.0,0.0,3.5058430717863103,0.0,5.676126878130217,0.0,0.1669449081803005,0.0,0.0,0.0,0.0,0.0,0.0,0.0,0.0,0.0,0.0,0.0,0.0,0.0,0.0,0.0,0.0
politics,0.0,0.0,0.0,0.0,0.0,0.0,0.0,0.0,0.0,0.0,0.0,0.9090909090909091,0.0,4.090909090909091,0.0,0.0,0.0,0.0,0.0,0.0,0.0,0.0,0.0,0.0,0.0,0.0,0.0,0.0,0.0,0.0,0.0,0.0
AskReddit,0.0,0.0,0.0,0.0,0.0,0.0,0.0,0.33333333333333337,0.33333333333333337,0.0,0.0,3.3333333333333335,2.0,3.0,0.0,0.0,0.0,0.0,0.0,0.0,0.0,0.0,0.0,0.0,0.0,0.0,0.0,0.0,0.0,0.0,0.0,0.0
AskReddit,0.0,0.0,0.0,0.0,0.0,0.0,0.4878048780487805,0.0,0.0,0.0,0.0,1.951219512195122,0.0,7.317073170731707,0.0,0.0,0.0,0.0,0.0,0.0,0.4878048780487805,0.0,0.0,0.0,0.0,0.0,0.0,0.0,0.0,0.0,0.0,0.0
AdviceAnimals,0.0,0.0,0.0,0.0,0.0,0.0,0.0,0.684931506849315,0.684931506849315,0.0,0.0,8.21917808219178,0.0,3.767123287671233,0.0,0.0,0.0,0.0,0.0,0.0,0.0,0.0,0.0,0.0,0.0,0.0,0.0,0.0,0.0,0.0,0.0,0.0
AdviceAnimals,0.0,0.0,0.0,0.0,0.0,0.0,0.0,0.0,0.0,0.0,0.0,3.1847133757961785,0.0,1.2738853503184715,0.0,0.0,0.0,0.0,0.0,0.0,0.0,0.0,0.0,0.0,0.0,0.0,0.0,0.0,0.0,0.0,0.0,0.0
AdviceAnimals,0.0,0.0,0.0,0.0,0.0,0.0,0.0,0.9090909090909091,0.9090909090909091,0.0,0.0,0.9090909090909091,0.0,6.363636363636363,0.0,0.0,0.0,0.0,0.0,0.0,0.0,0.0,0.0,0.0,0.0,0.0,0.0,0.0,0.0,0.0,0.0,0.0
explainlikeimfive,0.0,0.0,0.0,0.0,0.0,0.0,0.0,0.0,0.0,0.0,0.0,7.766990291262135,0.0,3.8834951456310676,0.0,0.0,0.6472491909385114,0.0,0.0,0.0,0.6472491909385114,0.0,0.0,0.0,0.0,0.0,0.0,0.0,0.0,0.0,0.0,0.0
politics,0.0,0.0,0.0,0.0,0.0,0.0,0.0,0.0,0.0,0.0,0.0,1.4184397163120568,0.0,4.964539007092199,0.0,0.0,0.0,0.0,0.0,0.0,0.0,0.0,0.0,0.0,0.0,0.0,0.0,0.0,0.0,0.0,0.0,0.0
politics,0.0,0.0,0.0,0.9569377990430622,2.8708133971291865,0.0,0.0,0.4784688995215311,0.4784688995215311,0.0,0.0,4.30622009569378,0.0,4.30622009569378,0.0,0.0,0.0,0.0,0.0,0.0,0.0,0.0,0.0,0.0,0.0,0.0,0.0,0.0,0.0,0.0,0.0,0.0
politics,0.0,0.0,0.0,0.0,1.2048192771084338,0.0,0.0,0.8032128514056224,0.8032128514056224,0.0,0.0,5.622489959839357,0.4016064257028112,4.819277108433735,0.0,0.0,0.0,0.0,0.0,0.4016064257028112,0.4016064257028112,0.0,0.0,0.0,0.0,0.0,0.0,0.0,0.0,0.0,0.0,0.0
politics,0.0,0.0,0.0,0.0,0.30959752321981426,0.0,0.0,0.6191950464396285,0.6191950464396285,0.0,0.0,2.476780185758514,0.0,4.643962848297214,0.0,0.30959752321981426,0.0,0.0,0.0,0.0,0.0,0.0,0.0,0.0,0.0,0.0,0.0,0.0,0.0,0.0,0.0,0.0
AskReddit,0.0,0.0,0.0,0.0,0.0,0.0,0.0,0.0,0.0,0.0,0.0,2.6548672566371683,0.0,5.3097345132743365,0.0,0.0,0.0,0.0,0.0,0.0,0.0,0.0,0.0,0.0,0.0,0.0,0.0,0.0,0.0,0.0,0.0,0.0
AskReddit,0.0,0.0,0.0,0.0,0.0,0.0,0.0,1.1363636363636365,1.1363636363636365,0.0,0.0,6.8181818181818175,0.0,5.681818181818182,0.0,0.0,0.0,0.0,0.0,0.0,0.0,0.0,0.0,0.0,0.0,0.0,0.0,0.0,0.0,0.0,0.0,0.0
pics,0.0,0.0,0.0,1.8181818181818181,0.0,0.0,0.0,0.0,0.0,0.0,0.0,5.454545454545454,0.0,7.2727272727272725,0.0,0.0,0.0,0.0,0.0,0.0,0.0,0.0,0.0,0.0,0.0,0.0,0.0,0.0,0.0,0.0,0.0,0.0
gaming,0.0,0.0,0.0,0.0,0.0,0.0,0.0,0.0,0.6666666666666667,0.0,0.0,2.666666666666667,0.0,5.333333333333334,0.0,1.3333333333333335,0.0,0.0,0.0,0.0,0.0,0.0,0.0,0.0,0.0,0.0,0.0,0.0,0.0,0.0,0.0,0.0
AdviceAnimals,0.0,0.0,0.0,0.0,0.0,0.0,0.37735849056603776,0.0,0.0,0.0,0.0,3.5849056603773586,0.0,4.150943396226415,0.0,0.18867924528301888,0.0,0.0,0.0,0.0,0.18867924528301888,0.0,0.18867924528301888,0.0,0.18867924528301888,0.0,0.0,0.0,0.0,0.0,0.0,0.0
AdviceAnimals,0.0,0.0,0.0,0.0,0.0,0.0,0.0,0.0,0.0,0.0,0.0,0.0,0.0,0.0,0.0,0.0,0.0,0.0,0.0,0.0,16.666666666666664,0.0,0.0,0.0,0.0,0.0,0.0,0.0,0.0,0.0,0.0,0.0
AdviceAnimals,0.0,0.0,0.0,0.0,0.39215686274509803,0.0,0.0,0.39215686274509803,0.39215686274509803,0.0,0.0,5.294117647058823,1.1764705882352942,5.88235294117647,0.0,0.0,0.19607843137254902,0.0,0.0,0.0,0.0,0.0,0.0,0.0,0.0,0.0,0.0,0.0,0.0,0.0,0.0,0.0
AskReddit,0.0,0.0,0.0,0.0,0.0,0.0,0.0,0.546448087431694,0.546448087431694,0.0,0.0,0.0,0.0,4.371584699453552,0.0,0.0,0.0,0.0,0.0,0.0,0.0,0.0,0.0,0.0,0.0,0.0,0.0,0.0,0.0,0.0,0.0,0.0
AskReddit,0.0,0.0,0.0,0.0,0.0,0.0,0.0,0.0,0.0,0.0,0.0,0.0,0.0,5.769230769230769,0.0,0.0,0.0,0.0,0.0,0.0,1.9230769230769231,0.0,0.0,0.0,0.0,0.0,0.0,0.0,0.0,0.0,0.0,0.0
AskReddit,0.0,0.0,0.0,0.0,0.0,0.0,0.0,0.0,0.0,0.0,0.0,6.493506493506493,0.0,1.2987012987012987,0.0,0.0,0.0,0.0,0.0,0.0,0.0,0.0,0.0,0.0,0.0,0.0,0.0,0.0,0.0,0.0,0.0,0.0
todayilearned,0.0,0.0,0.0,0.0,0.0,0.0,0.0,0.0,0.0,0.0,0.0,4.081632653061225,0.0,6.122448979591836,0.0,0.0,0.0,0.0,0.0,0.0,0.0,0.0,0.0,0.0,0.0,0.0,0.0,0.0,0.0,0.0,0.0,0.0
AskReddit,0.0,0.0,0.0,0.0,0.0,0.0,0.0,0.0,0.0,0.0,0.0,1.7964071856287425,0.0,4.191616766467066,0.0,0.0,0.0,0.0,0.0,0.0,0.0,0.0,0.0,0.0,0.0,0.0,0.0,0.0,0.0,0.0,0.0,0.0
explainlikeimfive,0.0,0.0,0.0,0.0,0.0,0.0,0.0,1.2422360248447204,0.6211180124223602,0.0,0.0,5.590062111801243,0.0,7.453416149068323,0.0,0.0,0.0,0.0,0.0,0.0,0.6211180124223602,0.0,0.6211180124223602,0.0,0.6211180124223602,0.0,0.0,0.0,0.0,0.0,0.0,0.0
explainlikeimfive,0.0,0.0,0.0,0.0,0.0,0.0,0.0,1.6326530612244898,1.6326530612244898,0.0,0.0,4.489795918367347,0.0,4.081632653061225,0.0,0.0,0.0,0.0,0.0,0.0,0.0,0.0,0.0,0.0,0.0,0.0,0.0,0.0,0.0,0.0,0.0,0.0
AskReddit,1.3605442176870748,0.0,0.0,0.0,0.0,0.0,0.6802721088435374,0.0,0.0,0.0,0.0,4.421768707482993,0.0,4.761904761904762,0.0,0.0,0.0,0.0,0.0,0.0,0.0,0.0,0.0,0.0,0.0,0.0,0.0,0.0,0.0,0.0,0.0,0.0
leagueoflegends,0.0,0.0,0.0,0.0,0.0,0.0,0.0,3.3057851239669422,3.3057851239669422,0.0,0.0,4.958677685950414,0.0,4.958677685950414,0.0,0.0,0.0,0.0,0.0,0.0,0.0,0.0,0.0,0.0,0.0,0.0,0.0,0.0,0.0,0.0,0.0,0.0
AskReddit,0.0,0.0,0.0,0.0,0.0,0.0,0.0,1.08991825613079,1.08991825613079,0.0,0.0,4.087193460490464,0.0,5.994550408719346,0.0,0.0,0.0,0.0,0.0,0.0,0.0,0.0,0.0,0.0,0.0,0.0,0.0,0.0,0.0,0.0,0.0,0.0
AskReddit,0.0,0.0,0.0,0.0,0.0,0.0,0.0,0.37735849056603776,0.37735849056603776,0.0,0.0,5.283018867924529,0.0,5.660377358490567,0.0,0.0,0.0,0.0,0.0,0.0,0.0,0.0,0.0,0.0,0.0,0.0,0.0,0.0,0.0,0.0,0.0,0.0
AskReddit,0.0,0.0,0.0,0.0,0.0,0.0,0.0,1.3574660633484164,1.3574660633484164,0.0,0.0,3.619909502262444,0.0,5.429864253393665,0.0,0.904977375565611,0.0,0.0,0.0,0.0,0.904977375565611,0.0,0.0,0.0,0.0,0.0,0.0,0.0,0.0,0.0,0.0,0.0
AskReddit,0.0,0.0,0.0,0.0,0.0,0.0,0.0,0.21097046413502107,0.21097046413502107,0.0,0.0,4.219409282700422,0.0,6.751054852320674,0.0,0.0,0.0,0.0,0.0,0.0,0.42194092827004215,0.0,0.0,0.0,0.0,0.0,0.0,0.0,0.0,0.0,0.0,0.0
AskReddit,0.0,0.0,0.0,0.0,0.0,0.0,0.6896551724137931,1.6091954022988506,1.3793103448275863,0.0,0.0,5.977011494252873,0.0,5.057471264367816,0.0,0.22988505747126436,0.0,0.0,0.0,0.0,0.0,0.0,0.0,0.0,0.0,0.0,0.0,0.0,0.0,0.0,0.0,0.0
pics,0.0,0.0,0.0,0.0,0.6756756756756757,0.0,0.0,0.0,0.0,0.0,0.0,1.3513513513513513,0.0,2.7027027027027026,0.0,0.0,0.0,0.0,0.0,0.0,0.0,0.0,0.0,0.0,0.0,0.0,0.0,0.0,0.0,0.0,0.0,0.0
funny,0.0,0.0,0.0,0.0,0.0,1.8867924528301887,0.0,0.0,0.0,0.0,0.0,15.09433962264151,0.0,5.660377358490567,0.0,0.0,0.0,0.0,0.0,0.0,0.0,0.0,0.0,0.0,0.0,0.0,0.0,0.0,0.0,0.0,0.0,0.0
todayilearned,0.0,0.0,0.0,0.0,0.0,0.0,0.0,0.0,0.0,0.0,0.0,11.971830985915492,0.0,4.929577464788732,0.0,0.0,0.0,0.0,0.0,0.0,0.0,0.0,0.0,0.0,0.0,0.0,0.0,0.0,0.0,0.0,0.0,0.0
AskReddit,0.0,0.0,0.0,0.0,0.0,0.0,0.0,1.7543859649122806,1.7543859649122806,0.0,0.0,1.7543859649122806,0.0,8.771929824561402,0.0,0.0,0.0,0.0,0.0,0.0,0.0,0.0,0.0,0.0,0.0,0.0,0.0,0.0,0.0,0.0,0.0,0.0
AskReddit,0.0,0.0,0.0,0.0,0.0,0.0,0.0,1.7341040462427744,1.7341040462427744,0.0,0.0,5.780346820809249,0.0,4.046242774566474,0.0,0.5780346820809248,0.5780346820809248,0.0,0.0,0.0,1.1560693641618496,0.0,0.0,0.0,0.0,0.0,0.0,0.0,0.0,0.0,0.0,0.0
gaming,0.0,0.0,0.0,0.0,0.0,0.0,0.0,3.571428571428571,0.0,0.0,0.0,7.142857142857142,0.0,10.714285714285714,3.571428571428571,0.0,0.0,0.0,0.0,0.0,0.0,0.0,3.571428571428571,0.0,3.571428571428571,0.0,0.0,0.0,0.0,0.0,0.0,0.0
gaming,0.0,0.0,0.0,0.0,0.0,0.0,0.0,4.166666666666666,2.083333333333333,0.0,0.0,6.25,0.0,6.25,0.0,2.083333333333333,2.083333333333333,0.0,0.0,0.0,0.0,0.0,0.0,0.0,0.0,0.0,0.0,0.0,0.0,0.0,0.0,0.0
AskReddit,0.0,0.0,0.0,0.0,0.0,0.0,0.0,0.0,0.0,0.0,0.0,2.3923444976076556,0.0,3.349282296650718,0.0,0.0,0.0,0.0,0.0,0.0,0.0,0.0,0.0,0.0,0.0,0.0,0.0,0.0,0.0,0.0,0.0,0.0
funny,0.0,0.0,0.0,0.0,0.0,0.0,0.0,1.1363636363636365,1.1363636363636365,0.0,0.0,11.363636363636363,0.0,1.1363636363636365,0.0,0.0,0.0,0.0,0.0,0.0,0.0,0.0,0.0,0.0,0.0,0.0,0.0,0.0,0.0,0.0,0.0,0.0
explainlikeimfive,0.7054673721340388,0.0,0.0,0.0,0.0,0.0,0.058788947677836566,0.1763668430335097,0.23515579071134626,0.0,0.0,3.76249265138154,0.23515579071134626,4.820693709582598,0.0,0.3527336860670194,0.0,0.0,0.0,0.0,0.3527336860670194,0.0,0.11757789535567313,0.0,0.11757789535567313,0.0,0.0,0.0,0.0,0.0,0.0,0.0
explainlikeimfive,0.7751937984496124,0.0,0.0,0.5813953488372093,0.0,0.0,0.0,0.5813953488372093,0.3875968992248062,0.0,0.0,6.2015503875969,0.0,3.10077519379845,0.0,0.0,0.0,0.0,0.0,0.0,1.1627906976744187,0.0,0.1937984496124031,0.0,0.1937984496124031,0.0,0.0,0.0,0.0,0.0,0.0,0.0
explainlikeimfive,0.0,0.0,0.0,0.0,0.0,0.0,0.0,0.0,0.0,0.0,0.0,2.586206896551724,0.0,3.4482758620689653,0.0,0.43103448275862066,0.0,0.0,0.0,0.0,0.8620689655172413,0.0,0.0,0.0,0.0,0.0,0.0,0.0,0.0,0.0,0.0,0.0
explainlikeimfive,0.0,0.0,0.0,0.0,0.0,0.0,1.8867924528301887,0.0,0.0,0.0,0.0,5.660377358490567,0.0,4.716981132075472,0.0,0.9433962264150944,0.0,0.0,0.0,0.0,0.0,0.0,0.0,0.0,0.0,0.0,0.0,0.0,0.0,0.0,0.0,0.0
explainlikeimfive,0.0,0.0,0.0,0.0,0.0,0.0,0.0,0.975609756097561,0.975609756097561,0.0,0.0,4.390243902439024,0.0,4.878048780487805,0.0,2.4390243902439024,0.975609756097561,0.0,0.0,0.0,0.4878048780487805,0.0,0.0,0.0,0.0,0.0,0.0,0.0,0.0,0.0,0.0,0.0
explainlikeimfive,0.8922880815806247,0.0,0.0,0.0,0.0,0.0,0.06373486297004462,0.06373486297004462,0.3186743148502231,0.0,0.0,3.8878266411727216,0.19120458891013384,4.716379859783301,0.0,0.3186743148502231,0.0,0.0,0.06373486297004462,0.0,0.3824091778202677,0.0,0.0,0.0,0.0,0.0,0.0,0.0,0.0,0.0,0.0,0.0
explainlikeimfive,0.7544979686593152,0.0,0.0,0.0,0.0,0.0,0.05803830528148578,0.05803830528148578,0.2901915264074289,0.0,0.0,3.772489843296576,0.2321532211259431,4.81717933836332,0.0,0.4062681369704005,0.0,0.0,0.0,0.0,0.3482298316889147,0.0,0.0,0.0,0.0,0.0,0.0,0.0,0.0,0.0,0.0,0.0
pics,0.0,0.0,0.0,0.0,0.0,0.0,0.0,0.0,0.0,0.0,0.0,1.5463917525773196,0.0,5.670103092783505,0.0,0.0,0.0,0.0,0.0,0.0,0.0,0.0,0.0,0.0,0.0,0.0,0.0,0.0,0.0,0.0,0.0,0.0
AskReddit,0.0,0.0,0.0,0.0,0.0,0.0,0.9433962264150944,0.0,0.0,0.0,0.0,3.7735849056603774,0.0,7.547169811320755,0.0,0.0,0.0,0.0,0.0,0.0,0.9433962264150944,0.0,0.0,0.0,0.0,0.0,0.0,0.0,0.0,0.0,0.0,0.0
AskReddit,0.0,0.0,0.0,0.0,0.0,0.0,0.0,0.0,0.0,0.0,0.0,5.128205128205128,0.0,6.837606837606838,0.0,0.4273504273504274,0.0,0.0,0.0,0.0,0.0,0.0,0.4273504273504274,0.0,0.4273504273504274,0.0,0.0,0.0,0.0,0.0,0.0,0.0
AskReddit,0.0,0.0,0.0,0.0,0.0,0.0,0.0,0.6711409395973155,0.0,0.0,0.0,4.697986577181208,0.0,6.7114093959731544,0.0,0.0,0.0,0.0,0.0,0.0,0.0,0.0,0.6711409395973155,0.0,0.6711409395973155,0.0,0.0,0.0,0.0,0.0,0.0,0.0
AskReddit,0.0,0.0,0.0,0.0,0.0,0.0,0.17301038062283738,0.8650519031141869,0.8650519031141869,0.0,0.0,6.920415224913495,0.0,5.536332179930796,0.0,0.0,0.0,0.0,0.0,0.0,0.17301038062283738,0.0,0.0,0.0,0.0,0.0,0.0,0.0,0.0,0.0,0.0,0.0
gaming,0.0,0.0,0.0,0.0,0.0,0.0,0.0,2.3255813953488373,2.3255813953488373,0.0,0.0,2.3255813953488373,0.0,2.3255813953488373,0.0,0.0,0.0,0.0,0.0,0.0,0.0,0.0,0.0,0.0,0.0,0.0,0.0,0.0,0.0,0.0,0.0,0.0
leagueoflegends,0.8403361344537815,0.0,0.0,0.0,0.0,0.0,0.0,1.680672268907563,1.680672268907563,0.0,0.8403361344537815,1.680672268907563,3.361344537815126,3.361344537815126,0.0,0.0,0.0,0.0,0.0,0.0,0.0,0.0,0.0,0.0,0.0,0.0,0.0,0.0,0.0,0.0,0.0,0.0
leagueoflegends,0.0,0.0,0.0,0.0,0.33557046979865773,0.0,0.0,0.33557046979865773,0.33557046979865773,0.0,0.0,1.006711409395973,0.0,4.697986577181208,0.0,0.33557046979865773,0.0,0.0,0.0,0.0,0.0,0.0,0.0,0.0,0.0,0.0,0.0,0.0,0.0,0.0,0.0,0.0
AskReddit,0.0,0.0,0.0,0.0,0.0,0.0,0.0,3.149606299212598,3.149606299212598,0.0,0.0,3.149606299212598,0.0,8.661417322834646,0.0,0.0,0.0,0.0,0.0,0.0,0.0,0.0,0.0,0.0,0.0,0.0,0.0,0.0,0.0,0.0,0.0,0.0
pics,0.0,0.0,0.0,0.0,0.0,0.0,0.0,0.0,0.0,0.0,0.0,0.0,0.0,75.0,0.0,0.0,0.0,0.0,0.0,0.0,0.0,0.0,0.0,0.0,0.0,0.0,0.0,0.0,0.0,0.0,0.0,0.0
pics,0.0,0.0,0.0,0.0,0.0,0.0,0.0,0.0,0.0,0.0,0.0,0.0,0.0,11.11111111111111,0.0,0.0,0.0,0.0,0.0,0.0,0.0,0.0,0.0,0.0,0.0,0.0,0.0,0.0,0.0,0.0,0.0,0.0
pics,0.0,0.0,0.0,0.0,0.0,0.0,0.0,0.0,0.0,0.0,0.0,1.098901098901099,0.0,7.6923076923076925,0.0,0.0,0.0,0.0,0.0,0.0,0.0,0.0,0.0,0.0,0.0,0.0,0.0,0.0,0.0,0.0,0.0,0.0
leagueoflegends,0.0,0.0,0.0,0.0,0.0,0.0,0.0,1.8867924528301887,1.8867924528301887,0.0,0.0,8.80503144654088,0.0,4.40251572327044,0.0,1.257861635220126,0.0,0.0,0.0,0.0,0.0,0.0,0.0,0.0,0.0,0.0,0.0,0.0,0.0,0.0,0.0,0.0
AskReddit,0.0,0.0,0.0,0.0,0.0,0.0,0.0,0.0,0.0,0.0,0.0,3.9647577092511015,0.0,5.726872246696035,0.0,0.0,0.0,0.0,0.0,0.0,0.0,0.0,0.0,0.0,0.0,0.0,0.0,0.0,0.0,0.0,0.0,0.0
leagueoflegends,0.0,0.0,0.0,0.0,0.0,0.0,0.0,0.2688172043010753,0.2688172043010753,0.0,0.0,2.956989247311828,0.0,4.032258064516129,0.0,0.0,0.0,0.0,0.0,0.0,0.2688172043010753,0.0,0.0,0.0,0.0,0.0,0.0,0.0,0.0,0.0,0.0,0.0
explainlikeimfive,0.0,0.0,0.0,0.0,0.0,0.904977375565611,0.0,1.3574660633484164,1.3574660633484164,0.0,0.0,4.524886877828054,0.0,4.072398190045249,0.0,0.0,0.0,0.0,0.0,0.0,0.0,0.0,0.0,0.0,0.0,0.0,0.0,0.0,0.0,0.0,0.0,0.0
gaming,0.0,0.0,0.0,0.0,0.0,0.0,0.0,0.5405405405405406,0.5405405405405406,0.0,0.0,6.486486486486487,0.0,3.783783783783784,0.0,0.0,0.0,0.0,0.0,0.0,0.0,0.0,0.0,0.0,0.0,0.0,0.0,0.0,0.0,0.0,0.0,0.0
leagueoflegends,0.5988023952095809,0.0,0.0,0.0,0.5988023952095809,0.0,0.0,0.5988023952095809,0.5988023952095809,0.0,0.0,2.3952095808383236,0.0,3.592814371257485,0.0,0.5988023952095809,0.0,0.0,0.0,0.0,0.0,0.0,0.0,0.0,0.0,0.0,0.0,0.0,0.0,0.0,0.0,0.0
atheism,0.0,0.0,0.0,0.0,0.0,0.0,0.0,0.0,0.0,0.0,0.0,6.349206349206349,0.0,4.761904761904762,0.0,0.0,0.0,0.0,0.0,0.0,1.5873015873015872,0.0,0.0,0.0,0.0,0.0,0.0,0.0,0.0,0.0,0.0,0.0
atheism,0.4132231404958678,0.0,0.0,0.1652892561983471,0.0,0.0,0.0,0.3305785123966942,0.3305785123966942,0.0,0.0,5.371900826446281,0.08264462809917356,6.859504132231405,0.0,0.3305785123966942,0.08264462809917356,0.0,0.0,0.0,0.5785123966942148,0.0,0.0,0.0,0.0,0.0,0.0,0.0,0.0,0.0,0.0,0.0
leagueoflegends,0.0,0.0,0.0,0.0,0.0,0.0,0.0,1.1111111111111112,1.1111111111111112,0.0,0.0,1.1111111111111112,0.0,4.444444444444445,0.0,0.0,0.0,0.0,0.0,0.0,0.0,0.0,0.0,0.0,0.0,0.0,0.0,0.0,0.0,0.0,0.0,0.0
AskReddit,0.3236245954692557,0.0,0.0,0.0,0.0,0.0,0.0,0.3236245954692557,0.0,0.0,0.0,8.090614886731391,0.3236245954692557,4.854368932038835,0.0,0.3236245954692557,0.0,0.0,0.0,0.0,0.0,0.0,0.3236245954692557,0.0,0.3236245954692557,0.0,0.0,0.0,0.0,0.0,0.0,0.0
AskReddit,0.0,0.0,0.0,0.0,0.0,0.0,1.4492753623188406,0.7246376811594203,0.7246376811594203,0.0,0.0,8.695652173913043,0.0,5.072463768115942,0.0,0.0,0.0,0.0,0.0,0.0,0.0,0.0,0.0,0.0,0.0,0.0,0.0,0.0,0.0,0.0,0.0,0.0
AskReddit,0.0,0.0,0.0,0.0,1.0101010101010102,0.0,0.0,0.0,0.0,0.0,0.0,6.0606060606060606,0.0,8.080808080808081,0.0,0.0,0.0,0.0,0.0,0.0,0.0,0.0,0.0,0.0,0.0,0.0,0.0,0.0,0.0,0.0,0.0,0.0
pics,0.0,0.0,0.0,0.0,0.0,0.0,0.0,0.0,0.0,0.0,0.0,2.2222222222222223,0.7407407407407408,8.148148148148149,0.0,0.0,0.0,0.0,0.0,0.0,0.0,0.0,0.0,0.0,0.0,0.0,0.0,0.0,0.0,0.0,0.0,0.0
pics,0.0,0.0,0.0,0.0,0.0,0.0,0.0,0.0,0.0,0.0,0.0,1.3333333333333335,2.666666666666667,8.0,0.0,0.0,0.0,0.0,0.0,0.0,0.0,0.0,0.0,0.0,0.0,0.0,0.0,0.0,0.0,0.0,0.0,0.0
leagueoflegends,0.0,0.0,0.0,0.0,0.0,0.0,0.0,0.0,0.0,0.0,0.0,8.653846153846153,0.0,4.807692307692308,0.0,0.0,0.0,0.0,0.0,0.0,0.0,0.0,0.0,0.0,0.0,0.0,0.0,0.0,0.0,0.0,0.0,0.0
AskReddit,0.7352941176470588,0.0,0.0,0.0,0.7352941176470588,0.0,0.0,0.0,0.0,0.0,0.0,5.147058823529411,0.0,5.88235294117647,0.0,0.0,0.0,0.0,0.0,0.0,0.0,0.0,0.0,0.0,0.0,0.0,0.0,0.0,0.0,0.0,0.0,0.0
AskReddit,0.0,0.0,0.0,0.0,0.0,0.0,0.0,0.0,0.0,0.0,0.0,0.0,0.0,9.30232558139535,0.0,0.0,0.0,0.0,0.0,0.0,0.0,0.0,0.0,0.0,0.0,0.0,0.0,0.0,0.0,0.0,0.0,0.0
AskReddit,0.0,0.0,0.0,0.0,0.0,0.0,0.0,0.0,0.0,0.0,0.0,4.761904761904762,0.0,4.761904761904762,0.0,0.0,0.0,0.0,0.0,0.0,0.0,0.0,0.0,0.0,0.0,0.0,0.0,0.0,0.0,0.0,0.0,0.0
AskReddit,0.9523809523809524,0.0,0.0,0.0,0.0,0.0,0.0,0.0,0.0,0.0,0.0,5.238095238095238,0.0,5.238095238095238,0.0,0.0,0.0,0.0,0.0,0.0,0.4761904761904762,0.0,0.0,0.0,0.0,0.0,0.0,0.0,0.0,0.0,0.0,0.0
AskReddit,0.0,0.0,0.0,0.0,0.0,0.0,0.0,0.0,0.0,0.0,0.0,7.547169811320755,0.0,3.7735849056603774,0.0,0.0,0.0,0.0,0.0,0.0,0.0,0.0,0.0,0.0,0.0,0.0,0.0,0.0,0.0,0.0,0.0,0.0
AskReddit,0.0,0.0,0.0,0.0,0.0,0.0,0.0,0.0,0.0,0.0,0.0,5.357142857142857,0.35714285714285715,5.714285714285714,0.0,0.0,0.0,0.0,0.0,0.0,0.0,0.0,0.0,0.0,0.0,0.0,0.0,0.0,0.0,0.0,0.0,0.0
AskReddit,0.0,0.0,0.0,0.0,0.0,0.0,0.0,0.0,0.0,0.0,0.0,0.0,0.0,5.88235294117647,0.0,0.0,0.0,0.0,0.0,0.0,0.0,0.0,0.0,0.0,0.0,0.0,0.0,0.0,0.0,0.0,0.0,0.0
AskReddit,0.0,0.0,0.0,0.0,0.0,0.0,0.0,0.0,0.0,0.0,0.0,12.5,0.0,0.0,0.0,0.0,0.0,0.0,0.0,0.0,0.0,0.0,0.0,0.0,0.0,0.0,0.0,0.0,0.0,0.0,0.0,0.0
atheism,0.0,0.0,0.0,0.0,0.0,0.0,0.0,0.0,0.0,0.0,0.0,5.063291139240507,0.0,5.063291139240507,0.0,0.0,0.0,0.0,0.0,0.0,0.0,0.0,0.0,0.0,0.0,0.0,0.0,0.0,0.0,0.0,0.0,0.0
AskReddit,1.4814814814814816,0.0,0.0,0.0,0.0,0.0,0.0,0.0,0.0,0.0,0.0,3.7037037037037033,0.0,5.185185185185185,0.0,0.0,0.0,0.0,0.0,0.0,0.0,0.0,0.0,0.0,0.0,0.0,0.0,0.0,0.0,0.0,0.0,0.0
funny,0.0,0.0,0.0,0.0,0.0,0.0,0.0,0.0,0.0,0.0,0.0,4.615384615384616,0.0,3.076923076923077,0.0,0.0,0.0,0.0,0.0,0.0,0.0,0.0,0.0,0.0,0.0,0.0,0.0,0.0,0.0,0.0,0.0,0.0
pics,0.0,0.0,0.0,0.0,0.0,0.0,0.0,0.0,0.0,0.0,0.0,2.097902097902098,0.0,4.895104895104895,0.0,0.0,0.0,0.0,0.0,0.0,0.0,0.0,0.0,0.0,0.0,0.0,0.0,0.0,0.0,0.0,0.0,0.0
pics,0.0,0.0,0.0,0.0,0.0,0.0,0.46511627906976744,0.0,0.0,0.0,0.0,3.7209302325581395,0.0,4.651162790697675,0.0,0.0,0.0,0.0,0.0,0.0,0.0,0.0,0.0,0.0,0.0,0.0,0.0,0.0,0.0,0.0,0.0,0.0
leagueoflegends,1.5151515151515151,0.0,0.0,0.0,0.0,0.0,0.0,0.7575757575757576,0.7575757575757576,0.0,0.0,8.333333333333332,0.0,0.7575757575757576,0.0,0.0,0.0,0.0,0.0,9.090909090909092,0.0,0.0,0.0,0.0,0.0,0.0,0.0,0.0,0.0,0.0,0.0,0.0
leagueoflegends,0.0,0.0,0.0,0.0,0.0,0.0,0.0,0.0,0.0,0.0,0.0,5.405405405405405,0.0,4.054054054054054,0.0,0.0,0.0,0.0,0.0,0.0,1.3513513513513513,0.0,0.0,0.0,0.0,0.0,0.0,0.0,0.0,0.0,0.0,0.0
atheism,0.0,0.0,0.0,0.0,0.0,0.0,0.0,0.15015015015015015,0.15015015015015015,0.0,0.0,1.2012012012012012,0.0,1.6516516516516515,0.0,0.15015015015015015,0.15015015015015015,0.0,0.0,0.0,0.0,0.0,0.0,0.0,0.0,0.0,0.0,0.0,0.0,0.0,0.0,0.0
gaming,0.0,0.0,0.0,0.0,0.0,0.0,0.0,1.3333333333333335,1.3333333333333335,0.0,0.0,6.666666666666667,0.0,5.333333333333334,0.0,0.0,0.0,0.0,0.0,0.0,0.0,0.0,0.0,0.0,0.0,0.0,0.0,0.0,0.0,0.0,0.0,0.0
gaming,0.0,0.0,0.0,0.0,0.0,0.0,0.0,1.3513513513513513,0.0,0.0,0.0,5.405405405405405,0.0,5.405405405405405,0.0,0.0,0.0,0.0,0.0,0.0,0.0,0.0,0.0,0.0,1.3513513513513513,0.0,0.0,0.0,0.0,0.0,0.0,0.0
politics,0.0,0.0,0.0,0.0,0.0,0.0,0.0,0.0,0.0,0.0,0.0,0.0,0.0,7.042253521126761,0.0,0.0,0.0,0.0,0.0,0.0,0.0,0.0,0.0,0.0,0.0,0.0,0.0,0.0,0.0,0.0,0.0,0.0
AskReddit,0.0,0.0,0.0,0.0,0.0,0.0,0.0,0.5847953216374269,0.5847953216374269,0.0,0.0,4.093567251461988,0.0,4.970760233918129,0.0,0.0,0.0,0.0,0.0,0.0,0.0,0.0,0.0,0.0,0.0,0.0,0.0,0.0,0.0,0.0,0.0,0.0
atheism,0.0,0.0,0.0,0.0,0.0,0.0,0.0,0.0,0.0,0.0,0.0,5.88235294117647,0.0,8.823529411764707,0.0,0.0,0.0,0.0,0.0,0.0,0.0,0.0,0.0,0.0,0.0,0.0,0.0,0.0,0.0,0.0,0.0,0.0
atheism,0.0,0.0,0.0,0.0,0.0,0.0,0.20202020202020202,0.20202020202020202,0.20202020202020202,0.0,0.0,5.252525252525253,0.0,4.646464646464646,0.0,0.0,0.20202020202020202,0.0,0.0,0.0,0.20202020202020202,0.0,0.0,0.0,0.0,0.0,0.0,0.0,0.0,0.0,0.0,0.0
atheism,0.0,0.0,0.0,0.0,0.8130081300813009,0.0,0.0,0.0,0.0,0.0,0.0,3.2520325203252036,0.0,7.317073170731707,0.0,0.8130081300813009,0.0,0.0,0.0,0.0,0.0,0.0,0.0,0.0,0.0,0.0,0.0,0.0,0.0,0.0,0.0,0.0
atheism,0.0,0.0,0.0,0.0,0.0,0.0,0.0,0.8547008547008548,0.8547008547008548,0.0,0.0,2.564102564102564,0.0,5.128205128205128,0.0,0.0,0.0,0.0,0.0,0.0,0.0,0.0,0.0,0.0,0.0,0.0,0.0,0.0,0.0,0.0,0.0,0.0
atheism,0.0,0.0,0.0,0.0,1.7341040462427744,0.0,0.0,1.1560693641618496,1.1560693641618496,0.0,0.0,3.4682080924855487,0.5780346820809248,5.202312138728324,0.0,0.0,0.0,0.0,0.0,0.0,1.7341040462427744,0.0,0.0,0.0,0.0,0.0,0.0,0.0,0.0,0.0,0.0,0.0
atheism,0.0,0.0,0.0,0.0,0.0,0.0,0.0,0.0,1.3245033112582782,0.0,0.0,3.3112582781456954,0.0,4.635761589403973,0.0,0.6622516556291391,0.0,0.0,0.0,0.0,0.0,0.0,0.0,0.0,0.0,0.0,0.0,0.0,0.0,0.0,0.0,0.0
AskReddit,0.0,0.0,0.0,0.0,0.0,0.0,0.0,0.0,0.0,0.0,0.0,9.25925925925926,0.9259259259259258,5.555555555555555,0.0,0.0,0.0,0.0,0.0,0.0,0.0,0.0,0.0,0.0,0.0,0.0,0.0,0.0,0.0,0.0,0.0,0.0
AskReddit,0.0,0.0,0.0,0.0,0.0,0.0,0.0,0.0,0.0,0.0,0.0,0.0,0.0,0.0,0.0,0.0,0.0,0.0,0.0,0.0,0.0,0.0,0.0,0.0,0.0,0.0,0.0,0.0,0.0,0.0,0.0,0.0
AskReddit,0.1893939393939394,0.0,0.0,0.0,0.0,0.0,0.0,0.7575757575757576,0.5681818181818182,0.0,0.0,6.8181818181818175,0.0,6.4393939393939394,0.0,0.0,0.0,0.0,0.0,0.0,0.1893939393939394,0.0,0.1893939393939394,0.0,0.1893939393939394,0.0,0.0,0.0,0.0,0.0,0.0,0.0
AskReddit,0.0,0.0,0.0,0.0,0.0,0.0,0.0,2.272727272727273,2.272727272727273,0.0,0.0,22.727272727272727,0.0,4.545454545454546,0.0,0.0,0.0,0.0,0.0,0.0,0.0,0.0,0.0,0.0,0.0,0.0,0.0,0.0,0.0,0.0,0.0,0.0
AskReddit,0.0,0.0,0.0,0.0,0.0,0.0,0.0,0.4807692307692308,0.4807692307692308,0.0,0.0,6.25,0.0,4.326923076923077,0.0,0.0,0.0,0.0,0.0,0.0,0.0,0.0,0.0,0.0,0.0,0.0,0.0,0.0,0.0,0.0,0.0,0.0
AskReddit,0.0,0.0,0.0,0.0,0.0,0.0,0.0,1.4563106796116505,1.4563106796116505,0.0,0.0,3.3980582524271843,1.9417475728155338,2.912621359223301,0.0,0.0,0.0,0.0,0.0,0.0,0.48543689320388345,0.0,0.0,0.0,0.0,0.0,0.0,0.0,0.0,0.0,0.0,0.0
AskReddit,0.0,0.0,0.0,0.4149377593360996,0.0,0.0,0.0,0.2074688796680498,0.2074688796680498,0.0,0.0,4.979253112033195,0.0,8.71369294605809,0.0,3.319502074688797,0.0,0.0,0.0,0.0,0.0,0.0,0.0,0.0,0.0,0.0,0.0,0.0,0.0,0.0,0.0,0.0
AskReddit,1.3513513513513513,0.0,0.0,0.0,0.0,0.0,0.0,0.6756756756756757,0.6756756756756757,0.0,0.0,7.4324324324324325,0.0,5.405405405405405,0.0,0.0,0.0,0.0,0.0,0.0,0.0,0.0,0.0,0.0,0.0,0.0,0.0,0.0,0.0,0.0,0.0,0.0
AskReddit,0.13315579227696406,0.0,0.0,0.0,0.0,0.0,0.0,0.0,0.0,0.0,0.0,2.5299600532623168,1.1984021304926764,7.8561917443408795,0.13315579227696406,0.2663115845539281,0.0,0.0,0.0,0.0,0.0,0.0,0.0,0.0,0.0,0.0,0.0,0.0,0.0,0.0,0.0,0.0
AskReddit,0.641025641025641,0.0,0.0,0.0,0.0,0.0,0.0,0.641025641025641,0.641025641025641,0.0,0.0,5.128205128205128,0.0,3.205128205128205,0.0,0.0,0.0,0.0,0.0,0.0,0.0,0.0,0.0,0.0,0.0,0.0,0.0,0.0,0.0,0.0,0.0,0.0
explainlikeimfive,0.0,0.0,0.0,0.7033997655334115,0.4689331770222743,0.0,0.0,0.7033997655334115,0.7033997655334115,0.0,0.0,5.978898007033997,0.0,3.985932004689332,0.0,0.0,0.0,0.0,0.0,0.0,0.0,0.0,0.0,0.0,0.0,0.0,0.0,0.0,0.0,0.0,0.0,0.0
leagueoflegends,0.0,0.0,0.0,0.0,0.0,0.0,0.0,0.0,0.0,0.0,0.0,8.333333333333332,0.0,4.166666666666666,0.0,0.0,0.0,0.0,0.0,0.0,0.0,0.0,0.0,0.0,0.0,0.0,0.0,0.0,0.0,0.0,0.0,0.0
AskReddit,0.0,0.0,0.0,0.0,0.0,0.0,0.0,1.1049723756906076,1.1049723756906076,0.0,0.0,6.077348066298343,0.0,7.18232044198895,0.0,0.0,0.0,0.0,0.0,0.0,0.0,0.0,0.0,0.0,0.0,0.0,0.0,0.0,0.0,0.0,0.0,0.0
AskReddit,0.0,0.0,0.0,0.0,0.0,0.0,0.0,0.0,0.0,0.0,0.0,6.862745098039216,0.0,6.535947712418301,0.0,0.0,0.0,0.0,0.0,0.0,0.0,0.0,0.0,0.0,0.0,0.0,0.0,0.0,0.0,0.0,0.0,0.0
AskReddit,0.0,0.0,0.0,0.0,0.0,0.0,0.0,0.5681818181818182,0.5681818181818182,0.0,0.0,1.7045454545454544,0.0,2.840909090909091,0.0,0.0,0.0,0.0,0.0,0.0,0.0,0.0,0.0,0.0,0.0,0.0,0.0,0.0,0.0,0.0,0.0,0.0
leagueoflegends,0.0,0.0,0.0,0.0,2.18978102189781,0.0,0.0,0.7299270072992701,0.7299270072992701,0.0,0.0,3.64963503649635,0.0,3.64963503649635,0.0,0.7299270072992701,0.7299270072992701,0.0,0.0,0.0,0.0,0.0,0.0,0.0,0.0,0.0,0.0,0.0,0.0,0.0,0.0,0.0
AskReddit,0.0,0.0,0.0,0.2985074626865672,0.0,0.0,0.0,0.5970149253731344,0.5970149253731344,0.0,0.0,2.0895522388059704,0.0,5.6716417910447765,0.0,0.0,0.0,0.0,0.0,0.0,0.0,0.0,0.0,0.0,0.0,0.0,0.0,0.0,0.0,0.0,0.0,0.0
leagueoflegends,0.0,0.0,0.0,0.0,0.0,0.0,0.0,0.0,0.0,0.0,0.0,1.8181818181818181,0.0,3.6363636363636362,0.0,0.0,0.0,0.0,0.0,0.0,0.0,0.0,0.0,0.0,0.0,0.0,0.0,0.0,0.0,0.0,0.0,0.0
AskReddit,0.0,0.0,0.0,0.0,0.0,0.0,0.0,3.571428571428571,2.380952380952381,0.0,0.0,2.380952380952381,0.0,1.1904761904761905,0.0,1.1904761904761905,1.1904761904761905,0.0,0.0,0.0,1.1904761904761905,0.0,1.1904761904761905,0.0,1.1904761904761905,0.0,0.0,0.0,0.0,0.0,0.0,0.0
leagueoflegends,0.0,0.0,0.0,0.0,0.0,0.0,0.0,0.0,0.0,0.0,0.0,2.7777777777777777,0.0,2.7777777777777777,0.0,0.0,0.0,0.0,0.0,0.0,0.0,0.0,0.0,0.0,0.0,0.0,0.0,0.0,0.0,0.0,0.0,0.0
atheism,0.0,0.0,0.0,0.0,0.1652892561983471,0.0,0.0,0.3305785123966942,0.3305785123966942,0.0,0.0,5.454545454545454,0.0,4.958677685950414,0.0,0.1652892561983471,0.0,0.0,0.0,0.9917355371900827,1.322314049586777,0.0,0.0,0.0,0.0,0.0,0.0,0.0,0.0,0.0,0.0,0.0
AskReddit,0.0,0.0,0.0,0.0,0.0,0.0,0.0,0.8888888888888888,0.8888888888888888,0.0,0.0,6.666666666666667,0.0,5.333333333333334,0.0,0.4444444444444444,0.0,0.0,0.0,0.0,0.0,0.0,0.0,0.0,0.0,0.0,0.0,0.0,0.0,0.0,0.0,0.0
funny,0.0,0.0,0.0,0.0,0.0,0.0,0.0,0.0,0.0,0.0,0.0,0.0,0.0,6.521739130434782,0.0,2.1739130434782608,0.0,0.0,0.0,0.0,0.0,0.0,0.0,0.0,0.0,0.0,0.0,0.0,0.0,0.0,0.0,0.0
AskReddit,0.0,0.0,0.0,0.0,0.0,0.0,0.0,0.0,0.0,0.0,0.0,0.0,0.0,0.0,0.0,0.0,0.0,0.0,0.0,0.0,0.0,0.0,0.0,0.0,0.0,0.0,0.0,0.0,0.0,0.0,0.0,0.0
AskReddit,0.0,0.0,0.0,0.0,0.0,0.0,0.0,1.1695906432748537,0.29239766081871343,0.5847953216374269,0.0,4.093567251461988,0.0,4.093567251461988,0.0,0.29239766081871343,0.0,0.0,0.0,0.0,0.5847953216374269,0.0,1.1695906432748537,0.0,1.1695906432748537,0.0,0.0,0.0,0.0,0.0,0.0,0.0
AskReddit,0.0,0.0,0.0,0.0,0.0,0.0,0.0,0.0,0.0,0.0,0.0,7.575757575757576,0.0,4.545454545454546,0.0,0.0,0.0,0.0,0.0,0.0,0.0,0.0,0.0,0.0,0.0,0.0,0.0,0.0,0.0,0.0,0.0,0.0
AskReddit,0.0,0.0,0.0,0.0,0.7633587786259541,0.0,0.0,0.7633587786259541,0.7633587786259541,0.0,0.0,4.580152671755725,0.0,6.106870229007633,0.0,0.0,0.0,0.0,0.0,0.0,0.0,0.0,0.0,0.0,0.0,0.0,0.0,0.0,0.0,0.0,0.0,0.0
AskReddit,0.9523809523809524,0.0,0.0,0.0,0.31746031746031744,0.0,0.0,0.0,0.0,0.0,0.0,5.079365079365079,0.0,5.079365079365079,0.0,0.0,0.31746031746031744,0.0,0.0,0.0,0.0,0.0,0.0,0.0,0.0,0.0,0.0,0.0,0.0,0.0,0.0,0.0
AskReddit,0.0,0.0,0.0,0.0,0.0,0.0,0.0,0.684931506849315,0.684931506849315,0.0,0.0,4.10958904109589,0.0,4.794520547945205,0.0,0.0,0.0,0.0,0.0,0.0,0.684931506849315,0.0,0.0,0.0,0.0,0.0,0.0,0.0,0.0,0.0,0.0,0.0
AskReddit,0.0,0.0,0.0,0.0,0.0,0.0,0.0,0.4166666666666667,0.4166666666666667,0.0,0.0,1.25,0.0,5.833333333333333,0.0,0.8333333333333334,0.0,0.0,0.0,0.0,0.4166666666666667,0.0,0.0,0.0,0.0,0.0,0.0,0.0,0.0,0.0,0.0,0.0
AskReddit,0.0,0.0,0.0,0.0,0.0,0.0,0.0,0.40816326530612246,0.40816326530612246,0.0,0.0,5.918367346938775,0.0,6.530612244897959,0.0,0.0,0.0,0.0,0.0,0.0,0.0,0.0,0.0,0.0,0.0,0.0,0.0,0.0,0.0,0.0,0.0,0.0
AskReddit,0.0,0.0,0.0,0.0,0.0,0.0,0.0,0.7117437722419928,0.7117437722419928,0.0,0.0,3.9145907473309607,0.0,5.338078291814947,0.0,0.3558718861209964,0.0,0.0,0.0,0.0,0.0,0.0,0.0,0.0,0.0,0.0,0.0,0.0,0.0,0.0,0.0,0.0
AskReddit,0.0,0.0,0.0,0.0,0.0,0.0,0.0,0.3861003861003861,0.0,0.0,0.0,0.0,0.0,6.94980694980695,0.0,0.3861003861003861,0.0,0.0,0.0,0.0,0.0,0.0,0.0,0.0,0.0,0.0,0.0,0.0,0.0,0.0,0.0,0.0
AskReddit,0.4429678848283499,0.0,0.0,0.0,0.0,0.0,0.0,0.5537098560354374,0.5537098560354374,0.0,0.0,3.5437430786267994,0.0,2.990033222591362,0.0,0.11074197120708748,0.22148394241417496,0.0,0.0,0.0,0.0,0.0,0.0,0.0,0.0,0.0,0.0,0.0,0.0,0.0,0.0,0.0
AskReddit,0.0,0.0,0.0,0.0,0.0,0.0,0.0,0.0,0.0,0.0,0.0,0.0,0.0,3.7383177570093453,0.0,0.0,0.0,0.0,0.0,0.0,0.0,0.0,0.0,0.0,0.0,0.0,0.0,0.0,0.0,0.0,0.0,0.0
AskReddit,0.0,0.0,0.0,0.0,0.0,0.0,0.0,0.0,0.0,0.0,0.0,5.4945054945054945,0.0,6.593406593406594,0.0,0.0,0.0,0.0,0.0,0.0,1.098901098901099,0.0,0.0,0.0,0.0,0.0,0.0,0.0,0.0,0.0,0.0,0.0
AskReddit,0.0,0.0,0.0,0.45454545454545453,0.0,0.0,0.0,0.9090909090909091,0.45454545454545453,0.0,0.0,2.272727272727273,0.0,5.0,0.0,0.0,0.0,0.0,0.0,0.0,0.0,0.0,0.45454545454545453,0.0,0.45454545454545453,0.0,0.0,0.0,0.0,0.0,0.0,0.0
AskReddit,0.0,0.0,0.0,0.0,0.0,0.0,0.0,1.9801980198019802,1.9801980198019802,0.0,0.0,1.9801980198019802,0.9900990099009901,0.9900990099009901,0.0,0.0,0.0,0.0,0.0,0.9900990099009901,0.0,0.0,0.0,0.0,0.0,0.0,0.0,0.0,0.0,0.0,0.0,0.0
AskReddit,0.0,0.0,0.0,0.0,0.0,0.0,0.0,1.0309278350515463,0.0,0.0,0.0,2.0618556701030926,0.0,6.185567010309279,0.0,0.0,0.0,0.0,0.0,0.0,0.0,0.0,1.0309278350515463,0.0,1.0309278350515463,0.0,0.0,0.0,0.0,0.0,0.0,0.0
AskReddit,0.0,0.0,0.0,0.0,0.0,0.0,0.0,0.0,0.4878048780487805,0.0,0.0,5.365853658536586,0.0,5.853658536585367,0.0,0.4878048780487805,0.0,0.0,0.0,0.0,0.0,0.0,0.0,0.0,0.0,0.0,0.0,0.0,0.0,0.0,0.0,0.0
AskReddit,0.0,0.0,0.0,0.43478260869565216,0.0,0.0,0.0,0.8695652173913043,0.43478260869565216,0.0,0.0,2.1739130434782608,0.0,5.217391304347826,0.0,0.0,0.0,0.0,0.0,0.0,0.0,0.0,0.43478260869565216,0.0,0.43478260869565216,0.0,0.0,0.0,0.0,0.0,0.0,0.0
AskReddit,0.0,0.0,0.0,0.0,0.0,0.0,0.0,0.8849557522123894,0.8849557522123894,0.0,0.0,8.849557522123893,0.0,1.7699115044247788,0.0,0.0,0.0,0.0,0.0,0.0,0.0,0.0,0.0,0.0,0.0,0.0,0.0,0.0,0.0,0.0,0.0,0.0
AskReddit,0.2506265664160401,0.0,0.0,0.0,0.0,0.0,0.0,0.5012531328320802,0.5012531328320802,0.0,0.0,6.7669172932330826,0.0,3.5923141186299077,0.0,0.0,0.0,0.0,0.0,0.0,0.1670843776106934,0.0,0.0,0.0,0.0,0.0,0.0,0.0,0.0,0.0,0.0,0.0
AskReddit,1.2048192771084338,0.0,0.6024096385542169,0.0,0.0,0.0,1.2048192771084338,0.0,0.0,0.0,0.0,7.83132530120482,0.0,3.614457831325301,0.0,0.0,0.0,0.0,0.0,0.0,2.4096385542168677,0.0,0.0,0.0,0.0,0.0,0.0,0.0,0.0,0.0,0.0,0.0
AskReddit,0.6779661016949152,0.0,0.0,0.0,0.0,0.0,0.0,1.0169491525423728,0.0,0.0,0.0,3.728813559322034,0.0,3.728813559322034,0.0,0.0,0.0,0.0,0.0,0.0,0.0,0.0,1.0169491525423728,0.0,1.0169491525423728,0.0,0.0,0.0,0.0,0.0,0.0,0.0
AskReddit,0.0,0.0,0.0,0.0,0.0,0.0,0.0,0.9803921568627451,0.9803921568627451,0.0,0.0,5.88235294117647,0.0,4.901960784313726,0.0,0.0,0.0,0.0,0.0,0.0,0.24509803921568626,0.0,0.0,0.0,0.0,0.0,0.0,0.0,0.0,0.0,0.0,0.0
AskReddit,0.0,0.0,0.0,0.0,0.0,0.0,0.0,0.0,0.0,0.0,0.0,5.172413793103448,0.0,5.603448275862069,0.0,0.43103448275862066,0.0,0.0,0.0,0.0,0.43103448275862066,0.0,0.0,0.0,0.0,0.0,0.0,0.0,0.0,0.0,0.0,0.0
AskReddit,0.7142857142857143,0.0,0.0,0.0,0.0,0.0,0.0,0.0,0.7142857142857143,0.0,0.0,1.4285714285714286,0.0,9.285714285714286,0.0,0.7142857142857143,0.0,0.0,0.0,0.0,0.0,0.0,0.0,0.0,0.0,0.0,0.0,0.0,0.0,0.0,0.0,0.0
AskReddit,0.45871559633027525,0.0,0.0,0.0,0.0,0.0,0.0,0.0,0.0,0.0,0.0,0.9174311926605505,0.0,6.8807339449541285,0.0,0.0,0.0,0.0,0.0,0.0,0.0,0.0,0.0,0.0,0.0,0.0,0.0,0.0,0.0,0.0,0.0,0.0
AskReddit,0.0,0.0,0.0,0.0,0.0,0.0,0.0,0.0,0.0,0.0,0.0,1.4705882352941175,0.0,2.941176470588235,0.0,0.0,0.0,0.0,0.0,0.0,0.0,0.0,0.0,0.0,0.0,0.0,0.0,0.0,0.0,0.0,0.0,0.0
AskReddit,0.0,0.0,0.0,0.0,0.0,0.0,0.0,1.1494252873563218,0.0,0.0,0.0,5.747126436781609,0.0,6.896551724137931,0.0,0.0,0.0,0.0,0.0,0.0,0.0,0.0,1.1494252873563218,0.0,1.1494252873563218,0.0,0.0,0.0,0.0,0.0,0.0,0.0
AskReddit,0.0,0.0,0.0,0.0,0.0,0.0,0.0,0.0,0.0,0.0,0.0,7.608695652173914,0.0,1.0869565217391304,0.0,0.0,0.0,0.0,0.0,0.0,0.0,0.0,0.0,0.0,0.0,0.0,0.0,0.0,0.0,0.0,0.0,0.0
AskReddit,0.0,0.0,0.0,0.0,0.0,0.0,0.0,0.3663003663003663,0.3663003663003663,0.0,0.0,6.227106227106227,0.0,3.6630036630036633,0.0,0.0,0.0,0.0,0.0,0.0,0.3663003663003663,0.0,0.0,0.0,0.0,0.0,0.0,0.0,0.0,0.0,0.0,0.0
AskReddit,0.0,0.0,0.0,0.0,0.0,0.0,0.0,1.25,1.25,0.0,0.0,1.25,0.0,6.25,0.0,0.0,0.0,0.0,0.0,0.0,0.0,0.0,0.0,0.0,0.0,0.0,0.0,0.0,0.0,0.0,0.0,0.0
AskReddit,0.0,0.0,0.0,0.0,0.0,0.0,0.0,0.49627791563275436,0.49627791563275436,0.0,0.0,5.459057071960298,0.0,5.2109181141439205,0.0,0.49627791563275436,0.7444168734491315,0.0,0.0,0.0,0.24813895781637718,0.0,0.0,0.0,0.0,0.0,0.0,0.0,0.0,0.0,0.0,0.0
AskReddit,0.0,0.0,0.0,0.0,0.0,0.0,0.0,0.0,0.0,0.0,0.0,5.660377358490567,0.0,5.660377358490567,0.0,0.0,0.0,0.0,0.0,0.0,0.0,0.0,0.0,0.0,0.0,0.0,0.0,0.0,0.0,0.0,0.0,0.0
AskReddit,0.0,0.0,0.0,0.0,0.0,0.0,0.0,0.0,0.0,0.0,0.0,8.16326530612245,0.0,6.122448979591836,0.0,0.0,0.0,0.0,0.0,0.0,0.0,0.0,0.0,0.0,0.0,0.0,0.0,0.0,0.0,0.0,0.0,0.0
AskReddit,0.8706467661691543,0.0,0.0,0.0,0.0,0.0,0.12437810945273632,0.0,0.0,0.0,0.0,2.9850746268656714,0.0,6.965174129353234,0.0,0.0,0.0,0.0,0.0,0.0,0.6218905472636816,0.0,0.0,0.0,0.0,0.0,0.0,0.0,0.0,0.0,0.0,0.0
AskReddit,0.0,0.0,0.0,0.0,0.0,0.0,0.0,0.0,0.0,0.0,0.0,2.8112449799196786,0.0,5.622489959839357,0.0,0.0,0.0,0.0,0.0,0.0,0.0,0.0,0.0,0.0,0.0,0.0,0.0,0.0,0.0,0.0,0.0,0.0
AskReddit,0.0,0.0,0.0,0.0,0.0,0.0,0.0,0.0,0.0,0.0,0.0,5.031446540880504,0.0,5.031446540880504,0.0,0.0,0.0,0.0,0.0,0.0,0.0,0.0,0.0,0.0,0.0,0.0,0.0,0.0,0.0,0.0,0.0,0.0
AskReddit,0.0,0.0,0.0,0.0,0.0,0.0,0.0,0.0,0.0,0.0,0.0,3.571428571428571,0.0,10.714285714285714,0.0,1.1904761904761905,0.0,0.0,0.0,0.0,0.0,0.0,0.0,0.0,0.0,0.0,0.0,0.0,0.0,0.0,0.0,0.0
AskReddit,0.591715976331361,0.0,0.0,0.0,0.0,0.0,0.0,0.0,0.0,0.0,0.0,4.733727810650888,0.0,4.733727810650888,0.0,0.0,0.0,0.0,0.0,0.0,0.0,0.0,0.0,0.0,0.0,0.0,0.0,0.0,0.0,0.0,0.0,0.0
AskReddit,0.0,0.0,0.0,0.0,0.0,0.0,0.0,0.0,0.0,0.0,0.0,5.109489051094891,0.0,6.934306569343065,0.0,0.36496350364963503,0.36496350364963503,0.0,0.0,0.0,1.094890510948905,0.0,0.0,0.0,0.0,0.0,0.0,0.0,0.0,0.0,0.0,0.0
AskReddit,0.0,0.0,0.0,0.0,0.0,0.0,0.0,1.9455252918287937,1.9455252918287937,0.0,0.0,6.614785992217899,0.0,4.669260700389105,0.0,0.7782101167315175,0.0,0.0,0.0,0.0,0.38910505836575876,0.0,0.0,0.0,0.0,0.0,0.0,0.0,0.0,0.0,0.0,0.0
gaming,0.0,0.0,0.0,1.6666666666666667,0.0,0.0,0.0,0.0,0.0,0.0,0.0,4.166666666666666,0.0,4.166666666666666,0.0,0.0,0.0,0.0,0.0,0.0,0.0,0.0,0.0,0.0,0.0,0.0,0.0,0.0,0.0,0.0,0.0,0.0
AskReddit,0.0,0.0,0.0,0.0,0.0,0.0,0.0,0.0,0.0,0.0,0.0,6.481481481481481,0.0,3.7037037037037033,0.0,0.0,0.0,0.0,0.0,0.0,0.0,0.0,0.0,0.0,0.0,0.0,0.0,0.0,0.0,0.0,0.0,0.0
AskReddit,0.0,0.0,0.0,0.0,0.0,0.0,0.0,0.8695652173913043,0.8695652173913043,0.0,0.0,1.7391304347826086,0.0,4.3478260869565215,0.0,0.0,0.0,0.0,0.0,0.0,0.0,0.0,0.0,0.0,0.0,0.0,0.0,0.0,0.0,0.0,0.0,0.0
AskReddit,0.0,0.0,0.0,0.0,0.0,0.0,0.0,1.4084507042253522,1.4084507042253522,0.0,0.0,6.197183098591549,0.0,5.633802816901409,0.0,0.5633802816901409,0.0,0.5633802816901409,0.0,0.5633802816901409,0.0,0.0,0.0,0.0,0.0,0.0,0.0,0.0,0.0,0.0,0.0,0.0
AskReddit,0.0,0.0,0.0,0.0,0.0,0.0,0.0,0.0,0.0,0.0,0.0,3.664921465968586,0.0,6.806282722513089,0.0,0.0,0.0,0.0,0.0,0.0,0.0,0.0,0.0,0.0,0.0,0.0,0.0,0.0,0.0,0.0,0.0,0.0
AskReddit,0.0,0.0,0.0,0.0,0.0,0.0,0.0,2.272727272727273,2.272727272727273,0.0,0.0,0.0,0.0,5.303030303030303,0.0,0.0,0.0,0.0,0.0,0.0,0.0,0.0,0.0,0.0,0.0,0.0,0.0,0.0,0.0,0.0,0.0,0.0
AskReddit,0.0,0.0,0.0,0.0,0.0,0.0,0.0,0.0,0.0,0.0,0.0,7.476635514018691,0.9345794392523363,4.672897196261682,0.0,0.0,0.0,0.0,0.0,0.0,0.0,0.0,0.0,0.0,0.0,0.0,0.0,0.0,0.0,0.0,0.0,0.0
AskReddit,0.0,0.0,0.0,0.211864406779661,0.0,0.0,0.0,0.0,0.0,0.0,0.0,5.084745762711865,0.0,4.872881355932203,0.0,0.0,0.0,0.0,0.0,0.0,0.0,0.0,0.0,0.0,0.0,0.0,0.0,0.0,0.0,0.0,0.0,0.0
politics,0.0,0.0,0.0,0.0,0.0,0.0,0.0,0.4975124378109453,0.4975124378109453,0.0,0.0,3.482587064676617,0.0,3.9800995024875623,0.0,0.0,0.24875621890547264,0.0,0.0,0.0,0.9950248756218906,0.0,0.0,0.0,0.0,0.0,0.0,0.0,0.0,0.0,0.0,0.0
politics,0.0,0.0,0.0,0.0,0.0,0.0,0.0,0.0,0.0,0.0,0.0,6.829268292682928,0.0,4.878048780487805,0.0,0.0,0.0,0.0,0.0,0.0,0.0,0.0,0.0,0.0,0.0,0.0,0.0,0.0,0.0,0.0,0.0,0.0
politics,0.4,0.0,0.0,0.0,0.0,0.0,0.0,0.4,0.4,0.0,0.0,5.2,0.0,3.5999999999999996,0.0,0.0,0.0,0.0,0.0,0.0,0.4,0.0,0.0,0.0,0.0,0.0,0.0,0.0,0.0,0.0,0.0,0.0
politics,0.0,0.0,0.0,0.0,0.0,0.0,0.0,0.8438818565400843,0.8438818565400843,0.0,0.0,5.485232067510549,0.0,5.063291139240507,0.0,0.0,0.0,0.0,0.0,0.0,0.0,0.0,0.0,0.0,0.0,0.0,0.0,0.0,0.0,0.0,0.0,0.0
pics,0.0,0.0,0.0,0.0,0.0,0.0,0.0,0.0,0.0,0.0,0.0,2.0408163265306123,0.0,4.081632653061225,0.0,0.0,0.0,0.0,0.0,0.0,0.0,0.0,0.0,0.0,0.0,0.0,0.0,0.0,0.0,0.0,0.0,0.0
pics,0.0,0.0,0.0,0.0,0.0,0.0,0.0,0.0,0.0,0.0,0.0,5.357142857142857,0.8928571428571428,6.25,0.0,0.0,0.0,0.0,0.0,0.0,0.0,0.0,0.0,0.0,0.0,0.0,0.0,0.0,0.0,0.0,0.0,0.0
AskReddit,0.0,0.0,0.0,0.0,0.0,0.0,0.0,0.0,0.0,0.0,0.0,7.6923076923076925,0.4807692307692308,5.288461538461538,0.0,0.0,0.0,0.0,0.0,0.0,0.0,0.0,0.0,0.0,0.0,0.0,0.0,0.0,0.0,0.0,0.0,0.0
AskReddit,0.0,0.0,0.0,0.0,0.0,0.0,0.0,2.1739130434782608,2.1739130434782608,0.0,0.0,0.0,0.0,3.260869565217391,0.0,1.0869565217391304,1.0869565217391304,0.0,0.0,0.0,0.0,0.0,0.0,0.0,0.0,0.0,0.0,0.0,0.0,0.0,0.0,0.0
AskReddit,0.0,0.0,0.0,0.0,0.847457627118644,0.0,0.0,0.0,0.0,0.0,0.0,4.23728813559322,0.0,1.694915254237288,0.0,0.847457627118644,0.0,0.0,0.0,0.0,0.0,0.0,0.0,0.0,0.0,0.0,0.0,0.0,0.0,0.0,0.0,0.0
AskReddit,0.0,0.0,0.0,0.0,0.0,0.0,0.5586592178770949,0.5586592178770949,0.5586592178770949,0.0,0.0,4.4692737430167595,0.0,3.910614525139665,0.0,0.5586592178770949,0.0,0.0,0.0,0.0,0.0,0.0,0.0,0.0,0.0,0.0,0.0,0.0,0.0,0.0,0.0,0.0
AskReddit,0.0,0.0,0.0,0.0,0.0,0.0,0.0,2.7777777777777777,2.7777777777777777,0.0,0.0,5.555555555555555,0.0,8.333333333333332,0.0,5.555555555555555,0.0,0.0,0.0,0.0,0.0,0.0,0.0,0.0,0.0,0.0,0.0,0.0,0.0,0.0,0.0,0.0
AskReddit,0.0,0.0,0.0,0.0,0.0,0.0,0.0,0.0,0.0,0.0,0.0,5.785123966942149,0.4132231404958678,4.132231404958678,0.0,0.4132231404958678,0.0,0.0,0.0,0.4132231404958678,0.0,0.0,0.0,0.0,0.0,0.0,0.0,0.0,0.0,0.0,0.0,0.0
AskReddit,0.0,0.0,0.0,0.0,2.7777777777777777,0.0,0.0,1.3888888888888888,0.0,0.0,0.0,9.722222222222223,0.0,4.166666666666666,0.0,0.0,0.0,0.0,0.0,1.3888888888888888,0.0,0.0,1.3888888888888888,0.0,1.3888888888888888,0.0,0.0,0.0,0.0,0.0,0.0,0.0
AdviceAnimals,0.0,0.0,0.0,0.0,0.0,0.0,0.0,0.0,0.0,0.0,0.0,5.714285714285714,0.0,7.142857142857142,0.0,0.0,0.0,0.0,0.0,0.0,0.0,0.0,0.0,0.0,0.0,0.0,0.0,0.0,0.0,0.0,0.0,0.0
AdviceAnimals,3.149606299212598,0.0,0.0,0.0,0.0,0.0,0.0,0.0,0.0,0.0,0.0,3.149606299212598,0.0,8.661417322834646,0.0,0.0,0.0,0.0,0.0,0.0,0.7874015748031495,0.0,0.0,0.0,0.0,0.0,0.0,0.0,0.0,0.0,0.0,0.0
AskReddit,0.0,0.0,0.0,0.0,0.0,0.0,0.0,1.3029315960912053,1.3029315960912053,0.0,0.0,5.537459283387622,0.32573289902280134,3.908794788273615,0.0,0.9771986970684038,0.0,0.0,0.0,0.0,0.0,0.0,0.0,0.0,0.0,0.0,0.0,0.0,0.0,0.0,0.0,0.0
AskReddit,0.1773049645390071,0.0,0.0,1.0638297872340425,0.8865248226950355,0.0,0.0,0.3546099290780142,0.3546099290780142,0.0,0.0,5.851063829787234,0.0,5.673758865248227,0.0,0.5319148936170213,0.3546099290780142,0.0,0.0,0.0,0.3546099290780142,0.0,0.0,0.0,0.0,0.0,0.0,0.0,0.0,0.0,0.0,0.0
AskReddit,0.0,0.0,0.0,0.0,0.0,0.0,0.0,1.6528925619834711,1.6528925619834711,0.0,0.0,3.3057851239669422,0.0,4.958677685950414,0.0,0.0,0.0,0.0,0.0,0.0,0.0,0.0,0.0,0.0,0.0,0.0,0.0,0.0,0.0,0.0,0.0,0.0
leagueoflegends,0.0,0.0,0.0,0.0,0.0,0.0,0.0,1.2195121951219512,1.2195121951219512,0.0,0.0,3.048780487804878,0.0,3.6585365853658534,0.0,0.0,0.0,0.0,0.0,0.0,0.0,0.0,0.0,0.0,0.0,0.0,0.0,0.0,0.0,0.0,0.0,0.0
AdviceAnimals,3.7037037037037033,0.0,0.0,0.0,0.0,0.0,0.0,0.0,0.0,0.0,0.0,7.4074074074074066,0.0,3.7037037037037033,0.0,0.0,0.0,0.0,0.0,0.0,0.0,0.0,0.0,0.0,0.0,0.0,0.0,0.0,0.0,0.0,0.0,0.0
leagueoflegends,0.0,0.0,0.0,0.0,0.0,0.0,0.0,0.0,0.0,0.0,0.0,5.47945205479452,0.0,2.73972602739726,0.0,2.73972602739726,0.0,0.0,0.0,0.0,0.0,0.0,0.0,0.0,0.0,0.0,0.0,0.0,0.0,0.0,0.0,0.0
funny,0.0,0.0,0.0,0.0,0.0,0.0,0.0,0.0,0.0,0.0,0.0,3.7037037037037033,0.0,3.7037037037037033,0.0,3.7037037037037033,0.0,0.0,0.0,0.0,0.0,0.0,0.0,0.0,0.0,0.0,0.0,0.0,0.0,0.0,0.0,0.0
AskReddit,0.07936507936507936,0.0,0.0,0.31746031746031744,0.0,0.07936507936507936,0.0,0.2380952380952381,0.2380952380952381,0.0,0.0,4.1269841269841265,0.0,4.920634920634921,0.0,0.15873015873015872,0.07936507936507936,0.0,0.0,0.0,0.0,0.0,0.0,0.0,0.0,0.0,0.0,0.0,0.0,0.0,0.0,0.07936507936507936
AskReddit,0.0,0.0,0.0,0.0,0.0,0.0,0.0,0.5586592178770949,0.5586592178770949,0.0,0.0,2.793296089385475,0.0,5.58659217877095,0.0,1.1173184357541899,0.0,0.0,0.0,0.0,0.5586592178770949,0.0,0.0,0.0,0.0,0.0,0.0,0.0,0.0,0.0,0.0,0.0
AskReddit,0.0,0.0,0.0,0.0,0.0,0.0,0.0,1.4184397163120568,0.7092198581560284,0.0,0.0,5.673758865248227,0.0,2.8368794326241136,0.0,0.0,0.0,0.0,0.0,0.0,0.0,0.0,0.7092198581560284,0.0,0.7092198581560284,0.0,0.0,0.0,0.0,0.0,0.0,0.0
politics,0.0,0.0,0.0,0.0,0.0,0.0,0.0,0.0,0.0,0.0,0.0,4.25531914893617,0.0,4.25531914893617,0.0,0.0,0.0,0.0,0.0,0.0,1.0638297872340425,0.0,0.0,0.0,0.0,0.0,0.0,0.0,0.0,0.0,0.0,0.0
AdviceAnimals,0.0,0.0,0.0,0.0,0.0,0.0,0.0,0.5952380952380952,0.5952380952380952,0.0,0.0,5.555555555555555,0.0,5.753968253968254,0.0,0.0,0.0,0.0,0.0,0.0,0.0,0.0,0.0,0.0,0.0,0.0,0.0,0.0,0.0,0.0,0.0,0.0
explainlikeimfive,0.7299270072992701,0.0,0.0,0.0,0.0,0.0,0.0,0.0,0.0,0.0,0.0,3.64963503649635,0.0,7.2992700729927,0.0,0.0,0.0,0.0,0.0,0.0,0.7299270072992701,0.0,0.0,0.0,0.0,0.0,0.0,0.0,0.0,0.0,0.0,0.0
AdviceAnimals,0.0,0.0,0.0,0.0,0.0,0.0,0.0,0.0,0.0,0.0,0.0,6.172839506172839,0.0,4.938271604938271,0.0,0.0,0.0,0.0,0.0,0.0,0.6172839506172839,0.0,0.0,0.0,0.0,0.0,0.0,0.0,0.0,0.0,0.0,0.0
AdviceAnimals,0.0,0.0,0.0,0.0,0.9433962264150944,0.0,0.4716981132075472,0.0,0.0,0.0,0.0,3.7735849056603774,0.0,2.8301886792452833,0.0,0.0,0.4716981132075472,0.0,0.0,0.0,0.0,0.0,0.0,0.0,0.0,0.0,0.0,0.0,0.0,0.0,0.0,0.0
AdviceAnimals,0.0,0.0,0.0,0.0,0.0,0.0,0.0,0.0,0.0,0.0,0.0,1.461988304093567,0.0,4.970760233918129,0.0,0.0,0.0,0.0,0.0,0.0,0.0,0.0,0.0,0.0,0.0,0.0,0.0,0.0,0.0,0.0,0.0,0.0
AskReddit,0.0,0.0,0.0,0.0,0.0,0.0,0.0,0.0,0.0,0.0,0.0,2.941176470588235,0.0,5.88235294117647,0.0,0.0,0.0,0.0,0.0,0.0,0.0,0.0,0.0,0.0,0.0,0.0,0.0,0.0,0.0,0.0,0.0,0.0
explainlikeimfive,0.0,0.0,0.0,0.0,0.0,0.0,0.0,1.932367149758454,1.932367149758454,0.0,0.0,8.212560386473431,0.0,3.864734299516908,0.0,0.0,0.0,0.0,0.0,0.0,0.0,0.0,0.0,0.0,0.0,0.0,0.0,0.0,0.0,0.0,0.0,0.0
AskReddit,0.0,0.0,0.0,0.0,0.0,0.0,0.0,0.7751937984496124,0.7751937984496124,0.0,0.0,5.426356589147287,0.0,7.235142118863049,0.0,0.516795865633075,0.0,0.0,0.0,0.0,0.0,0.0,0.0,0.0,0.0,0.0,0.0,0.0,0.0,0.0,0.0,0.0
AskReddit,0.0,0.0,0.0,0.0,0.0,0.0,0.0,1.1811023622047243,1.1811023622047243,0.0,0.0,5.118110236220472,0.0,5.118110236220472,0.0,0.0,0.0,0.0,0.0,0.0,0.0,0.0,0.0,0.0,0.0,0.0,0.0,0.0,0.0,0.0,0.0,0.0
AskReddit,0.0,0.0,0.0,0.0,0.0,0.0,0.0,9.090909090909092,0.0,0.0,0.0,4.545454545454546,0.0,9.090909090909092,0.0,4.545454545454546,0.0,0.0,0.0,0.0,0.0,0.0,0.0,0.0,0.0,0.0,0.0,0.0,0.0,0.0,0.0,0.0
AskReddit,0.0,0.0,0.0,0.0,0.0,0.0,0.0,0.0,0.0,0.0,0.0,1.3333333333333335,2.666666666666667,8.666666666666668,0.0,0.0,0.0,0.0,0.0,0.0,0.0,0.0,0.0,0.0,0.0,0.0,0.0,0.0,0.0,0.0,0.0,0.0
AskReddit,0.0,0.0,0.0,0.0,0.0,0.0,0.0,0.0,0.0,0.0,0.0,1.5267175572519083,0.0,5.343511450381679,0.0,0.0,0.0,0.0,0.0,0.0,0.0,0.0,0.0,0.0,0.0,0.0,0.0,0.0,0.0,0.0,0.0,0.0
todayilearned,0.0,0.0,0.0,0.8264462809917356,0.8264462809917356,0.0,0.0,0.8264462809917356,0.8264462809917356,0.0,0.0,2.203856749311295,0.0,2.7548209366391188,0.0,0.0,0.27548209366391185,0.0,0.0,0.0,0.0,0.0,0.0,0.0,0.0,0.0,0.0,0.0,0.0,0.0,0.0,0.0
todayilearned,0.4629629629629629,0.0,0.0,0.0,0.0,0.0,0.0,0.4629629629629629,0.4629629629629629,0.0,0.0,6.944444444444445,0.0,4.166666666666666,0.0,0.4629629629629629,0.0,0.0,0.0,0.0,0.0,0.0,0.0,0.0,0.0,0.0,0.0,0.0,0.0,0.0,0.0,0.0
leagueoflegends,0.0,0.0,0.0,0.0,0.0,0.0,0.0,0.0,0.0,0.0,0.0,0.0,0.0,0.0,0.0,0.0,0.0,0.0,0.0,0.0,7.142857142857142,0.0,0.0,0.0,0.0,0.0,0.0,0.0,0.0,0.0,0.0,0.0
leagueoflegends,0.0,0.0,0.0,0.0,0.0,0.0,0.0,0.0,0.0,0.0,0.0,5.58659217877095,0.5586592178770949,6.145251396648044,0.0,0.5586592178770949,0.0,0.0,0.0,0.0,0.0,0.0,0.0,0.0,0.0,0.0,0.0,0.0,0.0,0.0,0.0,0.0
AskReddit,0.0,0.0,0.0,0.0,0.25380710659898476,0.0,0.0,1.015228426395939,0.5076142131979695,0.0,0.0,4.314720812182741,0.0,3.807106598984772,0.0,0.0,0.0,0.0,0.0,0.0,0.0,0.0,0.5076142131979695,0.0,0.5076142131979695,0.0,0.0,0.0,0.0,0.0,0.0,0.0
pics,0.0,0.0,0.0,0.0,0.0,0.0,0.0,0.0,0.0,0.0,0.0,0.8333333333333334,0.0,8.333333333333332,0.0,0.0,0.0,0.0,0.0,0.0,0.0,0.0,0.0,0.0,0.0,0.0,0.0,0.0,0.0,0.0,0.0,0.0
explainlikeimfive,1.1627906976744187,0.0,0.0,0.0,0.0,0.0,0.0,1.1627906976744187,1.1627906976744187,0.0,0.0,2.3255813953488373,0.0,3.488372093023256,0.0,0.0,0.0,0.0,0.0,0.0,0.0,0.0,0.0,0.0,0.0,0.0,0.0,0.0,0.0,0.0,0.0,0.0
AskReddit,0.0,0.0,0.0,0.28169014084507044,0.0,0.5633802816901409,0.0,0.5633802816901409,0.5633802816901409,0.0,0.0,6.760563380281689,0.0,5.915492957746479,0.0,0.0,0.28169014084507044,0.0,0.0,0.0,0.0,0.0,0.0,0.0,0.0,0.0,0.0,0.0,0.0,0.0,0.0,0.0
AskReddit,0.0,0.0,0.0,1.2605042016806722,0.0,0.0,0.0,0.42016806722689076,0.42016806722689076,0.0,0.0,5.042016806722689,0.0,4.201680672268908,0.0,0.0,0.0,0.0,0.0,0.0,0.0,0.0,0.0,0.0,0.0,0.0,0.0,0.0,0.0,0.0,0.0,0.0
gaming,0.0,0.0,0.0,0.0,0.0,0.0,0.0,0.9195402298850575,1.3793103448275863,0.0,0.0,4.597701149425287,0.22988505747126436,5.287356321839081,0.0,0.45977011494252873,0.0,0.0,0.0,0.0,0.45977011494252873,0.0,0.0,0.0,0.0,0.0,0.0,0.0,0.0,0.0,0.0,0.0
AskReddit,0.0,0.0,0.0,0.0,0.0,0.0,0.0,0.0,0.0,0.0,0.0,4.605263157894736,0.0,3.289473684210526,0.0,0.0,0.0,0.0,0.0,0.0,0.0,0.0,0.0,0.0,0.0,0.0,0.0,0.0,0.0,0.0,0.0,0.0
AskReddit,0.17271157167530224,0.0,0.0,0.0,0.3454231433506045,0.0,0.0,0.690846286701209,0.690846286701209,0.0,0.0,7.081174438687392,0.5181347150259068,4.317789291882556,0.17271157167530224,0.3454231433506045,0.0,0.0,0.0,0.0,0.17271157167530224,0.0,0.0,0.0,0.0,0.0,0.0,0.0,0.0,0.0,0.0,0.0
AskReddit,0.0,0.0,0.0,0.0,0.0,0.0,0.0,0.0,0.0,0.0,0.0,2.5210084033613445,0.0,4.201680672268908,0.0,0.8403361344537815,0.0,0.0,0.0,0.0,0.0,0.0,0.0,0.0,0.0,0.0,0.0,0.0,0.0,0.0,0.0,0.0
AskReddit,0.0,0.0,0.0,0.0,0.0,0.0,0.0,0.0,0.0,0.0,0.0,0.0,0.0,9.803921568627452,0.0,0.0,0.0,0.0,0.0,0.0,0.0,0.0,0.0,0.0,0.0,0.0,0.0,0.0,0.0,0.0,0.0,0.0
AdviceAnimals,0.0,0.0,3.7037037037037033,0.0,0.0,0.0,0.0,0.0,0.0,0.0,0.0,1.8518518518518516,0.0,5.555555555555555,0.0,0.0,0.0,0.0,0.0,0.0,0.0,0.0,0.0,0.0,0.0,0.0,0.0,0.0,0.0,0.0,0.0,0.0
AskReddit,0.0,0.0,0.0,0.0,0.0,0.0,0.0,0.6116207951070336,0.6116207951070336,0.0,0.0,4.587155963302752,0.0,5.198776758409786,0.0,1.2232415902140672,0.0,0.0,0.0,0.0,0.0,0.0,0.0,0.0,0.0,0.0,0.0,0.0,0.0,0.0,0.0,0.0
AskReddit,0.0,0.0,0.0,0.0,0.0,0.0,0.0,0.0,0.0,0.0,0.0,0.7936507936507936,0.0,3.968253968253968,0.0,0.0,0.0,0.0,0.0,0.0,0.0,0.0,0.0,0.0,0.0,0.0,0.0,0.0,0.0,0.0,0.0,0.0
AskReddit,0.0,0.0,0.0,0.0,0.0,0.0,0.0,0.0,0.0,0.0,0.0,3.7383177570093453,0.0,4.672897196261682,0.0,0.0,0.0,0.0,0.0,0.0,0.0,0.0,0.0,0.0,0.0,0.0,0.0,0.0,0.0,0.0,0.0,0.0
AskReddit,0.0,0.0,0.0,0.0,0.0,0.0,0.0,0.7407407407407408,0.7407407407407408,0.0,0.0,2.9629629629629632,0.0,5.9259259259259265,0.0,0.0,0.0,0.0,0.0,0.0,0.0,0.0,0.0,0.0,0.0,0.0,0.0,0.0,0.0,0.0,0.0,0.0
AskReddit,1.5873015873015872,0.0,0.0,0.0,0.0,0.0,0.0,0.0,0.0,0.0,0.0,3.1746031746031744,0.0,4.761904761904762,0.0,0.0,0.0,0.0,0.0,0.0,0.0,0.0,0.0,0.0,0.0,0.0,0.0,0.0,0.0,0.0,0.0,0.0
AskReddit,0.0,0.0,0.0,0.0,0.0,0.0,1.1904761904761905,1.1904761904761905,1.1904761904761905,0.0,0.0,7.142857142857142,0.0,5.952380952380952,0.0,0.0,0.0,0.0,0.0,0.0,1.1904761904761905,0.0,0.0,0.0,0.0,0.0,0.0,0.0,0.0,0.0,0.0,0.0
AskReddit,0.0,0.0,0.0,0.0,0.0,0.0,0.0,0.0,0.0,0.0,0.0,1.048951048951049,0.0,4.895104895104895,0.0,0.34965034965034963,0.0,0.0,0.0,0.0,0.0,0.0,0.0,0.0,0.0,0.0,0.0,0.0,0.0,0.0,0.0,0.0
AskReddit,0.0,0.0,0.0,0.0,0.0,0.0,0.5405405405405406,0.5405405405405406,0.5405405405405406,0.0,0.0,4.864864864864865,0.0,5.9459459459459465,0.0,0.5405405405405406,0.0,0.0,0.0,0.0,0.0,0.0,0.0,0.0,0.0,0.0,0.0,0.0,0.0,0.0,0.0,0.0
AskReddit,0.0,0.0,0.0,0.0,0.0,0.0,0.0,0.0,0.0,0.0,0.0,3.669724770642202,0.0,8.256880733944955,0.0,0.9174311926605505,0.0,0.0,0.0,0.0,0.0,0.0,0.0,0.0,0.0,0.0,0.0,0.0,0.0,0.0,0.0,0.0
AskReddit,0.0,0.0,0.0,0.0,0.0,0.0,0.0,1.8867924528301887,1.8867924528301887,0.0,0.0,4.716981132075472,0.0,3.7735849056603774,0.0,0.0,0.0,0.0,0.0,0.0,0.0,0.0,0.0,0.0,0.0,0.0,0.0,0.0,0.0,0.0,0.0,0.0
AskReddit,0.0,0.0,0.0,0.0,0.0,0.0,0.0,0.0,0.0,0.0,0.0,6.8181818181818175,0.0,9.090909090909092,0.0,0.0,0.0,0.0,0.0,0.0,0.0,0.0,0.0,0.0,0.0,0.0,0.0,0.0,0.0,0.0,0.0,0.0
AskReddit,0.0,0.0,0.0,0.0,0.0,0.0,0.0,0.0,0.0,0.0,0.0,3.0303030303030303,0.0,6.0606060606060606,0.0,0.0,0.0,0.0,0.0,0.0,0.0,0.0,0.0,0.0,0.0,0.0,0.0,0.0,0.0,0.0,0.0,0.0
AskReddit,0.0,0.0,0.0,0.0,0.0,0.0,0.0,1.1904761904761905,1.1904761904761905,0.0,0.0,4.761904761904762,0.0,6.547619047619048,0.0,0.0,0.0,0.0,0.0,0.0,0.0,0.0,0.0,0.0,0.0,0.0,0.0,0.0,0.0,0.0,0.0,0.0
AskReddit,0.0,0.0,0.0,3.389830508474576,0.5649717514124294,0.0,0.0,0.5649717514124294,0.5649717514124294,0.0,0.0,2.2598870056497176,0.0,5.649717514124294,0.0,0.0,0.0,0.0,0.0,0.0,0.0,0.0,0.0,0.0,0.0,0.0,0.0,0.0,0.0,0.0,0.0,0.0
explainlikeimfive,0.0,0.0,0.0,0.0,0.0,0.0,0.0,0.8264462809917356,0.8264462809917356,0.0,0.0,7.43801652892562,0.0,4.958677685950414,0.0,0.0,0.0,0.0,0.0,0.0,0.0,0.0,0.0,0.0,0.0,0.0,0.0,0.0,0.0,0.0,0.0,0.0
gaming,0.0,0.0,0.0,0.0,0.0,0.0,0.0,0.0,0.0,0.0,0.0,2.941176470588235,0.0,7.352941176470589,0.0,0.0,0.0,0.0,0.0,1.4705882352941175,0.0,0.0,0.0,0.0,0.0,0.0,0.0,0.0,0.0,0.0,0.0,0.0
AskReddit,0.0,0.0,0.0,0.0,0.0,0.0,0.0,1.183431952662722,1.183431952662722,0.0,0.0,2.366863905325444,0.0,7.6923076923076925,0.0,0.591715976331361,0.0,0.0,0.0,0.0,0.0,0.0,0.0,0.0,0.0,0.0,0.0,0.0,0.0,0.0,0.0,0.0
AskReddit,0.0,0.0,0.0,0.0,0.0,0.0,0.0,0.0,0.0,0.0,0.0,4.411764705882353,0.0,7.720588235294118,0.0,0.0,0.0,0.0,0.0,0.0,0.0,0.0,0.0,0.0,0.0,0.0,0.0,0.0,0.0,0.0,0.0,0.0
AskReddit,0.0,0.0,0.0,0.0,0.6944444444444444,0.0,0.0,0.6944444444444444,0.6944444444444444,0.0,0.0,3.4722222222222223,0.0,5.555555555555555,0.0,0.0,0.0,0.0,0.0,0.0,0.0,0.0,0.0,0.0,0.0,0.0,0.0,0.0,0.0,0.0,0.0,0.0
AskReddit,0.0,0.0,0.0,0.0,0.0,0.0,0.0,1.5873015873015872,1.5873015873015872,0.0,0.0,1.5873015873015872,0.0,3.1746031746031744,0.0,0.0,0.0,0.0,0.0,0.0,0.0,0.0,0.0,0.0,0.0,0.0,0.0,0.0,0.0,0.0,0.0,0.0
AskReddit,0.0,0.0,0.0,0.0,0.0,0.0,1.1111111111111112,1.1111111111111112,1.1111111111111112,0.0,0.0,2.2222222222222223,0.0,5.555555555555555,0.0,0.0,0.0,0.0,0.0,0.0,1.1111111111111112,0.0,0.0,0.0,0.0,0.0,0.0,0.0,0.0,0.0,0.0,0.0
AskReddit,0.0,0.0,0.0,0.0,0.0,0.0,0.0,0.0,0.0,0.0,0.0,5.357142857142857,0.0,8.928571428571429,0.0,0.0,0.0,0.0,0.0,0.0,0.0,0.0,0.0,0.0,0.0,0.0,0.0,0.0,0.0,0.0,0.0,0.0
leagueoflegends,0.0,0.0,0.0,0.0,0.0,0.0,0.0,0.0,0.0,0.0,0.0,2.684563758389262,0.0,2.684563758389262,0.0,0.0,0.0,0.0,0.0,0.0,0.0,0.0,0.0,0.0,0.0,0.0,0.0,0.0,0.0,0.0,0.0,0.0
leagueoflegends,0.0,0.0,0.0,0.8695652173913043,0.0,0.0,0.0,0.8695652173913043,0.8695652173913043,0.0,0.0,0.0,0.0,3.4782608695652173,0.0,0.0,0.0,0.0,0.0,0.0,0.8695652173913043,0.0,0.0,0.0,0.0,0.0,0.0,0.0,0.0,0.0,0.0,0.0
leagueoflegends,0.0,0.0,0.0,0.0,0.8928571428571428,0.0,0.0,0.0,0.0,0.0,0.0,1.7857142857142856,0.0,5.357142857142857,0.0,0.0,0.0,0.0,0.0,0.0,0.0,0.0,0.0,0.0,0.0,0.0,0.0,0.0,0.0,0.0,0.0,0.0
AdviceAnimals,0.0,0.0,0.0,0.0,0.0,0.0,0.0,3.8461538461538463,3.8461538461538463,0.0,0.0,7.6923076923076925,0.0,6.41025641025641,0.0,0.0,0.0,0.0,0.0,0.0,0.0,0.0,0.0,0.0,0.0,0.0,0.0,0.0,0.0,0.0,0.0,0.0
AdviceAnimals,0.0,0.0,0.0,0.0,0.0,0.0,0.0,0.0,0.0,0.0,0.0,0.0,0.0,6.153846153846154,0.0,0.0,0.0,0.0,0.0,0.0,0.0,0.0,0.0,0.0,0.0,0.0,0.0,0.0,0.0,0.0,0.0,0.0
explainlikeimfive,0.0,0.0,0.0,0.0,0.0,0.0,0.0,0.0,0.0,0.0,0.0,0.0,0.0,5.084745762711865,0.0,0.0,1.1299435028248588,0.0,0.0,0.0,0.0,0.0,0.0,0.0,0.0,0.0,0.0,0.0,0.0,0.0,0.0,0.0
AskReddit,0.0,0.0,0.0,0.0,0.0,0.0,0.0,0.0,0.0,0.0,0.0,5.063291139240507,0.0,3.79746835443038,0.0,0.0,0.0,0.0,0.0,0.0,0.0,0.0,0.0,0.0,0.0,0.0,0.0,0.0,0.0,0.0,0.0,0.0
AskReddit,0.0,0.0,0.0,0.0,0.0,0.0,0.0,0.6134969325153374,0.6134969325153374,0.0,0.0,4.9079754601226995,0.0,4.9079754601226995,0.0,0.0,0.0,0.0,0.0,0.0,0.0,0.0,0.0,0.0,0.0,0.0,0.0,0.0,0.0,0.0,0.0,0.0
AskReddit,0.0,0.0,0.18484288354898337,0.0,0.0,0.36968576709796674,0.0,0.9242144177449169,0.7393715341959335,0.0,0.0,6.099815157116451,0.0,4.621072088724584,0.0,0.18484288354898337,0.36968576709796674,0.0,0.0,0.5545286506469501,0.5545286506469501,0.0,0.7393715341959335,0.0,0.7393715341959335,0.0,0.0,0.0,0.0,0.0,0.0,0.0
AskReddit,0.8733624454148471,0.0,0.0,0.0,0.0,0.0,1.3100436681222707,0.8733624454148471,0.8733624454148471,0.0,0.0,6.550218340611353,0.0,4.8034934497816595,0.0,0.43668122270742354,0.0,0.0,0.0,0.0,0.43668122270742354,0.0,0.0,0.0,0.0,0.0,0.0,0.0,0.0,0.0,0.0,0.0
atheism,0.0,0.0,0.0,0.0,0.0,0.0,0.0,0.0,0.0,0.0,0.0,0.0,0.0,3.125,0.0,0.78125,0.0,0.0,0.0,0.0,1.5625,0.0,0.0,0.0,0.0,0.0,0.0,0.0,0.0,0.0,0.0,0.0
atheism,0.0,0.0,0.0,0.0,0.0,0.0,0.0,1.3986013986013985,1.3986013986013985,0.0,0.0,5.594405594405594,0.0,5.244755244755245,0.0,0.0,0.0,0.0,0.0,0.0,0.0,0.0,0.0,0.0,0.0,0.0,0.0,0.0,0.0,0.0,0.0,0.0
leagueoflegends,0.0,0.0,0.0,0.0,0.0,0.0,0.0,0.5747126436781609,0.5747126436781609,0.0,0.0,0.0,1.7241379310344827,9.770114942528735,0.0,0.0,0.0,0.0,0.0,0.0,0.5747126436781609,0.0,0.0,0.0,0.0,0.0,0.0,0.0,0.0,0.0,0.0,0.0
leagueoflegends,0.0,0.0,0.0,0.0,0.7246376811594203,0.0,0.0,0.0,0.0,0.0,0.0,7.971014492753622,1.4492753623188406,2.1739130434782608,0.0,0.0,0.0,0.0,0.0,0.0,1.4492753623188406,0.0,0.0,0.0,0.0,0.0,0.0,0.0,0.0,0.0,0.0,0.0
leagueoflegends,0.0,0.0,0.0,0.0,0.0,0.0,0.0,1.1904761904761905,1.1904761904761905,0.0,0.0,8.333333333333332,0.0,2.976190476190476,0.0,0.0,0.0,0.0,0.0,0.0,0.0,0.0,0.0,0.0,0.0,0.0,0.0,0.0,0.0,0.0,0.0,0.0
leagueoflegends,0.0,0.0,0.0,0.0,0.0,0.0,0.0,1.1235955056179776,1.1235955056179776,0.0,0.0,3.3707865168539324,0.0,3.3707865168539324,0.0,0.0,1.1235955056179776,0.0,0.0,0.0,0.0,0.0,0.0,0.0,0.0,0.0,0.0,0.0,0.0,0.0,0.0,0.0
leagueoflegends,0.0,0.0,0.0,0.0,0.0,0.0,1.0256410256410255,1.5384615384615385,1.5384615384615385,0.0,0.0,7.179487179487179,0.0,6.153846153846154,0.0,0.0,1.0256410256410255,0.0,0.0,0.0,0.5128205128205128,0.0,0.0,0.0,0.0,0.0,0.0,0.0,0.0,0.0,0.0,0.0
leagueoflegends,0.7604562737642585,0.0,0.0,0.0,0.38022813688212925,0.0,0.0,0.38022813688212925,0.38022813688212925,0.0,0.0,6.844106463878327,0.0,6.4638783269961975,0.0,0.0,0.0,0.0,0.0,0.0,0.7604562737642585,0.0,0.0,0.0,0.0,0.0,0.0,0.0,0.0,0.0,0.0,0.0
leagueoflegends,0.0,0.0,0.0,0.0,0.0,0.26041666666666663,0.0,0.78125,0.78125,0.0,0.0,4.166666666666666,0.0,4.6875,0.26041666666666663,0.5208333333333333,0.0,0.0,0.0,2.34375,0.0,0.0,0.0,0.0,0.0,0.0,0.0,0.0,0.0,0.0,0.0,0.0
leagueoflegends,0.0,0.0,0.0,0.0,0.0,0.0,0.0,0.7299270072992701,0.7299270072992701,0.0,0.0,7.2992700729927,0.0,4.37956204379562,0.0,0.0,0.0,0.0,0.0,0.0,0.0,0.0,0.0,0.0,0.0,0.0,0.0,0.0,0.0,0.0,0.0,0.0
leagueoflegends,0.0,0.0,0.0,0.0,0.0,0.0,0.0,0.0,0.0,0.0,0.0,0.9615384615384616,0.0,4.807692307692308,0.0,0.0,0.0,0.0,0.0,0.0,0.0,0.0,0.0,0.0,0.0,0.0,0.0,0.0,0.0,0.0,0.0,0.0
leagueoflegends,0.0,0.0,0.0,0.0,0.0,0.0,0.0,0.8771929824561403,0.8771929824561403,0.0,0.0,3.070175438596491,0.0,3.9473684210526314,0.0,0.0,0.0,0.0,0.0,0.0,0.0,0.0,0.0,0.0,0.0,0.0,0.0,0.0,0.0,0.0,0.0,0.0
leagueoflegends,0.0,0.0,0.0,0.0,0.0,0.0,0.0,0.0,0.0,0.0,0.0,0.0,0.0,4.6875,0.0,0.0,0.0,0.0,0.0,0.0,0.0,0.0,0.0,0.0,0.0,0.0,0.0,0.0,0.0,0.0,0.0,0.0
funny,0.0,0.0,0.0,0.0,0.0,0.0,0.0,0.4166666666666667,0.4166666666666667,0.0,0.0,0.8333333333333334,0.0,6.666666666666667,0.0,0.4166666666666667,0.0,0.0,0.0,0.0,0.0,0.0,0.0,0.0,0.0,0.0,0.0,0.0,0.0,0.0,0.0,0.0
AskReddit,0.0,0.0,0.0,0.0,0.0,0.0,0.0,0.49019607843137253,0.49019607843137253,0.0,0.0,7.8431372549019605,0.0,7.8431372549019605,0.0,0.9803921568627451,0.49019607843137253,0.0,0.0,0.0,0.0,0.0,0.0,0.0,0.0,0.0,0.0,0.0,0.0,0.0,0.0,0.0
leagueoflegends,0.0,0.0,0.0,0.0,0.0,0.0,0.0,0.6024096385542169,0.6024096385542169,0.0,0.0,3.0120481927710845,0.6024096385542169,7.83132530120482,0.0,0.0,0.0,0.0,0.0,0.6024096385542169,0.0,1.2048192771084338,0.0,0.0,0.0,0.0,0.0,0.0,0.0,0.0,0.0,0.0
AskReddit,1.1363636363636365,0.0,0.0,1.1363636363636365,0.0,0.0,0.0,1.1363636363636365,1.1363636363636365,0.0,0.0,4.545454545454546,0.0,6.8181818181818175,0.0,0.0,0.0,0.0,0.0,0.0,0.0,0.0,0.0,0.0,0.0,0.0,0.0,0.0,0.0,0.0,0.0,0.0
explainlikeimfive,0.12610340479192939,0.0,0.0,0.0,0.0,0.0,0.12610340479192939,1.1349306431273645,1.1349306431273645,0.0,0.0,4.287515762925599,0.0,5.548549810844893,0.0,0.5044136191677175,0.0,0.0,0.0,0.0,0.8827238335435058,0.0,0.0,0.0,0.0,0.0,0.0,0.0,0.0,0.0,0.0,0.0
politics,0.0,0.0,0.0,0.0,0.0,0.0,0.0,0.0,0.0,0.0,0.0,0.0,0.0,6.25,0.0,0.0,0.0,0.0,0.0,0.0,0.0,0.0,0.0,0.0,0.0,0.0,0.0,0.0,0.0,0.0,0.0,0.0
todayilearned,0.0,0.0,0.0,0.0,0.0,0.0,0.0,1.4423076923076923,1.4423076923076923,0.0,0.0,6.730769230769231,0.0,3.3653846153846154,0.0,0.0,0.0,0.0,0.0,0.0,0.0,0.0,0.0,0.0,0.0,0.0,0.0,0.0,0.0,0.0,0.0,0.0
todayilearned,0.0,0.0,0.0,0.0,0.0,0.0,0.0,0.8620689655172413,4.310344827586207,0.0,0.0,2.586206896551724,0.0,11.206896551724139,0.0,0.8620689655172413,0.0,0.0,0.0,0.0,0.0,0.0,0.0,0.0,0.0,0.0,0.0,0.0,0.0,0.0,0.0,0.0
todayilearned,0.0,0.0,0.0,0.0,0.0,0.0,0.0,0.0,0.0,0.0,0.0,4.166666666666666,0.0,6.944444444444445,0.0,0.0,0.0,0.0,0.0,0.0,0.0,0.0,0.0,0.0,0.0,0.0,0.0,0.0,0.0,0.0,0.0,0.0
todayilearned,0.0,0.0,0.0,0.0,3.571428571428571,0.0,0.0,1.1904761904761905,0.0,0.0,0.0,3.571428571428571,0.0,8.333333333333332,0.0,1.1904761904761905,0.0,0.0,0.0,0.0,0.0,0.0,1.1904761904761905,0.0,1.1904761904761905,0.0,0.0,0.0,0.0,0.0,0.0,0.0
todayilearned,0.0,0.0,0.0,0.0,0.4032258064516129,0.0,0.0,1.2096774193548387,0.4032258064516129,0.0,0.0,4.435483870967742,0.0,5.64516129032258,0.0,0.0,0.0,0.0,0.4032258064516129,0.0,0.0,0.0,0.8064516129032258,0.0,0.8064516129032258,0.0,0.0,0.0,0.0,0.0,0.0,0.0
todayilearned,0.0,0.0,0.0,0.0,0.0,0.0,0.423728813559322,0.423728813559322,0.423728813559322,0.0,0.0,3.389830508474576,0.0,4.23728813559322,0.0,0.847457627118644,0.0,0.0,0.0,0.0,0.0,0.0,0.0,0.0,0.0,0.0,0.0,0.0,0.0,0.0,0.0,0.0
AdviceAnimals,0.0,0.0,0.0,0.0,0.0,0.0,0.0,0.0,0.0,0.0,0.0,5.46875,0.0,5.46875,0.0,0.0,0.0,0.0,0.0,0.0,0.0,0.0,0.0,0.0,0.0,0.0,0.0,0.0,0.0,0.0,0.0,0.0
AdviceAnimals,0.0,0.0,0.0,0.0,0.0,0.0,0.0,0.60790273556231,0.60790273556231,0.0,0.0,4.25531914893617,0.0,2.735562310030395,0.0,0.911854103343465,0.303951367781155,0.0,0.0,0.0,0.0,0.0,0.0,0.0,0.0,0.0,0.0,0.0,0.0,0.0,0.0,0.0
AdviceAnimals,0.0,0.0,0.0,0.0,0.0,0.0,0.0,0.7352941176470588,0.7352941176470588,0.0,0.0,6.61764705882353,0.0,9.558823529411764,0.0,0.0,0.0,0.0,0.0,0.0,0.0,0.0,0.0,0.0,0.0,0.0,0.0,0.0,0.0,0.0,0.0,0.0
AskReddit,0.0,0.0,0.0,0.0,0.0,0.0,0.0,0.0,0.0,0.0,0.0,1.7241379310344827,0.0,8.045977011494253,0.0,0.0,0.0,0.0,0.0,0.0,0.0,0.0,0.0,0.0,0.0,0.0,0.0,0.0,0.0,0.0,0.0,0.0
atheism,0.0,0.0,0.0,0.0,0.0,0.0,0.0,0.0,0.0,0.0,0.0,2.1052631578947367,0.0,5.964912280701754,0.0,0.0,0.0,0.0,0.0,0.0,0.7017543859649122,0.0,0.0,0.0,0.0,0.0,0.0,0.0,0.0,0.0,0.0,0.0
atheism,0.0,0.0,0.0,0.0,0.0,0.0,0.0,0.0,0.0,0.0,0.0,0.0,0.0,5.084745762711865,0.0,0.0,0.0,0.0,0.0,0.0,1.694915254237288,0.0,0.0,0.0,0.0,0.0,0.0,0.0,0.0,0.0,0.0,0.0
AdviceAnimals,0.0,0.0,0.0,0.0,0.0,0.0,0.0,0.0,0.0,0.0,0.0,3.125,0.0,4.6875,0.0,0.0,0.78125,0.0,0.0,0.0,0.0,0.0,0.0,0.0,0.0,0.0,0.0,0.0,0.0,0.0,0.0,0.0
AskReddit,0.0,0.0,0.0,0.0,0.0,0.0,0.0,0.38910505836575876,0.38910505836575876,0.0,0.0,7.782101167315175,0.0,6.22568093385214,0.0,1.556420233463035,0.0,0.0,0.0,0.0,0.0,0.0,0.0,0.0,0.0,0.0,0.0,0.0,0.0,0.0,0.0,0.0
AskReddit,0.0,0.0,0.0,0.0,0.0,0.0,0.0,0.3436426116838488,0.3436426116838488,0.0,0.0,4.123711340206185,0.0,5.498281786941581,0.0,0.0,0.3436426116838488,0.0,0.0,0.0,1.0309278350515463,0.0,0.0,0.0,0.0,0.0,0.0,0.0,0.0,0.0,0.0,0.0
leagueoflegends,0.0,0.0,0.0,0.0,0.0,0.0,0.0,2.083333333333333,2.083333333333333,0.0,0.0,2.083333333333333,2.083333333333333,2.083333333333333,0.0,0.0,0.0,0.0,0.0,0.0,0.0,0.0,0.0,0.0,0.0,0.0,0.0,0.0,0.0,0.0,0.0,0.0
politics,0.0,0.0,0.0,0.0,0.0,0.0,0.0,0.0,0.0,0.0,0.0,5.769230769230769,0.0,5.769230769230769,0.0,0.641025641025641,0.0,0.0,0.0,0.0,0.641025641025641,0.0,0.0,0.0,0.0,0.0,0.0,0.0,0.0,0.0,0.0,0.0
AskReddit,0.0,0.0,0.0,0.0,0.0,0.0,0.0,0.0,0.0,0.0,0.0,0.0,0.0,6.451612903225806,0.0,0.0,0.0,0.0,0.0,0.0,0.0,0.0,0.0,0.0,0.0,0.0,0.0,0.0,0.0,0.0,0.0,0.0
funny,0.0,0.0,0.0,0.0,0.0,0.0,0.0,0.0,0.0,0.0,0.0,9.375,0.0,3.125,0.0,0.0,0.0,0.0,0.0,0.0,0.0,0.0,0.0,0.0,0.0,0.0,0.0,0.0,0.0,0.0,0.0,0.0
funny,0.199203187250996,0.0,0.0,0.5976095617529881,0.199203187250996,0.0,0.0,0.5976095617529881,0.5976095617529881,0.0,0.0,4.9800796812749,0.0,4.183266932270916,0.0,0.0,0.0,0.0,0.0,0.0,0.0,0.0,0.0,0.0,0.0,0.0,0.0,0.0,0.0,0.0,0.0,0.0
AskReddit,0.0,0.0,0.0,0.0,0.0,0.0,0.0,0.0,0.0,0.0,0.0,3.9215686274509802,0.0,7.8431372549019605,0.0,0.0,0.0,0.0,0.0,0.0,0.0,0.0,0.0,0.0,0.0,0.0,0.0,0.0,0.0,0.0,0.0,0.0
leagueoflegends,0.0,0.0,0.0,0.0,0.0,0.0,0.0,0.0,0.0,0.0,0.0,0.0,0.0,10.0,0.0,0.0,0.0,0.0,0.0,0.0,0.0,0.0,0.0,0.0,0.0,0.0,0.0,0.0,0.0,0.0,0.0,0.0
AdviceAnimals,0.0,0.0,0.0,0.0,0.0,0.0,0.0,0.0,0.0,0.0,0.0,3.3333333333333335,0.0,5.555555555555555,0.0,0.0,0.0,0.0,0.0,0.0,0.0,0.0,0.0,0.0,0.0,0.0,0.0,0.0,0.0,0.0,0.0,0.0
todayilearned,0.0,0.0,0.0,0.0,0.0,0.0,0.0,0.0,0.0,0.0,0.0,5.084745762711865,0.0,5.084745762711865,0.0,0.0,0.0,0.0,0.0,0.0,1.694915254237288,0.0,0.0,0.0,0.0,0.0,0.0,0.0,0.0,0.0,0.0,0.0
gaming,0.0,0.0,0.0,0.0,0.0,0.0,0.0,0.14727540500736377,0.14727540500736377,0.0,0.0,1.0309278350515463,0.0,5.743740795287187,0.0,0.0,0.0,0.0,0.0,0.0,0.4418262150220913,0.0,0.0,0.0,0.0,0.0,0.0,0.0,0.0,0.0,0.0,0.0
AskReddit,1.098901098901099,0.0,0.0,0.0,0.0,0.0,0.0,0.0,0.0,0.0,0.0,1.098901098901099,2.197802197802198,7.6923076923076925,0.0,0.0,0.0,0.0,0.0,0.0,0.0,0.0,0.0,0.0,0.0,0.0,0.0,0.0,0.0,0.0,0.0,0.0
atheism,0.0,0.0,0.0,0.0,0.0,0.0,0.0,0.0,0.0,0.0,0.0,2.9850746268656714,0.0,4.477611940298507,0.0,0.0,0.0,0.0,0.0,0.0,0.0,0.0,0.0,0.0,0.0,0.0,0.0,0.0,0.0,0.0,0.0,0.0
AdviceAnimals,0.0,0.0,0.0,0.0,0.0,0.0,0.0,0.38461538461538464,0.38461538461538464,0.0,0.0,4.615384615384616,0.0,5.0,0.0,0.0,0.0,0.0,0.0,0.0,0.0,0.0,0.0,0.0,0.0,0.0,0.0,0.0,0.0,0.0,0.0,0.0
AdviceAnimals,0.49504950495049505,0.0,0.0,0.0,0.0,0.0,0.0,0.0,0.0,0.0,0.0,0.49504950495049505,0.0,6.435643564356436,0.0,0.0,0.0,0.0,0.0,0.0,0.0,0.0,0.0,0.0,0.0,0.0,0.0,0.0,0.0,0.0,0.0,0.0
atheism,0.0,0.0,0.0,0.0,0.0,0.0,0.0,0.0,0.0,0.0,0.0,33.33333333333333,0.0,0.0,0.0,0.0,0.0,0.0,0.0,0.0,0.0,0.0,0.0,0.0,0.0,0.0,0.0,0.0,0.0,0.0,0.0,0.0
funny,0.0,0.0,0.0,0.0,0.0,0.0,0.0,2.857142857142857,0.0,0.0,0.0,2.857142857142857,0.0,8.571428571428571,0.0,0.0,0.0,0.0,0.0,0.0,0.0,0.0,2.857142857142857,0.0,2.857142857142857,0.0,0.0,0.0,0.0,0.0,0.0,0.0
funny,0.0,0.0,0.0,0.0,0.0,0.0,0.0,0.0,0.0,0.0,0.0,5.141388174807198,0.0,6.169665809768637,0.0,0.5141388174807198,0.2570694087403599,0.0,0.0,0.0,0.5141388174807198,0.0,0.0,0.0,0.0,0.0,0.0,0.0,0.0,0.0,0.0,0.0
AskReddit,0.14792899408284024,0.0,0.0,0.0,0.0,0.0,0.0,1.183431952662722,1.183431952662722,0.0,0.0,4.585798816568047,0.0,4.437869822485207,0.0,0.0,0.0,0.0,0.0,0.0,0.0,0.0,0.0,0.0,0.0,0.0,0.0,0.0,0.0,0.0,0.0,0.0
AskReddit,0.0,0.0,0.0,0.0,0.0,0.0,0.0,4.3478260869565215,4.3478260869565215,0.0,0.0,0.0,0.0,4.3478260869565215,0.0,0.0,0.0,0.0,0.0,0.0,0.0,0.0,0.0,0.0,0.0,0.0,0.0,0.0,0.0,0.0,0.0,0.0
AskReddit,0.0,0.0,0.0,0.0,0.0,0.0,0.0,1.3888888888888888,1.3888888888888888,0.0,0.0,5.555555555555555,0.0,8.333333333333332,0.0,0.0,0.0,0.0,0.0,0.0,0.0,0.0,0.0,0.0,0.0,0.0,0.0,0.0,0.0,0.0,0.0,0.0
AskReddit,0.0,0.0,0.0,0.0,0.0,0.0,0.0,0.0,0.0,0.0,0.0,0.0,0.0,5.9259259259259265,0.0,0.0,0.0,0.0,0.0,0.0,0.0,0.0,0.0,0.0,0.0,0.0,0.0,0.0,0.0,0.0,0.0,0.0
AskReddit,0.4464285714285714,0.0,0.0,0.0,0.0,0.0,0.0,0.4464285714285714,0.4464285714285714,0.0,0.0,1.7857142857142856,0.0,4.910714285714286,0.0,0.0,0.0,0.0,0.0,0.0,0.4464285714285714,0.0,0.0,0.0,0.0,0.0,0.0,0.0,0.0,0.0,0.0,0.0
AskReddit,0.0,0.0,0.0,0.0,0.0,0.0,0.0,0.0,0.0,0.0,0.0,3.8135593220338984,0.0,3.8135593220338984,0.0,0.0,0.0,0.0,0.0,0.0,0.0,0.0,0.0,0.0,0.0,0.0,0.0,0.0,0.0,0.0,0.0,0.0
AskReddit,0.0,0.0,0.0,0.0,0.0,0.0,0.0,0.0,0.0,0.0,0.0,1.8518518518518516,0.0,7.4074074074074066,0.0,0.0,0.0,0.0,0.0,0.0,0.0,0.0,0.0,0.0,0.0,0.0,0.0,0.0,0.0,0.0,0.0,0.0
AskReddit,0.0,0.0,0.0,0.0,0.0,0.0,0.0,0.6818181818181818,0.6818181818181818,0.0,0.0,4.318181818181818,0.0,4.772727272727273,0.0,0.0,0.0,0.0,0.0,0.0,0.0,0.0,0.0,0.0,0.0,0.0,0.0,0.0,0.0,0.0,0.0,0.0
pics,0.0,0.0,0.0,0.0,0.0,0.0,0.0,1.8518518518518516,1.8518518518518516,0.0,0.0,3.7037037037037033,0.0,3.7037037037037033,0.0,0.0,0.0,0.0,0.0,0.0,0.0,0.0,0.0,0.0,0.0,0.0,0.0,0.0,0.0,0.0,0.0,0.0
pics,1.3071895424836601,0.0,0.0,0.0,0.0,0.0,0.0,1.9607843137254901,1.3071895424836601,0.0,0.6535947712418301,1.3071895424836601,0.6535947712418301,4.57516339869281,0.0,0.6535947712418301,0.0,0.0,0.0,0.0,0.0,0.0,0.0,0.0,0.0,0.0,0.0,0.0,0.0,0.0,0.0,0.0
funny,0.4608294930875576,0.0,0.6912442396313364,0.0,0.0,0.0,0.0,1.3824884792626728,1.3824884792626728,0.0,0.0,4.147465437788019,1.6129032258064515,2.7649769585253456,0.0,0.2304147465437788,0.0,0.4608294930875576,0.0,0.4608294930875576,0.0,0.0,0.0,0.0,0.0,0.0,0.0,0.0,0.0,0.0,0.0,0.0
leagueoflegends,0.0,0.0,0.0,0.0,0.0,0.0,0.0,0.0,0.0,0.0,0.0,0.0,0.0,0.0,0.0,0.0,0.0,0.0,0.0,0.0,0.0,0.0,0.0,0.0,0.0,0.0,0.0,0.0,0.0,0.0,0.0,0.0
todayilearned,0.0,0.0,0.0,0.0,0.0,0.0,0.0,0.0,0.0,0.0,0.0,4.0,0.0,4.0,0.0,0.0,0.0,0.0,0.0,0.0,0.0,0.0,0.0,0.0,0.0,0.0,0.0,0.0,0.0,0.0,0.0,0.0
funny,0.0,0.0,0.0,0.0,0.0,0.0,1.0638297872340425,1.0638297872340425,1.0638297872340425,0.0,0.0,1.0638297872340425,0.0,9.574468085106384,0.0,1.0638297872340425,0.0,0.0,0.0,0.0,0.0,0.0,0.0,0.0,0.0,0.0,0.0,0.0,0.0,0.0,0.0,0.0
AskReddit,0.0,0.0,0.0,0.0,0.0,0.0,0.0,0.0,0.0,0.0,0.0,5.421686746987952,0.0,4.819277108433735,0.0,0.0,0.0,0.0,0.0,0.0,0.0,0.0,0.0,0.0,0.0,0.0,0.0,0.0,0.0,0.0,0.0,0.0
AskReddit,0.0,0.0,0.0,0.0,0.0,0.0,0.0,0.0,0.0,0.0,0.0,3.7735849056603774,0.0,5.660377358490567,0.0,0.0,0.0,0.0,0.0,0.0,0.0,0.0,0.0,0.0,0.0,0.0,0.0,0.0,0.0,0.0,0.0,0.0
AskReddit,0.0,0.0,0.0,0.0,0.0,0.0,0.0,1.2269938650306749,0.6134969325153374,0.0,0.0,6.134969325153374,0.0,5.521472392638037,0.0,0.6134969325153374,0.0,0.0,0.0,0.0,0.0,0.0,0.6134969325153374,0.0,0.6134969325153374,0.0,0.0,0.0,0.0,0.0,0.0,0.0
AskReddit,0.0,0.0,0.0,0.0,0.0,0.0,0.0,1.0,1.0,0.0,0.0,5.0,0.0,1.0,0.0,0.0,0.0,0.0,0.0,0.0,0.0,0.0,0.0,0.0,0.0,0.0,0.0,0.0,0.0,0.0,0.0,0.0
AdviceAnimals,0.0,0.0,0.0,0.0,0.0,0.0,0.0,1.1764705882352942,1.1764705882352942,0.0,0.0,4.117647058823529,0.0,4.117647058823529,0.0,0.5882352941176471,0.0,0.0,0.0,0.0,0.0,0.0,0.0,0.0,0.0,0.0,0.0,0.0,0.0,0.0,0.0,0.0
gaming,0.0,0.0,0.0,0.0,0.0,0.0,0.0,0.5617977528089888,0.5617977528089888,0.0,0.0,2.8089887640449436,0.0,7.303370786516854,0.0,0.0,0.0,0.0,0.0,0.0,0.0,0.0,0.0,0.0,0.0,0.0,0.0,0.0,0.0,0.0,0.0,0.0
AskReddit,0.0,0.0,0.0,0.0,0.0,0.0,0.0,0.3236245954692557,0.3236245954692557,0.0,0.0,5.501618122977346,0.0,5.825242718446602,0.0,0.3236245954692557,0.0,0.0,0.0,0.0,0.0,0.0,0.0,0.0,0.0,0.0,0.0,0.0,0.0,0.0,0.0,0.0
funny,0.0,0.0,0.0,0.0,0.0,0.0,0.0,0.0,0.0,0.0,0.0,3.7037037037037033,0.0,2.7777777777777777,0.0,0.0,0.0,0.0,0.0,0.0,0.0,0.0,0.0,0.0,0.0,0.0,0.0,0.0,0.0,0.0,0.0,0.0
funny,0.0,0.0,0.0,0.0,0.0,0.0,0.0,0.0,0.0,0.0,0.0,5.263157894736842,0.0,5.263157894736842,0.0,0.0,0.0,0.0,0.0,0.0,0.0,0.0,0.0,0.0,0.0,0.0,0.0,0.0,0.0,0.0,0.0,0.0
AskReddit,0.0,0.0,0.0,0.0,0.0,0.0,0.0,1.2048192771084338,1.2048192771084338,0.0,0.0,0.0,0.0,3.614457831325301,0.0,0.0,0.0,0.0,0.0,0.0,0.0,0.0,0.0,0.0,0.0,0.0,0.0,0.0,0.0,0.0,0.0,0.0
pics,0.0,0.0,0.0,0.0,0.0,0.0,0.0,0.0,0.0,0.0,0.0,0.8695652173913043,0.0,6.956521739130435,0.0,0.0,0.0,0.0,0.0,0.0,0.0,0.0,0.0,0.0,0.0,0.0,0.0,0.0,0.0,0.0,0.0,0.0
pics,0.0,0.0,0.0,0.0,0.0,0.0,0.0,0.0,0.0,0.0,0.0,0.0,0.0,7.462686567164178,0.0,1.4925373134328357,1.4925373134328357,0.0,0.0,0.0,0.0,0.0,0.0,0.0,0.0,0.0,0.0,0.0,0.0,0.0,0.0,0.0
pics,0.0,0.0,0.0,0.0,0.0,0.0,0.0,0.0,0.0,0.0,0.0,4.411764705882353,0.0,7.352941176470589,0.0,0.0,0.0,0.0,0.0,0.0,0.0,0.0,0.0,0.0,0.0,0.0,0.0,0.0,0.0,0.0,0.0,0.0
AskReddit,0.0,0.0,0.0,0.0,0.0,0.0,0.0,0.0,0.0,0.0,0.0,1.8867924528301887,0.0,3.7735849056603774,0.0,0.0,0.0,0.0,0.0,0.0,0.0,0.0,0.0,0.0,0.0,0.0,0.0,0.0,0.0,0.0,0.0,0.0
AskReddit,0.0,0.0,0.0,0.0,0.0,0.0,0.0,0.0,0.0,0.0,0.0,2.1739130434782608,0.0,6.521739130434782,0.0,0.0,0.0,0.0,0.0,0.0,0.0,0.0,0.0,0.0,0.0,0.0,0.0,0.0,0.0,0.0,0.0,0.0
AskReddit,0.0,0.0,0.0,0.0,0.0,0.0,0.0,4.3478260869565215,4.3478260869565215,0.0,0.0,6.521739130434782,0.0,8.695652173913043,0.0,0.0,0.0,0.0,0.0,0.0,0.0,0.0,0.0,0.0,0.0,0.0,0.0,0.0,0.0,0.0,0.0,0.0
AskReddit,0.0,0.0,0.0,0.0,0.0,0.0,0.0,0.0,0.0,0.0,0.0,0.0,0.0,16.666666666666664,0.0,0.0,0.0,0.0,0.0,0.0,0.0,0.0,0.0,0.0,0.0,0.0,0.0,0.0,0.0,0.0,0.0,0.0
AskReddit,0.0,0.0,0.0,0.0,0.0,0.0,0.0,0.7092198581560284,0.7092198581560284,0.0,0.0,6.382978723404255,0.0,4.25531914893617,0.0,0.0,0.0,0.0,0.0,0.0,0.7092198581560284,0.0,0.0,0.0,0.0,0.0,0.0,0.0,0.0,0.0,0.0,0.0
AskReddit,0.0,0.0,0.0,0.0,0.0,0.0,0.0,0.0,0.0,0.0,0.0,7.777777777777778,0.0,4.444444444444445,0.0,0.0,0.0,0.0,0.0,0.0,0.0,0.0,0.0,0.0,0.0,0.0,0.0,0.0,0.0,0.0,0.0,0.0
AskReddit,0.0,0.0,0.0,0.0,0.0,0.0,0.0,0.0,0.0,0.0,0.0,6.666666666666667,0.0,5.9259259259259265,0.0,0.0,0.0,0.0,0.0,0.0,0.0,0.0,0.0,0.0,0.0,0.0,0.0,0.0,0.0,0.0,0.0,0.0
AskReddit,0.0,0.0,0.0,0.0,0.0,0.0,0.0,0.0,0.0,0.0,0.0,4.487179487179487,0.0,5.128205128205128,0.0,0.0,0.0,0.0,0.0,0.0,0.0,0.0,0.0,0.0,0.0,0.0,0.0,0.0,0.0,0.0,0.0,0.0
AskReddit,0.0,0.0,0.0,0.0,0.0,0.0,0.0,2.3255813953488373,2.3255813953488373,0.0,6.976744186046512,11.627906976744185,0.0,0.0,0.0,0.0,0.0,0.0,0.0,0.0,0.0,0.0,2.3255813953488373,0.0,2.3255813953488373,0.0,0.0,0.0,0.0,0.0,0.0,0.0
AskReddit,0.0,0.0,0.0,0.0,0.0,0.0,0.0,0.0,0.0,0.0,0.0,0.0,0.0,10.144927536231885,0.0,1.4492753623188406,0.0,0.0,0.0,0.0,0.0,0.0,0.0,0.0,0.0,0.0,0.0,0.0,0.0,0.0,0.0,0.0
AskReddit,2.1739130434782608,0.0,0.0,0.0,0.0,0.0,0.0,0.0,0.0,0.0,0.0,0.0,0.0,6.521739130434782,0.0,0.0,0.0,0.0,0.0,0.0,0.0,0.0,0.0,0.0,0.0,0.0,0.0,0.0,0.0,0.0,0.0,0.0
AskReddit,0.0,0.0,0.0,0.0,0.0,0.0,0.0,4.225352112676056,4.225352112676056,0.0,0.0,0.0,5.633802816901409,5.633802816901409,0.0,0.0,0.0,0.0,0.0,0.0,0.0,0.0,0.0,0.0,0.0,0.0,0.0,0.0,0.0,0.0,0.0,0.0
AskReddit,0.0,0.0,0.0,0.0,0.0,0.0,0.0,0.4032258064516129,0.4032258064516129,0.0,0.0,2.0161290322580645,0.0,7.258064516129033,0.0,0.0,0.0,0.0,0.0,0.0,0.0,0.0,0.0,0.0,0.0,0.0,0.0,0.0,0.0,0.0,0.0,0.0
AskReddit,0.0,0.0,0.0,0.0,0.0,0.0,0.0,0.8,0.8,0.0,0.0,8.0,0.0,5.6000000000000005,0.0,0.0,0.0,0.0,0.0,0.0,0.0,0.0,0.0,0.0,0.0,0.0,0.0,0.0,0.0,0.0,0.0,0.0
AskReddit,0.0,0.0,0.0,0.0,0.0,0.0,0.0,0.0,0.0,0.0,0.0,3.1578947368421053,0.0,5.263157894736842,0.0,0.0,0.0,0.0,0.0,0.0,0.0,0.0,0.0,0.0,0.0,0.0,0.0,0.0,0.0,0.0,0.0,0.0
AskReddit,0.0,0.0,0.0,0.0,0.0,0.0,0.0,1.8018018018018018,1.8018018018018018,0.0,0.0,0.9009009009009009,0.0,5.405405405405405,0.0,0.0,0.0,0.0,0.0,0.0,3.6036036036036037,0.0,0.0,0.0,0.0,0.0,0.0,0.0,0.0,0.0,0.0,0.0
AskReddit,1.1904761904761905,0.0,0.0,0.0,0.0,0.0,0.0,0.0,0.0,0.0,0.0,9.523809523809524,0.0,5.952380952380952,0.0,0.0,0.0,0.0,0.0,0.0,0.0,0.0,0.0,0.0,0.0,0.0,0.0,0.0,0.0,0.0,0.0,0.0
AskReddit,0.0,0.0,0.0,0.0,0.0,0.0,0.0,0.0,0.0,0.0,0.0,1.8018018018018018,0.0,5.405405405405405,0.0,0.0,0.0,0.0,0.0,0.0,0.9009009009009009,0.0,0.0,0.0,0.0,0.0,0.0,0.0,0.0,0.0,0.0,0.0
AskReddit,0.0,0.0,0.0,0.0,0.0,0.0,0.0,0.8333333333333334,0.8333333333333334,0.0,0.0,2.5,0.0,5.0,0.8333333333333334,0.8333333333333334,0.0,0.0,0.0,0.0,0.0,0.0,0.0,0.0,0.0,0.0,0.0,0.0,0.0,0.0,0.0,0.0
AskReddit,0.0,0.0,0.0,0.0,0.0,0.0,0.0,0.0,0.0,0.0,0.0,3.125,0.0,7.291666666666667,0.0,0.0,0.0,0.0,0.0,0.0,3.125,0.0,0.0,0.0,0.0,0.0,0.0,0.0,0.0,0.0,0.0,0.0
AskReddit,0.0,0.0,0.0,0.0,0.0,0.0,0.0,0.4166666666666667,0.4166666666666667,0.0,0.0,6.666666666666667,0.0,6.25,0.0,0.0,0.0,0.0,0.0,0.0,0.0,0.0,0.0,0.0,0.0,0.0,0.0,0.0,0.0,0.0,0.0,0.0
AskReddit,5.88235294117647,0.0,0.0,0.0,0.0,0.0,0.0,0.0,0.0,0.0,0.0,0.0,0.0,5.88235294117647,0.0,0.0,0.0,0.0,0.0,0.0,0.0,0.0,0.0,0.0,0.0,0.0,0.0,0.0,0.0,0.0,0.0,0.0
AskReddit,0.0,0.0,0.0,0.0,0.0,0.0,0.0,0.0,0.0,0.0,0.0,0.7518796992481203,0.0,5.263157894736842,0.0,0.0,0.0,0.0,0.0,0.0,0.0,0.0,0.0,0.0,0.0,0.0,0.0,0.0,0.0,0.0,0.0,0.0
AskReddit,0.0,0.0,0.0,0.0,0.0,0.0,0.0,0.0,0.0,0.0,0.0,5.0,0.0,8.0,0.0,0.0,0.0,0.0,0.0,0.0,0.0,0.0,0.0,0.0,0.0,0.0,0.0,0.0,0.0,0.0,0.0,0.0
AskReddit,0.0,0.0,0.0,0.0,0.0,0.0,0.0,0.0,0.0,0.0,0.0,0.0,0.0,5.063291139240507,0.0,0.0,0.0,0.0,0.0,0.0,0.0,0.0,0.0,0.0,0.0,0.0,0.0,0.0,0.0,0.0,0.0,0.0
AskReddit,0.0,0.0,0.0,0.0,0.0,0.0,0.0,0.0,0.0,0.0,0.0,1.5151515151515151,0.0,3.0303030303030303,0.0,0.0,0.0,0.0,0.0,0.0,0.0,0.0,0.0,0.0,0.0,0.0,0.0,0.0,0.0,0.0,0.0,0.0
AskReddit,0.0,0.0,0.0,0.0,0.0,0.0,0.0,0.0,0.0,0.0,0.0,0.0,0.0,9.67741935483871,0.0,0.0,0.0,0.0,0.0,0.0,0.0,0.0,0.0,0.0,0.0,0.0,0.0,0.0,0.0,0.0,0.0,0.0
AskReddit,0.0,0.0,0.0,0.0,0.0,0.0,0.0,0.8658008658008658,0.4329004329004329,0.0,0.0,5.194805194805195,0.0,6.0606060606060606,0.0,0.0,0.0,0.0,0.0,0.0,0.0,0.0,0.0,0.0,0.0,0.0,0.0,0.0,0.0,0.0,0.0,0.0
AskReddit,0.0,0.0,0.0,0.0,0.0,0.0,0.0,0.0,0.0,0.0,0.0,0.0,0.0,3.125,0.0,0.0,0.0,0.0,0.0,0.0,0.0,0.0,0.0,0.0,0.0,0.0,0.0,0.0,0.0,0.0,0.0,0.0
atheism,0.0,0.0,0.0,0.0,0.0,0.0,0.0,1.2987012987012987,1.2987012987012987,0.0,0.0,11.688311688311687,0.0,5.194805194805195,0.0,0.0,0.0,0.0,0.0,0.0,0.0,0.0,0.0,0.0,0.0,0.0,0.0,0.0,0.0,0.0,0.0,0.0
AskReddit,0.0,0.0,0.0,0.0,0.0,0.0,0.0,2.0746887966804977,2.0746887966804977,0.0,0.4149377593360996,4.979253112033195,0.0,3.7344398340248963,0.0,0.4149377593360996,0.8298755186721992,0.0,0.0,0.0,0.0,0.0,0.0,0.0,0.0,0.0,0.0,0.0,0.0,0.0,0.0,0.0
atheism,0.5128205128205128,0.0,0.0,0.0,0.0,0.0,0.0,0.0,0.0,0.0,0.0,7.6923076923076925,0.0,6.153846153846154,0.0,0.5128205128205128,0.0,0.0,0.0,0.0,0.5128205128205128,0.0,0.0,0.0,0.0,0.0,0.0,0.0,0.0,0.0,0.0,0.0
leagueoflegends,0.0,0.0,0.0,0.0,0.0,0.0,0.0,0.0,0.0,0.0,0.0,0.0,0.0,11.11111111111111,0.0,0.0,0.0,0.0,0.0,0.0,0.0,0.0,0.0,0.0,0.0,0.0,0.0,0.0,0.0,0.0,0.0,0.0
AskReddit,0.0,0.0,0.0,0.0,0.0,0.0,0.0,0.8849557522123894,0.8849557522123894,0.0,0.0,0.8849557522123894,0.0,5.3097345132743365,0.0,0.0,0.0,0.0,0.0,0.0,0.0,0.0,0.0,0.0,0.0,0.0,0.0,0.0,0.0,0.0,0.0,0.0
AdviceAnimals,0.0,0.0,0.0,0.0,0.0,0.0,0.0,0.0,0.0,0.0,0.0,3.571428571428571,0.0,3.571428571428571,0.0,0.0,0.0,0.0,0.0,0.0,0.0,0.0,0.0,0.0,0.0,0.0,0.0,0.0,0.0,0.0,0.0,0.0
AskReddit,0.0,0.0,0.0,0.0,0.0,0.0,0.0,0.0,0.0,0.0,0.0,0.0,0.0,7.6923076923076925,0.0,0.0,0.0,0.0,0.0,0.0,0.0,0.0,0.0,0.0,7.6923076923076925,0.0,0.0,0.0,0.0,0.0,0.0,0.0
AskReddit,0.0,0.0,0.0,0.0,0.0,0.0,0.0,0.0,0.0,0.0,0.0,2.7522935779816518,0.0,5.5045871559633035,0.0,0.0,0.0,0.0,0.0,0.0,0.0,0.0,0.0,0.0,0.0,0.0,0.0,0.0,0.0,0.0,0.0,0.0
funny,0.0,0.0,0.0,0.0,0.0,0.0,0.0,0.0,0.0,0.0,0.0,5.88235294117647,0.0,4.705882352941177,0.0,0.0,0.0,0.0,0.0,0.0,0.0,0.0,0.0,0.0,0.0,0.0,0.0,0.0,0.0,0.0,0.0,0.0
funny,0.0,0.0,0.0,0.0,0.0,0.0,0.0,0.0,0.0,0.0,0.0,4.3478260869565215,0.0,6.521739130434782,0.0,0.0,0.0,0.0,0.0,0.0,0.0,0.0,0.0,0.0,0.0,0.0,0.0,0.0,0.0,0.0,0.0,0.0
funny,0.0,0.0,0.0,0.0,0.0,0.0,0.0,0.0,0.0,0.0,0.0,6.770833333333333,0.0,4.6875,0.0,0.0,0.0,0.0,0.0,0.0,0.5208333333333333,0.0,0.0,0.0,0.0,0.0,0.0,0.0,0.0,0.0,0.0,0.0
funny,0.0,0.0,0.0,0.0,0.0,0.0,0.0,0.0,0.0,0.0,0.0,1.358695652173913,0.2717391304347826,3.804347826086957,0.0,0.0,0.0,0.0,0.0,0.0,0.5434782608695652,0.0,0.0,0.0,0.0,0.0,0.0,0.0,0.0,0.0,0.0,0.0
funny,0.0,0.0,0.0,0.0,0.0,0.0,0.7905138339920948,0.0,0.0,0.0,0.0,1.5810276679841897,0.0,4.743083003952568,0.0,0.0,0.3952569169960474,0.0,0.0,0.0,1.185770750988142,0.0,0.0,0.0,0.0,0.0,0.0,0.0,0.0,0.0,0.0,0.0
AskReddit,0.0,0.0,0.0,0.0,0.0,0.0,0.0,0.0,0.0,0.0,0.0,4.6875,0.0,3.125,0.0,0.0,0.0,0.0,0.0,0.0,1.5625,0.0,0.0,0.0,0.0,0.0,0.0,0.0,0.0,0.0,0.0,0.0
AskReddit,0.0,0.0,0.0,0.0,0.0,0.0,0.0,0.0,0.0,0.0,0.0,0.0,0.0,0.0,0.0,0.0,0.0,0.0,0.0,0.0,0.0,0.0,0.0,0.0,0.0,0.0,0.0,0.0,0.0,0.0,0.0,0.0
AskReddit,0.0,0.0,0.0,0.0,0.0,0.0,0.0,0.0,0.0,0.0,0.0,0.0,0.0,9.090909090909092,0.0,0.0,0.0,0.0,0.0,0.0,0.0,0.0,0.0,0.0,0.0,0.0,0.0,0.0,0.0,0.0,0.0,0.0
AskReddit,1.2987012987012987,0.0,0.0,0.0,0.0,0.0,0.0,2.5974025974025974,2.5974025974025974,0.0,0.0,2.5974025974025974,0.0,2.5974025974025974,0.0,0.0,0.0,0.0,0.0,0.0,0.0,0.0,0.0,0.0,0.0,0.0,0.0,0.0,0.0,0.0,0.0,0.0
AskReddit,0.8264462809917356,0.0,0.0,0.0,0.0,0.0,0.0,0.8264462809917356,0.8264462809917356,0.0,0.0,3.3057851239669422,0.0,4.958677685950414,0.0,0.0,0.0,0.0,0.0,0.0,2.479338842975207,0.0,0.0,0.0,0.0,0.0,0.0,0.0,0.0,0.0,0.0,0.0
AskReddit,0.0,0.0,0.0,0.0,0.684931506849315,0.0,0.0,0.684931506849315,0.684931506849315,0.0,0.0,5.47945205479452,0.0,5.47945205479452,0.0,0.0,0.0,0.0,0.0,0.0,1.36986301369863,0.0,0.0,0.0,0.0,0.0,0.0,0.0,0.0,0.0,0.0,0.0
AskReddit,0.0,0.0,0.0,0.0,0.0,0.0,0.0,1.8181818181818181,1.8181818181818181,0.0,0.0,7.2727272727272725,1.8181818181818181,3.6363636363636362,0.0,0.0,0.0,0.0,0.0,0.0,0.0,0.0,0.0,0.0,0.0,0.0,0.0,0.0,0.0,0.0,0.0,0.0
AskReddit,0.0,0.0,0.0,0.37735849056603776,0.0,0.0,0.0,0.7547169811320755,0.7547169811320755,0.0,0.0,4.905660377358491,0.0,5.471698113207547,0.0,0.0,0.0,0.0,0.0,0.0,0.18867924528301888,0.0,0.0,0.0,0.0,0.0,0.0,0.0,0.0,0.0,0.0,0.0
gaming,0.0,0.0,0.0,0.0,0.0,0.0,0.0,0.0,0.0,0.0,0.0,3.4482758620689653,0.0,5.172413793103448,0.0,0.0,0.0,0.0,0.0,0.0,3.4482758620689653,0.0,0.0,0.0,0.0,0.0,0.0,0.0,0.0,0.0,0.0,0.0
gaming,0.0,0.0,0.0,0.0,0.0,0.0,0.0,0.0,0.0,0.0,0.0,4.827586206896552,0.0,5.517241379310345,0.0,0.0,0.0,0.0,0.0,0.0,0.0,0.0,0.0,0.0,0.0,0.0,0.0,0.0,0.0,0.0,0.0,0.0
gaming,0.0,0.0,0.0,0.0,0.0,0.0,0.0,0.5633802816901409,0.5633802816901409,0.0,0.0,2.8169014084507045,0.5633802816901409,5.352112676056338,0.0,0.5633802816901409,0.0,0.0,0.0,0.0,0.0,0.0,0.0,0.0,0.0,0.0,0.0,0.0,0.0,0.0,0.0,0.0
AdviceAnimals,0.0,0.0,0.0,0.0,0.0,0.0,0.4830917874396135,0.24154589371980675,0.0,0.0,0.0,3.3816425120772946,0.0,5.797101449275362,0.0,0.0,0.0,0.0,0.0,0.0,0.0,0.0,0.24154589371980675,0.0,0.24154589371980675,0.0,0.0,0.0,0.0,0.0,0.0,0.0
leagueoflegends,0.0,0.0,0.0,0.0,0.0,0.0,0.0,0.0,0.0,0.0,0.0,4.132231404958678,0.0,3.3057851239669422,3.3057851239669422,0.8264462809917356,0.8264462809917356,0.0,0.0,0.0,0.0,0.0,0.0,0.0,0.0,0.0,0.0,0.0,0.0,0.0,0.0,0.0
funny,0.0,0.0,0.0,0.0,0.0,0.0,0.0,0.0,0.0,0.0,0.0,0.0,0.0,7.6923076923076925,0.0,0.0,0.0,0.0,0.0,0.0,0.0,0.0,0.0,0.0,0.0,0.0,0.0,0.0,0.0,0.0,0.0,0.0
AskReddit,0.0,0.0,0.0,0.0,0.0,0.0,0.0,0.5405405405405406,0.5405405405405406,0.0,0.0,7.027027027027027,0.0,4.324324324324325,0.0,0.0,0.0,0.0,0.0,0.0,2.1621621621621623,0.0,0.0,0.0,0.0,0.0,0.0,0.0,0.0,0.0,0.0,0.0
AskReddit,0.7722007722007722,0.0,0.0,0.0,0.1287001287001287,0.0,1.0296010296010296,0.3861003861003861,0.3861003861003861,0.0,0.0,5.534105534105534,1.673101673101673,4.89060489060489,0.0,0.0,0.0,0.0,0.0,0.0,2.0592020592020592,0.0,0.0,0.0,0.0,0.0,0.0,0.0,0.0,0.0,0.0,0.0
AskReddit,0.0,0.0,0.0,0.0,0.0,0.0,0.17513134851138354,0.7005253940455342,0.7005253940455342,0.0,0.0,3.327495621716287,0.0,5.779334500875657,0.0,0.0,0.3502626970227671,0.0,0.0,0.0,0.5253940455341506,0.0,0.0,0.0,0.0,0.0,0.0,0.0,0.0,0.0,0.0,0.0
AskReddit,0.8620689655172413,0.0,0.0,0.0,0.0,0.0,0.0,0.8620689655172413,0.8620689655172413,0.0,0.0,6.0344827586206895,0.0,5.172413793103448,0.0,0.0,0.0,0.0,0.0,0.0,0.0,0.0,0.0,0.0,0.0,0.0,0.0,0.0,0.0,0.0,0.0,0.0
AskReddit,0.0,0.0,0.0,0.0,0.0,0.0,0.0,0.26595744680851063,0.26595744680851063,0.0,0.26595744680851063,5.319148936170213,0.0,5.585106382978723,0.0,0.0,0.0,0.0,0.26595744680851063,0.0,0.0,0.0,0.0,0.0,0.0,0.0,0.0,0.0,0.0,0.0,0.0,0.0
AskReddit,0.0,0.0,0.0,0.0,0.0,0.0,0.0,0.0,0.0,0.0,0.0,4.697986577181208,0.0,6.0402684563758395,0.0,0.0,0.0,0.0,0.0,0.0,0.0,0.0,0.0,0.0,0.0,0.0,0.0,0.0,0.0,0.0,0.0,0.0
AskReddit,0.0,0.0,0.0,0.0,0.0,0.0,0.0,0.0,0.0,0.0,0.0,6.25,0.0,4.166666666666666,0.0,0.0,0.0,0.0,0.0,0.0,0.0,0.0,0.0,0.0,0.0,0.0,0.0,0.0,0.0,0.0,0.0,0.0
AskReddit,0.0,0.0,0.0,0.0,0.0,0.0,0.0,0.9433962264150944,0.9433962264150944,0.0,0.0,1.8867924528301887,0.0,4.245283018867925,0.0,0.0,0.0,0.0,0.0,0.0,0.2358490566037736,0.0,0.0,0.0,0.0,0.0,0.0,0.0,0.0,0.0,0.0,0.0
AskReddit,0.0,0.0,0.0,0.0,0.0,0.0,0.0,0.0,0.0,0.0,0.0,2.416918429003021,0.0,4.229607250755287,0.0,0.0,0.0,0.0,0.0,0.0,0.0,0.0,0.0,0.0,0.0,0.0,0.0,0.0,0.0,0.0,0.0,0.0
AskReddit,0.2652519893899204,0.0,0.0,0.0,0.0,0.0,0.0,0.7957559681697612,0.7957559681697612,0.0,0.0,5.305039787798409,0.2652519893899204,4.244031830238726,0.0,0.0,0.0,0.0,0.0,0.0,0.0,0.0,0.0,0.0,0.0,0.0,0.0,0.0,0.0,0.0,0.0,0.0
AskReddit,0.0,0.0,0.0,0.0,0.0,0.0,0.0,0.5025125628140703,0.5025125628140703,0.0,0.0,0.5025125628140703,0.0,3.5175879396984926,0.0,0.0,0.0,0.0,0.0,0.0,0.0,0.0,0.0,0.0,0.0,0.0,0.0,0.0,0.0,0.0,0.0,0.0
AskReddit,0.0,0.0,0.0,0.0,0.0,0.0,0.0,0.0,0.0,0.0,0.0,2.0408163265306123,0.0,4.081632653061225,0.0,0.0,0.0,0.0,0.0,0.0,0.0,0.0,0.0,0.0,0.0,0.0,0.0,0.0,0.0,0.0,0.0,0.0
explainlikeimfive,0.0,0.0,0.0,0.0,0.0,0.0,0.0,0.6134969325153374,0.6134969325153374,0.0,0.0,3.9877300613496933,0.0,4.9079754601226995,0.0,0.0,0.0,0.0,0.0,0.0,0.0,0.0,0.0,0.0,0.0,0.0,0.0,0.0,0.0,0.0,0.0,0.0
atheism,0.0,0.0,0.0,0.0,0.0,0.0,0.0,0.26109660574412535,0.26109660574412535,0.0,0.0,4.699738903394255,0.0,3.1331592689295036,0.0,0.26109660574412535,0.0,0.0,0.0,0.0,0.26109660574412535,0.0,0.0,0.0,0.0,0.0,0.0,0.0,0.0,0.0,0.0,0.0
atheism,0.0,0.0,0.0,0.0,0.0,0.0,0.0,0.0,0.0,0.0,0.0,5.88235294117647,0.7352941176470588,4.411764705882353,0.0,0.0,0.0,0.0,0.0,0.0,0.7352941176470588,0.0,0.0,0.0,0.0,0.0,0.0,0.0,0.0,0.0,0.0,0.0
funny,0.0,0.0,0.0,0.0,0.0,0.0,0.0,0.0,0.0,0.0,0.0,5.88235294117647,0.0,5.88235294117647,0.0,0.0,0.0,0.0,0.0,0.0,0.0,0.0,0.0,0.0,0.0,0.0,0.0,0.0,0.0,0.0,0.0,0.0
pics,0.0,0.0,0.0,0.0,0.0,0.0,0.0,0.0,0.0,0.0,0.0,0.0,0.0,5.714285714285714,0.0,0.0,0.0,0.0,0.0,0.0,0.0,0.0,0.0,0.0,0.0,0.0,0.0,0.0,0.0,0.0,0.0,0.0
pics,0.0,0.0,0.0,0.0,0.0,0.0,0.0,0.0,0.0,0.0,0.0,4.385964912280701,0.0,2.631578947368421,0.0,0.0,0.8771929824561403,0.0,0.0,0.0,0.0,0.0,0.0,0.0,0.0,0.0,0.0,0.0,0.0,0.0,0.0,0.0
pics,0.0,0.0,0.0,0.0,0.0,0.0,0.0,0.0,0.0,0.0,0.0,0.0,0.0,10.526315789473683,0.0,0.0,0.0,0.0,0.0,0.0,0.0,0.0,0.0,0.0,0.0,0.0,0.0,0.0,0.0,0.0,0.0,0.0
AskReddit,0.0,0.0,0.0,0.0,0.0,0.0,0.0,0.0,0.0,0.0,0.0,5.109489051094891,0.0,4.37956204379562,0.0,0.7299270072992701,0.0,0.0,0.0,0.0,0.0,0.0,0.0,0.0,0.0,0.0,0.0,0.0,0.0,0.0,0.0,0.0
AskReddit,0.0,0.0,0.0,0.0,0.0,0.0,0.0,0.0,0.0,0.0,0.0,7.476635514018691,0.9345794392523363,8.411214953271028,0.0,0.0,0.0,0.0,0.0,0.0,0.0,0.0,0.0,0.0,0.0,0.0,0.0,0.0,0.0,0.0,0.0,0.0
funny,0.0,0.0,0.0,0.0,0.0,0.0,0.6644518272425249,0.33222591362126247,0.33222591362126247,0.0,0.0,6.976744186046512,0.0,4.651162790697675,0.0,0.0,0.0,0.0,0.0,0.0,0.0,0.0,0.0,0.0,0.0,0.0,0.0,0.0,0.0,0.0,0.0,0.0
funny,0.0,0.0,0.0,1.5873015873015872,2.380952380952381,0.0,0.0,0.0,0.0,0.0,0.0,2.380952380952381,0.0,9.523809523809524,0.0,0.0,0.0,0.0,0.0,0.0,0.0,0.0,0.0,0.0,0.0,0.0,0.0,0.0,0.0,0.0,0.0,0.0
AskReddit,0.0,0.0,0.0,0.0,0.0,0.0,0.0,0.9966777408637874,0.9966777408637874,0.0,0.0,3.9867109634551494,0.0,5.980066445182724,0.0,0.0,0.0,0.0,0.0,0.0,0.0,0.0,0.0,0.0,0.0,0.0,0.0,0.0,0.0,0.0,0.0,0.0
atheism,0.0,0.0,0.0,0.0,0.0,0.0,0.0,0.0,0.0,0.0,0.0,6.60377358490566,0.0,6.60377358490566,0.0,0.4716981132075472,0.0,0.0,0.0,0.0,0.0,0.0,0.0,0.0,0.0,0.0,0.0,0.0,0.0,0.0,0.0,0.0
atheism,0.0,0.0,0.0,0.36231884057971014,0.0,0.0,0.0,0.7246376811594203,0.7246376811594203,0.0,0.36231884057971014,2.1739130434782608,0.0,1.0869565217391304,0.0,0.0,0.0,0.0,0.0,0.0,0.7246376811594203,0.0,0.0,0.0,0.0,0.0,0.0,0.0,0.0,0.0,0.0,0.0
atheism,0.0,0.0,0.0,0.0,0.0,0.0,0.0,0.0,0.0,0.0,0.0,0.0,0.0,2.4390243902439024,0.0,0.0,0.0,0.0,0.0,0.0,0.0,0.0,0.0,0.0,0.0,0.0,0.0,0.0,0.0,0.0,0.0,0.0
atheism,0.0,0.0,0.0,0.0,0.0,0.0,0.0,0.32573289902280134,0.32573289902280134,0.0,0.0,6.840390879478828,0.0,4.88599348534202,0.0,0.0,0.0,0.0,0.0,0.0,0.0,0.0,0.0,0.0,0.0,0.0,0.0,0.0,0.0,0.0,0.0,0.0
atheism,0.0,0.0,0.0,0.0,0.0,0.0,0.0,0.0,0.0,0.0,0.0,0.0,0.0,7.142857142857142,0.0,0.0,0.0,0.0,0.0,0.0,0.0,0.0,0.0,0.0,0.0,0.0,0.0,0.0,0.0,0.0,0.0,0.0
atheism,0.0,0.0,0.0,0.0,0.5235602094240838,0.0,0.0,0.0,2.094240837696335,0.0,0.0,4.18848167539267,0.0,6.282722513089005,0.0,0.5235602094240838,0.0,0.0,0.0,0.0,0.0,0.0,0.0,0.0,0.0,0.0,0.0,0.0,0.0,0.0,0.0,0.0
politics,0.0,0.0,0.0,0.0,0.0,0.53475935828877,0.0,0.0,0.0,0.0,0.0,0.0,0.0,3.2085561497326207,0.0,0.0,0.0,0.0,0.0,0.0,0.0,0.0,0.0,0.0,0.0,0.0,0.0,0.0,0.0,0.0,0.0,0.0
politics,0.0,0.0,0.0,4.72972972972973,0.0,0.0,0.0,0.6756756756756757,0.6756756756756757,0.0,0.0,1.3513513513513513,0.0,7.4324324324324325,0.0,0.0,0.0,0.6756756756756757,0.0,0.0,0.0,0.0,0.0,0.0,0.0,0.0,0.0,0.0,0.0,0.0,0.0,0.0
politics,0.0,0.0,0.45662100456621,0.45662100456621,0.0,0.0,0.0,0.45662100456621,0.45662100456621,0.0,0.0,6.8493150684931505,0.0,5.0228310502283104,0.0,0.91324200913242,0.0,0.0,0.0,0.0,0.45662100456621,0.0,0.0,0.0,0.0,0.0,0.0,0.0,0.0,0.0,0.0,0.45662100456621
AskReddit,0.0,0.0,0.0,0.0,0.0,0.0,0.5617977528089888,0.0,0.0,0.0,0.0,8.426966292134832,0.0,5.056179775280898,0.0,0.0,0.0,0.0,0.0,0.0,0.0,0.0,0.0,0.0,0.0,0.0,0.0,0.0,0.0,0.0,0.0,0.0
AskReddit,0.34782608695652173,0.0,0.0,0.0,0.0,0.0,0.0,0.5217391304347827,0.5217391304347827,0.0,0.0,4.695652173913043,0.0,4.869565217391305,0.0,0.0,0.17391304347826086,0.0,0.0,0.0,0.17391304347826086,0.0,0.0,0.0,0.0,0.0,0.0,0.0,0.0,0.0,0.0,0.0
gaming,0.8583690987124464,0.0,0.0,0.0,0.4291845493562232,0.0,0.0,0.0,0.8583690987124464,0.0,0.0,6.008583690987124,0.0,2.1459227467811157,0.0,0.0,0.0,0.0,0.0,0.0,0.0,0.0,0.0,0.0,0.0,0.0,0.0,0.0,0.0,0.0,0.0,0.0
atheism,0.0,0.0,0.0,0.0,0.0,0.0,0.0,0.0,0.684931506849315,0.0,0.0,2.73972602739726,0.684931506849315,4.794520547945205,0.0,0.684931506849315,0.0,0.0,0.0,0.0,0.0,0.0,0.0,0.0,0.0,0.0,0.0,0.0,0.0,0.0,0.0,0.0
leagueoflegends,0.0,0.0,0.0,0.0,0.0,0.0,0.0,0.0,0.0,0.0,0.0,3.816793893129771,0.0,4.580152671755725,0.0,0.0,0.0,0.0,0.0,0.0,0.0,0.0,0.0,0.0,0.0,0.0,0.0,0.0,0.0,0.0,0.0,0.0
AskReddit,0.0,0.0,0.0,0.0,0.0,0.0,0.0,0.0,0.0,0.0,0.0,5.785123966942149,0.0,4.132231404958678,0.0,0.0,0.0,0.0,0.0,0.0,0.0,0.0,0.0,0.0,0.0,0.0,0.0,0.0,0.0,0.0,0.0,0.0
funny,0.0,0.0,0.0,0.0,0.0,0.0,0.0,2.4390243902439024,2.4390243902439024,0.0,0.0,17.073170731707318,0.0,4.878048780487805,0.0,0.0,0.0,0.0,0.0,0.0,0.0,0.0,0.0,0.0,0.0,0.0,0.0,0.0,0.0,0.0,0.0,0.0
funny,0.0,0.0,0.0,0.0,0.4716981132075472,0.0,0.4716981132075472,0.4716981132075472,0.4716981132075472,0.0,0.0,7.0754716981132075,0.0,4.716981132075472,0.0,0.0,0.0,0.0,0.0,0.0,0.0,0.0,0.0,0.0,0.0,0.0,0.0,0.0,0.0,0.0,0.0,0.0
atheism,0.0,0.0,0.0,0.0,0.0,0.0,0.8771929824561403,0.0,0.0,0.0,0.0,5.263157894736842,0.0,6.140350877192982,0.0,0.8771929824561403,0.0,0.0,0.0,0.0,0.0,0.0,0.0,0.0,0.0,0.0,0.0,0.0,0.0,0.0,0.0,0.0
gaming,0.0,0.0,0.0,0.0,0.0,0.0,0.0,0.0,0.0,0.0,0.0,3.6363636363636362,0.0,3.6363636363636362,0.0,0.0,0.0,0.0,0.0,0.0,0.0,0.0,0.0,0.0,0.0,0.0,0.0,0.0,0.0,0.0,0.0,0.0
AdviceAnimals,0.0,0.0,0.0,0.0,0.0,0.0,0.0,0.0,0.0,0.0,0.0,5.555555555555555,0.0,5.555555555555555,0.0,0.0,0.0,0.0,0.0,0.0,0.0,0.0,0.0,0.0,0.0,0.0,0.0,0.0,0.0,0.0,0.0,0.0
AskReddit,0.0,0.0,0.0,0.0,0.0,0.0,0.0,1.36986301369863,1.36986301369863,0.0,0.0,4.794520547945205,0.0,4.4520547945205475,0.0,0.684931506849315,0.0,0.0,0.0,0.0,0.0,0.0,0.0,0.0,0.0,0.0,0.0,0.0,0.0,0.0,0.0,0.0
AdviceAnimals,0.0,0.0,0.0,0.0,0.0,0.0,0.0,0.0,0.0,0.0,0.0,0.0,0.0,50.0,0.0,0.0,0.0,0.0,0.0,0.0,0.0,0.0,0.0,0.0,0.0,0.0,0.0,0.0,0.0,0.0,0.0,0.0
gaming,0.0,0.0,0.0,0.0,0.0,0.0,0.0,0.0,0.0,0.0,0.0,8.51063829787234,0.0,4.25531914893617,0.0,0.0,0.0,0.0,0.0,0.0,0.0,0.0,0.0,0.0,0.0,0.0,0.0,0.0,0.0,0.0,0.0,0.0
AskReddit,0.0,0.0,0.0,0.0,0.0,0.0,0.0,0.8264462809917356,0.0,0.0,0.0,8.677685950413224,0.0,8.264462809917356,0.0,0.4132231404958678,0.0,0.0,0.0,0.0,0.8264462809917356,0.0,0.8264462809917356,0.0,0.8264462809917356,0.0,0.0,0.0,0.0,0.0,0.0,0.0
gaming,0.0,0.0,0.0,0.0,0.0,0.0,0.0,0.5504587155963303,0.5504587155963303,0.0,0.0,2.2018348623853212,0.0,3.1192660550458715,0.0,0.0,0.1834862385321101,0.0,0.0,0.0,0.0,0.0,0.0,0.0,0.0,0.0,0.0,0.0,0.0,0.0,0.0,0.0
gaming,0.0,0.0,0.0,0.0,0.0,0.0,0.0,0.5235602094240838,0.5235602094240838,0.0,0.0,3.664921465968586,0.0,5.2356020942408374,0.0,0.0,0.0,0.0,0.0,0.0,0.5235602094240838,0.0,0.0,0.0,0.0,0.0,0.0,0.0,0.0,0.0,0.0,0.0
gaming,0.0,0.0,0.0,0.0,0.0,0.0,0.0,1.7777777777777777,1.7777777777777777,0.0,0.0,2.2222222222222223,0.0,3.5555555555555554,0.0,0.8888888888888888,0.0,0.0,0.0,0.0,0.0,0.0,0.0,0.0,0.0,0.0,0.0,0.0,0.0,0.0,0.0,0.0
gaming,0.0,0.0,0.0,0.0,0.0,0.0,0.0,2.2222222222222223,2.2222222222222223,0.0,0.0,5.0,0.0,2.2222222222222223,0.0,0.0,0.0,0.0,0.0,0.0,0.5555555555555556,0.0,0.0,0.0,0.0,0.0,0.0,0.0,0.0,0.0,0.0,0.0
AskReddit,0.0,0.0,0.0,0.0,0.0,0.0,0.0,0.0,0.0,0.0,0.0,3.2520325203252036,0.0,4.878048780487805,0.0,0.0,0.0,0.0,0.0,0.0,0.0,0.0,0.0,0.0,0.0,0.0,0.0,0.0,0.0,0.0,0.0,0.0
leagueoflegends,0.0,0.0,0.0,0.0,0.0,0.0,0.0,0.0,0.0,0.0,0.0,7.361963190184049,0.0,4.294478527607362,0.0,0.0,0.0,0.0,0.0,0.0,0.0,0.0,0.0,0.0,0.0,0.0,0.0,0.0,0.0,0.0,0.0,0.0
leagueoflegends,0.0,0.0,0.0,0.0,0.0,0.0,0.0,0.5882352941176471,0.5882352941176471,0.0,0.0,4.117647058823529,0.0,4.705882352941177,0.0,0.0,0.0,0.0,0.0,0.0,0.0,0.0,0.0,0.0,0.0,0.0,0.0,0.0,0.0,0.0,0.0,0.0
leagueoflegends,0.0,0.0,0.0,0.0,0.0,0.0,0.0,0.0,0.0,0.0,0.0,3.296703296703297,0.0,2.197802197802198,0.0,0.0,0.0,0.0,0.0,0.0,2.197802197802198,0.0,0.0,0.0,0.0,0.0,0.0,0.0,0.0,0.0,0.0,0.0
todayilearned,0.0,0.0,0.0,0.0,0.0,0.0,0.0,0.0,0.0,0.0,0.0,1.0256410256410255,2.051282051282051,2.564102564102564,0.0,0.0,0.0,0.0,0.0,0.0,0.0,0.0,0.0,0.0,0.0,0.0,0.0,0.0,0.0,0.0,0.0,0.0
AskReddit,0.0,0.0,0.0,0.0,0.0,0.0,0.0,1.3513513513513513,1.3513513513513513,0.0,0.0,4.054054054054054,0.0,6.756756756756757,0.0,0.0,0.0,0.0,0.0,0.0,0.0,0.0,0.0,0.0,0.0,0.0,0.0,0.0,0.0,0.0,0.0,0.0
explainlikeimfive,0.0,0.0,0.0,0.0,0.0,0.0,0.0,0.4424778761061947,0.4424778761061947,0.0,0.0,3.0973451327433628,0.0,4.424778761061947,0.0,0.0,0.0,0.0,0.0,0.0,0.0,0.0,0.0,0.0,0.0,0.0,0.0,0.0,0.0,0.0,0.0,0.0
gaming,0.0,0.0,0.0,0.0,0.0,0.0,0.0,0.0,0.0,0.0,0.0,3.10077519379845,0.0,5.426356589147287,0.0,1.550387596899225,0.0,0.0,0.0,0.0,0.7751937984496124,0.0,0.0,0.0,0.0,0.0,0.0,0.0,0.0,0.0,0.0,0.0
gaming,0.0,0.0,0.0,0.0,0.0,0.0,0.0,0.0,0.0,0.0,0.0,3.389830508474576,0.0,6.779661016949152,0.0,0.0,0.0,0.0,0.0,0.0,0.0,0.0,0.0,0.0,0.0,0.0,0.0,0.0,0.0,0.0,0.0,0.0
gaming,0.15625,0.0,0.0,0.0,0.078125,0.078125,0.078125,0.46875,0.390625,0.0,0.0,3.4375000000000004,0.0,6.015625,0.15625,0.0,0.0,0.0,0.0,0.0,0.078125,0.0,0.0,0.0,0.0,0.0,0.0,0.0,0.0,0.0,0.0,0.0
gaming,0.0,0.0,0.0,0.0,0.0,0.0,0.0,2.287581699346405,2.287581699346405,0.0,0.0,3.594771241830065,0.0,3.2679738562091507,0.0,0.0,0.0,0.0,0.0,0.0,0.0,0.0,0.0,0.0,0.0,0.0,0.0,0.0,0.0,0.0,0.0,0.0
AskReddit,0.0,0.0,0.0,0.0,0.0,0.0,3.896103896103896,0.0,0.0,0.0,0.0,5.194805194805195,0.0,6.493506493506493,0.0,0.0,0.0,0.0,0.0,0.0,0.0,0.0,0.0,0.0,0.0,0.0,0.0,0.0,0.0,0.0,0.0,0.0
AskReddit,0.0,0.0,0.0,0.0,0.0,0.6535947712418301,0.0,0.0,0.0,0.0,0.0,8.49673202614379,0.0,0.6535947712418301,0.0,0.0,0.0,0.0,0.0,0.0,0.0,0.0,0.0,0.0,0.0,0.0,0.0,0.0,0.0,0.0,0.0,0.0
AskReddit,0.0,0.0,0.0,0.0,0.0,0.0,0.0,0.0,0.0,0.0,0.0,0.0,0.0,8.333333333333332,0.0,0.0,0.0,0.0,0.0,0.0,0.0,0.0,0.0,0.0,0.0,0.0,0.0,0.0,0.0,0.0,0.0,0.0
AskReddit,0.0,0.0,0.0,0.0,0.0,0.0,0.0,0.0,0.0,0.0,0.0,3.3333333333333335,0.0,6.666666666666667,0.0,0.0,0.0,0.0,0.0,0.0,0.0,0.0,0.0,0.0,0.0,0.0,0.0,0.0,0.0,0.0,0.0,0.0
AskReddit,0.0,0.0,0.0,0.0,0.0,0.0,0.0,0.0,0.0,0.0,0.0,11.15702479338843,0.0,6.198347107438017,0.0,0.4132231404958678,0.0,0.0,0.0,0.0,0.0,0.0,0.0,0.0,0.0,0.0,0.0,0.0,0.0,0.0,0.0,0.0
AskReddit,0.0,0.0,0.0,0.0,0.0,0.0,0.0,1.639344262295082,1.639344262295082,0.0,0.0,1.639344262295082,0.0,6.557377049180328,0.0,0.0,0.0,0.0,0.0,0.0,4.918032786885246,0.0,0.0,0.0,0.0,0.0,0.0,0.0,0.0,0.0,0.0,0.0
AskReddit,0.35714285714285715,0.0,0.0,0.0,0.0,0.0,0.0,0.0,0.0,0.0,0.0,7.5,0.0,5.714285714285714,0.0,0.35714285714285715,0.0,0.0,0.0,0.0,0.0,0.0,0.0,0.0,0.0,0.0,0.0,0.0,0.0,0.0,0.0,0.0
AskReddit,0.0,0.0,0.0,0.0,0.0,0.0,0.0,0.0,0.0,0.0,0.0,0.6622516556291391,0.0,5.298013245033113,0.0,0.0,0.0,0.0,0.0,0.0,0.0,0.0,0.0,0.0,0.0,0.0,0.0,0.0,0.0,0.0,0.0,0.0
AskReddit,0.0,0.0,0.0,0.0,0.0,0.0,0.0,1.25,1.25,0.0,0.0,10.0,0.0,2.5,0.0,0.0,0.0,0.0,0.0,0.0,0.0,0.0,0.0,0.0,0.0,0.0,0.0,0.0,0.0,0.0,0.0,0.0
AskReddit,0.0,0.0,0.0,0.0,0.0,0.0,0.0,0.0,0.0,0.0,0.0,6.878306878306878,0.0,7.4074074074074066,0.0,0.0,0.0,0.0,0.0,0.0,0.0,0.0,0.0,0.0,0.0,0.0,0.0,0.0,0.0,0.0,0.0,0.0
AskReddit,0.0,0.0,0.0,0.0,0.0,0.0,0.0,0.0,0.0,0.0,0.0,0.0,0.0,7.4074074074074066,0.0,0.0,0.0,0.0,0.0,0.0,3.7037037037037033,0.0,0.0,0.0,0.0,0.0,0.0,0.0,0.0,0.0,0.0,0.0
AskReddit,0.0,0.0,0.0,0.0,0.0,0.0,0.0,0.992063492063492,0.992063492063492,0.0,0.0,3.1746031746031744,0.1984126984126984,3.7698412698412698,0.0,0.0,0.3968253968253968,0.0,0.0,0.0,0.0,0.0,0.0,0.0,0.0,0.0,0.0,0.0,0.0,0.0,0.0,0.0
AskReddit,0.35149384885764495,0.0,0.0,0.0,0.0,0.0,0.0,0.17574692442882248,0.17574692442882248,0.0,0.0,4.569420035149385,0.0,4.393673110720562,0.0,0.35149384885764495,0.0,0.0,0.0,0.0,0.17574692442882248,0.0,0.0,0.0,0.0,0.0,0.0,0.0,0.0,0.0,0.0,0.0
AskReddit,0.0,0.0,0.0,0.0,0.0,0.0,0.0,0.5899705014749262,0.5899705014749262,0.0,0.0,6.784660766961652,0.0,4.71976401179941,0.0,0.0,0.0,0.0,0.0,0.0,0.0,0.0,0.0,0.0,0.0,0.0,0.0,0.0,0.0,0.0,0.0,0.0
AskReddit,1.1299435028248588,0.0,0.0,0.0,0.0,0.0,0.0,0.5649717514124294,1.1299435028248588,0.0,0.0,4.519774011299435,0.0,5.084745762711865,0.0,1.1299435028248588,0.0,0.0,0.0,0.0,0.0,0.0,0.0,0.0,0.0,0.0,0.0,0.0,0.0,0.0,0.0,0.0
gaming,0.0,0.0,0.0,0.0,0.0,0.0,0.0,0.0,0.0,0.0,0.0,20.0,0.0,0.0,0.0,0.0,0.0,0.0,0.0,0.0,0.0,0.0,0.0,0.0,0.0,0.0,0.0,0.0,0.0,0.0,0.0,0.0
AskReddit,0.0,0.0,0.0,0.0,0.0,0.0,0.0,0.0,0.0,0.0,0.0,0.0,0.0,0.0,0.0,0.0,0.0,0.0,0.0,0.0,0.0,0.0,0.0,0.0,0.0,0.0,0.0,0.0,0.0,0.0,0.0,0.0
AskReddit,0.0,0.0,0.0,0.0,0.0,0.0,0.0,0.0,0.0,0.0,0.0,2.857142857142857,0.0,2.857142857142857,0.0,0.0,0.0,0.0,0.0,0.0,0.0,0.0,0.0,0.0,0.0,0.0,0.0,0.0,0.0,0.0,0.0,0.0
AskReddit,0.0,0.0,0.0,0.0,0.0,0.0,0.0,0.0,0.0,0.0,0.0,8.208955223880597,0.0,5.223880597014925,0.0,0.0,0.0,0.0,0.0,0.0,0.0,0.0,0.0,0.0,0.0,0.0,0.0,0.0,0.0,0.0,0.0,0.0
AskReddit,1.4598540145985401,0.0,0.0,0.0,0.0,0.0,0.0,0.0,0.0,0.0,0.0,5.109489051094891,0.0,5.109489051094891,0.0,0.7299270072992701,0.0,0.0,0.0,0.0,0.0,0.0,0.0,0.0,0.0,0.0,0.0,0.0,0.0,0.0,0.0,0.0
AskReddit,0.0,0.0,0.0,0.0,0.0,0.0,0.0,7.575757575757576,7.575757575757576,0.0,4.545454545454546,4.545454545454546,0.0,4.545454545454546,0.0,3.0303030303030303,0.0,0.0,3.0303030303030303,0.0,0.0,0.0,0.0,0.0,0.0,0.0,0.0,0.0,0.0,0.0,0.0,0.0
AskReddit,0.0,0.0,0.0,0.0,0.0,0.0,0.0,0.0,0.0,0.0,0.0,3.5294117647058822,0.0,4.705882352941177,0.0,0.0,0.0,0.0,0.0,0.0,0.0,0.0,0.0,0.0,0.0,0.0,0.0,0.0,0.0,0.0,0.0,0.0
AskReddit,0.0,0.0,0.0,0.0,0.0,0.0,0.0,0.0,0.0,0.0,0.0,2.727272727272727,0.0,3.6363636363636362,0.0,0.0,0.0,0.0,0.0,0.0,0.9090909090909091,0.0,0.0,0.0,0.0,0.0,0.0,0.0,0.0,0.0,0.0,0.0
AskReddit,0.0,0.0,0.0,0.0,0.0,0.0,0.0,0.0,0.0,0.0,0.0,10.112359550561797,0.0,4.49438202247191,0.0,0.0,0.0,0.0,0.0,0.0,0.0,0.0,0.0,0.0,0.0,0.0,0.0,0.0,0.0,0.0,0.0,0.0
AskReddit,0.0,0.0,0.0,0.0,0.0,0.0,0.0,0.0,0.0,0.0,0.0,0.0,0.0,1.9230769230769231,0.0,3.8461538461538463,0.0,0.0,0.0,0.0,1.9230769230769231,0.0,0.0,0.0,0.0,0.0,0.0,0.0,0.0,0.0,0.0,0.0
AskReddit,0.0,0.0,0.0,0.0,0.0,0.0,0.0,0.9433962264150944,0.4716981132075472,0.0,0.0,5.660377358490567,0.0,4.245283018867925,0.0,0.4716981132075472,0.0,0.0,0.0,0.0,0.0,0.0,0.4716981132075472,0.0,0.4716981132075472,0.0,0.0,0.0,0.0,0.0,0.0,0.0
AskReddit,0.0,0.0,0.0,0.0,0.0,0.0,0.0,1.6129032258064515,1.6129032258064515,0.0,0.0,3.225806451612903,0.0,3.225806451612903,0.0,0.0,0.0,0.0,0.0,0.0,0.0,0.0,0.0,0.0,0.0,0.0,0.0,0.0,0.0,0.0,0.0,0.0
AskReddit,0.0,0.0,0.0,0.0,0.0,0.0,2.2887323943661975,0.7042253521126761,0.7042253521126761,0.0,0.0,7.922535211267606,0.0,3.697183098591549,0.0,1.232394366197183,0.0,0.0,0.0,0.528169014084507,0.528169014084507,0.0,0.0,0.0,0.0,0.0,0.0,0.0,0.0,0.0,0.0,0.0
AskReddit,0.0,0.0,0.0,0.0,0.0,0.0,0.0,0.6980802792321117,0.6980802792321117,0.0,0.0,5.93368237347295,0.34904013961605584,3.664921465968586,0.0,0.17452006980802792,0.0,0.0,0.0,0.0,0.0,0.0,0.0,0.0,0.0,0.0,0.0,0.0,0.0,0.0,0.0,0.0
AskReddit,0.0,0.0,0.0,0.0,0.0,0.0,0.0,1.0309278350515463,1.0309278350515463,0.0,0.0,7.216494845360824,0.0,5.154639175257731,0.0,0.0,0.0,0.0,0.0,0.0,0.0,0.0,0.0,0.0,0.0,0.0,0.0,0.0,0.0,0.0,0.0,0.0
AskReddit,0.0,0.0,0.0,0.0,0.0,0.0,0.0,0.0,0.0,0.0,0.0,2.857142857142857,0.0,2.857142857142857,0.0,0.0,0.0,0.0,0.0,0.0,0.0,0.0,0.0,0.0,0.0,0.0,0.0,0.0,0.0,0.0,0.0,0.0
AskReddit,0.0,0.0,4.301075268817205,0.0,0.0,0.0,0.0,0.0,0.0,0.0,0.0,8.60215053763441,0.0,7.526881720430108,0.0,5.376344086021505,0.0,0.0,0.0,0.0,1.0752688172043012,0.0,0.0,0.0,0.0,0.0,0.0,0.0,0.0,0.0,0.0,0.0
AskReddit,0.0,0.0,0.0,0.0,0.0,0.0,0.0,3.061224489795918,3.061224489795918,1.0204081632653061,0.0,6.122448979591836,0.0,4.081632653061225,0.0,1.0204081632653061,0.0,0.0,0.0,0.0,0.0,0.0,0.0,0.0,0.0,0.0,0.0,0.0,0.0,0.0,0.0,0.0
AskReddit,0.0,0.0,0.0,0.0,0.0,0.0,0.0,0.0,0.0,0.0,0.0,0.0,0.0,0.0,0.0,0.0,0.0,0.0,0.0,0.0,0.0,0.0,0.0,0.0,0.0,0.0,0.0,0.0,0.0,0.0,0.0,0.0
AskReddit,0.0,0.0,0.0,0.0,0.0,0.0,0.6741573033707865,1.1235955056179776,0.8988764044943821,0.0,0.0,4.49438202247191,0.0,4.49438202247191,0.0,0.22471910112359553,0.0,0.0,0.0,0.0,0.0,0.0,0.22471910112359553,0.0,0.22471910112359553,0.0,0.0,0.0,0.0,0.0,0.0,0.0
pics,0.0,0.0,0.0,0.0,0.0,0.0,0.0,4.49438202247191,4.49438202247191,0.0,0.0,3.3707865168539324,0.0,1.1235955056179776,0.0,0.0,0.0,0.0,0.0,0.0,0.0,0.0,0.0,0.0,0.0,0.0,0.0,0.0,0.0,0.0,0.0,0.0
gaming,1.2135922330097086,0.0,0.0,0.0,0.0,0.0,0.0,0.24271844660194172,0.24271844660194172,0.0,0.0,3.3980582524271843,0.0,3.640776699029126,0.0,0.0,0.0,0.0,0.0,0.0,0.9708737864077669,0.0,0.0,0.0,0.0,0.0,0.0,0.0,0.0,0.0,0.0,0.0
AskReddit,3.125,0.0,0.0,0.0,0.0,0.0,0.0,0.0,0.0,0.0,0.0,2.083333333333333,0.0,7.291666666666667,0.0,0.0,0.0,0.0,0.0,0.0,0.0,0.0,0.0,0.0,0.0,0.0,0.0,0.0,0.0,0.0,0.0,0.0
atheism,0.0,0.0,0.0,0.0,0.0,0.0,0.0,0.0,0.0,0.0,0.0,5.714285714285714,0.0,7.6190476190476195,0.0,0.0,0.0,0.0,0.0,0.0,0.0,0.0,0.0,0.0,0.0,0.0,0.0,0.0,0.0,0.0,0.0,0.0
AskReddit,0.7117437722419928,0.0,0.0,0.0,0.0,0.0,0.0,0.0,0.0,0.0,0.0,7.11743772241993,0.0,4.98220640569395,0.0,0.3558718861209964,0.0,0.0,0.0,0.0,0.7117437722419928,0.0,0.0,0.0,0.0,0.0,0.0,0.0,0.0,0.0,0.0,0.0
AskReddit,1.2345679012345678,0.0,0.0,0.0,0.0,0.0,0.0,0.0,0.0,0.0,0.0,9.876543209876543,0.0,7.4074074074074066,0.0,0.0,0.0,0.0,0.0,0.0,0.0,0.0,0.0,0.0,0.0,0.0,0.0,0.0,0.0,0.0,0.0,0.0
AskReddit,1.4925373134328357,0.0,0.0,0.0,0.0,0.0,0.0,0.4975124378109453,0.4975124378109453,0.0,0.0,3.482587064676617,0.0,3.482587064676617,0.0,0.0,0.0,0.0,0.0,0.0,0.0,0.0,0.0,0.0,0.0,0.0,0.0,0.0,0.0,0.0,0.0,0.0
AskReddit,0.0,0.0,0.0,0.0,0.0,0.0,0.0,0.0,0.0,0.0,0.0,6.153846153846154,0.0,4.615384615384616,0.0,0.0,0.0,0.0,0.0,0.0,0.0,0.0,0.0,0.0,0.0,0.0,0.0,0.0,0.0,0.0,0.0,0.0
AskReddit,0.0,0.0,0.0,0.0,0.0,0.0,0.0,0.0,0.0,0.0,0.0,3.296703296703297,0.0,5.4945054945054945,0.0,0.0,0.0,0.0,0.0,0.0,0.0,0.0,0.0,0.0,0.0,0.0,0.0,0.0,0.0,0.0,0.0,0.0
AskReddit,0.0,0.0,0.0,0.0,0.0,0.0,0.0,0.5970149253731344,0.5970149253731344,0.0,0.0,3.2835820895522385,0.0,5.3731343283582085,0.0,0.0,0.0,0.0,0.0,0.0,0.0,0.0,0.0,0.0,0.0,0.0,0.0,0.0,0.0,0.0,0.0,0.0
AskReddit,0.0,0.0,0.0,0.0,0.0,0.0,0.0,0.0,0.0,0.0,0.0,6.60377358490566,0.9433962264150944,9.433962264150944,0.0,0.0,0.0,0.0,0.0,0.0,0.0,0.0,0.0,0.0,0.0,0.0,0.0,0.0,0.0,0.0,0.0,0.0
explainlikeimfive,0.25252525252525254,0.0,0.0,0.0,0.0,0.0,0.0,0.25252525252525254,0.25252525252525254,0.0,0.0,4.545454545454546,0.25252525252525254,2.272727272727273,0.0,0.0,0.0,0.0,0.0,0.0,0.0,0.0,0.0,0.0,0.0,0.0,0.0,0.0,0.0,0.0,0.0,0.0
AskReddit,1.4029618082618862,0.0,0.0,0.0,0.0,0.0,0.0,0.23382696804364772,0.3897116134060795,0.0,0.0,2.260327357755261,0.0,3.507404520654715,0.0,0.0,0.0,0.0,0.0,0.0,0.3117692907248636,0.0,0.0,0.0,0.0,0.0,0.0,0.0,0.0,0.0,0.0,0.0
AskReddit,0.0,0.0,0.0,0.0,0.0,0.0,0.0,0.0,0.0,0.0,0.0,2.4390243902439024,0.0,4.878048780487805,0.0,0.0,0.0,0.0,0.0,0.0,0.0,0.0,0.0,0.0,0.0,0.0,0.0,0.0,0.0,0.0,0.0,0.0
AdviceAnimals,0.6944444444444444,0.0,0.0,0.0,0.0,0.0,0.0,2.083333333333333,0.6944444444444444,0.0,0.0,2.083333333333333,0.0,5.555555555555555,0.0,0.0,0.0,0.0,0.0,0.0,0.6944444444444444,0.0,0.6944444444444444,0.0,0.6944444444444444,0.0,0.0,0.0,0.0,0.0,0.0,0.0
AskReddit,0.22988505747126436,0.0,0.0,0.0,0.0,0.0,0.22988505747126436,0.0,0.0,0.0,0.0,5.747126436781609,0.22988505747126436,5.057471264367816,0.0,0.0,0.0,0.0,0.0,0.0,0.45977011494252873,0.0,0.0,0.0,0.0,0.0,0.0,0.0,0.0,0.0,0.0,0.0
AskReddit,0.0,0.0,0.0,0.0,0.0,0.0,0.0,0.8928571428571428,0.8928571428571428,0.0,0.0,2.6785714285714284,0.0,6.25,0.8928571428571428,0.0,0.0,0.0,0.0,0.0,0.0,0.0,0.0,0.0,0.0,0.0,0.0,0.0,0.0,0.0,0.0,0.0
leagueoflegends,0.0,0.0,0.0,0.0,0.0,0.0,0.0,0.39370078740157477,0.39370078740157477,0.0,0.0,3.937007874015748,0.0,4.724409448818897,0.0,1.1811023622047243,0.0,0.0,0.0,0.0,0.7874015748031495,0.0,0.0,0.0,0.0,0.0,0.0,0.0,0.0,0.0,0.0,0.0
leagueoflegends,0.0,0.0,0.0,0.0,0.0,0.0,0.0,0.43859649122807015,0.43859649122807015,0.0,0.0,2.631578947368421,0.0,7.017543859649122,0.0,0.0,0.0,0.0,0.0,0.0,0.0,0.0,0.0,0.0,0.0,0.0,0.0,0.0,0.0,0.0,0.0,0.0
AskReddit,1.702127659574468,0.0,0.0,0.0,0.0,0.0,0.0,0.425531914893617,0.425531914893617,0.0,0.0,2.9787234042553195,0.0,1.276595744680851,0.0,0.0,0.425531914893617,0.0,0.0,0.0,0.851063829787234,0.0,0.0,0.0,0.0,0.0,0.0,0.0,0.0,0.0,0.0,0.0
AskReddit,0.0,0.0,0.0,0.0,0.0,0.0,0.0,1.25,1.25,0.0,0.0,0.0,0.0,5.0,0.0,0.0,0.0,0.0,0.0,0.0,0.0,0.0,0.0,0.0,0.0,0.0,0.0,0.0,0.0,0.0,0.0,0.0
AskReddit,0.0,0.0,0.0,0.0,0.0,0.0,0.0,0.0,0.0,0.0,0.0,3.870967741935484,0.0,8.172043010752688,0.0,0.0,0.0,0.0,0.0,0.0,0.0,0.0,0.0,0.0,0.0,0.0,0.0,0.0,0.0,0.0,0.0,0.0
gaming,0.0,0.0,0.0,0.0,0.0,0.0,0.0,0.0,0.0,0.0,0.0,2.2988505747126435,0.0,5.747126436781609,0.0,0.0,0.0,0.0,0.0,0.0,2.2988505747126435,0.0,0.0,0.0,0.0,0.0,0.0,0.0,0.0,0.0,0.0,0.0
leagueoflegends,0.0,0.0,0.0,0.0,0.0,2.2222222222222223,0.0,11.11111111111111,11.11111111111111,0.0,6.666666666666667,0.0,0.0,4.444444444444445,0.0,0.0,0.0,0.0,4.444444444444445,0.0,0.0,0.0,4.444444444444445,0.0,4.444444444444445,0.0,0.0,0.0,0.0,0.0,0.0,0.0
leagueoflegends,0.0,0.0,0.0,0.0,1.694915254237288,0.0,0.0,0.0,0.0,0.0,0.0,3.389830508474576,0.0,5.084745762711865,0.0,0.0,0.0,0.0,0.0,0.0,0.0,0.0,0.0,0.0,0.0,0.0,0.0,0.0,0.0,0.0,0.0,0.0
atheism,0.0,0.0,0.0,0.0,0.0,0.0,0.0,0.0,0.0,0.0,0.0,2.3255813953488373,0.0,9.30232558139535,0.0,0.0,0.0,0.0,0.0,0.0,0.0,0.0,0.0,0.0,0.0,0.0,0.0,0.0,0.0,0.0,0.0,0.0
AdviceAnimals,0.0,0.0,0.0,0.0,0.0,0.0,0.0,0.0,0.0,0.0,0.0,0.0,0.0,11.76470588235294,0.0,1.9607843137254901,0.0,0.0,0.0,0.0,0.0,0.0,0.0,0.0,0.0,0.0,0.0,0.0,0.0,0.0,0.0,0.0
AdviceAnimals,0.0,0.0,0.0,0.0,0.0,0.0,0.0,1.0204081632653061,1.0204081632653061,0.0,0.0,3.061224489795918,0.0,7.142857142857142,0.0,0.0,0.0,0.0,0.0,0.0,0.0,0.0,0.0,0.0,0.0,0.0,0.0,0.0,0.0,0.0,0.0,0.0
AdviceAnimals,0.2932551319648094,0.0,0.0,0.09775171065493646,0.0,0.0,0.0,0.9775171065493646,0.9775171065493646,0.0,0.0,3.1280547409579667,0.0,6.744868035190615,0.0,2.541544477028348,0.0,0.0,0.0,0.0,0.5865102639296188,0.0,0.0,0.0,0.0,0.0,0.0,0.0,0.0,0.0,0.0,0.0
politics,0.0,0.0,0.0,0.7194244604316548,0.0,0.0,0.0,1.4388489208633095,1.4388489208633095,0.0,0.0,6.474820143884892,0.7194244604316548,5.755395683453238,0.0,0.7194244604316548,0.0,0.0,0.0,0.0,0.0,0.0,0.0,0.0,0.0,0.0,0.0,0.0,0.0,0.0,0.0,0.0
pics,0.0,0.0,0.0,0.0,0.0,0.0,0.0,0.0,0.0,0.0,0.0,3.0303030303030303,0.0,0.0,0.0,0.0,0.0,0.0,0.0,0.0,0.0,0.0,0.0,0.0,0.0,0.0,0.0,0.0,0.0,0.0,0.0,0.0
pics,0.0,0.0,0.0,0.0,0.0,0.0,0.0,0.5319148936170213,0.5319148936170213,0.0,0.0,5.319148936170213,0.0,5.851063829787234,0.0,0.5319148936170213,0.0,0.0,0.0,0.0,0.5319148936170213,0.0,0.0,0.0,0.0,0.0,0.0,0.0,0.0,0.0,0.0,0.0
todayilearned,0.0,0.0,0.0,0.0,2.2222222222222223,0.0,0.0,0.0,0.0,0.0,0.0,2.2222222222222223,0.0,4.444444444444445,0.0,0.0,0.0,0.0,0.0,0.0,0.0,0.0,0.0,0.0,0.0,0.0,0.0,0.0,0.0,0.0,0.0,0.0
todayilearned,0.2985074626865672,0.0,0.0,0.0,0.0,0.0,0.0,0.5970149253731344,0.5970149253731344,0.0,0.0,4.477611940298507,0.2985074626865672,4.179104477611941,0.0,1.1940298507462688,0.0,0.0,0.0,0.0,1.1940298507462688,0.0,0.0,0.0,0.0,0.0,0.0,0.0,0.0,0.0,0.0,0.0
todayilearned,0.0,0.0,0.0,0.0,0.0,0.0,0.0,0.819672131147541,0.819672131147541,0.0,0.0,2.459016393442623,0.0,4.918032786885246,0.0,0.819672131147541,0.0,0.0,0.0,0.0,0.0,0.0,0.0,0.0,0.0,0.0,0.0,0.0,0.0,0.0,0.0,0.0
todayilearned,0.2824858757062147,0.0,0.0,0.0,0.2824858757062147,0.0,0.0,1.1299435028248588,1.1299435028248588,0.0,0.0,3.389830508474576,0.0,4.23728813559322,0.0,0.2824858757062147,0.2824858757062147,0.0,0.0,0.0,1.977401129943503,0.0,0.0,0.0,0.0,0.0,0.0,0.0,0.0,0.0,0.0,0.0
pics,0.0,0.0,0.0,0.0,0.0,0.0,0.0,0.9090909090909091,0.9090909090909091,0.0,0.0,4.545454545454546,0.0,4.545454545454546,0.0,0.0,0.0,0.0,0.0,0.0,0.0,0.0,0.0,0.0,0.0,0.0,0.0,0.0,0.0,0.0,0.0,0.0
AskReddit,0.0,0.0,0.0,0.0,0.0,0.0,0.0,0.0,0.0,0.0,0.0,6.578947368421052,0.0,5.263157894736842,0.0,0.0,0.0,0.0,0.0,0.0,0.0,0.0,0.0,0.0,0.0,0.0,0.0,0.0,0.0,0.0,0.0,0.0
AskReddit,0.0,0.0,0.0,0.0,0.0,0.0,0.0,0.0,0.0,0.0,0.0,5.555555555555555,0.0,2.7777777777777777,0.0,0.0,0.0,0.0,0.0,0.0,0.0,0.0,0.0,0.0,0.0,0.0,0.0,0.0,0.0,0.0,0.0,0.0
AskReddit,3.1914893617021276,0.0,0.0,0.0,0.0,0.0,0.0,3.1914893617021276,3.1914893617021276,0.0,0.0,3.1914893617021276,0.0,4.25531914893617,0.0,0.0,0.0,0.0,0.0,0.0,0.0,0.0,0.0,0.0,0.0,0.0,0.0,0.0,0.0,0.0,0.0,0.0
AskReddit,0.0,0.0,0.0,0.0,0.0,0.0,0.0,0.0,0.0,0.0,0.0,0.0,0.0,6.5420560747663545,0.0,0.0,0.0,0.0,0.0,0.0,0.0,0.0,0.0,0.0,0.0,0.0,0.0,0.0,0.0,0.0,0.0,0.0
AskReddit,0.0,0.0,0.0,0.0,0.0,0.0,0.0,0.0,0.0,0.0,0.0,4.23728813559322,0.0,5.084745762711865,0.0,0.0,0.0,0.0,0.0,0.0,0.0,0.0,0.0,0.0,0.0,0.0,0.0,0.0,0.0,0.0,0.0,0.0
AskReddit,0.0,0.0,0.0,0.0,0.39370078740157477,0.0,0.0,0.7874015748031495,0.7874015748031495,0.39370078740157477,0.0,3.543307086614173,0.0,4.330708661417323,0.0,0.0,0.0,0.0,0.0,0.0,0.0,0.0,0.0,0.0,0.0,0.0,0.0,0.0,0.0,0.0,0.0,0.0
AskReddit,1.550387596899225,0.0,0.0,0.0,0.0,0.0,0.0,0.7751937984496124,0.7751937984496124,0.0,0.0,3.875968992248062,0.0,5.426356589147287,0.0,0.0,0.0,0.0,0.0,0.0,0.0,0.0,0.0,0.0,0.0,0.0,0.0,0.0,0.0,0.0,0.0,0.0
AskReddit,0.0,0.0,0.0,0.0,0.0,0.0,0.0,0.42016806722689076,0.42016806722689076,0.0,0.0,4.621848739495799,0.0,5.46218487394958,0.0,0.0,0.0,0.0,0.0,0.0,0.0,0.0,0.0,0.0,0.0,0.0,0.0,0.0,0.0,0.0,0.0,0.0
AskReddit,0.0,0.0,0.0,0.0,0.0,0.0,0.0,0.425531914893617,0.425531914893617,0.0,0.0,7.234042553191489,0.0,3.404255319148936,0.0,0.0,0.0,0.0,0.0,0.0,0.0,0.0,0.0,0.0,0.0,0.0,0.0,0.0,0.0,0.0,0.0,0.0
leagueoflegends,0.0,0.0,0.0,0.0,0.0,0.0,0.0,1.9417475728155338,1.9417475728155338,0.0,0.0,3.8834951456310676,0.0,2.912621359223301,0.0,0.0,0.0,0.0,0.0,0.0,0.9708737864077669,0.0,0.0,0.0,0.0,0.0,0.0,0.0,0.0,0.0,0.0,0.0
pics,0.0,0.0,0.0,0.0,0.0,0.0,0.0,0.0,0.0,0.0,0.0,4.316546762589928,0.0,2.158273381294964,0.0,0.0,0.0,0.0,0.0,0.0,0.0,0.0,0.0,0.0,0.0,0.0,0.0,0.0,0.0,0.0,0.0,0.0
AskReddit,0.0,0.0,0.0,0.0,0.0,0.0,0.0,0.3787878787878788,0.3787878787878788,0.0,0.0,3.0303030303030303,0.0,5.492424242424242,0.0,0.0,0.0,0.0,0.0,0.0,0.0,0.0,0.0,0.0,0.0,0.0,0.0,0.0,0.0,0.0,0.0,0.0
AskReddit,0.0,0.0,0.0,0.0,0.0,0.0,0.0,0.0,0.0,0.0,0.0,1.3888888888888888,0.0,7.638888888888889,0.0,0.0,0.0,0.0,0.0,0.0,0.0,0.0,0.0,0.0,0.0,0.0,0.0,0.0,0.0,0.0,0.0,0.0
AskReddit,0.0,0.0,0.0,0.0,0.0,0.0,0.0,0.8333333333333334,0.8333333333333334,0.0,0.0,0.0,0.0,5.833333333333333,0.0,0.0,0.0,0.0,0.0,0.0,0.0,0.0,0.0,0.0,0.0,0.0,0.0,0.0,0.0,0.0,0.0,0.0
leagueoflegends,0.0,0.0,0.0,0.0,0.0,0.0,0.0,0.8264462809917356,0.8264462809917356,0.0,0.0,4.958677685950414,0.0,9.090909090909092,0.0,0.0,0.0,0.0,0.0,0.0,0.0,0.0,0.0,0.0,0.0,0.0,0.0,0.0,0.0,0.0,0.0,0.0
AskReddit,0.0,0.0,0.0,0.0,0.0,0.0,0.0,0.6024096385542169,0.6024096385542169,0.0,0.0,3.0120481927710845,0.0,4.819277108433735,0.0,0.0,0.0,0.0,0.0,0.0,0.0,0.0,0.0,0.0,0.0,0.0,0.0,0.0,0.0,0.0,0.0,0.0
todayilearned,0.0,0.0,0.0,0.546448087431694,0.0,0.0,0.0,0.546448087431694,0.546448087431694,0.0,0.0,6.0109289617486334,0.0,3.825136612021858,0.0,0.0,0.0,0.0,0.0,0.0,0.0,0.0,0.0,0.0,0.0,0.0,0.0,0.0,0.0,0.0,0.0,0.0
todayilearned,0.0,0.0,0.0,0.0,0.0,0.0,0.0,0.0,0.0,0.0,0.0,1.4084507042253522,0.0,5.633802816901409,0.0,0.0,0.0,0.0,0.0,0.0,0.0,0.0,0.0,0.0,0.0,0.0,0.0,0.0,0.0,0.0,0.0,0.0
explainlikeimfive,0.0,0.0,0.0,0.0,0.0,0.0,0.0,0.9433962264150944,0.9433962264150944,0.0,0.0,3.7735849056603774,0.0,6.60377358490566,0.0,0.0,0.0,0.0,0.0,0.0,0.0,0.0,0.0,0.0,0.0,0.0,0.0,0.0,0.0,0.0,0.0,0.0
AskReddit,0.0,0.0,0.0,0.0,0.0,0.0,0.0,0.0,0.0,0.0,0.0,6.0,0.0,4.0,0.0,0.0,0.0,0.0,0.0,0.0,0.0,0.0,0.0,0.0,0.0,0.0,0.0,0.0,0.0,0.0,0.0,0.0
AskReddit,0.0,0.0,0.0,0.0,0.0,0.0,0.0,0.0,0.0,0.0,0.0,2.380952380952381,0.0,4.761904761904762,0.0,0.0,0.0,0.0,0.0,0.0,1.1904761904761905,0.0,0.0,0.0,0.0,0.0,0.0,0.0,0.0,0.0,0.0,0.0
pics,0.0,0.0,0.0,0.0,0.0,0.0,0.0,0.0,0.0,0.0,0.0,1.6260162601626018,0.0,5.691056910569105,0.0,0.0,0.0,0.0,0.0,0.0,0.0,0.0,0.0,0.0,0.0,0.0,0.0,0.0,0.0,0.0,0.0,0.0
pics,0.0,0.0,0.0,0.0,0.0,0.0,0.0,0.9009009009009009,0.9009009009009009,0.0,0.0,2.7027027027027026,0.9009009009009009,4.504504504504505,0.0,0.0,0.0,0.0,0.0,0.0,0.0,0.0,0.0,0.0,0.0,0.0,0.0,0.0,0.0,0.0,0.0,0.0
pics,0.0,0.0,0.0,0.0,0.0,0.0,0.0,0.819672131147541,0.819672131147541,0.0,0.0,8.811475409836065,0.0,3.0737704918032787,0.0,0.20491803278688525,0.4098360655737705,0.0,0.0,0.0,0.4098360655737705,0.0,0.0,0.0,0.0,0.0,0.0,0.0,0.0,0.0,0.0,0.0
AskReddit,0.0,0.0,0.0,0.0,0.0,0.0,0.0,0.4273504273504274,0.4273504273504274,0.0,0.0,1.7094017094017095,0.0,5.555555555555555,0.0,0.0,0.0,0.0,0.0,0.0,0.4273504273504274,0.0,0.0,0.0,0.0,0.0,0.0,0.0,0.0,0.0,0.0,0.0
pics,0.0,0.0,0.0,0.0,0.0,0.0,0.0,0.0,0.0,0.0,0.0,13.88888888888889,0.0,2.7777777777777777,0.0,0.0,0.0,0.0,0.0,0.0,0.0,0.0,0.0,0.0,0.0,0.0,0.0,0.0,0.0,0.0,0.0,0.0
leagueoflegends,0.0,0.0,0.0,0.0,0.0,0.0,0.0,0.0,0.0,0.0,0.0,0.0,0.0,2.7027027027027026,0.0,0.0,0.0,0.0,0.0,0.0,0.0,0.0,0.0,0.0,0.0,0.0,0.0,0.0,0.0,0.0,0.0,0.0
gaming,0.0,0.0,0.0,0.0,0.0,0.0,0.0,1.9230769230769231,1.9230769230769231,0.0,0.0,2.403846153846154,0.0,4.807692307692308,0.0,2.8846153846153846,0.0,0.0,0.0,0.0,0.0,0.0,0.0,0.0,0.0,0.0,0.0,0.0,0.0,0.0,0.0,0.0
AskReddit,3.1746031746031744,0.0,0.0,0.0,0.0,0.0,0.0,1.5873015873015872,1.5873015873015872,0.0,0.0,1.5873015873015872,0.0,6.349206349206349,0.0,0.0,0.0,0.0,0.0,0.0,1.5873015873015872,0.0,0.0,0.0,0.0,0.0,0.0,0.0,0.0,0.0,0.0,0.0
AskReddit,0.0,0.0,0.0,0.0,0.0,0.0,0.0,0.0,0.0,0.0,0.0,6.976744186046512,0.0,11.627906976744185,0.0,2.3255813953488373,0.0,0.0,0.0,0.0,0.0,0.0,0.0,0.0,0.0,0.0,0.0,0.0,0.0,0.0,0.0,0.0
AskReddit,0.0,0.0,0.0,0.0,0.0,0.0,0.0,0.0,0.0,0.0,0.0,3.125,0.0,7.8125,0.0,0.0,0.0,0.0,0.0,0.0,0.0,0.0,0.0,0.0,0.0,0.0,0.0,0.0,0.0,0.0,0.0,0.0
AskReddit,0.0,0.0,0.0,0.0,0.0,0.0,0.0,1.9607843137254901,0.0,0.0,0.0,0.0,0.0,5.88235294117647,0.0,0.0,0.0,0.0,0.0,0.0,0.0,0.0,1.9607843137254901,0.0,1.9607843137254901,0.0,0.0,0.0,0.0,0.0,0.0,0.0
AskReddit,0.0,0.0,0.0,2.9850746268656714,0.0,0.0,0.0,0.0,0.0,0.0,0.0,2.9850746268656714,0.0,5.970149253731343,0.0,0.0,0.0,0.0,0.0,0.0,0.0,0.0,0.0,0.0,0.0,0.0,0.0,0.0,0.0,0.0,0.0,0.0
AskReddit,0.0,0.0,0.0,0.0,0.0,0.0,0.0,0.0,0.0,0.0,0.0,2.857142857142857,0.0,2.857142857142857,0.0,0.9523809523809524,0.0,0.0,0.0,0.0,0.0,0.0,0.0,0.0,0.0,0.0,0.0,0.0,0.0,0.0,0.0,0.0
AskReddit,0.0,0.0,0.0,0.0,0.0,0.0,0.0,0.0,0.0,0.0,0.0,10.256410256410255,0.0,5.128205128205128,0.0,0.0,0.0,0.0,0.0,0.0,0.0,0.0,0.0,0.0,0.0,0.0,0.0,0.0,0.0,0.0,0.0,0.0
AskReddit,0.0,0.0,0.0,0.0,0.0,0.0,0.0,2.4390243902439024,2.4390243902439024,0.0,0.0,8.536585365853659,0.0,4.878048780487805,0.0,0.0,0.0,0.0,0.0,0.0,0.0,0.0,0.0,0.0,0.0,0.0,0.0,0.0,0.0,0.0,0.0,0.0
AskReddit,0.0,0.0,0.0,0.0,0.0,0.0,0.0,1.5625,1.5625,0.0,0.0,1.5625,0.0,4.6875,0.0,0.0,0.0,0.0,0.0,0.0,0.0,0.0,0.0,0.0,0.0,0.0,0.0,0.0,0.0,0.0,0.0,0.0
AskReddit,0.0,0.0,0.0,0.0,0.0,0.0,0.0,0.0,0.0,0.0,0.0,1.639344262295082,0.0,1.639344262295082,0.0,0.0,0.0,0.0,0.0,0.0,0.0,0.0,0.0,0.0,0.0,0.0,0.0,0.0,0.0,0.0,0.0,0.0
AskReddit,0.0,0.0,0.0,0.0,0.0855431993156544,0.0,0.42771599657827203,0.0,0.0,0.0,0.0,3.592814371257485,0.0,4.790419161676647,0.0,0.0,0.2566295979469632,0.0,0.0,0.0,0.1710863986313088,0.0,0.0,0.0,0.0,0.0,0.0,0.0,0.0,0.0,0.0,0.0
AskReddit,0.4149377593360996,0.0,0.0,1.2448132780082988,0.0,0.0,0.0,0.4149377593360996,0.4149377593360996,0.0,0.0,4.979253112033195,0.0,5.394190871369295,0.0,0.0,0.0,0.0,0.0,0.0,0.0,0.0,0.0,0.0,0.0,0.0,0.0,0.0,0.0,0.0,0.0,0.0
AdviceAnimals,0.0,0.0,0.0,0.0,0.0,0.0,0.0,0.0,0.0,0.0,0.0,5.263157894736842,0.0,5.263157894736842,0.0,0.0,0.0,0.0,0.0,0.0,0.0,0.0,0.0,0.0,0.0,0.0,0.0,0.0,0.0,0.0,0.0,0.0
AskReddit,0.0,0.0,0.0,0.0,0.0,0.0,0.0,0.0,0.0,0.0,0.0,2.5,1.25,5.0,0.0,0.0,0.0,0.0,0.0,0.0,0.0,0.0,0.0,0.0,0.0,0.0,0.0,0.0,0.0,0.0,0.0,0.0
leagueoflegends,0.0,0.0,0.0,0.0,0.0,0.0,0.0,1.1494252873563218,1.1494252873563218,0.0,0.0,8.045977011494253,0.0,5.747126436781609,0.0,1.1494252873563218,0.0,0.0,0.0,0.0,1.1494252873563218,0.0,0.0,0.0,0.0,0.0,0.0,0.0,0.0,0.0,0.0,0.0
explainlikeimfive,0.26595744680851063,0.0,0.0,0.0,0.0,0.0,0.0,1.3297872340425532,1.3297872340425532,0.0,0.0,11.702127659574469,0.26595744680851063,5.585106382978723,0.0,0.5319148936170213,0.26595744680851063,0.0,0.0,0.0,0.0,0.0,0.0,0.0,0.0,0.0,0.0,0.0,0.0,0.0,0.0,0.0
explainlikeimfive,0.628930817610063,0.0,0.0,0.0,0.0,0.0,0.0,1.257861635220126,1.257861635220126,0.0,0.0,5.031446540880504,0.0,5.660377358490567,0.0,0.628930817610063,0.0,0.0,0.0,0.0,0.0,0.0,0.628930817610063,0.0,0.628930817610063,0.0,0.0,0.0,0.0,0.0,0.0,0.0
gaming,0.0,0.0,0.0,0.0,0.0,0.0,0.0,0.9940357852882704,0.9940357852882704,0.0,0.0,2.3856858846918487,0.0,3.7773359840954273,0.0,0.7952286282306162,0.19880715705765406,0.0,0.0,0.0,0.19880715705765406,0.0,0.0,0.0,0.0,0.0,0.0,0.0,0.0,0.0,0.0,0.0
explainlikeimfive,0.0,0.0,0.0,0.0,0.0,0.0,0.0,0.0,0.0,0.0,0.0,6.8493150684931505,0.0,8.21917808219178,0.0,0.684931506849315,0.0,0.0,0.0,0.0,0.0,0.0,0.0,0.0,0.0,0.0,0.0,0.0,0.0,0.0,0.0,0.0
explainlikeimfive,0.0,0.0,0.0,0.0,0.0,0.0,0.0,1.7142857142857144,1.7142857142857144,0.0,0.0,5.714285714285714,0.0,3.428571428571429,0.0,0.0,0.0,0.0,0.0,0.0,0.5714285714285714,0.0,0.5714285714285714,0.0,0.5714285714285714,0.0,0.0,0.0,0.0,0.0,0.0,0.0
AskReddit,0.0,0.0,0.0,0.0,0.0,0.0,0.0,0.8620689655172413,0.8620689655172413,0.0,0.0,5.459770114942529,0.0,2.586206896551724,0.0,0.0,0.0,0.0,0.0,0.0,0.5747126436781609,0.0,0.0,0.0,0.0,0.0,0.0,0.0,0.0,0.0,0.0,0.0
AskReddit,0.0,0.0,0.0,0.0,0.0,0.8333333333333334,0.0,0.0,0.0,0.0,0.0,5.833333333333333,0.0,10.833333333333334,0.0,0.0,0.0,0.0,0.0,0.0,0.0,0.0,0.0,0.0,0.0,0.0,0.0,0.0,0.0,0.0,0.0,0.0
AskReddit,0.0,0.0,0.0,0.0,0.0,0.0,0.0,0.0,0.0,0.0,0.0,4.615384615384616,0.0,5.128205128205128,0.0,0.0,0.0,0.0,0.0,0.0,0.0,0.0,0.0,0.0,0.0,0.0,0.0,0.0,0.0,0.0,0.0,0.0
gaming,0.0,0.0,0.0,0.0,0.0,0.0,0.0,0.0,0.0,0.0,0.0,5.389221556886228,0.0,4.191616766467066,0.0,0.5988023952095809,0.0,0.0,0.0,0.0,0.0,0.0,0.0,0.0,0.0,0.0,0.0,0.0,0.0,0.0,0.0,0.0
AskReddit,0.0,0.0,0.0,0.0,0.0,0.0,0.6024096385542169,0.6024096385542169,0.6024096385542169,0.0,0.0,7.83132530120482,0.6024096385542169,4.819277108433735,0.0,0.6024096385542169,0.0,0.0,0.0,0.0,0.0,0.0,0.0,0.0,0.0,0.0,0.0,0.0,0.0,0.0,0.0,0.0
atheism,0.0,0.0,0.0,0.0,0.0,0.0,0.0,1.6666666666666667,1.6666666666666667,0.0,0.0,4.166666666666666,0.0,6.666666666666667,0.0,0.0,0.0,0.0,0.0,0.0,0.0,0.0,0.0,0.0,0.0,0.0,0.0,0.0,0.0,0.0,0.0,0.0
explainlikeimfive,0.0,0.0,0.0,0.0,0.0,0.0,0.0,0.6557377049180327,0.6557377049180327,0.0,0.0,4.918032786885246,0.0,3.7704918032786887,0.0,0.16393442622950818,0.0,0.0,0.0,0.0,0.0,0.0,0.0,0.0,0.0,0.0,0.0,0.0,0.0,0.0,0.0,0.0
explainlikeimfive,0.0,0.0,0.0,0.0,0.0,0.0,0.0,0.40650406504065045,0.40650406504065045,0.0,0.0,0.40650406504065045,0.0,4.471544715447155,0.0,1.6260162601626018,0.0,0.0,0.0,0.0,0.8130081300813009,0.0,0.0,0.0,0.0,0.0,0.0,0.0,0.0,0.0,0.0,0.0
AskReddit,0.0,0.0,0.0,0.0,0.45871559633027525,0.0,0.0,0.0,0.0,0.0,0.0,10.091743119266056,0.0,5.5045871559633035,0.0,0.0,0.0,0.0,0.0,0.0,0.0,0.0,0.0,0.0,0.0,0.0,0.0,0.0,0.0,0.0,0.0,0.0
leagueoflegends,0.0,0.0,0.0,0.0,0.0,0.0,0.0,1.0526315789473684,1.0526315789473684,0.0,0.0,3.1578947368421053,0.0,3.1578947368421053,0.0,0.0,0.0,0.0,0.0,0.0,0.0,0.0,0.0,0.0,0.0,0.0,0.0,0.0,0.0,0.0,0.0,0.0
funny,0.0,0.0,0.0,0.0,0.0,0.0,0.0,0.0,0.0,0.0,0.0,7.352941176470589,0.0,4.411764705882353,0.0,0.0,0.0,0.0,0.0,0.0,0.0,0.0,0.0,0.0,0.0,0.0,0.0,0.0,0.0,0.0,0.0,0.0
AskReddit,0.0,0.0,0.0,0.0,0.0,0.0,0.0,0.0,0.0,0.0,0.0,2.73972602739726,0.0,5.47945205479452,0.0,0.0,1.36986301369863,0.0,0.0,0.0,0.0,0.0,0.0,0.0,0.0,0.0,0.0,0.0,0.0,0.0,0.0,0.0
AskReddit,0.0,0.0,0.0,0.0,0.0,0.0,0.0,0.0,0.0,0.0,0.0,4.267161410018553,0.0,6.307977736549166,0.0,0.0,0.1855287569573284,0.0,0.0,0.0,0.0,0.0,0.0,0.0,0.0,0.0,0.0,0.0,0.0,0.0,0.0,0.0
AdviceAnimals,0.0,0.0,0.0,0.0,0.0,0.0,0.0,2.3255813953488373,2.3255813953488373,0.0,0.0,3.488372093023256,0.0,4.651162790697675,0.0,0.0,0.0,0.0,0.0,0.0,0.0,0.0,0.0,0.0,0.0,0.0,0.0,0.0,0.0,0.0,0.0,0.0
AskReddit,0.0,0.0,0.0,0.0,0.0,0.0,0.0,0.0,0.0,0.0,0.0,1.8867924528301887,0.0,2.8301886792452833,0.0,0.0,0.0,0.0,0.0,0.0,0.0,0.0,0.0,0.0,0.0,0.0,0.0,0.0,0.0,0.0,0.0,0.0
pics,0.0,0.0,0.0,0.0,0.0,0.0,0.625,1.5625,1.5625,0.0,0.0,3.75,0.0,3.4375000000000004,0.0,0.0,0.0,0.0,0.0,0.0,0.0,0.0,0.0,0.0,0.0,0.0,0.0,0.0,0.0,0.0,0.0,0.0
pics,0.0,0.0,0.0,0.0,0.0,0.0,0.0,0.0,0.0,0.0,0.0,2.3255813953488373,0.0,6.976744186046512,0.0,0.0,0.0,0.0,0.0,0.0,0.0,0.0,0.0,0.0,0.0,0.0,0.0,0.0,0.0,0.0,0.0,0.0
politics,0.0,0.0,0.0,0.0,0.0,0.0,0.0,0.0,0.0,0.0,0.0,6.301369863013699,0.0,3.0136986301369864,0.0,0.273972602739726,0.0,0.0,0.0,0.273972602739726,1.095890410958904,0.0,0.0,0.0,0.0,0.0,0.0,0.0,0.0,0.0,0.0,0.0
explainlikeimfive,0.0,0.0,0.0,0.0,0.0,0.0,0.0,1.6260162601626018,1.6260162601626018,0.0,0.0,1.6260162601626018,0.0,4.0650406504065035,0.0,0.0,0.0,0.0,0.0,0.0,0.0,0.0,0.0,0.0,0.0,0.0,0.0,0.0,0.0,0.0,0.0,0.0
leagueoflegends,0.0,0.0,0.0,0.0,0.0,0.0,0.0,1.7857142857142856,1.7857142857142856,0.0,0.0,0.0,0.0,7.142857142857142,0.0,0.0,0.0,0.0,0.0,0.0,0.0,0.0,0.0,0.0,0.0,0.0,0.0,0.0,0.0,0.0,0.0,0.0
explainlikeimfive,0.684931506849315,0.0,0.0,0.0,0.0,0.0,0.0,0.684931506849315,0.684931506849315,0.0,0.0,4.10958904109589,0.0,6.164383561643835,0.0,0.0,0.0,0.0,0.0,0.0,0.0,0.0,0.0,0.0,0.0,0.0,0.0,0.0,0.0,0.0,0.0,0.0
funny,0.0,0.0,0.0,0.0,0.0,0.0,0.0,2.4390243902439024,0.0,0.0,0.0,4.878048780487805,0.0,4.878048780487805,0.0,0.0,0.0,0.0,0.0,0.0,0.0,0.0,2.4390243902439024,0.0,2.4390243902439024,0.0,0.0,0.0,0.0,0.0,0.0,0.0
explainlikeimfive,0.0,0.0,0.0,0.0,0.0,0.0,0.0,0.4444444444444444,0.4444444444444444,0.0,0.0,4.888888888888889,0.8888888888888888,4.444444444444445,0.0,0.0,0.4444444444444444,0.0,0.0,0.0,0.0,0.0,0.0,0.0,0.0,0.0,0.0,0.0,0.0,0.0,0.0,0.0
AskReddit,0.0,0.0,0.0,0.0,0.0,0.0,0.0,0.49627791563275436,0.49627791563275436,0.0,0.0,4.714640198511166,0.0,4.714640198511166,0.0,0.0,0.0,0.0,0.0,0.0,0.0,0.0,0.0,0.0,0.0,0.0,0.0,0.0,0.0,0.0,0.0,0.0
AskReddit,0.0,0.0,0.0,0.0,0.0,0.0,0.0,1.4354066985645932,1.9138755980861244,0.0,0.0,0.0,0.0,4.30622009569378,0.0,0.0,0.4784688995215311,0.0,0.0,0.0,0.0,0.0,0.0,0.0,0.0,0.0,0.0,0.0,0.0,0.0,0.0,0.0
AskReddit,0.31746031746031744,0.0,0.0,0.0,0.0,0.0,0.0,0.0,0.0,0.0,0.0,4.444444444444445,0.0,3.1746031746031744,0.0,0.0,0.0,0.0,0.0,0.0,1.9047619047619049,0.0,0.31746031746031744,0.0,0.31746031746031744,0.0,0.0,0.0,0.0,0.0,0.0,0.0
AskReddit,0.0,0.0,0.0,0.0,0.0,0.0,0.0,0.4524886877828055,0.301659125188537,0.0,0.0,5.279034690799397,0.0,7.239819004524888,0.0,0.1508295625942685,0.0,0.0,0.0,0.0,0.1508295625942685,0.0,0.0,0.0,0.0,0.0,0.0,0.0,0.0,0.0,0.0,0.0
AskReddit,0.0,0.0,0.0,0.0,0.0,0.0,0.0,0.6211180124223602,0.6211180124223602,0.0,0.0,3.7267080745341614,0.6211180124223602,4.968944099378882,0.0,0.0,0.0,0.0,0.0,0.0,0.0,0.0,0.0,0.0,0.0,0.0,0.0,0.0,0.0,0.0,0.0,0.0
AskReddit,0.0,0.0,0.0,0.5813953488372093,0.0,0.0,0.0,0.0,0.0,0.0,0.0,5.232558139534884,0.0,7.55813953488372,0.0,0.0,0.0,0.0,0.0,0.0,1.1627906976744187,0.0,0.0,0.0,0.0,0.0,0.0,0.0,0.0,0.0,0.0,0.0
AskReddit,0.0,0.0,0.0,0.0,0.0,0.0,0.45045045045045046,0.9009009009009009,0.9009009009009009,0.0,0.0,2.7027027027027026,0.9009009009009009,5.405405405405405,0.0,0.0,0.0,0.0,0.0,0.0,0.0,0.0,0.0,0.0,0.0,0.0,0.0,0.0,0.0,0.0,0.0,0.0
AskReddit,0.0,0.0,0.0,0.0,0.0,0.0,0.1724137931034483,0.1724137931034483,0.1724137931034483,0.0,0.0,4.310344827586207,0.0,4.137931034482759,0.0,0.0,0.0,0.0,0.0,0.0,0.0,0.0,0.0,0.0,0.0,0.0,0.0,0.0,0.0,0.0,0.0,0.0
AskReddit,0.0,0.0,0.0,0.9259259259259258,0.0,0.4629629629629629,0.9259259259259258,0.4629629629629629,0.4629629629629629,0.0,0.0,1.3888888888888888,0.0,6.944444444444445,0.0,0.0,0.0,0.0,0.0,0.0,0.0,0.0,0.0,0.0,0.0,0.0,0.0,0.0,0.0,0.0,0.0,0.0
AskReddit,0.0,0.0,0.0,0.0,0.0,0.0,0.0,0.5847953216374269,0.5847953216374269,0.0,0.0,0.29239766081871343,0.0,4.385964912280701,0.0,0.0,0.0,0.0,0.0,0.0,0.0,0.0,0.0,0.0,0.0,0.0,0.0,0.0,0.0,0.0,0.0,0.0
AskReddit,0.0,0.0,0.0,0.0,0.0,0.0,0.0,0.0,0.0,0.0,0.0,1.1363636363636365,0.0,4.545454545454546,0.0,0.0,0.0,0.0,0.0,0.0,0.0,0.0,0.0,0.0,0.0,0.0,0.0,0.0,0.0,0.0,0.0,0.0
AskReddit,0.0,0.0,0.0,0.0,0.0,0.0,0.0,0.16611295681063123,0.16611295681063123,0.0,0.0,4.485049833887043,0.0,3.820598006644518,0.0,0.0,0.16611295681063123,0.0,0.0,0.0,0.0,0.0,0.0,0.0,0.0,0.0,0.0,0.0,0.0,0.0,0.0,0.0
AskReddit,0.0,0.0,0.0,0.0,0.0,0.0,1.7964071856287425,0.0,0.0,0.0,0.0,0.5988023952095809,0.0,4.191616766467066,0.0,0.0,0.0,0.0,0.0,0.0,0.0,0.0,0.0,0.0,0.0,0.0,0.0,0.0,0.0,0.0,0.0,0.0
AskReddit,0.0,0.0,0.0,0.0,0.0,0.0,0.2898550724637681,0.5797101449275363,0.5797101449275363,0.0,0.0,1.7391304347826086,0.5797101449275363,4.3478260869565215,0.0,0.0,0.0,0.0,0.0,0.0,0.0,0.0,0.0,0.0,0.0,0.0,0.0,0.0,0.0,0.0,0.0,0.0
AskReddit,0.0,0.0,0.0,0.0,0.0,0.0,0.0,0.3076923076923077,0.3076923076923077,0.0,0.0,4.3076923076923075,0.0,6.769230769230769,0.0,0.0,0.0,0.0,0.0,0.0,0.0,0.0,0.0,0.0,0.0,0.0,0.0,0.0,0.0,0.0,0.0,0.0
AskReddit,0.0,0.0,0.0,0.0,0.0,0.0,0.0,0.36101083032490977,0.36101083032490977,0.0,0.0,6.4981949458483745,0.0,4.873646209386282,0.0,0.0,0.0,0.0,0.0,0.0,0.0,0.0,0.0,0.0,0.0,0.0,0.0,0.0,0.0,0.0,0.0,0.0
AskReddit,0.0,0.0,0.0,0.0,0.0,0.0,0.0,0.0,0.0,0.0,0.0,9.090909090909092,0.0,7.2727272727272725,0.0,0.0,0.0,0.0,0.0,0.0,0.0,0.0,0.0,0.0,0.0,0.0,0.0,0.0,0.0,0.0,0.0,0.0
AskReddit,0.0,0.0,0.0,0.0,0.0,0.0,0.0,0.7518796992481203,0.7518796992481203,0.0,0.0,4.887218045112782,0.0,3.7593984962406015,0.0,0.0,0.0,0.0,0.0,0.0,0.0,0.0,0.0,0.0,0.0,0.0,0.0,0.0,0.0,0.0,0.0,0.0
AskReddit,0.2859866539561487,0.0,0.0,0.0,0.0,0.0,0.2859866539561487,0.667302192564347,0.667302192564347,0.0,0.0,3.241182078169685,0.5719733079122974,4.7664442326024785,0.0,0.19065776930409914,0.09532888465204957,0.0,0.0,0.0,0.2859866539561487,0.0,0.19065776930409914,0.0,0.19065776930409914,0.0,0.0,0.0,0.0,0.0,0.0,0.0
AskReddit,1.574803149606299,0.0,0.0,0.0,0.0,0.0,0.0,0.7874015748031495,0.7874015748031495,0.0,0.0,4.724409448818897,0.0,7.874015748031496,0.0,0.0,0.0,0.0,0.0,0.0,0.0,0.0,0.0,0.0,0.0,0.0,0.0,0.0,0.0,0.0,0.0,0.0
AskReddit,0.0,0.0,0.0,0.0,0.0,0.0,0.9708737864077669,2.912621359223301,1.9417475728155338,0.0,0.0,0.9708737864077669,0.0,6.796116504854369,0.0,0.0,0.0,0.0,0.0,0.0,0.0,0.0,0.9708737864077669,0.0,0.9708737864077669,0.0,0.0,0.0,0.0,0.0,0.0,0.0
AskReddit,0.0,0.0,0.0,0.0,0.0,0.0,0.0,0.0,0.0,0.0,0.0,1.4705882352941175,0.0,4.411764705882353,0.0,0.0,0.0,0.0,0.0,0.0,0.0,0.0,0.0,0.0,0.0,0.0,0.0,0.0,0.0,0.0,0.0,0.0
AskReddit,0.0,0.0,0.0,0.0,0.0,0.0,0.0,1.1764705882352942,1.1764705882352942,0.0,0.0,5.294117647058823,0.0,3.5294117647058822,0.0,1.1764705882352942,0.0,0.0,0.0,0.0,0.5882352941176471,0.0,0.0,0.0,0.0,0.0,0.0,0.0,0.0,0.0,0.0,0.0
AskReddit,0.0,0.0,0.0,0.0,0.0,0.0,0.0,1.3445378151260505,1.3445378151260505,0.0,0.0,3.1932773109243695,0.0,0.8403361344537815,0.0,0.16806722689075632,0.0,0.0,0.0,0.0,1.3445378151260505,0.0,0.0,0.0,0.0,0.0,0.0,0.0,0.0,0.0,0.0,0.0
AskReddit,0.0,0.0,0.0,0.0,0.0,0.0,0.7653061224489796,0.25510204081632654,0.25510204081632654,0.0,0.0,5.612244897959184,0.0,5.1020408163265305,0.0,0.0,0.0,0.0,0.0,0.0,0.25510204081632654,0.0,0.0,0.0,0.0,0.0,0.0,0.0,0.0,0.0,0.0,0.0
AskReddit,0.0,0.0,0.0,0.0,0.0,0.0,0.0,0.0,0.0,0.0,0.0,1.4705882352941175,0.0,5.88235294117647,0.0,0.0,0.0,0.0,0.0,0.0,0.0,0.0,0.0,0.0,0.0,0.0,0.0,0.0,0.0,0.0,0.0,0.0
AskReddit,0.0,0.0,0.0,0.0,0.0,0.0,0.0,0.0,0.0,0.0,0.0,3.8834951456310676,0.0,3.3980582524271843,0.0,0.0,0.0,0.0,0.0,0.0,0.0,0.0,0.0,0.0,0.0,0.0,0.0,0.0,0.0,0.0,0.0,0.0
AskReddit,0.0,0.0,0.0,0.0,0.0,0.3134796238244514,0.0,1.2539184952978055,1.2539184952978055,0.0,0.0,2.8213166144200628,0.0,5.956112852664576,0.0,0.0,0.0,0.0,0.0,0.0,0.0,0.0,0.0,0.0,0.0,0.0,0.0,0.0,0.0,0.0,0.0,0.0
AskReddit,0.8064516129032258,0.0,0.0,0.0,0.0,0.0,0.0,1.6129032258064515,1.6129032258064515,0.0,0.0,2.0161290322580645,1.6129032258064515,6.048387096774194,0.0,0.0,0.0,0.0,0.0,0.0,0.0,0.0,0.0,0.0,0.0,0.0,0.0,0.0,0.0,0.0,0.0,0.0
AskReddit,0.0,0.0,0.0,0.0,0.0,0.0,0.0,0.0,0.0,0.0,0.0,1.4084507042253522,0.0,9.15492957746479,0.0,0.0,0.0,0.0,0.0,0.0,0.0,0.0,0.0,0.0,0.0,0.0,0.0,0.0,0.0,0.0,0.0,0.0
AskReddit,0.0,0.0,0.0,0.0,0.0,0.0,0.0,0.3289473684210526,0.3289473684210526,0.0,0.0,7.236842105263158,0.0,6.907894736842106,0.0,0.3289473684210526,0.0,0.0,0.0,0.0,0.0,0.0,0.0,0.0,0.0,0.0,0.0,0.0,0.0,0.0,0.0,0.0
AskReddit,0.0,0.0,0.0,0.0,0.0,0.0,0.3787878787878788,0.3787878787878788,0.3787878787878788,0.0,0.0,4.924242424242424,0.0,7.575757575757576,0.0,0.0,0.0,0.0,0.0,0.0,1.5151515151515151,0.0,0.0,0.0,0.0,0.0,0.0,0.0,0.0,0.0,0.0,0.0
AskReddit,0.0,0.0,0.0,0.0,0.0,0.0,1.0,0.0,0.0,0.0,0.0,3.5000000000000004,0.0,7.000000000000001,0.0,0.0,0.0,0.0,0.0,0.0,0.0,0.0,0.0,0.0,0.0,0.0,0.0,0.0,0.0,0.0,0.0,0.0
AskReddit,0.0,0.0,0.0,0.0,0.0,0.24390243902439024,0.0,1.4634146341463417,1.707317073170732,0.0,0.0,7.317073170731707,0.0,8.536585365853659,0.0,10.0,0.4878048780487805,0.4878048780487805,0.0,0.7317073170731708,0.4878048780487805,0.0,0.0,0.0,0.0,0.0,0.0,0.0,0.0,0.24390243902439024,0.0,0.0
AskReddit,0.5952380952380952,0.0,0.0,0.0,0.0,0.0,0.0,0.0,0.0,0.0,0.0,2.976190476190476,0.0,6.547619047619048,0.0,0.0,0.0,0.0,0.0,0.0,0.0,0.0,0.0,0.0,0.0,0.0,0.0,0.0,0.0,0.0,0.0,0.0
AskReddit,0.0,0.0,0.0,0.0,0.0,0.0,0.0,0.0,0.0,0.0,0.0,0.0,0.0,3.7037037037037033,0.0,0.0,0.0,0.0,0.0,0.0,0.0,0.0,0.0,0.0,0.0,0.0,0.0,0.0,0.0,0.0,0.0,0.0
AskReddit,1.2903225806451613,0.0,0.0,0.0,0.0,0.0,0.0,1.935483870967742,1.935483870967742,0.0,0.0,3.870967741935484,1.935483870967742,2.5806451612903225,0.0,0.0,0.0,0.6451612903225806,0.0,0.6451612903225806,2.5806451612903225,0.0,0.0,0.0,0.0,0.0,0.0,0.0,0.0,0.0,0.0,0.0
AskReddit,0.0,0.0,0.0,0.0,0.0,0.0,0.0,0.0,0.0,0.0,0.0,9.00900900900901,0.0,9.90990990990991,0.0,0.0,0.0,0.0,0.0,0.0,0.0,0.0,0.0,0.0,0.0,0.0,0.0,0.0,0.0,0.0,0.0,0.0
AskReddit,0.0,0.0,0.0,0.0,0.0,0.0,0.0,0.3597122302158274,0.3597122302158274,0.0,0.0,4.316546762589928,0.0,6.474820143884892,0.0,0.0,0.0,0.0,0.0,0.0,0.0,0.0,0.0,0.0,0.0,0.0,0.0,0.0,0.0,0.0,0.0,0.0
AskReddit,0.0,0.0,0.0,0.0,0.0,0.0,0.0,0.31545741324921134,0.31545741324921134,0.0,0.0,3.4700315457413247,0.0,3.7854889589905363,0.0,0.0,0.0,0.0,0.0,0.0,0.0,0.0,0.0,0.0,0.0,0.0,0.0,0.0,0.0,0.0,0.0,0.0
AskReddit,0.0,0.0,0.0,0.0,0.0,0.0,0.0,0.0,0.0,0.0,0.0,8.862876254180602,0.0,5.351170568561873,0.0,0.0,0.0,0.0,0.0,0.0,0.0,0.0,0.0,0.0,0.0,0.0,0.0,0.0,0.0,0.0,0.0,0.0
AskReddit,0.0,0.0,0.0,0.0,0.0,0.0,0.0,0.0,0.0,0.0,0.0,5.501618122977346,0.0,8.414239482200648,0.0,0.0,0.0,0.0,0.0,0.0,0.0,0.0,0.0,0.0,0.0,0.0,0.0,0.0,0.0,0.0,0.0,0.0
AskReddit,0.4352557127312296,0.0,0.0,0.0,0.0,0.0,0.0,0.2176278563656148,0.2176278563656148,0.0,0.0,6.420021762785637,0.4352557127312296,3.1556039173014145,0.0,0.1088139281828074,0.0,0.0,0.0,0.0,0.3264417845484222,0.0,0.0,0.0,0.0,0.0,0.0,0.0,0.0,0.0,0.0,0.0
AskReddit,0.0,0.0,0.0,0.0,0.0,0.0,0.0,0.0,0.0,0.0,0.0,0.0,0.0,0.0,0.0,4.3478260869565215,0.0,0.0,0.0,4.3478260869565215,0.0,0.0,0.0,0.0,0.0,0.0,0.0,0.0,0.0,0.0,0.0,0.0
AskReddit,1.6348773841961852,0.0,0.0,0.0,0.0,0.0,0.0,0.0,0.0,0.0,0.0,5.994550408719346,0.0,5.177111716621254,0.0,0.544959128065395,0.0,0.0,0.0,0.0,1.9073569482288828,0.0,0.0,0.0,0.0,0.0,0.0,0.0,0.0,0.0,0.0,0.0
leagueoflegends,0.0,0.0,0.0,0.0,0.0,0.0,0.0,0.0,0.0,0.0,0.0,1.7543859649122806,0.0,3.508771929824561,0.0,1.7543859649122806,0.0,0.0,0.0,0.0,7.017543859649122,0.0,0.0,0.0,0.0,0.0,0.0,0.0,0.0,0.0,0.0,0.0
pics,0.0,0.0,0.0,0.0,0.0,0.0,0.0,0.0,0.0,0.0,0.0,4.166666666666666,0.0,10.416666666666668,0.0,0.0,0.0,0.0,0.0,0.0,0.0,0.0,0.0,0.0,0.0,0.0,0.0,0.0,0.0,0.0,0.0,0.0
AdviceAnimals,0.0,0.0,0.0,0.0,0.0,0.0,0.0,0.0,0.0,0.0,0.0,4.265402843601896,0.0,5.687203791469194,0.0,0.0,0.0,0.0,0.0,0.0,0.0,0.0,0.0,0.0,0.0,0.0,0.0,0.0,0.0,0.0,0.0,0.0
AskReddit,0.43478260869565216,0.0,0.0,0.43478260869565216,0.0,0.0,0.8695652173913043,0.43478260869565216,0.43478260869565216,0.0,0.0,3.0434782608695654,0.8695652173913043,2.1739130434782608,0.0,0.0,0.0,0.0,0.0,0.0,0.0,0.0,0.0,0.0,0.0,0.0,0.0,0.0,0.0,0.0,0.0,0.0
AskReddit,0.0,0.0,0.0,0.0,0.0,0.0,0.0,0.0,0.0,0.0,0.0,3.1746031746031744,0.0,4.761904761904762,0.0,0.0,0.0,0.0,0.0,0.0,0.0,0.0,0.0,0.0,0.0,0.0,0.0,0.0,0.0,0.0,0.0,0.0
leagueoflegends,0.0,0.0,0.0,0.0,0.0,0.0,0.0,1.1560693641618496,1.1560693641618496,0.0,0.0,4.046242774566474,0.0,2.312138728323699,0.0,0.0,0.0,0.0,0.0,0.0,1.1560693641618496,0.0,0.0,0.0,0.0,0.0,0.0,0.0,0.0,0.0,0.0,0.0
AskReddit,0.0,0.0,0.0,0.5190311418685121,0.0,0.0,0.17301038062283738,0.34602076124567477,0.34602076124567477,0.0,0.0,8.131487889273355,0.0,5.709342560553633,0.0,0.0,0.0,0.0,0.0,0.0,0.0,0.0,0.0,0.0,0.0,0.0,0.0,0.0,0.0,0.0,0.0,0.0
AskReddit,1.9801980198019802,0.0,0.0,0.0,0.0,0.0,0.0,0.9900990099009901,0.9900990099009901,0.0,0.0,10.891089108910892,0.0,5.9405940594059405,0.0,0.0,0.0,0.0,0.0,0.0,0.0,0.0,0.0,0.0,0.0,0.0,0.0,0.0,0.0,0.0,0.0,0.0
AskReddit,0.0,0.0,0.0,0.0,0.0,0.0,0.0,0.0,0.0,0.0,0.0,6.5420560747663545,0.0,4.672897196261682,0.0,0.0,0.0,0.0,0.0,0.0,0.0,0.0,0.0,0.0,0.0,0.0,0.0,0.0,0.0,0.0,0.0,0.0
pics,0.0,0.0,0.0,0.0,0.0,0.0,0.0,0.0,0.0,0.0,0.0,5.555555555555555,0.0,5.555555555555555,0.0,0.0,0.0,0.0,0.0,0.0,0.0,0.0,0.0,0.0,0.0,0.0,0.0,0.0,0.0,0.0,0.0,0.0
AskReddit,0.0,0.0,0.0,0.0,0.0,0.0,0.0,0.0,0.0,0.0,0.0,4.198473282442748,0.0,4.198473282442748,0.0,0.0,0.0,0.0,0.0,0.0,0.38167938931297707,0.0,0.0,0.0,0.0,0.0,0.0,0.0,0.0,0.0,0.0,0.0
gaming,0.0,0.0,0.0,0.0,0.0,0.0,0.0,0.0,0.0,0.0,0.0,0.0,0.0,10.638297872340425,0.0,0.0,0.0,0.0,0.0,0.0,0.0,0.0,0.0,0.0,0.0,0.0,0.0,0.0,0.0,0.0,0.0,0.0
todayilearned,0.0,0.0,0.0,0.0,0.0,0.0,0.0,1.9607843137254901,0.0,0.0,0.0,1.9607843137254901,0.0,5.88235294117647,0.0,1.9607843137254901,0.0,0.0,0.0,0.0,0.0,0.0,0.0,0.0,0.0,0.0,0.0,0.0,0.0,0.0,0.0,0.0
AskReddit,0.0,0.0,0.0,0.6993006993006993,0.0,0.0,0.0,0.6993006993006993,0.6993006993006993,0.0,0.0,2.797202797202797,0.0,5.594405594405594,0.0,0.6993006993006993,0.0,0.0,0.0,0.0,0.0,0.0,0.0,0.0,0.0,0.0,0.0,0.0,0.0,0.0,0.0,0.0
AskReddit,1.0416666666666665,0.0,0.0,1.0416666666666665,0.0,0.0,0.0,1.0416666666666665,1.0416666666666665,0.0,0.0,4.166666666666666,0.0,3.125,0.0,1.0416666666666665,0.0,0.0,0.0,0.0,0.0,0.0,0.0,0.0,0.0,0.0,0.0,0.0,0.0,0.0,0.0,0.0
AskReddit,0.0,0.0,0.0,0.0,0.0,0.0,2.0408163265306123,0.0,0.0,0.0,0.0,4.081632653061225,0.0,6.122448979591836,0.0,0.0,0.0,0.0,0.0,0.0,0.0,0.0,0.0,0.0,0.0,0.0,0.0,0.0,0.0,0.0,0.0,0.0
AskReddit,1.1320754716981132,0.0,0.0,1.8867924528301887,0.0,0.0,0.0,0.0,0.0,0.0,0.0,5.283018867924529,0.0,4.905660377358491,0.0,0.0,0.37735849056603776,0.0,0.0,0.0,0.7547169811320755,0.0,0.0,0.0,0.0,0.0,0.0,0.0,0.0,0.0,0.0,0.0
AskReddit,0.0,0.0,0.0,0.0,0.0,0.0,0.0,0.0,0.0,0.0,0.0,4.123711340206185,0.0,5.670103092783505,0.0,0.0,0.0,0.0,0.0,0.0,0.0,0.0,0.0,0.0,0.0,0.0,0.0,0.0,0.0,0.0,0.0,0.0
AskReddit,0.0,0.0,0.0,0.0,0.0,0.0,0.0,0.4032258064516129,0.4032258064516129,0.0,0.0,3.6290322580645165,1.2096774193548387,4.435483870967742,0.0,0.0,0.0,0.0,0.0,0.0,0.0,0.0,0.0,0.0,0.0,0.0,0.0,0.0,0.0,0.0,0.0,0.0
AskReddit,0.0,0.0,0.0,2.877697841726619,0.0,0.0,0.0,2.158273381294964,2.158273381294964,0.0,0.0,7.913669064748201,0.0,6.474820143884892,0.0,0.0,0.0,0.0,0.0,0.0,1.4388489208633095,0.0,0.0,0.0,0.0,0.0,0.0,0.0,0.0,0.0,0.0,0.0
AskReddit,0.0,0.0,0.0,0.0,0.0,0.0,2.7777777777777777,0.0,0.0,0.0,0.0,0.0,0.0,5.555555555555555,0.0,0.0,0.0,0.0,0.0,0.0,0.0,0.0,0.0,0.0,0.0,0.0,0.0,0.0,0.0,0.0,0.0,0.0
AskReddit,0.0,0.0,0.0,5.056179775280898,0.0,0.0,1.6853932584269662,0.0,0.0,0.0,0.0,5.056179775280898,0.0,6.741573033707865,0.0,0.0,0.0,0.0,0.0,0.0,0.0,0.0,0.0,0.0,0.0,0.0,0.0,0.0,0.0,0.0,0.0,0.0
AskReddit,0.0,0.0,0.0,0.0,0.0,0.0,0.0,1.257861635220126,1.257861635220126,0.0,0.0,2.515723270440252,0.0,5.660377358490567,0.0,0.0,0.0,0.0,0.0,0.0,0.0,0.0,0.0,0.0,0.0,0.0,0.0,0.0,0.0,0.0,0.0,0.0
AskReddit,0.0,0.0,0.0,0.0,0.0,0.0,0.0,0.0,0.0,0.0,0.0,1.694915254237288,0.0,3.389830508474576,0.0,0.0,0.0,0.0,0.0,0.0,0.0,0.0,0.0,0.0,0.0,0.0,0.0,0.0,0.0,0.0,0.0,0.0
AskReddit,0.0,0.0,0.0,0.7672634271099744,0.0,0.0,0.0,0.0,0.0,0.0,0.0,3.8363171355498724,0.0,6.649616368286446,0.0,0.0,0.0,0.0,0.0,0.0,0.0,0.0,0.0,0.0,0.0,0.0,0.0,0.0,0.0,0.0,0.0,0.0
AskReddit,0.0,0.0,0.0,0.0,0.0,0.0,0.0,0.0,0.0,0.0,0.0,4.62962962962963,0.0,2.7777777777777777,0.0,0.0,0.0,0.0,0.0,0.0,0.0,0.0,0.0,0.0,0.0,0.0,0.0,0.0,0.0,0.0,0.0,0.0
politics,0.0,0.0,0.0,0.0,0.0,0.0,0.0,0.9302325581395349,0.9302325581395349,0.0,0.0,2.7906976744186047,0.0,3.255813953488372,0.0,0.0,0.0,0.0,0.0,0.0,0.0,0.0,0.0,0.0,0.0,0.0,0.0,0.0,0.0,0.0,0.0,0.0
funny,0.0,0.0,0.0,0.0,0.0,0.0,3.7037037037037033,3.7037037037037033,3.7037037037037033,0.0,0.0,3.7037037037037033,0.0,0.0,0.0,0.0,0.0,0.0,0.0,0.0,0.0,0.0,0.0,0.0,0.0,0.0,0.0,0.0,0.0,0.0,0.0,0.0
politics,0.0,0.0,0.0,0.0,0.0,0.0,0.0,0.0,0.0,0.0,0.0,4.938271604938271,0.0,7.4074074074074066,0.0,0.0,1.2345679012345678,0.0,0.0,0.0,0.0,0.0,0.0,0.0,0.0,0.0,0.0,0.0,0.0,0.0,0.0,0.0
leagueoflegends,0.0,0.0,0.0,0.0,3.9215686274509802,0.0,0.0,0.0,0.0,0.0,0.0,7.8431372549019605,0.0,3.9215686274509802,0.0,0.0,0.0,0.0,0.0,0.0,0.0,0.0,0.0,0.0,0.0,0.0,0.0,0.0,0.0,0.0,0.0,0.0
atheism,0.0,0.0,0.0,0.0,0.0,0.0,0.0,0.2688172043010753,0.2688172043010753,0.0,0.0,4.032258064516129,0.0,5.913978494623656,0.0,0.0,0.0,0.0,0.0,0.0,0.2688172043010753,0.0,0.0,0.0,0.0,0.0,0.0,0.0,0.0,0.0,0.0,0.0
AskReddit,0.0,0.0,0.0,0.0,0.0,0.0,0.0,1.1583011583011582,1.1583011583011582,0.0,0.0,3.474903474903475,0.0,5.405405405405405,0.0,0.0,0.0,0.0,0.0,0.0,0.3861003861003861,0.0,0.0,0.0,0.0,0.0,0.0,0.0,0.0,0.0,0.0,0.0
AskReddit,0.0,0.0,0.0,0.0,0.0,0.0,0.0,0.796812749003984,0.796812749003984,0.0,0.0,1.9920318725099602,0.0,1.593625498007968,0.0,0.0,0.0,0.0,0.0,0.0,0.0,0.0,0.0,0.0,0.0,0.0,0.0,0.0,0.0,0.0,0.0,0.0
explainlikeimfive,0.0,0.0,0.0,0.0,0.0,0.0,0.0,1.7857142857142856,0.0,0.0,0.0,3.571428571428571,0.0,3.571428571428571,0.0,1.7857142857142856,0.0,0.0,0.0,0.0,0.0,0.0,1.7857142857142856,0.0,1.7857142857142856,0.0,0.0,0.0,0.0,0.0,0.0,0.0
pics,0.0,0.0,0.0,0.0,0.0,0.625,0.0,0.0,0.0,0.0,0.0,2.5,0.0,5.625,0.0,0.625,0.0,0.0,0.0,0.0,0.0,0.0,0.0,0.0,0.0,0.0,0.0,0.0,0.0,0.0,0.0,0.0
pics,0.0,0.0,0.0,0.4716981132075472,0.0,0.0,1.8867924528301887,0.4716981132075472,0.4716981132075472,0.0,0.0,1.8867924528301887,0.0,4.716981132075472,0.0,0.0,0.0,0.0,0.0,0.0,0.0,0.0,0.0,0.0,0.0,0.0,0.0,0.0,0.0,0.0,0.0,0.0
AskReddit,0.0,0.0,0.0,0.0,0.0,0.0,0.0,0.0,0.0,0.0,0.0,5.376344086021505,0.0,8.60215053763441,0.0,0.0,0.0,0.0,0.0,0.0,0.0,0.0,0.0,0.0,0.0,0.0,0.0,0.0,0.0,0.0,0.0,0.0
AskReddit,0.0,0.0,0.0,0.0,0.0,0.0,0.0,0.0,0.0,0.0,0.0,4.285714285714286,0.0,4.285714285714286,0.0,0.0,0.0,0.0,0.0,0.0,0.0,0.0,0.0,0.0,0.0,0.0,0.0,0.0,0.0,0.0,0.0,0.0
AskReddit,0.0,0.0,0.0,0.0,0.0,0.0,0.7042253521126761,0.0,0.0,0.0,0.0,7.042253521126761,0.0,2.8169014084507045,0.0,0.0,0.0,0.0,0.0,0.0,0.0,0.0,0.0,0.0,0.0,0.0,0.0,0.0,0.0,0.0,0.0,0.0
pics,0.07710100231303006,0.0,0.0,0.0,0.07710100231303006,0.0,0.0,0.0,0.0,0.0,0.0,3.7779491133384733,0.0,5.474171164225135,0.0,0.15420200462606012,0.0,0.07710100231303006,0.0,0.0,0.07710100231303006,0.0,0.07710100231303006,0.0,0.0,0.0,0.0,0.0,0.0,0.0,0.0,0.0
AskReddit,0.0,0.0,0.0,0.0,2.631578947368421,0.0,0.0,0.0,0.0,0.0,0.0,5.263157894736842,0.0,5.263157894736842,0.0,0.0,0.0,0.0,0.0,0.0,0.0,0.0,0.0,0.0,0.0,0.0,0.0,0.0,0.0,0.0,0.0,0.0
AskReddit,0.4158004158004158,0.0,0.0,0.0,0.0,0.0,0.0,0.0,0.4158004158004158,0.0,0.0,3.3264033264033266,0.0,3.9501039501039505,0.0,0.2079002079002079,0.0,0.0,0.0,0.0,0.8316008316008316,0.0,0.0,0.0,0.0,0.0,0.0,0.0,0.0,0.0,0.0,0.0
AskReddit,0.0,0.0,0.0,0.0,1.0,0.0,0.0,0.0,0.0,0.0,0.0,2.0,0.0,7.000000000000001,0.0,0.0,0.0,0.0,0.0,0.0,1.0,0.0,0.0,0.0,0.0,0.0,0.0,0.0,0.0,0.0,0.0,0.0
funny,0.0,0.0,0.0,0.0,0.0,0.0,0.0,0.0,0.0,0.0,0.0,2.941176470588235,0.0,0.0,0.0,0.0,0.0,0.0,0.0,0.0,2.941176470588235,0.0,0.0,0.0,0.0,0.0,0.0,0.0,0.0,0.0,0.0,0.0
AskReddit,0.0,0.0,0.0,0.0,0.0,0.0,0.0,0.4975124378109453,0.4975124378109453,0.0,0.0,5.472636815920398,0.0,5.970149253731343,0.0,0.0,0.0,0.0,0.0,0.0,0.4975124378109453,0.0,0.0,0.0,0.0,0.0,0.0,0.0,0.0,0.0,0.0,0.0
explainlikeimfive,0.3125,0.0,0.0,0.0,0.625,0.0,0.0,1.5625,1.5625,0.0,0.0,3.125,1.25,4.6875,0.0,1.25,0.0,0.0,0.625,0.0,0.0,0.0,0.0,0.0,0.0,0.0,0.0,0.0,0.0,0.0,0.0,0.0
funny,0.3067484662576687,0.0,0.0,0.0,0.0,0.0,0.3067484662576687,0.6134969325153374,0.3067484662576687,0.0,0.0,3.6809815950920246,0.0,5.828220858895705,0.0,0.0,0.0,0.0,0.0,0.0,0.0,0.0,0.3067484662576687,0.0,0.3067484662576687,0.0,0.0,0.0,0.0,0.0,0.0,0.0
AskReddit,0.19607843137254902,0.0,0.0,0.0,0.19607843137254902,0.0,0.19607843137254902,0.39215686274509803,0.5882352941176471,0.0,0.0,0.5882352941176471,0.0,5.294117647058823,0.0,0.19607843137254902,0.0,0.0,0.0,0.0,0.39215686274509803,0.0,0.0,0.0,0.0,0.0,0.0,0.0,0.0,0.0,0.0,0.0
AskReddit,0.0,0.0,0.0,0.0,0.0,0.0,0.0,0.8968609865470852,0.8968609865470852,0.0,0.0,2.690582959641256,0.0,5.381165919282512,0.0,0.0,0.0,0.0,0.0,0.0,0.0,0.0,0.0,0.0,0.0,0.0,0.0,0.0,0.0,0.0,0.0,0.0
gaming,0.0,0.0,0.0,0.0,0.0,0.0,0.0,1.6528925619834711,1.6528925619834711,0.0,0.0,0.8264462809917356,0.0,8.264462809917356,0.0,0.0,0.0,0.0,0.0,0.0,0.0,0.0,0.0,0.0,0.0,0.0,0.0,0.0,0.0,0.0,0.0,0.0
AskReddit,2.484472049689441,0.0,0.0,0.0,0.0,0.0,0.0,0.0,0.0,0.0,0.0,4.3478260869565215,0.0,6.211180124223603,0.0,0.0,0.0,0.0,0.0,0.0,0.9316770186335404,0.0,0.0,0.0,0.0,0.0,0.0,0.0,0.0,0.0,0.0,0.0
AskReddit,0.0,0.0,0.0,0.0,0.0,0.0,0.0,0.7518796992481203,0.7518796992481203,0.0,0.0,0.7518796992481203,0.0,8.270676691729323,0.0,0.0,0.0,0.0,0.0,0.0,0.0,0.0,0.0,0.0,0.0,0.0,0.0,0.0,0.0,0.0,0.0,0.0
AskReddit,1.1494252873563218,0.0,0.0,0.0,0.0,0.0,0.0,1.1494252873563218,1.1494252873563218,0.0,0.0,1.7241379310344827,0.0,6.896551724137931,0.0,0.0,0.0,0.0,0.0,0.0,0.0,0.0,0.0,0.0,0.0,0.0,0.0,0.0,0.0,0.0,0.0,0.0
AskReddit,0.0,0.0,0.0,0.0,0.0,0.0,0.8403361344537815,0.0,0.0,0.0,0.0,5.042016806722689,0.0,5.88235294117647,0.0,0.0,0.0,0.0,0.0,0.0,0.0,0.0,0.0,0.0,0.0,0.0,0.0,0.0,0.0,0.0,0.0,0.0
AskReddit,0.7299270072992701,0.0,0.0,0.0,0.0,0.0,0.0,0.7299270072992701,0.7299270072992701,0.0,0.0,0.7299270072992701,0.0,4.37956204379562,0.0,0.0,0.0,0.0,0.0,0.0,0.0,0.0,0.0,0.0,0.0,0.0,0.0,0.0,0.0,0.0,0.0,0.0
AskReddit,0.0,0.0,0.0,0.0,0.0,0.0,0.0,0.0,0.0,0.0,0.0,0.0,0.0,11.11111111111111,0.0,0.0,0.0,0.0,0.0,0.0,0.0,0.0,0.0,0.0,0.0,0.0,0.0,0.0,0.0,0.0,0.0,0.0
AskReddit,0.0,0.0,0.0,0.0,0.0,0.0,0.3448275862068966,0.0,0.0,0.0,0.0,5.862068965517241,0.0,5.517241379310345,0.0,0.0,0.0,0.0,0.0,0.0,0.0,0.0,0.0,0.0,0.0,0.0,0.0,0.0,0.0,0.0,0.0,0.0
AskReddit,0.0,0.0,0.0,0.0,0.0,0.0,0.0,1.0638297872340425,1.0638297872340425,0.0,0.0,3.1914893617021276,0.0,3.1914893617021276,0.0,0.0,0.0,0.0,0.0,0.0,0.0,0.0,0.0,0.0,0.0,0.0,0.0,0.0,0.0,0.0,0.0,0.0
todayilearned,0.0,0.0,0.0,0.0,0.0,0.0,0.0,1.7543859649122806,1.7543859649122806,0.0,0.0,7.017543859649122,0.0,5.263157894736842,0.0,0.0,0.0,0.0,0.0,0.0,0.0,0.0,0.0,0.0,0.0,0.0,0.0,0.0,0.0,0.0,0.0,0.0
AskReddit,0.0,0.0,0.0,0.0,0.0,0.0,2.857142857142857,2.857142857142857,2.857142857142857,0.0,0.0,5.714285714285714,0.0,5.714285714285714,0.0,0.0,0.0,0.0,0.0,0.0,2.857142857142857,0.0,0.0,0.0,0.0,0.0,0.0,0.0,0.0,0.0,0.0,0.0
AskReddit,0.0,0.0,0.0,1.5527950310559007,0.0,0.0,0.3105590062111801,0.6211180124223602,0.6211180124223602,0.0,0.0,5.590062111801243,0.0,5.900621118012422,0.0,0.0,0.0,0.0,0.0,0.0,0.0,0.0,0.0,0.0,0.0,0.0,0.0,0.0,0.0,0.0,0.0,0.0
AskReddit,0.0,0.0,0.0,0.0,0.0,0.0,0.0,0.42194092827004215,0.42194092827004215,0.0,0.0,3.79746835443038,0.0,4.219409282700422,0.0,0.0,0.0,0.0,0.0,0.0,0.0,0.0,0.0,0.0,0.0,0.0,0.0,0.0,0.0,0.0,0.0,0.0
AskReddit,0.0,0.0,0.0,0.0,0.0,0.0,0.0,0.5089058524173028,0.5089058524173028,0.0,0.0,6.361323155216285,0.0,6.106870229007633,0.0,0.5089058524173028,0.0,0.0,0.0,0.0,0.2544529262086514,0.0,0.0,0.0,0.0,0.0,0.0,0.0,0.0,0.0,0.0,0.0
AskReddit,4.246284501061571,0.0,0.0,0.0,0.0,0.0,0.0,1.2738853503184715,1.2738853503184715,0.0,0.0,2.9723991507431,0.0,4.45859872611465,0.0,0.0,0.21231422505307856,0.0,0.0,0.0,0.21231422505307856,0.0,0.0,0.0,0.0,0.0,0.0,0.0,0.0,0.0,0.0,0.0
AskReddit,0.0,0.0,0.0,0.0,0.0,0.0,0.0,0.0,0.0,0.0,0.0,3.571428571428571,0.0,5.357142857142857,0.0,0.0,0.0,0.0,0.0,0.0,0.0,0.0,0.0,0.0,0.0,0.0,0.0,0.0,0.0,0.0,0.0,0.0
leagueoflegends,0.0,0.0,0.0,0.0,0.0,0.0,0.0,1.2048192771084338,1.2048192771084338,0.0,0.0,1.2048192771084338,0.0,4.819277108433735,0.0,0.0,0.0,0.0,0.0,0.0,0.0,0.0,0.0,0.0,0.0,0.0,0.0,0.0,0.0,0.0,0.0,0.0
leagueoflegends,0.0,0.0,0.0,0.0,0.0,0.0,0.0,0.0,0.0,0.0,0.0,0.0,0.0,1.9607843137254901,0.0,0.0,0.0,0.0,0.0,0.0,0.0,0.0,0.0,0.0,0.0,0.0,0.0,0.0,0.0,0.0,0.0,0.0
AskReddit,0.0,0.0,0.0,0.0,0.0,0.0,0.0,1.1904761904761905,1.1904761904761905,0.0,0.0,3.571428571428571,0.0,3.571428571428571,0.0,0.0,0.0,0.0,0.0,0.0,0.0,0.0,0.0,0.0,0.0,0.0,0.0,0.0,0.0,0.0,0.0,0.0
gaming,0.0,0.0,0.0,0.0,0.0,0.0,0.0,0.0,0.0,0.0,0.0,6.25,0.0,3.977272727272727,0.0,1.1363636363636365,0.0,0.0,0.0,0.0,0.0,0.0,0.0,0.0,0.0,0.0,0.0,0.0,0.0,0.0,0.0,0.0
todayilearned,0.0,0.0,0.0,0.0,0.0,0.0,0.0,0.0,0.0,0.0,0.0,6.557377049180328,0.0,6.557377049180328,0.0,0.0,0.0,0.0,0.0,0.0,0.0,0.0,0.0,0.0,0.0,0.0,0.0,0.0,0.0,0.0,0.0,0.0
AdviceAnimals,0.0,0.0,0.0,0.0,0.0,0.0,0.0,0.0,0.0,0.0,0.0,2.264808362369338,0.0,7.578397212543554,0.0,0.0,0.08710801393728224,0.0,0.0,0.0,0.17421602787456447,0.0,0.0,0.0,0.0,0.0,0.0,0.0,0.0,0.0,0.0,0.0
AskReddit,0.0,0.0,0.0,0.0,0.0,0.0,0.0,0.18975332068311196,0.18975332068311196,0.0,0.0,3.984819734345351,0.0,7.020872865275142,0.0,0.0,0.0,0.0,0.0,0.0,0.0,0.0,0.0,0.0,0.0,0.0,0.0,0.0,0.0,0.0,0.0,0.0
AskReddit,0.0,0.0,0.0,0.0,0.0,0.0,0.0,0.3597122302158274,0.3597122302158274,0.0,0.0,2.158273381294964,0.0,2.5179856115107913,0.0,0.0,0.0,0.0,0.0,0.0,0.0,0.0,0.0,0.0,0.0,0.0,0.0,0.0,0.0,0.0,0.0,0.0
AskReddit,0.16420361247947454,0.0,0.0,0.16420361247947454,0.0,0.0,0.0,0.3284072249589491,0.9852216748768473,0.0,0.0,6.403940886699508,0.0,4.105090311986864,0.0,0.16420361247947454,0.3284072249589491,0.0,0.0,0.0,0.3284072249589491,0.0,0.0,0.0,0.0,0.0,0.0,0.0,0.0,0.0,0.0,0.0
AskReddit,0.0,0.0,0.0,0.0,0.0,0.0,0.0,0.0,0.0,0.0,0.0,4.081632653061225,0.0,5.442176870748299,0.0,0.0,0.0,0.0,0.0,0.0,0.0,0.0,0.0,0.0,0.0,0.0,0.0,0.0,0.0,0.0,0.0,0.0
AskReddit,1.6722408026755853,0.0,0.0,0.0,0.0,0.0,0.0,1.3377926421404682,1.3377926421404682,0.0,0.0,3.678929765886288,0.0,2.6755852842809364,0.0,0.0,0.0,0.0,0.0,0.0,0.0,0.0,0.0,0.0,0.0,0.0,0.0,0.0,0.0,0.0,0.0,0.0
AskReddit,0.0,0.0,0.0,0.0,0.0,0.0,0.5025125628140703,0.5025125628140703,0.5025125628140703,0.0,0.0,2.0100502512562812,0.0,8.040201005025125,0.0,0.0,0.0,0.0,0.0,0.0,0.0,0.0,0.0,0.0,0.0,0.0,0.0,0.0,0.0,0.0,0.0,0.0
AdviceAnimals,0.0,0.0,0.0,0.0,0.0,0.0,0.0,0.0,0.0,0.0,0.0,2.0,0.0,2.0,0.0,2.0,0.0,0.0,0.0,0.0,4.0,0.0,0.0,0.0,0.0,0.0,0.0,0.0,0.0,0.0,0.0,0.0
funny,1.3605442176870748,0.0,0.0,0.0,0.0,0.0,0.0,1.3605442176870748,1.3605442176870748,0.0,0.0,2.0408163265306123,0.0,2.0408163265306123,0.0,0.0,0.0,0.0,0.0,0.0,0.0,0.0,0.0,0.0,0.0,0.0,0.0,0.0,0.0,0.0,0.0,0.0
funny,4.49438202247191,0.0,0.0,0.0,0.0,0.0,0.0,0.0,0.0,0.0,0.0,11.235955056179774,0.0,3.3707865168539324,0.0,0.0,0.0,0.0,0.0,0.0,0.0,0.0,0.0,0.0,0.0,0.0,0.0,0.0,0.0,0.0,0.0,0.0
pics,0.0,0.0,0.0,0.0,0.0,0.0,1.1363636363636365,0.0,0.0,0.0,0.0,5.681818181818182,0.0,3.4090909090909087,0.0,0.0,0.0,0.0,0.0,0.0,0.0,0.0,0.0,0.0,0.0,0.0,0.0,0.0,0.0,0.0,0.0,0.0
pics,0.0,0.0,0.0,0.0,0.0,0.0,0.0,0.0,0.0,0.0,0.0,1.3100436681222707,0.0,6.11353711790393,0.0,0.0,0.0,0.0,0.0,0.0,0.0,0.0,0.0,0.0,0.0,0.0,0.0,0.0,0.0,0.0,0.0,0.0
AskReddit,0.0,0.0,0.0,0.2801120448179272,0.0,0.09337068160597572,0.0,1.0270774976657329,1.0270774976657329,0.0,0.0,4.57516339869281,0.0,3.6414565826330536,0.0,0.09337068160597572,0.0,0.0,0.0,0.0,0.09337068160597572,0.0,0.0,0.0,0.0,0.0,0.0,0.0,0.0,0.0,0.0,0.0
AdviceAnimals,0.0,0.0,0.0,0.0,0.0,0.0,0.0,1.2269938650306749,1.2269938650306749,0.0,0.0,4.9079754601226995,0.0,3.067484662576687,0.0,0.6134969325153374,0.0,0.0,0.0,0.0,0.6134969325153374,0.0,0.0,0.0,0.0,0.0,0.0,0.0,0.0,0.0,0.0,0.0
AdviceAnimals,1.1363636363636365,0.0,0.0,0.0,2.272727272727273,0.0,0.0,0.0,0.0,0.0,0.0,2.272727272727273,0.0,4.545454545454546,0.0,0.0,0.0,0.0,0.0,0.0,0.0,0.0,0.0,0.0,0.0,0.0,0.0,0.0,0.0,0.0,0.0,0.0
politics,0.8,0.0,0.0,0.0,0.0,0.0,0.0,0.0,0.0,0.0,0.0,6.4,0.0,3.2,0.0,0.0,0.0,0.0,0.0,0.0,1.6,0.0,0.0,0.0,0.0,0.0,0.0,0.0,0.0,0.0,0.0,0.0
explainlikeimfive,0.0,0.0,0.0,0.0,0.0,0.0,2.4752475247524752,2.9702970297029703,2.9702970297029703,0.0,0.0,9.405940594059405,0.0,2.4752475247524752,0.0,0.49504950495049505,0.0,0.0,0.0,0.0,0.0,0.0,0.0,0.0,0.0,0.0,0.0,0.0,0.0,0.0,0.0,0.0
funny,10.0,0.0,0.0,0.0,0.0,0.0,0.0,0.0,0.0,0.0,0.0,10.0,0.0,0.0,0.0,0.0,0.0,0.0,0.0,0.0,0.0,0.0,0.0,0.0,0.0,0.0,0.0,0.0,0.0,0.0,0.0,0.0
funny,0.0,0.0,0.0,0.0,0.0,0.0,0.0,0.0,0.0,0.0,0.0,3.592814371257485,0.0,4.790419161676647,0.0,0.0,0.0,0.0,0.0,0.0,0.5988023952095809,0.0,0.0,0.0,0.0,0.0,0.0,0.0,0.0,0.0,0.0,0.0
leagueoflegends,0.0,0.0,0.0,0.0,0.0,0.0,0.0,0.0,0.0,0.0,0.0,3.8461538461538463,0.0,5.769230769230769,0.0,0.0,0.0,0.0,0.0,0.0,0.641025641025641,0.0,0.0,0.0,0.0,0.0,0.0,0.0,0.0,0.0,0.0,0.0
leagueoflegends,0.0,0.0,0.0,0.0,0.0,0.0,0.0,1.0752688172043012,1.0752688172043012,0.0,0.0,3.942652329749104,0.0,5.376344086021505,0.0,0.0,0.0,0.0,0.0,0.0,0.0,0.0,0.0,0.0,0.0,0.0,0.0,0.0,0.0,0.0,0.0,0.0
leagueoflegends,0.0,0.0,0.0,0.0,0.0,0.0,0.0,0.0,0.0,0.0,0.0,0.0,0.0,11.11111111111111,0.0,0.0,0.0,0.0,0.0,0.0,0.0,0.0,0.0,0.0,0.0,0.0,0.0,0.0,0.0,0.0,0.0,0.0
leagueoflegends,0.0,0.0,0.0,0.0,0.0,0.0,0.0,3.225806451612903,3.225806451612903,0.0,0.0,3.225806451612903,0.0,3.225806451612903,0.0,0.0,0.0,0.0,0.0,0.0,0.0,0.0,0.0,0.0,0.0,0.0,0.0,0.0,0.0,0.0,0.0,0.0
politics,0.1485884101040119,0.0,0.0,0.0,0.0,0.0,0.0,0.1485884101040119,0.1485884101040119,0.0,0.0,3.4175334323922733,0.0,4.457652303120357,0.0,0.0,0.0,0.0,0.0,0.0,0.2971768202080238,0.0,0.0,0.0,0.0,0.0,0.0,0.0,0.0,0.0,0.0,0.0
gaming,10.0,0.0,0.0,0.0,0.0,0.0,0.0,0.0,0.0,0.0,0.0,0.0,0.0,0.0,0.0,10.0,0.0,0.0,0.0,0.0,0.0,0.0,0.0,0.0,0.0,0.0,0.0,0.0,0.0,0.0,0.0,0.0
gaming,0.0,0.0,0.0,0.0,0.0,0.0,0.0,0.0,0.0,0.0,0.0,6.944444444444445,0.0,4.166666666666666,0.0,0.0,0.0,0.0,0.0,0.0,0.0,0.0,0.0,0.0,0.0,0.0,0.0,0.0,0.0,0.0,0.0,0.0
atheism,0.44742729306487694,0.0,0.0,0.0,0.0,0.44742729306487694,0.0,1.5659955257270695,1.5659955257270695,0.0,0.22371364653243847,4.921700223713646,0.0,3.5794183445190155,0.0,0.0,0.22371364653243847,0.0,0.0,0.0,0.8948545861297539,0.0,0.0,0.0,0.0,0.0,0.0,0.0,0.0,0.0,0.0,0.0
politics,0.0,0.0,0.0,0.0,0.0,0.0,0.0,0.0,0.0,0.0,0.0,10.344827586206897,0.0,6.896551724137931,0.0,0.0,0.0,0.0,0.0,0.0,0.0,0.0,0.0,0.0,0.0,0.0,0.0,0.0,0.0,0.0,0.0,0.0
leagueoflegends,0.7751937984496124,0.0,0.0,0.0,0.0,0.0,0.0,1.550387596899225,1.550387596899225,0.0,0.0,3.875968992248062,0.0,5.426356589147287,0.0,0.0,0.0,0.0,0.0,0.0,0.0,0.0,0.0,0.0,0.0,0.0,0.0,0.0,0.0,0.0,0.0,0.0
explainlikeimfive,0.0,0.0,0.0,0.0,0.0,0.0,0.0,0.0,0.0,0.0,0.0,5.154639175257731,0.0,5.154639175257731,0.0,0.0,0.0,0.0,0.0,0.0,0.0,0.0,0.0,0.0,0.0,0.0,0.0,0.0,0.0,0.0,0.0,0.0
explainlikeimfive,0.0,0.0,0.0,0.0,0.0,0.0,2.7472527472527473,2.197802197802198,1.6483516483516485,0.0,0.0,6.593406593406594,0.0,5.4945054945054945,0.0,0.5494505494505495,0.0,0.0,0.0,0.0,0.5494505494505495,0.0,0.5494505494505495,0.0,0.5494505494505495,0.0,0.0,0.0,0.0,0.0,0.0,0.0
gaming,0.0,0.0,0.0,0.0,0.0,0.0,0.0,0.0,0.0,0.0,0.0,3.061224489795918,0.0,5.1020408163265305,0.0,0.0,0.0,0.0,0.0,0.0,1.0204081632653061,0.0,0.0,0.0,0.0,0.0,0.0,0.0,0.0,0.0,0.0,0.0
pics,0.0,0.0,0.0,0.0,0.0,0.0,0.0,0.5813953488372093,0.0,0.0,0.0,5.813953488372093,0.0,4.651162790697675,0.0,0.0,0.0,0.0,0.0,0.0,0.0,0.0,0.5813953488372093,0.0,0.5813953488372093,0.0,0.0,0.0,0.0,0.0,0.0,0.0
pics,0.0,0.0,0.0,0.0,0.0,0.0,0.0,0.9146341463414633,0.9146341463414633,0.0,0.0,4.878048780487805,0.0,4.2682926829268295,0.0,0.0,0.0,0.0,0.0,0.0,0.3048780487804878,0.0,0.0,0.0,0.0,0.0,0.0,0.0,0.0,0.0,0.0,0.0
pics,0.0,0.0,0.0,0.0,0.0,0.0,0.0,0.0,0.0,0.0,0.0,3.75,0.0,4.375,0.0,0.0,0.0,0.0,0.0,0.0,0.0,0.0,0.0,0.0,0.0,0.0,0.0,0.0,0.0,0.0,0.0,0.0
pics,0.0,0.0,0.0,0.0,0.28169014084507044,0.0,0.0,0.5633802816901409,0.5633802816901409,0.0,0.0,5.070422535211268,0.0,2.2535211267605635,0.0,0.0,0.0,0.0,0.0,0.0,0.0,0.0,0.0,0.0,0.0,0.0,0.0,0.0,0.0,0.0,0.0,0.0
pics,0.0,0.0,0.0,0.0,0.0,0.0,0.0,2.857142857142857,2.857142857142857,0.0,0.0,2.857142857142857,0.0,2.857142857142857,0.0,0.0,0.0,0.0,0.0,0.0,2.857142857142857,0.0,0.0,0.0,0.0,0.0,0.0,0.0,0.0,0.0,0.0,0.0
AdviceAnimals,0.0,0.0,0.0,0.0,0.0,0.0,0.0,0.0,0.0,0.0,0.0,0.0,0.0,50.0,0.0,0.0,0.0,0.0,0.0,0.0,0.0,0.0,0.0,0.0,0.0,0.0,0.0,0.0,0.0,0.0,0.0,0.0
AdviceAnimals,3.571428571428571,0.0,0.0,0.0,0.0,0.0,0.0,0.7142857142857143,0.7142857142857143,0.0,0.0,4.285714285714286,0.0,1.4285714285714286,0.0,0.0,0.0,0.0,0.0,0.0,0.0,0.0,0.0,0.0,0.0,0.0,0.0,0.0,0.0,0.0,0.0,0.0
AdviceAnimals,0.0,0.0,0.0,0.0,0.0,0.0,0.0,3.3333333333333335,3.3333333333333335,0.0,0.0,6.666666666666667,0.0,6.666666666666667,0.0,0.0,0.0,0.0,0.0,0.0,0.0,0.0,0.0,0.0,0.0,0.0,0.0,0.0,0.0,0.0,0.0,0.0
leagueoflegends,0.0,0.0,0.0,0.0,0.0,0.0,0.0,0.0,0.0,0.0,0.0,3.343465045592705,0.303951367781155,3.343465045592705,0.0,0.0,0.0,0.0,0.0,0.0,0.0,0.0,0.0,0.0,0.0,0.0,0.0,0.0,0.0,0.0,0.0,0.0
AdviceAnimals,0.0,0.0,0.0,0.0,0.0,0.0,0.0,0.0,0.0,0.0,0.0,4.6875,0.0,7.8125,0.0,0.0,0.0,0.0,0.0,0.0,0.0,0.0,0.0,0.0,0.0,0.0,0.0,0.0,0.0,0.0,0.0,0.0
AdviceAnimals,0.0,0.0,0.0,0.0,0.0,0.0,0.0,0.0,0.0,0.0,0.0,5.357142857142857,0.0,5.357142857142857,0.0,0.0,0.0,0.0,0.0,0.0,0.0,0.0,0.0,0.0,0.0,0.0,0.0,0.0,0.0,0.0,0.0,0.0
AdviceAnimals,0.0,0.0,0.0,0.0,0.0,0.0,3.4482758620689653,0.0,0.0,0.0,0.0,6.896551724137931,0.0,6.896551724137931,0.0,0.0,0.0,0.0,0.0,0.0,0.0,0.0,0.0,0.0,0.0,0.0,0.0,0.0,0.0,0.0,0.0,0.0
AdviceAnimals,0.0,0.0,0.0,0.26109660574412535,0.0,0.0,0.0,0.5221932114882507,0.5221932114882507,0.0,0.0,5.7441253263707575,0.0,4.960835509138381,0.0,0.0,0.26109660574412535,0.0,0.0,0.0,0.5221932114882507,0.0,0.0,0.0,0.0,0.0,0.0,0.0,0.0,0.0,0.0,0.0
AdviceAnimals,0.0,0.0,0.0,0.0,0.0,0.0,0.0,3.125,3.125,0.0,0.0,1.5625,0.0,3.125,0.0,0.0,0.0,0.0,0.0,0.0,0.0,0.0,0.0,0.0,0.0,0.0,0.0,0.0,0.0,0.0,0.0,0.0
AdviceAnimals,0.0,0.0,0.0,0.0,0.0,0.0,0.0,1.0309278350515463,1.0309278350515463,0.0,0.0,2.0618556701030926,0.0,5.154639175257731,0.0,0.0,0.0,0.0,0.0,0.0,2.0618556701030926,0.0,0.0,0.0,0.0,0.0,0.0,0.0,0.0,0.0,0.0,0.0
AdviceAnimals,0.0,0.0,0.0,0.0,0.0,0.0,0.0,0.8064516129032258,0.8064516129032258,0.0,0.0,0.0,0.0,4.032258064516129,0.0,0.0,0.0,0.0,0.0,0.0,0.0,0.0,0.0,0.0,0.0,0.0,0.0,0.0,0.0,0.0,0.0,0.0
AdviceAnimals,0.0,0.0,0.0,0.0,0.0,0.0,0.0,0.0,0.0,0.0,0.0,5.319148936170213,0.0,4.25531914893617,0.0,0.0,0.0,0.0,0.0,0.0,0.0,0.0,0.0,0.0,0.0,0.0,0.0,0.0,0.0,0.0,0.0,0.0
AdviceAnimals,0.2824858757062147,0.0,0.0,0.0,0.0,0.0,0.0,0.0,0.0,0.0,0.0,7.062146892655368,0.0,5.367231638418079,0.0,0.0,0.0,0.0,0.0,0.0,0.2824858757062147,0.0,0.0,0.0,0.0,0.0,0.0,0.0,0.0,0.0,0.0,0.0
AdviceAnimals,0.0,0.0,0.0,0.0,0.0,0.0,0.0,0.0,0.0,0.0,0.0,2.564102564102564,0.0,7.6923076923076925,0.0,0.0,0.0,0.0,0.0,0.0,0.0,0.0,0.0,0.0,0.0,0.0,0.0,0.0,0.0,0.0,0.0,0.0
politics,0.0,0.0,0.0,0.0,0.0,0.0,0.0,0.0,0.0,0.0,0.0,5.660377358490567,0.0,1.8867924528301887,0.0,0.0,0.0,0.0,0.0,0.0,1.8867924528301887,0.0,0.0,0.0,0.0,0.0,0.0,0.0,0.0,0.0,0.0,0.0
explainlikeimfive,0.0,0.0,0.0,0.0,0.0,0.0,0.0,0.847457627118644,0.847457627118644,0.0,0.0,5.508474576271186,0.0,4.23728813559322,0.0,0.0,0.0,0.0,0.0,0.0,0.0,0.0,0.0,0.0,0.0,0.0,0.0,0.0,0.0,0.0,0.0,0.0
todayilearned,0.0,0.0,0.0,0.0,0.0,0.0,0.0,0.9345794392523363,0.9345794392523363,0.0,0.0,4.672897196261682,0.0,3.7383177570093453,0.0,0.0,0.0,0.0,0.0,0.0,0.0,0.0,0.0,0.0,0.0,0.0,0.0,0.0,0.0,0.0,0.0,0.0
AdviceAnimals,0.0,0.0,0.0,0.0,0.0,0.0,0.0,0.4016064257028112,0.4016064257028112,0.0,0.0,3.614457831325301,0.4016064257028112,5.220883534136546,0.0,0.0,0.4016064257028112,0.0,0.0,0.0,0.0,0.0,0.0,0.0,0.0,0.0,0.0,0.0,0.0,0.0,0.0,0.0
gaming,0.0,0.0,0.0,0.0,0.0,0.0,0.0,0.0,0.0,0.0,0.0,3.9603960396039604,0.0,5.9405940594059405,0.0,0.0,0.0,0.0,0.0,0.0,0.0,0.0,0.0,0.0,0.0,0.0,0.0,0.0,0.0,0.0,0.0,0.0
explainlikeimfive,0.0,0.0,0.0,0.0,0.0,0.0,0.8264462809917356,2.479338842975207,2.479338842975207,0.0,0.0,2.479338842975207,0.0,4.132231404958678,0.0,0.0,0.0,0.0,0.8264462809917356,0.0,0.8264462809917356,0.0,0.0,0.0,0.0,0.0,0.0,0.0,0.0,0.0,0.0,0.0
leagueoflegends,0.0,0.0,0.0,0.0,0.0,0.0,0.0,1.5957446808510638,0.0,0.0,0.0,1.0638297872340425,0.0,6.914893617021277,0.0,0.0,0.0,1.0638297872340425,1.0638297872340425,2.6595744680851063,0.0,0.0,1.5957446808510638,0.0,1.5957446808510638,0.0,0.0,0.0,0.0,0.0,0.0,0.0
explainlikeimfive,0.0,0.0,0.0,0.0,0.0,0.0,0.0,0.0,0.0,0.0,0.0,6.923076923076923,0.0,5.384615384615385,0.0,0.0,0.0,0.0,0.0,0.0,0.0,0.0,0.0,0.0,0.0,0.0,0.0,0.0,0.0,0.0,0.0,0.0
pics,0.0,0.0,0.0,0.0,0.0,0.0,0.0,1.0033444816053512,0.33444816053511706,0.0,0.0,5.68561872909699,0.0,3.3444816053511706,0.0,0.6688963210702341,0.0,0.0,0.0,0.0,0.0,0.0,0.33444816053511706,0.0,0.33444816053511706,0.0,0.0,0.0,0.0,0.0,0.0,0.0
todayilearned,0.0,0.0,0.0,0.0,0.0,0.0,0.0,0.0,0.0,0.0,0.0,1.36986301369863,0.0,4.10958904109589,0.0,0.0,0.0,0.0,0.0,0.0,0.0,0.0,0.0,0.0,0.0,0.0,0.0,0.0,0.0,0.0,0.0,0.0
pics,0.0,0.0,0.0,0.0,0.0,0.0,0.0,0.0,0.0,0.0,0.0,0.9803921568627451,0.0,4.901960784313726,0.0,0.0,0.0,0.0,0.0,0.0,0.0,0.0,0.0,0.0,0.0,0.0,0.0,0.0,0.0,0.0,0.0,0.0
pics,0.4889975550122249,0.0,0.0,0.0,0.24449877750611246,0.0,0.0,1.7114914425427872,1.2224938875305624,0.4889975550122249,0.0,0.9779951100244498,0.0,5.378973105134474,0.0,0.0,0.0,0.0,0.0,0.0,0.7334963325183375,0.0,0.24449877750611246,0.0,0.24449877750611246,0.0,0.0,0.0,0.0,0.0,0.0,0.0
pics,0.0,0.0,0.0,0.0,0.0,0.0,0.0,0.0,2.666666666666667,0.0,0.0,2.666666666666667,0.0,6.666666666666667,0.0,0.0,0.0,0.0,0.0,0.0,0.0,0.0,0.0,0.0,0.0,0.0,0.0,0.0,0.0,0.0,0.0,0.0
pics,0.0,0.0,0.0,0.0,0.0,0.0,0.0,1.639344262295082,1.639344262295082,0.0,0.0,8.19672131147541,0.0,4.918032786885246,0.0,0.0,0.0,0.0,0.0,0.0,0.0,0.0,0.0,0.0,0.0,0.0,0.0,0.0,0.0,0.0,0.0,0.0
AdviceAnimals,0.0,0.0,0.0,0.0,0.0,0.0,0.0,1.4925373134328357,1.4925373134328357,0.0,0.0,4.477611940298507,0.0,7.462686567164178,0.0,0.0,0.0,0.0,0.0,0.0,0.0,0.0,0.0,0.0,0.0,0.0,0.0,0.0,0.0,0.0,0.0,0.0
AdviceAnimals,0.0,0.0,0.0,0.0,0.0,0.0,0.0,0.6211180124223602,0.6211180124223602,0.0,0.0,0.6211180124223602,0.0,7.453416149068323,0.0,0.0,0.0,0.0,0.0,0.0,0.0,0.0,0.0,0.0,0.0,0.0,0.0,0.0,0.0,0.0,0.0,0.0
funny,0.0,0.0,0.0,0.0,0.0,0.0,0.0,0.0,0.0,0.0,0.0,10.638297872340425,0.0,12.76595744680851,0.0,0.0,0.0,0.0,0.0,0.0,4.25531914893617,0.0,0.0,0.0,0.0,0.0,0.0,0.0,0.0,0.0,0.0,0.0
funny,0.0,0.0,0.0,0.0,0.0,0.0,0.7692307692307693,0.7692307692307693,0.7692307692307693,0.0,0.0,1.5384615384615385,0.0,5.384615384615385,0.0,0.0,0.0,0.0,0.0,0.0,0.0,0.0,0.0,0.0,0.0,0.0,0.0,0.0,0.0,0.0,0.0,0.0
AdviceAnimals,0.0,0.0,0.0,0.0,0.0,0.0,0.0,0.0,0.0,0.0,0.0,5.660377358490567,0.9433962264150944,0.9433962264150944,0.0,0.0,0.0,0.0,0.0,0.0,9.433962264150944,0.0,0.0,0.0,0.0,0.0,0.0,0.0,0.0,0.0,0.0,0.0
AdviceAnimals,0.0,0.0,0.0,0.0,0.0,0.0,0.0,0.0,0.0,0.0,0.0,2.2988505747126435,0.0,3.4482758620689653,0.0,0.0,0.0,0.0,0.0,0.0,0.0,0.0,0.0,0.0,0.0,0.0,0.0,0.0,0.0,0.0,0.0,0.0
AdviceAnimals,0.0,0.0,0.0,0.0,0.0,0.0,0.0,0.0,0.0,0.0,0.0,5.681818181818182,0.0,5.681818181818182,0.0,0.0,1.1363636363636365,0.0,0.0,0.0,0.0,0.0,0.0,0.0,0.0,0.0,0.0,0.0,0.0,0.0,0.0,0.0
AdviceAnimals,0.0,0.0,0.0,0.0,0.0,0.0,0.0,0.5277044854881267,0.5277044854881267,0.0,0.0,0.79155672823219,0.0,1.58311345646438,0.0,0.0,0.0,0.0,0.0,0.0,2.3746701846965697,0.0,0.0,0.0,0.0,0.0,0.0,0.0,0.0,0.0,0.0,0.0
AdviceAnimals,0.0,0.0,0.0,0.0,0.0,0.0,2.5974025974025974,0.0,0.0,0.0,0.0,3.896103896103896,0.0,5.844155844155844,0.0,0.0,0.0,0.0,0.0,0.0,1.948051948051948,0.0,0.0,0.0,0.0,0.0,0.0,0.0,0.0,0.0,0.0,0.0
AdviceAnimals,0.0,0.0,0.0,0.0,0.0,0.0,0.0,0.0,0.0,0.0,0.0,5.970149253731343,0.0,2.9850746268656714,0.0,0.0,1.4925373134328357,0.0,0.0,0.0,0.0,0.0,0.0,0.0,0.0,0.0,0.0,0.0,0.0,0.0,0.0,0.0
funny,0.0,0.0,0.0,0.0,0.0,0.0,0.0,0.5235602094240838,0.5235602094240838,0.0,0.0,1.5706806282722512,0.0,4.712041884816754,0.0,0.0,0.0,0.0,0.0,0.0,0.0,0.0,0.0,0.0,0.0,0.0,0.0,0.0,0.0,0.0,0.0,0.0
explainlikeimfive,0.0,0.0,0.0,0.0,0.0,0.0,0.8888888888888888,0.4444444444444444,0.4444444444444444,0.0,0.0,4.444444444444445,0.0,7.111111111111111,0.0,0.0,0.0,0.0,0.0,0.0,0.0,0.0,0.0,0.0,0.0,0.0,0.0,0.0,0.0,0.0,0.0,0.0
todayilearned,0.0,0.0,0.0,0.0,0.0,0.0,0.3875968992248062,0.0,0.0,0.0,0.0,5.038759689922481,0.0,4.263565891472868,0.0,0.0,0.0,0.0,0.0,0.0,0.0,0.0,0.0,0.0,0.0,0.0,0.0,0.0,0.0,0.0,0.0,0.0
gaming,0.4273504273504274,0.0,0.0,0.0,0.0,0.0,0.0,0.4273504273504274,0.4273504273504274,0.0,0.0,2.564102564102564,0.0,5.128205128205128,0.0,0.0,0.0,0.0,0.0,0.0,0.0,0.0,0.0,0.0,0.0,0.0,0.0,0.0,0.0,0.0,0.0,0.0
AdviceAnimals,0.34602076124567477,0.0,0.0,0.0,0.0,0.0,0.0,0.6920415224913495,0.6920415224913495,0.0,0.0,5.536332179930796,0.0,3.4602076124567476,0.0,0.0,0.34602076124567477,0.0,0.0,0.0,0.0,0.0,0.0,0.0,0.0,0.0,0.0,0.0,0.0,0.0,0.0,0.0
AdviceAnimals,5.405405405405405,0.0,0.0,0.0,0.0,0.0,0.0,2.027027027027027,2.027027027027027,0.0,0.0,3.3783783783783785,0.0,2.7027027027027026,0.0,0.0,0.0,0.0,0.0,0.0,0.0,0.0,0.0,0.0,0.0,0.0,0.0,0.0,0.0,0.0,0.0,0.0
AdviceAnimals,0.0,0.0,0.0,0.0,0.0,0.23201856148491878,0.6960556844547563,0.46403712296983757,0.46403712296983757,0.0,0.0,10.208816705336426,1.160092807424594,5.104408352668213,0.0,1.160092807424594,0.23201856148491878,0.0,0.0,0.0,0.46403712296983757,0.0,0.0,0.0,0.0,0.0,0.0,0.0,0.0,0.0,0.0,0.0
AdviceAnimals,0.0,0.0,0.0,0.0,0.0,0.22988505747126436,0.6896551724137931,0.45977011494252873,0.45977011494252873,0.0,0.0,10.114942528735632,1.1494252873563218,5.287356321839081,0.0,1.1494252873563218,0.22988505747126436,0.0,0.0,0.0,0.45977011494252873,0.0,0.0,0.0,0.0,0.0,0.0,0.0,0.0,0.0,0.0,0.0
AdviceAnimals,1.2048192771084338,0.0,0.0,1.2048192771084338,0.0,0.0,2.4096385542168677,0.0,0.0,0.0,0.0,6.024096385542169,0.0,7.228915662650602,0.0,0.0,0.0,0.0,0.0,0.0,1.2048192771084338,0.0,0.0,0.0,0.0,0.0,0.0,0.0,0.0,0.0,0.0,0.0
AdviceAnimals,0.0,0.0,2.4096385542168677,0.0,0.0,0.0,0.0,0.0,0.0,0.0,0.0,2.4096385542168677,0.0,4.819277108433735,0.0,2.4096385542168677,0.0,0.0,0.0,0.0,0.0,0.0,0.0,0.0,0.0,0.0,0.0,0.0,0.0,0.0,0.0,0.0
AdviceAnimals,0.0,0.0,0.0,0.0,0.0,0.0,0.0,0.0,0.0,0.0,0.0,2.857142857142857,0.0,4.285714285714286,0.0,0.0,0.0,0.0,0.0,0.0,0.0,0.0,0.0,0.0,0.0,0.0,0.0,0.0,0.0,0.0,0.0,0.0
AdviceAnimals,0.0,0.0,0.0,0.0,0.0,0.0,0.0,0.5617977528089888,0.5617977528089888,0.0,0.0,2.247191011235955,0.0,5.056179775280898,0.0,0.0,0.0,0.0,0.0,0.0,0.0,0.0,0.0,0.0,0.0,0.0,0.0,0.0,0.0,0.0,0.0,0.0
AdviceAnimals,0.0,0.0,0.0,0.0,0.3787878787878788,0.0,0.0,0.0,0.0,0.0,0.0,0.7575757575757576,0.0,4.166666666666666,0.0,0.0,0.0,0.0,0.0,0.0,0.0,0.0,0.0,0.0,0.0,0.0,0.0,0.0,0.0,0.0,0.0,0.0
gaming,0.0,0.0,0.0,0.8130081300813009,0.0,0.0,0.0,0.0,0.0,0.0,0.0,0.40650406504065045,0.0,4.878048780487805,0.0,0.40650406504065045,0.0,0.0,0.0,0.0,0.0,0.0,0.0,0.0,0.0,0.0,0.0,0.0,0.0,0.0,0.0,0.0
funny,0.0,0.0,0.0,0.0,0.0,0.0,0.0,1.639344262295082,0.0,0.0,0.0,0.0,0.0,4.918032786885246,0.0,0.0,0.0,0.0,0.0,0.0,0.0,0.0,1.639344262295082,0.0,1.639344262295082,0.0,0.0,0.0,0.0,0.0,0.0,0.0
leagueoflegends,0.0,0.0,0.0,0.0,0.45871559633027525,0.0,0.0,0.0,0.0,0.0,0.0,5.5045871559633035,0.0,4.128440366972478,0.0,0.45871559633027525,0.0,0.0,0.0,0.0,0.0,0.0,0.0,0.0,0.0,0.0,0.0,0.0,0.0,0.0,0.0,0.0
todayilearned,0.0,0.0,0.0,0.0,0.0,0.0,0.0,0.0,0.0,0.0,0.0,6.951871657754011,0.0,4.27807486631016,0.0,0.0,0.0,0.0,0.0,0.0,0.0,0.0,0.0,0.0,0.0,0.0,0.0,0.0,0.0,0.0,0.0,0.0
explainlikeimfive,0.0,0.0,0.0,0.0,0.0,0.0,0.0,0.91324200913242,0.91324200913242,0.0,0.0,3.65296803652968,0.0,2.28310502283105,0.0,0.0,0.0,0.0,0.0,0.0,0.0,0.0,0.0,0.0,0.0,0.0,0.0,0.0,0.0,0.0,0.0,0.0
funny,0.0,0.0,0.0,0.0,0.0,0.0,0.0,0.53475935828877,0.53475935828877,0.0,0.0,1.6042780748663104,0.0,2.6737967914438503,0.0,0.0,0.0,0.0,0.0,0.0,0.0,0.0,0.0,0.0,0.0,0.0,0.0,0.0,0.0,0.0,0.0,0.0
AdviceAnimals,0.0,0.0,0.0,0.0,0.0,0.0,0.0,0.0,0.0,0.0,0.0,5.633802816901409,0.0,4.225352112676056,0.0,0.0,0.0,0.0,0.0,0.0,0.0,0.0,0.0,0.0,0.0,0.0,0.0,0.0,0.0,0.0,0.0,0.0
atheism,0.0,0.0,0.0,0.0,0.25125628140703515,0.0,0.7537688442211055,0.7537688442211055,0.5025125628140703,0.0,0.0,7.537688442211055,0.0,5.527638190954774,0.0,0.0,0.0,0.0,0.0,0.0,0.25125628140703515,0.0,0.0,0.0,0.0,0.0,0.0,0.0,0.0,0.0,0.0,0.0
leagueoflegends,0.0,0.0,0.0,0.0,0.0,0.0,0.0,1.5957446808510638,0.0,0.0,0.0,1.0638297872340425,0.0,6.914893617021277,0.0,0.0,0.0,1.0638297872340425,1.0638297872340425,2.6595744680851063,0.0,0.0,1.5957446808510638,0.0,1.5957446808510638,0.0,0.0,0.0,0.0,0.0,0.0,0.0
funny,0.0,0.0,0.0,0.0,0.0,0.0,0.0,4.411764705882353,4.411764705882353,0.0,0.0,4.411764705882353,0.0,5.88235294117647,1.4705882352941175,0.0,0.0,0.0,0.0,0.0,0.0,0.0,0.0,0.0,0.0,0.0,0.0,0.0,0.0,0.0,0.0,0.0
explainlikeimfive,0.0,0.0,0.0,0.0,0.0,0.0,0.5076142131979695,1.015228426395939,1.015228426395939,0.0,0.0,6.091370558375635,0.0,2.5380710659898478,0.0,0.0,1.5228426395939088,0.0,0.0,0.0,0.0,0.0,0.0,0.0,0.0,0.0,0.0,0.0,0.0,0.0,0.0,0.0
leagueoflegends,0.0,0.0,0.0,0.0,0.0,0.0,0.0,0.8695652173913043,0.8695652173913043,0.0,0.0,1.7391304347826086,0.0,1.4492753623188406,0.0,0.2898550724637681,0.0,0.0,0.0,0.0,0.0,0.0,0.0,0.0,0.0,0.0,0.0,0.0,0.0,0.0,0.0,0.0
atheism,0.0,0.0,0.0,0.0,0.0,1.7241379310344827,0.0,0.5747126436781609,0.5747126436781609,0.0,0.0,2.2988505747126435,0.0,0.5747126436781609,0.0,0.0,0.0,0.0,0.0,0.0,0.5747126436781609,0.0,0.0,0.0,0.0,0.0,0.0,0.0,0.0,0.0,0.0,0.0
gaming,0.0,0.0,0.0,0.0,0.0,0.0,0.0,0.0,0.0,0.0,0.0,3.3112582781456954,0.0,7.28476821192053,0.0,0.6622516556291391,0.0,0.0,0.0,0.0,0.0,0.0,0.0,0.0,0.0,0.0,0.0,0.0,0.0,0.0,0.0,0.0
gaming,0.0,0.0,0.0,0.0,0.0,0.0,0.0,0.0,0.0,0.0,0.0,8.21917808219178,0.0,6.8493150684931505,2.73972602739726,0.0,0.0,0.0,0.0,0.0,0.0,0.0,0.0,0.0,0.0,0.0,0.0,0.0,0.0,0.0,0.0,0.0
todayilearned,0.2070393374741201,0.0,0.0,0.0,0.0,0.0,0.0,0.4140786749482402,0.4140786749482402,0.0,0.0,0.8281573498964804,0.0,6.625258799171843,0.0,0.4140786749482402,0.0,0.0,0.0,0.0,0.4140786749482402,0.0,0.0,0.0,0.0,0.0,0.0,0.0,0.0,0.0,0.0,0.0
explainlikeimfive,0.0,0.0,0.0,0.0,0.0,0.0,1.1764705882352942,2.3529411764705883,2.3529411764705883,0.0,0.0,9.411764705882353,0.0,1.7647058823529411,0.0,0.5882352941176471,0.0,0.0,0.0,0.0,0.0,0.0,0.0,0.0,0.0,0.0,0.0,0.0,0.0,0.0,0.0,0.0
leagueoflegends,0.0,0.0,0.0,0.0,0.0,0.0,0.0,1.36986301369863,1.36986301369863,0.0,0.0,6.8493150684931505,0.0,4.10958904109589,0.0,0.0,0.0,0.0,0.0,0.0,0.0,0.0,0.0,0.0,0.0,0.0,0.0,0.0,0.0,0.0,0.0,0.0
explainlikeimfive,0.0,0.0,0.0,0.0,0.0,0.0,0.0,0.09930486593843098,0.0,0.0,0.0,2.6812313803376364,0.0,5.561072492552134,0.0,0.0,0.0,0.0,0.0,0.5958291956305859,0.3972194637537239,0.0,0.0,0.0,0.0,0.0,0.0,0.0,0.0,0.0,0.0,0.0
leagueoflegends,0.0,0.0,0.0,0.0,0.0,0.0,0.0,2.0746887966804977,2.0746887966804977,0.0,0.0,2.4896265560165975,0.0,4.979253112033195,0.0,0.0,0.0,0.0,0.0,0.0,0.0,0.0,0.0,0.0,0.0,0.0,0.0,0.0,0.0,0.0,0.0,0.0
leagueoflegends,0.0,0.0,0.0,0.0,0.0,0.0,0.0,1.2903225806451613,1.2903225806451613,0.0,0.0,2.5806451612903225,0.0,3.225806451612903,0.0,0.0,0.0,0.0,0.0,0.0,0.0,0.0,0.0,0.0,0.0,0.0,0.0,0.0,0.0,0.0,0.0,0.0
leagueoflegends,0.0,0.0,0.0,0.0,0.0,0.0,0.0,0.0,0.0,0.0,0.0,7.142857142857142,0.0,4.761904761904762,0.0,0.0,0.0,0.0,0.0,0.0,1.1904761904761905,0.0,0.0,0.0,0.0,0.0,0.0,0.0,0.0,0.0,0.0,0.0
funny,0.0,0.0,0.0,0.0,0.0,0.0,0.0,3.8461538461538463,0.0,0.0,0.0,7.6923076923076925,0.0,3.8461538461538463,0.0,0.0,0.0,0.0,0.0,0.0,3.8461538461538463,0.0,3.8461538461538463,0.0,3.8461538461538463,0.0,0.0,0.0,0.0,0.0,0.0,0.0
funny,0.0,0.0,0.0,0.0,0.0,0.0,0.0,0.0,0.0,0.0,0.0,2.4096385542168677,0.0,6.024096385542169,0.0,0.0,0.0,0.0,0.0,0.0,0.0,0.0,0.0,0.0,0.0,0.0,0.0,0.0,0.0,0.0,0.0,0.0
funny,0.0,0.0,0.0,0.0,0.0,0.0,0.0,0.0,0.0,0.0,0.0,14.285714285714285,0.0,4.761904761904762,0.0,0.0,0.0,0.0,0.0,0.0,0.0,0.0,0.0,0.0,0.0,0.0,0.0,0.0,0.0,0.0,0.0,0.0
leagueoflegends,0.0,0.0,0.0,0.0,0.0,0.0,0.0,0.0,0.0,0.0,0.0,5.660377358490567,0.0,3.7735849056603774,0.0,0.0,0.0,0.0,0.0,0.0,0.0,0.0,0.0,0.0,0.0,0.0,0.0,0.0,0.0,0.0,0.0,0.0
AdviceAnimals,0.0,0.0,0.0,0.0,0.0,0.0,0.0,0.9900990099009901,0.9900990099009901,0.0,0.0,6.9306930693069315,0.0,0.0,0.0,0.9900990099009901,0.0,0.0,0.0,0.0,0.9900990099009901,0.0,0.0,0.0,0.0,0.0,0.0,0.0,0.0,0.0,0.0,0.0
politics,0.0,0.0,0.0,0.0,0.0,0.0,0.0,0.4792332268370607,0.4792332268370607,0.0,0.0,3.8338658146964857,0.0,5.431309904153355,0.0,0.0,0.0,0.0,0.0,0.4792332268370607,0.0,0.0,0.0,0.0,0.0,0.0,0.0,0.0,0.0,0.0,0.0,0.0
explainlikeimfive,0.0,0.0,0.0,0.384985563041386,0.0,0.0,0.0962463907603465,0.5774783445620789,0.192492781520693,0.0,0.0,5.678537054860443,0.0,5.582290664100096,0.0,0.0962463907603465,0.0,0.0,0.0,0.0,0.384985563041386,0.0,0.384985563041386,0.0,0.384985563041386,0.0,0.0,0.0,0.0,0.0,0.0,0.0
explainlikeimfive,1.0309278350515463,0.0,0.0,2.0618556701030926,0.0,0.0,0.0,1.0309278350515463,1.0309278350515463,0.0,0.0,6.185567010309279,0.0,8.24742268041237,0.0,0.0,0.0,0.0,0.0,0.0,0.0,0.0,0.0,0.0,0.0,0.0,0.0,0.0,0.0,0.0,0.0,0.0
explainlikeimfive,0.0,0.0,0.0,0.0,0.0,0.0,0.0,0.5291005291005291,0.5291005291005291,0.0,0.0,3.7037037037037033,0.0,5.82010582010582,0.0,0.0,0.0,0.0,0.0,0.0,0.0,0.0,0.0,0.0,0.0,0.0,0.0,0.0,0.0,0.0,0.0,0.0
explainlikeimfive,0.0,0.0,0.0,0.0,0.0,0.0,0.0,0.0,0.0,0.0,0.0,10.526315789473683,0.0,5.263157894736842,0.0,0.0,0.0,0.0,0.0,0.0,0.0,0.0,0.0,0.0,0.0,0.0,0.0,0.0,0.0,0.0,0.0,0.0
explainlikeimfive,0.0,0.0,0.0,0.0,0.0,0.0,0.0,1.0638297872340425,1.0638297872340425,0.0,0.0,4.25531914893617,0.0,5.319148936170213,0.0,0.0,0.0,0.0,0.0,0.0,0.0,0.0,0.0,0.0,0.0,0.0,0.0,0.0,0.0,0.0,0.0,0.0
explainlikeimfive,0.1142857142857143,0.0,0.0,0.0,0.0,0.1142857142857143,0.0,0.8,0.5714285714285714,0.0,0.0,6.857142857142858,0.0,5.142857142857142,0.1142857142857143,0.0,0.2285714285714286,0.0,0.0,3.5428571428571427,0.5714285714285714,0.0,0.2285714285714286,0.0,0.2285714285714286,0.0,0.0,0.0,0.0,0.0,0.0,0.0
explainlikeimfive,0.0,0.0,0.0,0.0,0.0,0.0,0.0,0.0,0.0,0.0,0.0,3.3333333333333335,0.0,3.3333333333333335,0.0,0.0,0.0,0.0,0.0,0.0,0.0,0.0,0.0,0.0,0.0,0.0,0.0,0.0,0.0,0.0,0.0,0.0
explainlikeimfive,0.0,0.0,0.0,0.0,0.0,0.16038492381716118,0.0,0.5613472333600642,0.48115477145148355,0.0,0.0,5.212510024057739,0.08019246190858059,3.6888532477947074,0.0,0.16038492381716118,0.0,0.0,0.0,0.0,0.08019246190858059,0.0,0.08019246190858059,0.0,0.08019246190858059,0.0,0.0,0.0,0.0,0.0,0.0,0.0
leagueoflegends,0.0,0.0,0.0,0.0,0.0,0.0,0.0,0.0,0.0,0.0,0.0,4.3478260869565215,0.0,1.4492753623188406,0.0,0.0,0.0,0.0,0.0,0.0,0.0,0.0,0.0,0.0,0.0,0.0,0.0,0.0,0.0,0.0,0.0,0.0
funny,0.0,0.0,0.0,0.0,2.380952380952381,0.0,0.0,2.380952380952381,0.0,0.0,0.0,2.380952380952381,0.0,2.380952380952381,0.0,0.0,0.0,0.0,0.0,0.0,0.0,0.0,2.380952380952381,0.0,2.380952380952381,0.0,0.0,0.0,0.0,0.0,0.0,0.0
leagueoflegends,0.0,0.0,0.0,0.0,0.8403361344537815,0.0,0.0,0.0,0.0,0.0,0.0,2.941176470588235,0.0,3.361344537815126,0.0,0.0,0.0,0.0,0.0,0.0,0.0,0.0,0.0,0.0,0.0,0.0,0.0,0.0,0.0,0.0,0.0,0.0
leagueoflegends,0.0,0.0,0.0,0.0,0.0,0.0,0.0,0.966183574879227,0.966183574879227,0.0,0.0,0.4830917874396135,0.0,5.797101449275362,0.0,0.0,0.0,0.0,0.0,0.0,0.0,0.0,0.0,0.0,0.0,0.0,0.0,0.0,0.0,0.0,0.0,0.0
funny,0.0,0.0,0.0,0.0,0.0,0.0,0.0,0.0,0.0,0.0,0.0,1.6129032258064515,0.0,4.838709677419355,0.0,0.0,0.0,0.0,0.0,0.0,0.0,0.0,0.0,0.0,0.0,0.0,0.0,0.0,0.0,0.0,0.0,0.0
gaming,0.0,0.0,0.0,0.0,0.0,0.0,0.0,2.8169014084507045,2.8169014084507045,0.0,0.0,5.633802816901409,0.0,5.633802816901409,0.0,0.0,0.0,0.0,0.0,0.0,0.0,0.0,0.0,0.0,0.0,0.0,0.0,0.0,0.0,0.0,0.0,0.0
AdviceAnimals,0.19305019305019305,0.0,0.0,0.0,0.19305019305019305,0.0,0.19305019305019305,0.3861003861003861,0.3861003861003861,0.0,0.0,3.861003861003861,0.0,6.563706563706563,0.0,0.19305019305019305,0.3861003861003861,0.0,0.0,0.19305019305019305,0.0,0.0,0.0,0.0,0.0,0.0,0.0,0.0,0.0,0.0,0.0,0.0
pics,0.23148148148148145,0.0,0.0,0.0,0.0,0.0,0.0,0.6944444444444444,0.6944444444444444,0.0,0.0,6.25,0.0,5.324074074074074,0.0,0.0,0.0,0.0,0.0,0.0,0.0,0.0,0.0,0.0,0.0,0.0,0.0,0.0,0.0,0.0,0.0,0.0
pics,0.0,0.0,0.0,0.0,0.0,0.0,0.0,0.0,0.0,0.0,0.0,3.9215686274509802,0.0,4.901960784313726,0.0,0.0,0.0,0.0,0.0,0.0,0.0,0.0,0.0,0.0,0.0,0.0,0.0,0.0,0.0,0.0,0.0,0.0
gaming,0.0,0.0,0.0,0.0,0.0,0.0,0.0,0.0,0.0,0.0,0.0,4.10958904109589,0.0,1.36986301369863,0.0,2.73972602739726,0.0,0.0,0.0,0.0,1.36986301369863,0.0,0.0,0.0,0.0,0.0,0.0,0.0,0.0,0.0,0.0,0.0
politics,0.0,0.0,0.0,0.0,0.0,0.0,0.0,0.4761904761904762,0.4761904761904762,0.0,0.0,1.9047619047619049,1.4285714285714286,5.238095238095238,0.0,0.0,0.0,0.0,0.0,0.0,0.0,0.0,0.0,0.0,0.0,0.0,0.0,0.0,0.0,0.0,0.0,0.0
todayilearned,0.0,0.0,0.0,0.136986301369863,0.0,0.0,0.0,0.410958904109589,0.410958904109589,0.0,0.0,5.89041095890411,0.0,3.6986301369863015,0.0,0.0,0.0,0.0,0.0,0.0,0.0,0.0,0.0,0.0,0.0,0.0,0.0,0.0,0.0,0.0,0.0,0.0
leagueoflegends,0.0,0.0,0.0,0.0,0.0,0.0,0.0,0.4830917874396135,0.4830917874396135,0.0,0.0,3.3816425120772946,0.0,4.830917874396135,0.0,0.0,0.0,0.0,0.0,0.0,0.0,0.0,0.0,0.0,0.0,0.0,0.0,0.0,0.0,0.0,0.0,0.0
leagueoflegends,0.0,0.0,0.0,0.0,0.0,0.0,0.0,0.8771929824561403,0.8771929824561403,0.0,0.0,2.631578947368421,0.0,0.8771929824561403,0.0,0.0,0.0,0.0,0.0,0.0,4.385964912280701,0.0,0.0,0.0,0.0,0.0,0.0,0.0,0.0,0.0,0.0,0.0
AdviceAnimals,0.0,0.0,0.0,0.0,0.0,0.0,0.0,0.8130081300813009,0.5420054200542005,0.0,0.0,5.691056910569105,0.0,4.878048780487805,0.0,0.27100271002710025,0.0,0.0,0.0,0.0,0.27100271002710025,0.0,0.27100271002710025,0.0,0.27100271002710025,0.0,0.0,0.0,0.0,0.0,0.0,0.0
gaming,0.0,0.0,0.0,0.0,0.0,0.0,0.0,0.0,0.0,0.0,0.0,5.172413793103448,0.0,8.620689655172415,0.0,1.7241379310344827,0.0,0.0,0.0,1.7241379310344827,0.0,0.0,0.0,0.0,0.0,0.0,0.0,0.0,0.0,0.0,0.0,0.0
gaming,0.0,0.0,0.0,0.0,0.0,0.0,0.0,6.25,0.0,0.0,0.0,6.25,0.0,6.25,0.0,0.0,0.0,0.0,0.0,0.0,0.0,0.0,0.0,0.0,6.25,0.0,0.0,0.0,0.0,0.0,0.0,0.0
AdviceAnimals,0.0,0.0,0.0,0.0,0.0,0.0,0.0,0.0,0.0,0.0,0.0,4.2105263157894735,0.0,3.1578947368421053,0.0,0.0,0.0,0.0,0.0,0.0,0.0,0.0,0.0,0.0,0.0,0.0,0.0,0.0,0.0,0.0,0.0,0.0
AdviceAnimals,0.0,0.0,0.0,0.0,0.25380710659898476,0.0,0.0,1.015228426395939,1.015228426395939,0.0,0.0,6.345177664974619,0.0,3.2994923857868024,0.0,0.0,0.5076142131979695,0.0,0.0,0.0,0.7614213197969544,0.0,0.0,0.0,0.0,0.0,0.0,0.0,0.0,0.0,0.0,0.0
AdviceAnimals,0.0,0.0,0.0,0.0,0.0,0.0,0.0,1.5873015873015872,1.5873015873015872,0.0,0.0,7.936507936507936,0.0,7.936507936507936,0.0,0.7936507936507936,0.0,0.0,0.0,0.0,1.5873015873015872,0.0,0.0,0.0,0.0,0.0,0.0,0.0,0.0,0.0,0.0,0.0
AdviceAnimals,0.0,0.0,0.0,0.0,0.0,0.0,0.0,0.0,0.0,0.0,0.0,4.761904761904762,0.0,4.761904761904762,0.0,0.0,0.0,0.0,0.0,0.0,0.0,0.0,0.0,0.0,0.0,0.0,0.0,0.0,0.0,0.0,0.0,0.0
AdviceAnimals,0.0,0.0,0.0,0.0,0.0,0.0,0.0,0.0,0.0,0.0,0.0,5.769230769230769,0.0,5.769230769230769,0.0,0.0,0.0,0.0,0.0,0.0,0.0,0.0,0.0,0.0,0.0,0.0,0.0,0.0,0.0,0.0,0.0,0.0
leagueoflegends,0.0,0.0,0.0,0.0,0.0,0.0,0.0,0.0,0.0,0.0,0.0,1.7467248908296942,0.0,4.366812227074235,0.0,0.0,0.0,0.0,0.0,0.0,0.0,0.0,0.0,0.0,0.0,0.0,0.0,0.0,0.0,0.0,0.0,0.0
gaming,0.0,0.0,0.0,0.0,0.0,0.0,0.0,0.0,0.0,0.0,0.0,5.303030303030303,0.0,4.545454545454546,0.0,0.0,0.0,0.0,0.0,0.0,0.0,0.0,0.0,0.0,0.0,0.0,0.0,0.0,0.0,0.0,0.0,0.0
explainlikeimfive,0.0,0.0,0.0,0.0,0.0,0.0,1.8867924528301887,0.0,0.0,0.0,0.0,9.433962264150944,0.0,5.660377358490567,0.0,0.0,0.0,0.0,0.0,0.0,0.0,0.0,0.0,0.0,0.0,0.0,0.0,0.0,0.0,0.0,0.0,0.0
AdviceAnimals,0.0,0.0,0.0,3.7735849056603774,0.0,0.0,0.0,0.0,0.0,0.0,0.0,3.7735849056603774,0.0,5.660377358490567,0.0,0.0,0.0,0.0,0.0,0.0,0.0,0.0,0.0,0.0,0.0,0.0,0.0,0.0,0.0,0.0,0.0,0.0
pics,0.0,0.0,0.0,0.0,0.0,0.0,0.0,1.7241379310344827,1.7241379310344827,0.0,0.0,5.172413793103448,0.0,5.172413793103448,0.0,1.7241379310344827,0.0,0.0,0.0,0.0,0.0,0.0,0.0,0.0,0.0,0.0,0.0,0.0,0.0,0.0,0.0,0.0
funny,0.0,0.0,0.0,0.0,0.0,0.0,0.0,2.7777777777777777,2.7777777777777777,0.0,0.0,2.7777777777777777,0.0,5.555555555555555,0.0,0.0,0.0,0.0,0.0,0.0,0.0,0.0,0.0,0.0,0.0,0.0,0.0,0.0,0.0,0.0,0.0,0.0
gaming,0.0,0.0,0.0,0.0,0.0,0.0,0.0,0.0,0.0,0.0,0.0,2.380952380952381,0.0,4.761904761904762,0.0,0.0,0.0,0.0,0.0,0.0,0.0,0.0,0.0,0.0,0.0,0.0,0.0,0.0,0.0,0.0,0.0,0.0
gaming,0.0,0.0,0.0,0.0,0.0,0.0,0.0,0.48543689320388345,0.48543689320388345,0.0,0.0,7.524271844660194,0.0,2.1844660194174756,0.0,0.0,0.0,0.0,0.0,0.0,0.7281553398058253,0.0,0.0,0.0,0.0,0.0,0.0,0.0,0.0,0.0,0.0,0.0
gaming,0.0,0.0,0.0,0.0,0.0,0.0,0.0,0.0,0.0,0.0,0.0,0.0,0.0,4.166666666666666,0.0,0.0,0.0,0.0,0.0,0.0,0.0,0.0,0.0,0.0,0.0,0.0,0.0,0.0,0.0,0.0,0.0,0.0
gaming,2.7777777777777777,0.0,0.0,0.0,0.0,0.0,0.0,0.0,0.0,0.0,0.0,0.0,0.0,5.555555555555555,0.0,0.0,0.0,0.0,0.0,0.0,0.0,0.0,0.0,0.0,0.0,0.0,0.0,0.0,0.0,0.0,0.0,0.0
gaming,0.0,0.0,0.0,0.0,0.0,0.0,0.0,0.0,0.0,0.0,0.0,6.382978723404255,0.0,6.382978723404255,0.0,0.0,0.0,0.0,0.0,0.0,0.0,0.0,0.0,0.0,0.0,0.0,0.0,0.0,0.0,0.0,0.0,0.0
gaming,0.0,0.0,0.0,0.0,0.0,0.0,4.545454545454546,0.0,0.0,0.0,0.0,4.545454545454546,0.0,9.090909090909092,0.0,0.0,0.0,0.0,0.0,0.0,0.0,0.0,0.0,0.0,0.0,0.0,0.0,0.0,0.0,0.0,0.0,0.0
gaming,0.0,0.0,0.0,0.0,0.0,0.0,0.0,0.0,0.0,0.0,0.0,3.7735849056603774,3.7735849056603774,6.60377358490566,0.0,0.0,0.0,0.0,0.0,0.0,0.0,0.0,0.0,0.0,0.0,0.0,0.0,0.0,0.0,0.0,0.0,0.0
gaming,0.0,0.0,0.0,0.0,0.0,0.0,0.0,0.847457627118644,0.847457627118644,0.0,0.0,0.0,0.0,2.5423728813559325,0.0,0.0,0.0,0.0,0.0,0.0,0.0,0.0,0.0,0.0,0.0,0.0,0.0,0.0,0.0,0.0,0.0,0.0
explainlikeimfive,0.0,0.0,0.0,0.0,0.0,0.0,0.0,0.7352941176470588,0.0,0.0,0.0,8.088235294117647,0.0,5.88235294117647,0.0,0.0,0.0,0.0,0.0,0.0,0.0,0.0,0.7352941176470588,0.0,0.7352941176470588,0.0,0.0,0.0,0.0,0.0,0.0,0.0
explainlikeimfive,0.0,0.0,0.0,0.0,0.0,0.0,0.0,0.7843137254901961,0.7843137254901961,0.0,0.0,3.1372549019607843,0.0,4.705882352941177,0.0,0.0,0.0,0.0,0.39215686274509803,0.0,0.39215686274509803,0.0,0.0,0.0,0.0,0.0,0.0,0.0,0.0,0.0,0.0,0.0
AdviceAnimals,0.2898550724637681,0.0,0.0,0.2898550724637681,0.0,0.0,0.0,0.0,0.0,0.0,0.0,2.318840579710145,0.0,8.405797101449275,0.0,0.0,0.0,0.0,0.0,0.0,0.2898550724637681,0.0,0.0,0.0,0.0,0.0,0.0,0.0,0.0,0.0,0.0,0.0
gaming,0.0,0.0,0.0,0.0,0.0,0.0,0.0,0.0,0.0,0.0,0.5263157894736842,0.0,0.0,3.684210526315789,0.0,0.0,0.0,0.0,0.0,0.0,0.0,0.0,0.0,0.0,0.0,0.0,0.0,0.0,0.0,0.0,0.0,0.0
gaming,0.0,0.0,0.0,0.0,0.0,0.0,0.0,0.0,0.0,0.0,0.0,0.0,0.0,5.263157894736842,0.0,0.0,0.0,0.0,0.0,0.0,0.0,0.0,0.0,0.0,0.0,0.0,0.0,0.0,0.0,0.0,0.0,0.0
AdviceAnimals,0.0,0.0,0.0,0.0,0.0,0.0,0.0,0.6493506493506493,0.6493506493506493,0.0,0.0,1.948051948051948,0.0,3.2467532467532463,0.0,0.0,0.0,0.0,0.0,0.0,0.0,0.0,0.0,0.0,0.0,0.0,0.0,0.0,0.0,0.0,0.0,0.0
AdviceAnimals,0.0,0.0,0.0,0.0,0.0,0.0,0.0,0.49261083743842365,0.49261083743842365,0.0,0.0,0.9852216748768473,0.0,4.433497536945813,0.0,0.0,0.0,0.0,0.0,0.0,0.0,0.0,0.0,0.0,0.0,0.0,0.0,0.0,0.0,0.0,0.0,0.0
funny,0.0,0.0,0.0,0.0,0.2724795640326975,0.0,0.0,0.544959128065395,0.2724795640326975,0.0,0.0,3.8147138964577656,0.2724795640326975,4.632152588555858,0.0,0.0,0.0,0.0,0.0,1.9073569482288828,0.2724795640326975,0.0,0.2724795640326975,0.0,0.2724795640326975,0.0,0.0,0.0,0.0,0.0,0.0,0.0
funny,0.0,0.0,0.0,0.0,0.0,0.0,0.0,0.0,0.0,0.0,0.0,5.263157894736842,0.0,5.263157894736842,0.0,1.7543859649122806,0.0,0.0,0.0,0.0,0.0,0.0,0.0,0.0,0.0,0.0,0.0,0.0,0.0,0.0,0.0,0.0
funny,0.0,0.0,0.23255813953488372,0.0,0.46511627906976744,0.23255813953488372,0.0,0.23255813953488372,0.0,0.0,0.0,6.744186046511628,0.0,2.7906976744186047,0.0,0.6976744186046512,0.0,0.0,0.0,0.46511627906976744,0.23255813953488372,0.0,0.23255813953488372,0.0,0.23255813953488372,0.0,0.0,0.0,0.0,0.0,0.0,0.0
funny,0.0,0.0,0.0,0.0,0.0,0.0,0.0,0.45454545454545453,0.45454545454545453,0.0,0.0,3.6363636363636362,0.45454545454545453,4.545454545454546,0.0,0.0,0.0,0.0,0.0,0.0,0.0,0.0,0.0,0.0,0.0,0.0,0.0,0.0,0.0,0.0,0.0,0.0
explainlikeimfive,0.0,0.0,0.0,0.0,2.5316455696202533,0.0,0.0,1.2658227848101267,0.8438818565400843,0.0,0.0,0.0,0.0,4.219409282700422,0.0,0.8438818565400843,0.0,0.0,0.0,0.0,0.0,0.0,0.42194092827004215,0.0,0.42194092827004215,0.0,0.0,0.0,0.0,0.0,0.0,0.0
explainlikeimfive,0.0,0.0,0.0,0.0,0.0,0.0,0.0,1.0204081632653061,1.0204081632653061,0.0,0.0,3.571428571428571,0.0,4.081632653061225,0.0,0.5102040816326531,0.0,0.0,0.0,0.0,0.0,0.0,0.0,0.0,0.0,0.0,0.0,0.0,0.0,0.0,0.0,0.0
funny,2.5316455696202533,0.0,0.0,0.0,0.0,0.0,0.0,3.79746835443038,3.79746835443038,0.0,0.0,8.860759493670885,0.0,6.329113924050633,0.0,0.0,0.0,0.0,0.0,0.0,0.0,0.0,0.0,0.0,0.0,0.0,0.0,0.0,0.0,0.0,0.0,0.0
explainlikeimfive,0.0,0.0,0.0,0.0,0.16891891891891891,0.16891891891891891,0.0,0.16891891891891891,0.16891891891891891,0.0,0.0,2.5337837837837838,0.0,6.25,0.0,0.0,0.6756756756756757,0.0,0.0,0.5067567567567568,1.0135135135135136,0.0,0.0,0.0,0.0,0.0,0.0,0.0,0.0,0.0,0.0,0.0
todayilearned,0.0,0.0,0.0,0.0,0.0,0.0,4.166666666666666,0.0,0.0,0.0,0.0,10.416666666666668,0.0,2.083333333333333,0.0,0.0,0.0,0.0,0.0,0.0,0.0,0.0,0.0,0.0,0.0,0.0,0.0,0.0,0.0,0.0,0.0,0.0
atheism,1.4285714285714286,0.0,0.0,0.0,0.0,0.0,0.0,1.4285714285714286,1.4285714285714286,0.0,0.0,4.285714285714286,0.0,5.714285714285714,0.0,0.0,1.4285714285714286,0.0,0.0,0.0,0.0,0.0,0.0,0.0,0.0,0.0,0.0,0.0,0.0,0.0,0.0,0.0
atheism,0.0,0.0,0.0,0.0,0.0,0.0,0.0,0.3246753246753247,0.3246753246753247,0.0,0.0,6.493506493506493,0.0,4.545454545454546,0.0,0.0,0.0,0.0,0.0,0.0,0.6493506493506493,0.0,0.0,0.0,0.0,0.0,0.0,0.0,0.0,0.0,0.0,0.0
AdviceAnimals,0.0,0.0,0.0,0.0,0.0,0.0,0.0,1.809954751131222,1.809954751131222,0.0,0.0,2.262443438914027,0.0,4.072398190045249,0.0,0.0,0.0,0.0,0.0,0.0,0.0,0.0,0.0,0.0,0.0,0.0,0.0,0.0,0.0,0.0,0.0,0.0
AdviceAnimals,0.0,0.0,0.0,0.0,0.0,0.0,0.0,0.9900990099009901,0.9900990099009901,0.0,0.0,3.9603960396039604,0.0,4.9504950495049505,0.0,0.0,0.0,0.0,0.0,0.0,0.0,0.0,0.0,0.0,0.0,0.0,0.0,0.0,0.0,0.0,0.0,0.0
AdviceAnimals,0.0,0.0,0.0,0.0,0.0,0.0,0.0,0.0,0.0,0.0,0.0,0.0,0.0,2.0408163265306123,0.0,0.0,0.0,0.0,0.0,0.0,0.0,0.0,0.0,0.0,0.0,0.0,0.0,0.0,0.0,0.0,0.0,0.0
AdviceAnimals,0.0,0.0,0.0,0.0,0.0,0.0,0.0,0.0,0.0,0.0,0.0,10.95890410958904,0.0,1.36986301369863,0.0,0.0,0.0,0.0,0.0,0.0,1.36986301369863,0.0,0.0,0.0,0.0,0.0,0.0,0.0,0.0,0.0,0.0,0.0
AdviceAnimals,0.0,0.0,0.0,0.0,0.0,0.0,0.0,0.0,0.0,0.0,0.0,1.3333333333333335,0.0,4.0,0.0,0.0,0.0,0.0,0.0,0.0,0.0,0.0,0.0,0.0,0.0,0.0,0.0,0.0,0.0,0.0,0.0,0.0
todayilearned,0.0,0.0,0.0,0.0,0.0,0.0,0.0,0.0,0.0,0.0,0.0,15.0,0.0,5.0,0.0,0.0,0.0,0.0,0.0,2.5,0.0,0.0,0.0,0.0,0.0,0.0,0.0,0.0,0.0,0.0,0.0,0.0
AdviceAnimals,0.0,0.0,0.0,0.0,0.0,0.0,0.8695652173913043,0.0,0.0,0.0,0.0,6.086956521739131,0.0,3.4782608695652173,0.0,0.0,0.0,0.0,0.0,0.0,3.4782608695652173,0.0,0.0,0.0,0.0,0.0,0.0,0.0,0.0,0.0,0.0,0.0
funny,0.0,0.0,0.0,0.0,0.0,0.0,0.0,1.6216216216216217,1.6216216216216217,0.0,0.0,1.6216216216216217,0.0,4.864864864864865,0.0,0.5405405405405406,0.0,0.0,0.0,0.0,0.0,0.0,0.0,0.0,0.0,0.0,0.0,0.0,0.0,0.0,0.0,0.0
funny,0.0,0.0,0.0,0.0,0.0,0.0,0.0,0.0,0.0,0.0,0.0,3.1746031746031744,0.0,3.968253968253968,0.0,0.0,0.0,0.0,0.0,0.0,0.0,0.0,0.0,0.0,0.0,0.0,0.0,0.0,0.0,0.0,0.0,0.0
funny,0.0,0.0,0.0,0.0,0.0,0.0,0.0,1.06951871657754,1.06951871657754,0.0,0.0,2.13903743315508,0.53475935828877,2.6737967914438503,0.0,0.0,0.0,0.0,0.0,0.0,0.0,0.0,0.0,0.0,0.0,0.0,0.0,0.0,0.0,0.0,0.0,0.0
explainlikeimfive,0.0,0.0,0.0,0.0,0.0,0.0,0.4524886877828055,0.4524886877828055,0.4524886877828055,0.0,0.0,10.85972850678733,0.0,4.072398190045249,0.0,0.0,0.0,0.0,0.0,0.0,0.0,0.0,0.0,0.0,0.0,0.4524886877828055,0.0,0.0,0.0,0.0,0.0,0.0
explainlikeimfive,0.0,0.0,0.0,0.0,1.2987012987012987,0.0,0.0,0.0,0.0,0.0,0.0,7.142857142857142,0.0,5.194805194805195,0.0,0.0,0.0,0.0,0.0,0.0,0.0,0.0,0.0,0.0,0.0,0.0,0.0,0.0,0.0,0.0,0.0,0.0
AdviceAnimals,0.0,0.0,0.0,0.0,0.0,0.48543689320388345,0.0,0.48543689320388345,0.48543689320388345,0.0,0.0,5.825242718446602,0.0,3.3980582524271843,0.0,0.0,0.48543689320388345,0.0,0.0,0.0,0.0,0.0,0.0,0.0,0.0,0.0,0.0,0.0,0.0,0.0,0.0,0.0
atheism,0.0,0.0,0.0,0.0,0.0,0.0,1.0869565217391304,0.0,0.0,0.0,0.0,9.782608695652174,0.0,5.434782608695652,0.0,1.0869565217391304,0.0,0.0,0.0,0.0,1.0869565217391304,0.0,0.0,0.0,0.0,0.0,0.0,0.0,0.0,0.0,0.0,0.0
AdviceAnimals,0.0,0.0,0.0,0.0,0.0,0.0,0.0,0.25252525252525254,0.25252525252525254,0.0,0.0,6.0606060606060606,0.0,4.545454545454546,0.0,0.0,0.25252525252525254,0.0,0.0,0.0,0.0,0.0,0.0,0.0,0.0,0.0,0.0,0.0,0.0,0.0,0.0,0.0
gaming,0.0,0.0,0.0,0.0,0.0,0.0,0.0,0.0,0.0,0.0,0.0,0.0,0.0,8.333333333333332,0.0,0.0,0.0,0.0,0.0,0.0,0.0,0.0,0.0,0.0,0.0,0.0,0.0,0.0,0.0,0.0,0.0,0.0
explainlikeimfive,0.0,0.0,0.0,0.0,0.0,0.0,0.0,0.0,0.0,0.0,0.0,0.0,0.0,7.909604519774012,0.0,0.0,0.0,0.0,0.0,0.0,0.5649717514124294,0.0,0.0,0.0,0.0,0.0,0.0,0.0,0.0,0.0,0.0,0.0
funny,0.4942339373970346,0.0,0.0,0.0,0.0,0.0,0.0,0.6589785831960462,0.6589785831960462,0.0,0.0,3.789126853377265,0.0,6.260296540362438,0.0,0.16474464579901155,0.0,0.0,0.0,0.0,0.9884678747940692,0.0,0.0,0.0,0.0,0.0,0.0,0.0,0.0,0.0,0.0,0.0
funny,0.46728971962616817,0.0,0.0,0.0,0.0,0.0,0.46728971962616817,1.4018691588785046,1.4018691588785046,0.0,0.0,5.607476635514018,0.0,2.803738317757009,0.0,0.0,0.0,0.0,0.0,0.0,0.0,0.0,0.0,0.0,0.0,0.0,0.0,0.0,0.0,0.0,0.0,0.0
explainlikeimfive,0.0,0.0,0.0,0.0,0.0,0.0,0.0,1.098901098901099,1.098901098901099,0.0,0.0,6.593406593406594,0.0,6.593406593406594,0.0,0.0,0.0,0.0,0.0,0.0,0.0,0.0,0.0,0.0,0.0,0.0,0.0,0.0,0.0,0.0,0.0,0.0
funny,0.0,0.0,0.0,0.0,0.0,0.0,0.0,0.0,0.0,0.0,0.0,3.5294117647058822,0.0,8.235294117647058,0.0,0.0,0.0,0.0,0.0,0.0,0.0,0.0,0.0,0.0,0.0,0.0,0.0,0.0,0.0,0.0,0.0,0.0
leagueoflegends,0.0,0.0,0.0,0.0,0.0,0.0,0.0,0.0,0.0,0.0,0.0,0.0,0.0,0.0,0.0,0.0,0.0,0.0,0.0,0.0,0.0,0.0,0.0,0.0,0.0,0.0,0.0,0.0,0.0,0.0,0.0,0.0
politics,0.0,0.0,0.0,0.0,0.0,0.0,0.0,0.0,0.0,0.0,0.0,2.73972602739726,0.0,4.10958904109589,0.0,0.0,0.0,0.0,0.0,0.0,0.0,0.0,0.0,0.0,0.0,0.0,0.0,0.0,0.0,0.0,0.0,0.0
todayilearned,0.0,0.0,0.0,0.0,0.0,0.0,0.0,0.0,0.0,0.0,0.0,7.4074074074074066,0.0,7.4074074074074066,0.0,0.0,0.0,0.0,0.0,0.0,0.0,0.0,0.0,0.0,0.0,0.0,0.0,0.0,0.0,0.0,0.0,0.0
funny,0.0,0.0,0.0,0.0,0.0,0.0,0.0,0.628930817610063,0.628930817610063,0.0,0.0,1.257861635220126,0.0,4.40251572327044,0.0,0.0,0.0,0.0,0.0,0.0,0.0,0.0,0.0,0.0,0.0,0.0,0.0,0.0,0.0,0.0,0.0,0.0
funny,0.0,0.0,0.0,0.0,0.0,0.0,0.0,0.0,0.0,0.0,0.0,6.976744186046512,0.0,9.30232558139535,0.0,0.0,0.0,0.0,0.0,0.0,0.0,0.0,0.0,0.0,0.0,0.0,0.0,0.0,0.0,0.0,0.0,0.0
funny,0.8658008658008658,0.0,0.0,0.0,0.0,0.0,0.0,0.4329004329004329,0.4329004329004329,0.0,0.0,7.792207792207792,0.0,3.896103896103896,0.0,0.4329004329004329,0.0,0.0,0.0,0.0,0.4329004329004329,0.0,0.0,0.0,0.0,0.0,0.0,0.0,0.0,0.0,0.0,0.0
leagueoflegends,0.0,0.0,0.0,0.0,0.0,0.0,0.0,0.0,0.0,0.0,0.0,1.25,0.0,5.0,0.0,0.0,0.0,0.0,0.0,0.0,0.0,0.0,0.0,0.0,0.0,0.0,0.0,0.0,0.0,0.0,0.0,0.0
politics,0.0,0.0,0.0,3.731343283582089,0.0,0.0,0.0,0.7462686567164178,0.7462686567164178,2.2388059701492535,0.0,0.0,0.0,4.477611940298507,2.2388059701492535,0.0,0.0,0.0,2.9850746268656714,0.0,0.0,0.0,0.0,0.0,0.0,0.0,0.0,0.0,0.0,0.0,0.0,0.0
politics,0.0,0.0,0.0,0.0,0.0,0.0,0.0,0.0,0.0,0.0,0.0,10.76923076923077,0.0,3.076923076923077,0.0,0.0,0.0,0.0,0.0,0.0,0.0,0.0,0.0,0.0,0.0,0.0,0.0,0.0,0.0,0.0,0.0,0.0
politics,0.0,0.0,0.0,0.0,0.0,0.0,0.0,0.0,0.0,0.0,0.0,5.88235294117647,0.0,5.88235294117647,0.0,0.0,0.0,0.0,0.0,0.0,0.0,0.0,0.0,0.0,0.0,0.0,0.0,0.0,0.0,0.0,0.0,0.0
politics,0.0,0.0,0.0,0.0,0.0,0.0,0.0,0.0,0.0,0.0,0.0,3.0303030303030303,0.0,9.090909090909092,0.0,0.0,0.0,0.0,0.0,0.0,0.0,0.0,0.0,0.0,0.0,0.0,0.0,0.0,0.0,0.0,0.0,0.0
politics,0.0,0.0,0.0,0.0,0.0,0.0,0.4464285714285714,0.4464285714285714,0.4464285714285714,0.0,0.0,5.357142857142857,0.4464285714285714,3.125,0.0,0.0,0.0,0.0,0.0,0.0,0.0,0.0,0.0,0.0,0.0,0.0,0.0,0.0,0.0,0.0,0.0,0.0
politics,0.0,0.0,0.0,0.851063829787234,0.0,0.0,0.425531914893617,0.0,0.0,0.0,0.0,4.25531914893617,0.0,8.085106382978724,0.0,0.0,0.0,0.0,0.425531914893617,0.0,0.425531914893617,0.0,0.0,0.0,0.0,0.0,0.0,0.0,0.0,0.0,0.0,0.0
politics,0.0,0.0,0.0,0.5405405405405406,0.0,0.0,0.0,0.13513513513513514,0.13513513513513514,0.0,0.0,4.594594594594595,0.13513513513513514,4.324324324324325,0.0,0.0,0.0,0.0,0.0,0.0,0.0,0.13513513513513514,0.0,0.0,0.0,0.0,0.0,0.0,0.0,0.0,0.0,0.0
politics,0.0,0.0,0.0,0.0,0.0,0.5649717514124294,0.0,0.0,0.0,0.0,0.0,6.214689265536723,0.0,4.519774011299435,0.0,0.5649717514124294,0.5649717514124294,0.0,0.0,0.0,0.0,0.0,0.0,0.0,0.0,0.0,0.0,0.0,0.0,0.0,0.0,0.0
politics,0.0,0.0,0.0,0.18281535648994515,0.18281535648994515,0.0,0.0,0.3656307129798903,0.3656307129798903,0.0,0.0,2.742230347349177,0.0,5.118829981718465,0.0,0.0,0.0,0.0,0.0,0.0,0.0,0.0,0.0,0.0,0.0,0.0,0.0,0.0,0.0,0.0,0.0,0.0
politics,0.0,0.0,0.0,0.0,0.0,0.0,0.0,0.0,0.0,0.0,0.0,4.477611940298507,0.0,8.955223880597014,0.0,0.0,0.0,0.0,0.0,0.0,0.0,0.0,0.0,0.0,0.0,0.0,0.0,0.0,0.0,0.0,0.0,0.0
politics,0.0,0.0,0.0,0.0,0.0,0.0,0.0,0.0,0.0,0.0,0.0,8.0,0.0,8.0,0.0,0.0,0.0,0.0,0.0,0.0,0.0,0.0,0.0,0.0,0.0,0.0,0.0,0.0,0.0,0.0,0.0,0.0
politics,0.0,0.0,0.0,0.0,0.0,0.0,0.0,0.0,0.0,0.0,0.0,0.0,0.0,5.88235294117647,0.0,0.0,0.0,0.0,0.0,0.0,0.0,0.0,0.0,0.0,0.0,0.0,0.0,0.0,0.0,0.0,0.0,0.0
politics,0.0,0.0,0.0,0.0,0.0,0.0,0.0,1.5151515151515151,0.7575757575757576,0.0,0.0,0.0,0.0,5.303030303030303,0.0,0.7575757575757576,0.0,0.0,0.0,0.0,0.0,0.0,0.0,0.0,0.0,0.0,0.0,0.0,0.0,0.0,0.0,0.0
politics,0.0,0.0,0.0,1.0344827586206897,0.0,0.0,0.0,0.3448275862068966,0.3448275862068966,0.0,0.0,0.6896551724137931,0.0,4.827586206896552,0.0,0.0,0.0,0.0,0.0,0.0,0.0,0.0,0.0,0.0,0.0,0.0,0.0,0.0,0.0,0.0,0.0,0.0
pics,0.0,0.0,0.0,0.0,0.0,0.0,0.0,0.7407407407407408,0.7407407407407408,0.0,0.0,6.666666666666667,0.0,7.4074074074074066,0.0,0.7407407407407408,0.0,0.0,0.0,0.0,0.0,0.0,0.0,0.0,0.0,0.0,0.0,0.0,0.0,0.0,0.0,0.0
pics,0.0,0.0,0.0,0.0,0.0,0.0,0.0,3.225806451612903,0.0,0.0,0.0,0.0,0.0,3.225806451612903,0.0,0.0,0.0,0.0,0.0,0.0,0.0,0.0,3.225806451612903,0.0,3.225806451612903,0.0,0.0,0.0,0.0,0.0,0.0,0.0
explainlikeimfive,0.0,0.0,0.0,0.0,0.0,0.0,0.0,0.0,0.0,0.0,0.0,1.8181818181818181,0.0,4.545454545454546,0.0,0.45454545454545453,0.0,0.0,0.0,0.0,0.45454545454545453,0.0,0.0,0.0,0.0,0.0,0.0,0.0,0.0,0.0,0.0,0.0
leagueoflegends,0.0,0.0,0.0,0.0,0.0,0.0,0.0,0.0,0.0,0.0,0.0,3.4482758620689653,0.0,3.4482758620689653,0.0,0.0,0.0,0.0,0.0,0.0,0.0,0.0,0.0,0.0,0.0,0.0,0.0,0.0,0.0,0.0,0.0,0.0
leagueoflegends,8.695652173913043,0.0,0.0,0.0,0.0,0.0,0.0,0.0,0.0,0.0,0.0,8.695652173913043,0.0,0.0,0.0,0.0,0.0,0.0,0.0,0.0,0.0,0.0,0.0,0.0,0.0,0.0,0.0,0.0,0.0,0.0,0.0,0.0
funny,0.0,0.0,0.0,0.0,0.0,0.0,0.0,0.0,0.0,0.0,0.0,0.0,0.0,0.0,0.0,0.0,0.0,0.0,0.0,0.0,0.0,0.0,0.0,0.0,0.0,0.0,0.0,0.0,0.0,0.0,0.0,0.0
funny,0.0,0.0,0.0,0.0,0.0,0.0,0.0,0.0,0.0,0.0,0.0,5.88235294117647,0.0,5.88235294117647,0.0,0.0,0.0,0.0,0.0,0.0,0.0,0.0,0.0,0.0,0.0,0.0,0.0,0.0,0.0,0.0,0.0,0.0
explainlikeimfive,0.0,0.0,0.0,0.0,0.0,0.0,0.5617977528089888,0.0,0.0,0.0,0.0,5.617977528089887,1.1235955056179776,6.179775280898876,0.0,0.0,0.0,0.0,0.0,0.0,0.0,0.0,0.0,0.0,0.0,0.0,0.0,0.0,0.0,0.0,0.0,0.0
funny,0.0,0.0,0.0,0.0,0.0,0.0,0.0,0.0,0.0,0.0,0.0,0.0,0.0,9.090909090909092,0.0,0.0,0.0,0.0,0.0,0.0,0.0,0.0,0.0,0.0,0.0,0.0,0.0,0.0,0.0,0.0,0.0,0.0
AdviceAnimals,2.083333333333333,0.0,0.0,0.0,0.0,0.0,0.0,0.0,0.0,0.0,0.0,4.166666666666666,0.0,5.208333333333334,0.0,0.0,0.0,0.0,0.0,0.0,0.0,0.0,0.0,0.0,0.0,0.0,0.0,0.0,0.0,0.0,0.0,0.0
atheism,0.0,0.0,0.0,0.0,0.0,0.0,0.0,2.6143790849673203,1.9607843137254901,0.0,0.0,4.57516339869281,0.0,3.2679738562091507,0.0,0.0,0.6535947712418301,0.0,0.0,0.0,1.9607843137254901,0.0,0.0,0.0,0.0,0.0,0.0,0.0,0.0,0.0,0.0,0.0
AdviceAnimals,1.0,0.0,0.0,0.0,0.0,0.0,0.0,1.5,1.0,0.0,0.0,4.5,0.5,3.0,0.0,0.5,0.0,0.0,0.0,0.0,0.0,0.0,0.0,0.0,0.0,0.0,0.0,0.0,0.0,0.0,0.0,0.0
AdviceAnimals,0.0,0.0,0.0,11.023622047244094,0.0,0.0,0.0,0.7874015748031495,0.0,0.0,0.0,11.023622047244094,0.0,5.511811023622047,0.0,0.0,0.0,0.0,0.0,0.0,3.149606299212598,0.0,0.0,0.0,0.7874015748031495,0.0,0.0,0.0,0.0,0.0,0.0,0.0
funny,0.0,0.0,0.0,0.0,0.0,0.0,0.0,0.0,0.0,0.0,0.0,2.941176470588235,0.0,5.88235294117647,0.0,0.0,0.0,0.0,0.0,0.0,0.0,0.0,0.0,0.0,0.0,0.0,0.0,0.0,0.0,0.0,0.0,0.0
AdviceAnimals,0.0,0.0,0.0,0.0,0.0,0.0,0.0,0.0,0.0,0.0,0.0,4.504504504504505,0.0,3.6036036036036037,0.0,0.0,0.0,0.0,0.0,0.0,0.0,0.0,0.0,0.0,0.0,0.0,0.0,0.0,0.0,0.0,0.0,0.0
AdviceAnimals,0.0,0.0,0.0,0.0,0.0,0.0,0.0,0.0,0.0,0.0,0.0,5.555555555555555,0.0,9.876543209876543,0.0,0.0,0.0,0.0,0.0,0.0,0.0,0.0,0.0,0.0,0.0,0.0,0.0,0.0,0.0,0.0,0.0,0.0
AdviceAnimals,0.0,0.0,0.0,0.0,0.28328611898017,0.0,0.0,1.69971671388102,1.69971671388102,0.0,0.0,4.2492917847025495,0.0,5.382436260623229,0.0,1.41643059490085,0.0,0.0,0.0,0.0,0.0,0.0,0.0,0.0,0.0,0.0,0.0,0.0,0.0,0.0,0.0,0.0
AdviceAnimals,0.0,0.0,0.0,0.0,0.0,0.0,0.0,0.0,0.0,0.0,0.0,3.9215686274509802,0.0,7.8431372549019605,0.0,0.0,0.0,0.0,0.0,0.0,0.0,0.0,0.0,0.0,0.0,0.0,0.0,0.0,0.0,0.0,0.0,0.0
AdviceAnimals,0.0,0.0,0.0,0.0,0.0,0.0,0.0,0.7518796992481203,0.0,0.0,0.0,3.7593984962406015,0.0,4.511278195488721,0.0,0.0,0.0,0.0,0.0,0.0,0.7518796992481203,0.0,0.7518796992481203,0.0,0.7518796992481203,0.0,0.0,0.0,0.0,0.0,0.0,0.0
AdviceAnimals,0.0,0.0,0.0,0.0,0.423728813559322,0.0,0.0,0.0,0.0,0.0,0.0,8.050847457627118,0.847457627118644,5.508474576271186,0.0,0.0,0.0,0.0,0.0,0.0,0.0,0.0,0.0,0.0,0.0,0.0,0.0,0.0,0.0,0.0,0.0,0.0
explainlikeimfive,0.0,0.0,0.0,0.0,0.0,0.0,0.0,0.5649717514124294,0.5649717514124294,0.0,0.0,5.83804143126177,0.0,4.708097928436912,0.0,0.0,0.0,0.0,0.5649717514124294,0.0,0.0,0.0,0.0,0.0,0.0,0.0,0.0,0.0,0.0,0.0,0.0,0.0
explainlikeimfive,0.0,0.0,0.0,0.0,0.0,0.0,0.0,0.8064516129032258,0.8064516129032258,0.0,0.0,4.032258064516129,0.8064516129032258,5.64516129032258,0.0,0.0,0.0,0.0,0.0,0.0,0.0,0.0,0.0,0.0,0.0,0.0,0.0,0.0,0.0,0.0,0.0,0.0
explainlikeimfive,0.0,0.0,0.0,0.0,0.0,0.0,0.0,0.0,0.0,0.0,0.0,2.083333333333333,0.0,7.638888888888889,0.0,0.0,0.0,0.0,0.0,0.0,0.0,0.0,0.0,0.0,0.0,0.0,0.0,0.0,0.0,0.0,0.0,0.0
explainlikeimfive,0.0,0.0,0.0,0.0,0.0,0.0,0.0,0.0,0.0,0.0,0.0,2.3474178403755865,0.0,4.694835680751173,0.0,0.0,0.0,0.0,0.0,0.0,0.0,0.0,0.0,0.0,0.0,0.0,0.0,0.0,0.0,0.0,0.0,0.0
explainlikeimfive,0.0,0.0,0.0,0.0,0.0,0.0,0.0,1.6260162601626018,1.6260162601626018,0.0,0.0,6.504065040650407,0.0,5.691056910569105,0.0,0.0,0.0,0.0,0.0,0.0,0.0,0.0,0.0,0.0,0.0,0.0,0.0,0.0,0.0,0.0,0.0,0.0
explainlikeimfive,0.0,0.0,0.0,0.0,0.0,0.0,0.0,0.9708737864077669,0.0,0.0,0.0,11.650485436893204,0.0,7.766990291262135,0.0,0.0,0.0,0.0,0.0,0.0,0.0,0.0,0.0,0.0,0.0,0.0,0.0,0.0,0.0,0.0,0.0,0.0
leagueoflegends,0.0,0.0,0.0,0.0,0.0,0.0,0.0,3.0,3.0,0.0,0.0,7.000000000000001,0.0,3.0,0.0,0.0,0.0,0.0,0.0,0.0,1.0,0.0,0.0,0.0,0.0,0.0,0.0,0.0,0.0,0.0,0.0,0.0
AdviceAnimals,0.0,0.0,0.0,0.0,0.0,0.0,1.2345679012345678,0.0,0.0,0.0,0.0,2.4691358024691357,0.0,4.938271604938271,0.0,0.0,0.0,0.0,0.0,0.0,0.0,0.0,0.0,0.0,0.0,0.0,0.0,0.0,0.0,0.0,0.0,0.0
AdviceAnimals,0.0,0.0,0.0,0.0,0.0,0.0,0.0,0.8264462809917356,0.5509641873278237,0.0,0.0,3.3057851239669422,0.0,5.234159779614325,0.0,0.0,0.0,0.0,0.0,0.0,0.0,0.0,0.27548209366391185,0.0,0.27548209366391185,0.0,0.0,0.0,0.0,0.0,0.0,0.0
AdviceAnimals,0.0,0.0,0.0,0.0,0.0,0.0,0.0,0.0,0.0,0.0,0.0,5.113636363636364,0.0,5.681818181818182,0.0,0.0,0.0,0.0,0.0,0.0,0.0,0.0,0.0,0.0,0.0,0.0,0.0,0.0,0.0,0.0,0.0,0.0
atheism,0.0,0.0,0.0,0.0,0.0,0.0,0.0,2.0220588235294117,2.0220588235294117,0.0,0.0,6.61764705882353,0.0,3.125,0.0,0.5514705882352942,0.0,0.0,0.0,0.0,1.1029411764705883,0.0,0.0,0.0,0.0,0.0,0.0,0.0,0.0,0.0,0.0,0.0
funny,1.7699115044247788,0.0,0.0,0.0,0.0,0.0,0.0,0.0,0.0,0.0,0.0,3.5398230088495577,0.0,5.3097345132743365,0.0,0.0,0.0,0.0,0.0,0.0,0.0,0.0,0.0,0.0,0.0,0.0,0.0,0.0,0.0,0.0,0.0,0.0
leagueoflegends,0.0,0.0,0.0,0.0,0.0,0.0,0.0,0.0,0.0,0.0,0.0,6.862745098039216,0.9803921568627451,2.941176470588235,0.0,0.0,0.9803921568627451,0.0,0.0,0.0,0.0,0.0,0.0,0.0,0.0,0.0,0.0,0.0,0.0,0.0,0.0,0.0
explainlikeimfive,0.0,0.0,0.0,0.0,0.0,0.0,0.0,0.0,0.0,0.0,0.0,6.273062730627306,0.0,5.535055350553505,0.0,0.0,0.0,0.0,0.0,0.0,1.107011070110701,0.0,0.0,0.0,0.0,0.0,0.0,0.0,0.0,0.0,0.0,0.0
leagueoflegends,0.0,0.0,0.0,0.0,0.37174721189591076,0.0,0.0,1.1152416356877324,1.1152416356877324,0.0,0.0,4.4609665427509295,0.37174721189591076,4.089219330855019,0.0,0.0,0.37174721189591076,0.0,0.0,0.7434944237918215,0.0,0.0,0.0,0.0,0.0,0.0,0.0,0.0,0.0,0.0,0.0,0.0
AdviceAnimals,0.0,0.0,0.0,0.0,0.0,0.0,0.0,1.3157894736842104,1.3157894736842104,0.0,0.0,10.526315789473683,0.0,3.9473684210526314,0.0,1.3157894736842104,0.0,0.0,0.0,0.0,0.0,0.0,0.0,0.0,0.0,0.0,0.0,0.0,0.0,0.0,0.0,0.0
AdviceAnimals,0.0,0.0,0.0,3.6363636363636362,0.0,0.0,0.0,1.8181818181818181,1.8181818181818181,0.0,0.0,1.8181818181818181,0.0,3.6363636363636362,0.0,0.0,0.0,0.0,0.0,0.0,0.0,0.0,0.0,0.0,0.0,0.0,0.0,0.0,0.0,0.0,0.0,0.0
gaming,0.0,0.0,0.0,0.0,0.0,0.0,0.0,0.0,0.0,0.0,0.0,4.931506849315069,0.0,3.5616438356164384,0.0,0.0,0.0,0.0,0.0,0.0,0.0,0.0,0.0,0.0,0.0,0.0,0.0,0.0,0.0,0.0,0.0,0.0
todayilearned,0.0,0.0,0.0,0.0,5.797101449275362,0.0,0.0,2.898550724637681,1.4492753623188406,1.4492753623188406,0.0,1.4492753623188406,0.0,4.3478260869565215,0.0,0.0,0.0,0.0,0.0,0.0,0.0,0.0,0.0,0.0,1.4492753623188406,0.0,0.0,0.0,0.0,0.0,0.0,0.0
todayilearned,0.0,0.0,0.0,0.0,1.3888888888888888,0.0,0.0,1.3888888888888888,1.3888888888888888,0.0,0.0,2.7777777777777777,0.0,4.166666666666666,0.0,0.0,0.0,0.0,0.0,0.0,0.0,0.0,0.0,0.0,0.0,0.0,0.0,0.0,0.0,0.0,0.0,0.0
explainlikeimfive,0.0,0.0,0.0,0.0,0.0,0.0,0.0,0.9009009009009009,0.9009009009009009,0.0,0.0,3.6036036036036037,0.0,6.306306306306306,0.0,0.0,0.0,0.0,0.0,0.0,0.0,0.0,0.0,0.0,0.0,0.0,0.0,0.0,0.0,0.0,0.0,0.0
todayilearned,0.0,0.0,0.0,0.0,0.0,0.0,0.0,0.43478260869565216,0.43478260869565216,0.0,0.0,2.1739130434782608,0.0,3.0434782608695654,0.0,0.0,0.0,0.0,0.0,0.0,0.0,0.0,0.0,0.0,0.0,0.0,0.0,0.0,0.0,0.0,0.0,0.0
pics,0.0,0.0,0.0,0.0,0.0,0.0,0.0,0.0,0.0,0.0,0.0,8.108108108108109,0.0,5.405405405405405,0.0,0.0,0.0,0.0,0.0,0.0,0.0,0.0,0.0,0.0,0.0,0.0,0.0,0.0,0.0,0.0,0.0,0.0
leagueoflegends,0.0,0.0,0.0,0.0,0.0,0.0,0.0,0.33333333333333337,0.33333333333333337,0.0,0.0,5.333333333333334,0.0,3.3333333333333335,0.0,0.0,0.33333333333333337,0.0,0.0,0.0,0.6666666666666667,0.0,0.0,0.0,0.0,0.0,0.0,0.0,0.0,0.0,0.0,0.0
leagueoflegends,0.0,0.0,0.0,0.0,0.0,0.0,0.0,0.0,0.0,0.0,0.0,1.3100436681222707,0.0,2.6200873362445414,0.0,0.0,0.0,0.0,0.0,0.0,4.8034934497816595,0.0,0.0,0.0,0.0,0.0,0.0,0.0,0.0,0.0,0.0,0.0
leagueoflegends,0.0,0.0,0.0,0.0,0.0,0.0,0.0,0.0,0.0,0.0,0.0,2.898550724637681,0.0,5.797101449275362,0.0,0.0,0.0,0.0,0.0,0.0,0.0,0.0,0.0,0.0,0.0,0.0,0.0,0.0,0.0,0.0,0.0,0.0
leagueoflegends,0.0,0.0,0.0,0.0,1.9230769230769231,0.0,0.0,0.0,0.0,0.0,0.0,6.730769230769231,0.0,5.769230769230769,0.0,0.0,0.0,0.0,0.0,0.0,0.0,0.0,0.0,0.0,0.0,0.0,0.0,0.0,0.0,0.0,0.0,0.0
leagueoflegends,0.0,0.0,0.0,0.0,0.0,0.0,0.0,0.33444816053511706,0.33444816053511706,0.0,0.0,4.682274247491638,0.0,4.682274247491638,0.0,0.0,0.0,0.0,0.0,0.0,0.0,0.0,0.0,0.0,0.0,0.0,0.0,0.0,0.0,0.0,0.0,0.0
leagueoflegends,0.0,0.0,0.0,0.0,0.0,0.0,0.0,0.5154639175257731,0.5154639175257731,0.0,0.0,6.185567010309279,0.0,5.670103092783505,0.0,0.0,0.0,0.0,0.0,0.0,0.25773195876288657,0.0,0.0,0.0,0.0,0.0,0.0,0.0,0.0,0.0,0.0,0.0
leagueoflegends,0.0,0.0,0.0,0.0,0.0,0.0,0.0,2.2222222222222223,1.4814814814814816,0.0,0.0,2.2222222222222223,0.0,4.444444444444445,0.0,0.0,0.0,0.0,0.0,0.0,0.7407407407407408,0.0,0.0,0.0,0.0,0.0,0.0,0.0,0.0,0.0,0.0,0.0
leagueoflegends,0.0,0.0,0.0,0.0,0.0,0.0,0.0,0.0,0.0,2.1739130434782608,0.0,8.695652173913043,0.0,4.3478260869565215,0.0,0.0,2.1739130434782608,0.0,0.0,0.0,0.0,0.0,0.0,0.0,0.0,0.0,0.0,0.0,0.0,0.0,0.0,0.0
leagueoflegends,0.0,0.0,0.0,0.0,0.0,0.0,0.0,0.0,0.0,0.0,0.0,3.0534351145038165,0.0,7.633587786259542,0.0,0.0,0.0,0.0,0.0,0.0,0.0,0.0,0.0,0.0,0.0,0.0,0.0,0.0,0.0,0.0,0.0,0.0
leagueoflegends,0.0,0.0,0.0,0.0,0.0,0.0,0.0,0.0,0.0,0.0,0.0,4.672897196261682,0.0,1.4018691588785046,0.0,0.0,0.0,0.0,0.0,0.0,0.0,0.0,0.0,0.0,0.0,0.0,0.0,0.0,0.0,0.0,0.0,0.0
leagueoflegends,0.0,0.0,0.0,0.0,0.0,0.0,0.0,1.098901098901099,1.098901098901099,0.0,0.0,1.6483516483516485,0.0,7.142857142857142,0.0,0.0,0.0,0.0,0.0,0.0,0.5494505494505495,0.0,0.0,0.0,0.0,0.0,0.0,0.0,0.0,0.0,0.0,0.0
leagueoflegends,0.0,0.0,0.0,0.0,0.0,0.0,0.0,0.6622516556291391,0.6622516556291391,0.0,0.0,3.3112582781456954,0.6622516556291391,1.9867549668874174,0.0,0.0,0.0,0.0,0.0,0.0,0.0,0.0,0.0,0.0,0.0,0.0,0.0,0.0,0.0,0.0,0.0,0.0
leagueoflegends,0.0,0.0,0.0,0.0,0.0,0.0,0.0,0.9900990099009901,0.9900990099009901,0.0,0.0,1.9801980198019802,0.0,3.9603960396039604,0.0,0.0,0.0,0.0,0.0,0.0,0.0,0.0,0.0,0.0,0.0,0.0,0.0,0.0,0.0,0.0,0.0,0.0
leagueoflegends,0.0,0.0,0.0,0.0,0.0,0.0,0.0,0.0,0.0,0.0,0.0,1.0309278350515463,0.0,7.216494845360824,0.0,0.0,0.0,0.0,0.0,0.0,0.0,0.0,0.0,0.0,0.0,0.0,0.0,0.0,0.0,0.0,0.0,0.0
leagueoflegends,0.0,0.0,0.0,0.0,0.5154639175257731,0.0,0.0,10.824742268041238,8.762886597938143,1.0309278350515463,4.639175257731959,5.154639175257731,1.5463917525773196,2.0618556701030926,0.0,2.5773195876288657,0.0,0.0,0.0,0.0,1.0309278350515463,0.0,1.0309278350515463,0.0,1.0309278350515463,0.0,0.0,0.0,0.0,0.0,0.0,0.0
funny,1.2618296529968454,0.0,0.0,0.31545741324921134,0.0,0.0,0.0,0.0,0.0,0.0,0.0,8.201892744479496,0.0,3.7854889589905363,0.0,0.0,0.0,0.0,0.0,0.0,0.0,0.0,0.0,0.0,0.0,0.0,0.0,0.0,0.0,0.0,0.0,0.0
funny,0.0,0.0,0.0,0.0,0.0,0.0,0.0,2.564102564102564,0.0,0.0,0.0,5.128205128205128,0.0,2.564102564102564,0.0,0.0,0.0,0.0,0.0,0.0,1.282051282051282,0.0,1.282051282051282,0.0,1.282051282051282,0.0,0.0,0.0,0.0,0.0,0.0,0.0
gaming,0.0,0.0,0.0,0.0,0.0,0.0,0.0,0.0,0.0,0.0,0.0,2.1052631578947367,0.0,5.263157894736842,0.0,0.0,0.0,0.0,0.0,0.0,0.0,0.0,0.0,0.0,0.0,0.0,0.0,0.0,0.0,0.0,0.0,0.0
leagueoflegends,0.6369426751592357,0.0,0.0,0.0,0.0,0.0,0.0,0.0,0.0,0.0,0.0,3.1847133757961785,0.0,3.1847133757961785,0.0,0.0,0.0,0.0,0.0,0.0,0.0,0.0,0.0,0.0,0.0,0.0,0.0,0.0,0.0,0.0,0.0,0.0
explainlikeimfive,0.0,0.0,0.0,0.0,0.0,0.0,0.0,0.0,0.0,0.0,0.0,2.18978102189781,0.0,5.109489051094891,0.0,0.0,0.0,0.0,0.0,0.0,0.0,0.0,0.0,0.0,0.0,0.0,0.0,0.0,0.0,0.0,0.0,0.0
AdviceAnimals,0.0,0.0,0.0,0.0,0.4807692307692308,0.0,0.4807692307692308,0.0,0.0,0.0,0.0,8.173076923076923,0.0,5.769230769230769,0.0,0.0,0.0,0.0,0.0,0.0,0.4807692307692308,0.0,0.0,0.0,0.0,0.0,0.0,0.0,0.0,0.0,0.0,0.0
AdviceAnimals,0.0,0.0,0.0,0.0,0.0,0.0,2.1505376344086025,2.1505376344086025,2.1505376344086025,0.0,0.0,7.526881720430108,0.0,4.301075268817205,0.0,0.0,0.0,0.0,0.0,0.0,0.0,0.0,0.0,0.0,0.0,0.0,0.0,0.0,0.0,0.0,0.0,0.0
AdviceAnimals,0.0,0.0,0.0,0.0,0.0,0.0,0.0,0.0,0.0,0.0,0.0,0.0,0.8264462809917356,3.3057851239669422,0.0,0.8264462809917356,0.0,0.0,0.0,0.0,0.0,0.0,0.0,0.0,0.0,0.0,0.0,0.0,0.0,0.0,0.0,0.0
AdviceAnimals,0.0,0.0,0.0,0.0,0.0,0.0,0.0,0.0,0.0,0.0,0.0,3.1055900621118013,0.0,4.3478260869565215,0.0,0.0,0.0,0.0,0.0,0.0,0.0,0.0,0.0,0.0,0.0,0.0,0.0,0.0,0.0,0.0,0.0,0.0
AdviceAnimals,0.0,0.0,0.0,0.0,0.0,0.0,0.0,0.0,0.0,0.0,0.0,0.7722007722007722,0.0,4.633204633204633,0.0,0.0,0.0,0.0,0.0,0.0,1.9305019305019304,0.0,0.0,0.0,0.0,0.0,0.0,0.0,0.0,0.0,0.0,0.0
AdviceAnimals,0.0,0.0,0.0,0.0,0.0,0.0,0.0,0.0,0.0,0.0,0.0,3.64963503649635,0.0,3.8929440389294405,0.0,0.0,0.48661800486618007,0.0,0.0,0.0,0.0,0.0,0.0,0.0,0.0,0.0,0.0,0.0,0.0,0.0,0.0,0.0
AdviceAnimals,0.0,0.0,0.0,0.0,0.0,0.0,0.0,0.5698005698005698,0.2849002849002849,0.0,0.0,3.418803418803419,0.0,3.7037037037037033,0.0,0.0,0.2849002849002849,0.0,0.0,0.0,0.2849002849002849,0.0,0.2849002849002849,0.0,0.2849002849002849,0.0,0.0,0.0,0.0,0.0,0.0,0.0
AdviceAnimals,0.0,0.0,0.0,0.0,0.7633587786259541,0.0,0.0,0.0,0.0,0.0,0.0,5.343511450381679,0.0,6.106870229007633,0.0,0.0,0.0,0.0,0.0,0.0,0.0,0.0,0.0,0.0,0.0,0.0,0.0,0.0,0.0,0.0,0.0,0.0
AdviceAnimals,0.0,0.0,0.0,0.0,0.0,0.0,0.0,0.7058823529411765,0.4705882352941176,0.0,0.0,6.11764705882353,0.2352941176470588,4.705882352941177,0.0,1.1764705882352942,0.7058823529411765,0.0,0.0,0.2352941176470588,0.2352941176470588,0.0,0.2352941176470588,0.0,0.2352941176470588,0.0,0.0,0.0,0.0,0.0,0.0,0.0
AdviceAnimals,0.0,0.0,0.0,0.0,0.0,0.0,0.0,0.0,0.0,0.0,0.0,9.090909090909092,0.0,6.0606060606060606,0.0,0.0,0.0,0.0,0.0,0.0,0.0,0.0,0.0,0.0,0.0,0.0,0.0,0.0,0.0,0.0,0.0,0.0
AdviceAnimals,0.0,0.0,0.0,0.0,0.0,0.0,0.0,1.875,1.875,0.0,0.0,4.375,0.625,3.75,0.0,0.0,0.625,0.0,0.0,0.0,0.0,0.0,0.0,0.0,0.0,0.0,0.0,0.0,0.0,0.0,0.0,0.0
AdviceAnimals,0.0,0.0,0.0,0.0,0.0,0.0,0.0,0.0,0.0,0.0,0.0,5.405405405405405,0.0,5.405405405405405,0.0,2.7027027027027026,0.0,0.0,0.0,0.0,2.7027027027027026,0.0,0.0,0.0,0.0,0.0,0.0,0.0,0.0,0.0,0.0,0.0
leagueoflegends,0.0,0.0,0.0,0.0,0.0,0.0,0.0,0.0,0.0,0.0,0.0,0.0,0.0,3.8461538461538463,0.0,0.0,0.0,0.0,0.0,0.0,0.0,0.0,0.0,0.0,0.0,0.0,0.0,0.0,0.0,0.0,0.0,0.0
explainlikeimfive,0.0,0.0,0.2949852507374631,0.0,0.0,0.0,0.0,1.4749262536873156,1.4749262536873156,0.0,0.0,5.014749262536873,0.0,5.3097345132743365,0.0,0.0,0.0,0.0,0.0,0.0,0.0,0.0,0.0,0.0,0.0,0.0,0.0,0.0,0.0,0.0,0.0,0.0
explainlikeimfive,0.0,0.0,0.8695652173913043,0.0,0.0,0.0,0.0,2.608695652173913,2.608695652173913,0.0,0.0,7.82608695652174,1.7391304347826086,5.217391304347826,0.0,0.0,0.0,0.0,0.0,0.0,0.0,0.0,0.0,0.0,0.0,0.0,0.0,0.0,0.0,0.0,0.0,0.0
todayilearned,0.0,0.0,0.0,0.33557046979865773,0.0,0.0,0.0,1.006711409395973,1.006711409395973,0.0,0.0,2.348993288590604,0.0,4.697986577181208,0.0,0.33557046979865773,0.0,0.0,0.0,0.0,1.006711409395973,0.0,0.0,0.0,0.0,0.0,0.0,0.0,0.0,0.0,0.0,0.0
leagueoflegends,0.0,0.0,0.0,0.0,0.0,0.0,0.0,0.42016806722689076,0.42016806722689076,0.0,0.0,3.361344537815126,0.0,3.7815126050420167,0.0,0.0,0.0,0.0,0.0,0.0,0.0,0.0,0.0,0.0,0.0,0.0,0.0,0.0,0.0,0.0,0.0,0.0
leagueoflegends,0.0,0.0,0.0,0.0,0.0,0.0,0.0,0.0,0.0,0.0,0.0,5.426356589147287,0.0,3.10077519379845,0.0,0.0,0.0,0.0,0.0,0.0,0.0,0.0,0.0,0.0,0.0,0.0,0.0,0.0,0.0,0.0,0.0,0.0
leagueoflegends,0.0,0.0,0.0,0.0,3.896103896103896,0.0,0.0,5.194805194805195,5.194805194805195,0.0,3.896103896103896,1.2987012987012987,2.5974025974025974,0.0,1.2987012987012987,15.584415584415584,0.0,0.0,0.0,0.0,1.2987012987012987,0.0,0.0,0.0,0.0,0.0,0.0,0.0,0.0,0.0,0.0,0.0
AdviceAnimals,0.0,0.0,0.0,0.0,0.0,0.0,0.0,0.9259259259259258,0.9259259259259258,0.0,0.0,4.62962962962963,1.8518518518518516,3.7037037037037033,0.0,0.0,0.0,0.0,0.0,0.0,0.0,0.0,0.0,0.0,0.0,0.0,0.0,0.0,0.0,0.0,0.0,0.0
funny,0.0,0.0,0.0,0.0,0.0,0.0,0.0,0.0,0.0,0.0,0.0,3.2520325203252036,0.0,5.691056910569105,0.0,0.0,0.0,0.0,0.0,0.0,1.6260162601626018,0.0,0.0,0.0,0.0,0.0,0.0,0.0,0.0,0.0,0.0,0.0
leagueoflegends,0.0,0.0,0.0,0.0,0.0,0.0,0.36496350364963503,1.094890510948905,1.094890510948905,0.0,0.0,4.014598540145985,0.0,5.839416058394161,0.0,0.36496350364963503,0.0,0.0,0.0,0.0,0.0,0.0,0.0,0.0,0.0,0.0,0.0,0.0,0.0,0.0,0.0,0.0
leagueoflegends,0.0,0.0,0.0,0.0,0.0,0.0,0.0,2.4096385542168677,2.4096385542168677,0.0,0.0,1.8932874354561102,0.0,3.7865748709122204,0.0,0.8605851979345954,0.0,0.0,0.0,0.34423407917383825,0.0,0.0,0.0,0.0,0.0,0.0,0.0,0.0,0.0,0.0,0.0,0.0
leagueoflegends,0.0,0.0,0.0,0.0,0.0,0.0,0.0,0.8823529411764706,1.4705882352941175,0.0,0.0,3.823529411764706,0.0,2.941176470588235,0.0,0.29411764705882354,0.0,0.0,0.0,0.0,0.0,0.0,0.0,0.0,0.0,0.0,0.0,0.0,0.0,0.0,0.0,0.0
leagueoflegends,0.0,0.0,0.0,0.0,0.0,0.0,0.0,0.0,0.0,0.0,0.0,3.278688524590164,0.0,4.918032786885246,0.0,0.0,0.0,0.0,0.0,0.0,0.0,0.0,0.0,0.0,0.0,0.0,0.0,0.0,0.0,0.0,0.0,0.0
leagueoflegends,0.0,0.0,0.0,0.0,0.0,0.0,0.0,3.8461538461538463,3.8461538461538463,0.0,0.0,0.0,0.0,9.615384615384617,0.0,0.0,0.0,0.0,0.0,0.0,0.0,0.0,0.0,0.0,0.0,0.0,0.0,0.0,0.0,0.0,0.0,0.0
leagueoflegends,0.0,0.0,0.0,0.0,0.0,0.0,0.0,0.0,0.0,0.0,0.0,5.217391304347826,0.0,5.217391304347826,0.0,0.0,0.0,0.0,0.0,0.0,0.0,0.0,0.0,0.0,0.0,0.0,0.0,0.0,0.0,0.0,0.0,0.0
leagueoflegends,0.0,0.0,0.0,0.0,0.0,0.0,0.0,0.0,0.0,0.0,0.0,1.1494252873563218,0.0,4.597701149425287,0.0,2.2988505747126435,0.0,0.0,0.0,0.0,0.0,0.0,0.0,0.0,0.0,0.0,0.0,0.0,0.0,0.0,0.0,0.0
leagueoflegends,0.0,0.0,0.0,0.0,0.0,0.0,0.0,0.0,0.0,0.0,0.0,0.0,0.0,5.434782608695652,0.0,0.0,0.0,0.0,0.0,0.0,0.0,0.0,0.0,0.0,0.0,0.0,0.0,0.0,0.0,0.0,0.0,0.0
leagueoflegends,0.0,0.0,0.0,0.0,0.0,0.0,0.0,0.0,0.0,0.0,0.0,0.0,0.0,4.62962962962963,0.0,0.0,0.0,0.0,0.0,0.0,0.9259259259259258,0.0,0.0,0.0,0.0,0.0,0.0,0.0,0.0,0.0,0.0,0.0
leagueoflegends,0.0,0.0,0.0,0.0,0.0,0.0,0.0,0.0,0.0,0.0,0.0,1.25,0.0,8.75,0.0,0.0,0.0,0.0,0.0,0.0,0.0,0.0,0.0,0.0,0.0,0.0,0.0,0.0,0.0,0.0,0.0,0.0
leagueoflegends,0.0,0.0,0.0,0.0,0.0,0.0,0.5847953216374269,0.0,0.0,0.0,0.0,2.923976608187134,0.0,4.093567251461988,0.0,0.0,0.0,0.0,0.0,0.0,0.0,0.0,0.0,0.0,0.0,0.0,0.0,0.0,0.0,0.0,0.0,0.0
leagueoflegends,0.0,0.0,0.0,0.0,0.0,0.0,0.0,0.36900369003690037,0.36900369003690037,0.0,0.0,1.8450184501845017,0.0,2.952029520295203,0.0,0.0,0.0,0.0,0.0,0.0,0.0,0.0,0.0,0.0,0.0,0.0,0.0,0.0,0.0,0.0,0.0,0.0
leagueoflegends,0.0,0.0,0.0,0.0,0.0,0.0,0.0,0.0,0.0,0.0,0.0,3.870967741935484,0.0,3.225806451612903,0.0,0.6451612903225806,0.0,0.0,0.0,0.0,0.0,0.0,1.2903225806451613,0.0,1.2903225806451613,0.0,0.0,0.0,0.0,0.0,0.0,0.0
leagueoflegends,0.0,0.0,0.0,0.0,0.0,0.0,0.0,0.0,0.0,0.0,0.0,4.716981132075472,0.0,5.660377358490567,0.0,0.0,0.0,0.0,0.0,0.0,0.0,0.0,0.0,0.0,0.0,0.0,0.0,0.0,0.0,0.0,0.0,0.0
leagueoflegends,0.0,0.0,0.0,0.0,0.0,0.0,0.0,0.5263157894736842,0.5263157894736842,0.0,0.0,3.1578947368421053,0.5263157894736842,5.263157894736842,0.0,0.0,0.0,0.0,0.0,0.0,0.0,0.0,0.0,0.0,0.0,0.0,0.0,0.0,0.0,0.0,0.0,0.0
leagueoflegends,0.0,0.0,0.0,0.0,0.0,0.0,0.0,0.0,0.0,0.0,1.1627906976744187,2.3255813953488373,0.0,3.488372093023256,0.0,0.0,0.0,0.0,0.0,0.0,0.0,0.0,0.0,0.0,0.0,0.0,0.0,0.0,0.0,0.0,0.0,0.0
leagueoflegends,0.0,0.0,0.0,0.0,0.0,0.0,0.0,0.0,0.0,0.0,0.0,8.695652173913043,0.0,5.434782608695652,0.0,0.0,0.0,0.0,0.0,0.0,0.0,0.0,0.0,0.0,0.0,0.0,0.0,0.0,0.0,0.0,0.0,0.0
leagueoflegends,0.0,0.0,0.0,0.0,0.0,0.0,0.0,1.0810810810810811,1.0810810810810811,0.0,0.0,2.5225225225225225,0.0,4.504504504504505,0.0,0.18018018018018017,0.0,0.0,0.0,0.0,0.0,0.0,0.0,0.0,0.0,0.0,0.0,0.0,0.0,0.0,0.0,0.0
leagueoflegends,0.0,0.0,0.0,0.0,0.0,0.0,0.0,0.45454545454545453,0.45454545454545453,0.0,0.0,5.909090909090909,0.9090909090909091,3.6363636363636362,0.0,0.0,0.0,0.0,0.0,0.0,0.0,0.0,0.0,0.0,0.0,0.0,0.0,0.0,0.0,0.0,0.0,0.0
leagueoflegends,0.0,0.0,0.0,0.0,0.0,0.0,0.0,0.2976190476190476,0.2976190476190476,0.0,0.1488095238095238,5.952380952380952,0.0,5.357142857142857,0.0,0.0,0.0,0.0,0.0,0.0,0.0,0.0,0.0,0.0,0.0,0.0,0.0,0.0,0.0,0.0,0.0,0.0
leagueoflegends,0.0,0.0,0.0,0.0,0.0,0.0,0.0,0.0,0.0,0.0,0.0,3.9473684210526314,0.6578947368421052,5.263157894736842,0.0,0.0,0.0,0.0,0.0,0.0,0.0,0.0,0.0,0.0,0.0,0.0,0.0,0.0,0.0,0.0,0.0,0.0
politics,0.0,0.0,0.0,4.216867469879518,3.0120481927710845,0.0,0.0,3.614457831325301,3.0120481927710845,0.0,0.0,4.819277108433735,0.0,3.614457831325301,0.0,0.6024096385542169,0.0,0.0,0.0,0.0,0.0,0.0,0.6024096385542169,0.0,0.6024096385542169,0.0,0.0,0.0,0.0,0.0,0.0,0.0
leagueoflegends,0.0,0.0,0.0,0.0,0.0,0.0,0.0,0.6060606060606061,0.6060606060606061,0.0,0.0,5.454545454545454,0.0,4.242424242424243,0.0,0.0,0.0,0.0,0.0,0.0,0.0,0.0,0.0,0.0,0.0,0.0,0.0,0.0,0.0,0.0,0.0,0.0
funny,0.0,0.0,0.0,0.0,0.0,0.0,0.0,1.1235955056179776,1.1235955056179776,0.0,0.0,2.247191011235955,0.0,4.49438202247191,0.0,0.0,0.0,0.0,0.0,0.0,0.0,0.0,0.0,0.0,0.0,0.0,0.0,0.0,0.0,0.0,0.0,0.0
funny,0.0,0.0,0.0,2.3529411764705883,0.0,0.0,0.0,0.0,0.0,0.0,0.0,2.3529411764705883,0.0,7.0588235294117645,0.0,1.1764705882352942,0.0,0.0,0.0,0.0,0.0,0.0,0.0,0.0,0.0,0.0,0.0,0.0,0.0,0.0,0.0,0.0
funny,0.0,0.0,0.0,0.0,0.0,0.0,0.0,1.9607843137254901,1.9607843137254901,0.0,0.0,3.9215686274509802,0.0,7.8431372549019605,0.0,0.0,0.0,0.0,0.0,0.0,0.0,0.0,0.0,0.0,0.0,0.0,0.0,0.0,0.0,0.0,0.0,0.0
funny,2.0348837209302326,0.0,0.0,0.0,0.0,0.0,0.0,0.0,0.0,0.0,0.0,4.651162790697675,0.0,5.813953488372093,0.0,0.0,0.0,0.0,0.0,0.0,2.616279069767442,0.0,0.0,0.0,0.0,0.0,0.0,0.0,0.0,0.0,0.0,0.0
funny,0.0,0.0,0.0,0.0,0.0,0.0,0.0,0.0,0.0,0.0,0.0,1.4492753623188406,0.0,5.797101449275362,0.0,0.0,0.0,0.0,0.0,0.0,0.0,0.0,0.0,0.0,0.0,0.0,0.0,0.0,0.0,0.0,0.0,0.0
funny,0.0,0.0,0.0,0.0,0.0,0.0,0.0,0.8849557522123894,0.8849557522123894,0.0,0.0,2.6548672566371683,0.0,3.5398230088495577,0.0,0.0,0.0,0.0,0.0,0.0,0.8849557522123894,0.0,0.0,0.0,0.0,0.0,0.0,0.0,0.0,0.0,0.0,0.0
leagueoflegends,0.0,0.0,0.0,0.0,0.0,0.0,0.0,2.2346368715083798,2.2346368715083798,0.0,0.0,11.1731843575419,0.0,3.35195530726257,0.0,0.0,0.0,0.0,0.0,0.0,0.5586592178770949,0.0,0.0,0.0,0.0,0.0,0.0,0.0,0.0,0.0,0.0,0.0
todayilearned,0.0,0.0,0.0,0.0,0.0,0.0,0.0,0.8771929824561403,0.0,0.0,0.0,6.140350877192982,0.0,4.385964912280701,0.0,1.7543859649122806,0.0,0.0,0.0,0.8771929824561403,0.0,0.0,0.0,0.0,0.0,0.0,0.0,0.0,0.0,0.0,0.0,0.0
explainlikeimfive,0.29069767441860467,0.0,0.0,0.0,0.0,0.0,0.0,1.1627906976744187,1.1627906976744187,0.0,0.0,7.267441860465117,0.0,6.104651162790697,0.0,0.29069767441860467,0.0,0.0,0.0,0.0,0.0,0.0,0.0,0.0,0.0,0.0,0.0,0.0,0.0,0.0,0.0,0.0
AdviceAnimals,0.0,0.0,0.0,0.0,0.0,0.0,0.0,0.0,0.0,0.0,0.0,1.6260162601626018,0.0,3.2520325203252036,0.0,0.0,0.0,0.0,0.0,0.0,0.0,0.0,0.0,0.0,0.0,0.0,0.0,0.0,0.0,0.0,0.0,0.0
AdviceAnimals,0.0,0.0,0.0,0.0,0.0,0.0,0.4016064257028112,0.4016064257028112,0.4016064257028112,0.0,0.0,4.016064257028113,0.0,4.819277108433735,0.0,0.0,0.0,0.0,0.0,0.0,0.4016064257028112,0.0,0.0,0.0,0.0,0.0,0.0,0.0,0.0,0.0,0.0,0.0
leagueoflegends,0.0,0.0,0.0,0.0,0.0,0.0,0.0,1.5384615384615385,1.5384615384615385,0.0,0.0,1.5384615384615385,0.0,4.615384615384616,0.0,1.5384615384615385,0.0,0.0,0.0,0.0,0.0,0.0,0.0,0.0,0.0,0.0,0.0,0.0,0.0,0.0,0.0,0.0
leagueoflegends,0.35211267605633806,0.0,0.0,0.0,0.0,0.0,0.0,0.0,0.0,0.0,0.0,4.225352112676056,0.0,4.225352112676056,0.0,0.35211267605633806,0.0,0.0,0.0,0.0,0.0,0.0,0.0,0.0,0.0,0.0,0.0,0.0,0.0,0.0,0.0,0.0
leagueoflegends,0.0,0.0,0.0,0.0,0.0,0.0,0.0,0.0,0.0,0.0,0.0,0.0,0.0,8.0,0.0,0.0,0.0,0.0,0.0,0.0,0.0,0.0,0.0,0.0,0.0,0.0,0.0,0.0,0.0,0.0,0.0,0.0
leagueoflegends,0.0,0.0,0.0,0.0,2.7472527472527473,0.0,0.0,2.7472527472527473,2.7472527472527473,0.0,0.0,3.296703296703297,0.0,4.395604395604396,0.0,0.0,0.0,0.0,0.0,0.0,1.6483516483516485,0.0,0.0,0.0,0.0,0.0,0.0,0.0,0.0,0.0,0.0,0.0
leagueoflegends,0.0,0.0,0.0,0.0,0.0,0.0,0.0,0.0,0.0,0.0,0.0,2.4691358024691357,0.0,6.172839506172839,0.0,1.2345679012345678,0.0,0.0,0.0,0.0,1.2345679012345678,0.0,0.0,0.0,0.0,0.0,0.0,0.0,0.0,0.0,0.0,0.0
leagueoflegends,0.0,0.0,0.0,0.0,0.0,0.0,0.0,0.0,0.0,0.0,0.0,0.4444444444444444,0.0,3.5555555555555554,0.0,0.0,0.0,0.0,0.0,0.0,0.4444444444444444,0.0,0.0,0.0,0.0,0.0,0.0,0.0,0.0,0.0,0.0,0.0
leagueoflegends,0.0,0.0,0.0,0.0,0.0,0.0,0.0,0.0,0.0,0.0,0.0,8.092485549132949,0.0,3.4682080924855487,0.0,0.0,0.0,0.0,0.0,0.0,0.0,0.0,0.0,0.0,0.0,0.0,0.0,0.0,0.0,0.0,0.0,0.0
leagueoflegends,0.28169014084507044,0.0,0.0,0.0,0.28169014084507044,0.0,0.0,1.1267605633802817,1.1267605633802817,0.0,0.0,5.915492957746479,0.28169014084507044,3.0985915492957745,0.0,0.28169014084507044,0.0,0.0,0.0,0.0,0.0,0.0,0.0,0.0,0.0,0.0,0.0,0.0,0.0,0.0,0.0,0.0
pics,0.0,0.0,0.0,0.0,0.0,0.0,0.0,2.5316455696202533,0.0,0.0,0.0,3.1645569620253164,0.0,2.5316455696202533,0.0,0.0,0.6329113924050633,0.0,0.0,0.0,0.0,0.0,2.5316455696202533,0.0,2.5316455696202533,0.0,0.0,0.0,0.0,0.0,0.0,0.0
pics,0.0,0.0,0.0,1.0526315789473684,0.0,0.0,0.0,0.0,0.0,0.0,0.0,2.1052631578947367,0.0,4.2105263157894735,0.0,0.0,1.0526315789473684,0.0,0.0,0.0,0.0,0.0,0.0,0.0,0.0,0.0,0.0,0.0,0.0,0.0,0.0,1.0526315789473684
funny,0.0,0.0,0.0,0.0,0.0,0.0,0.0,0.0,0.0,0.0,0.0,5.405405405405405,0.0,6.306306306306306,0.0,0.0,0.0,0.0,0.0,0.0,1.8018018018018018,0.0,0.0,0.0,0.0,0.0,0.0,0.0,0.0,0.0,0.0,0.0
explainlikeimfive,0.0,0.0,0.0,0.0,0.0,0.0,2.5,0.0,0.0,0.0,0.0,8.75,0.0,10.0,0.0,0.0,0.0,0.0,0.0,0.0,0.0,0.0,0.0,0.0,0.0,0.0,0.0,0.0,0.0,0.0,0.0,0.0
leagueoflegends,0.0,0.0,0.0,0.0,0.0,0.0,0.0,0.0,0.0,0.0,0.0,0.0,0.0,33.33333333333333,0.0,0.0,0.0,0.0,0.0,0.0,0.0,0.0,0.0,0.0,0.0,0.0,0.0,0.0,0.0,0.0,0.0,0.0
leagueoflegends,0.0,0.0,0.0,0.0,0.0,0.0,0.0,0.0,0.0,0.0,0.0,0.0,0.0,6.25,0.0,0.0,0.0,0.0,0.0,0.0,0.0,0.0,0.0,0.0,0.0,0.0,0.0,0.0,0.0,0.0,0.0,0.0
leagueoflegends,0.0,0.0,0.0,0.0,0.0,0.0,0.0,1.0256410256410255,1.0256410256410255,0.0,0.0,2.051282051282051,0.0,0.5128205128205128,0.0,0.0,0.0,0.0,0.0,0.0,0.0,0.0,0.0,0.0,0.0,0.0,0.0,0.0,0.0,0.0,0.0,0.0
AdviceAnimals,0.0,0.0,0.0,0.0,0.0,0.0,0.0,0.38910505836575876,0.38910505836575876,0.0,0.0,4.280155642023346,0.0,4.669260700389105,0.0,0.38910505836575876,0.0,0.0,0.0,0.0,0.0,0.0,0.0,0.0,0.0,0.0,0.0,0.0,0.0,0.0,0.0,0.0
AdviceAnimals,2.631578947368421,0.0,0.0,0.0,0.6578947368421052,0.0,0.0,0.0,0.0,0.0,0.0,1.3157894736842104,0.0,5.921052631578947,0.0,0.0,0.0,0.0,0.0,0.0,0.0,0.0,0.0,0.0,0.0,0.0,0.0,0.0,0.0,0.0,0.0,0.0
AdviceAnimals,0.0,0.0,0.0,0.0,0.0,0.0,0.0,0.0,0.0,0.0,0.0,0.9615384615384616,0.0,5.769230769230769,0.0,0.0,0.0,0.0,0.0,0.0,2.8846153846153846,0.0,0.0,0.0,0.0,0.0,0.0,0.0,0.0,0.0,0.0,0.0
explainlikeimfive,0.0,0.0,0.0,0.0,0.0,0.0,0.0,2.2222222222222223,2.2222222222222223,0.0,0.0,2.9629629629629632,0.0,3.7037037037037033,0.0,0.0,0.0,0.0,0.0,0.0,0.0,0.0,0.0,0.0,0.0,0.0,0.0,0.0,0.0,0.0,0.0,0.0
explainlikeimfive,0.0,0.0,0.0,0.0,0.0,0.0,0.0,0.0,0.0,0.0,0.0,6.382978723404255,0.0,4.25531914893617,0.0,0.0,0.0,0.0,0.0,0.0,0.0,0.0,0.0,0.0,0.0,0.0,0.0,0.0,0.0,0.0,0.0,0.0
leagueoflegends,0.0,0.0,0.0,0.0,0.0,0.0,0.0,0.0,0.0,0.0,0.0,6.122448979591836,0.0,6.122448979591836,0.0,0.0,0.0,0.0,0.0,0.0,0.0,0.0,0.0,0.0,0.0,0.0,0.0,0.0,0.0,0.0,0.0,0.0
atheism,0.0,0.0,0.0,0.0,0.0,0.0,1.834862385321101,1.2232415902140672,1.2232415902140672,0.0,0.0,7.339449541284404,0.0,2.7522935779816518,0.0,0.6116207951070336,0.0,0.0,0.0,0.0,0.0,0.0,0.0,0.0,0.0,0.0,0.0,0.0,0.0,0.0,0.0,0.0
atheism,0.5747126436781609,0.0,0.0,0.0,0.0,0.0,0.0,0.0,0.0,0.0,0.0,8.045977011494253,0.0,2.2988505747126435,0.0,0.0,0.0,0.0,0.0,0.0,1.1494252873563218,0.0,0.0,0.0,0.0,0.0,0.0,0.0,0.0,0.0,0.0,0.0
explainlikeimfive,0.0,0.0,0.0,0.0,0.0,0.0,0.0,0.0,0.0,0.0,0.0,8.069620253164556,0.0,4.746835443037975,0.0,0.15822784810126583,0.15822784810126583,0.0,0.0,0.0,0.4746835443037975,0.0,0.0,0.0,0.0,0.0,0.0,0.0,0.0,0.0,0.0,0.0
leagueoflegends,0.13679890560875513,0.0,0.0,0.0,0.13679890560875513,0.0,0.0,0.0,0.0,0.0,0.0,7.113543091655266,0.0,5.471956224350205,0.0,0.0,0.0,0.0,0.0,0.4103967168262654,0.957592339261286,0.0,0.0,0.0,0.0,0.0,0.0,0.0,0.0,0.0,0.0,0.0
leagueoflegends,0.0,0.0,0.0,0.0,0.34843205574912894,0.0,0.0,0.0,0.0,0.0,0.0,4.181184668989547,0.0,3.1358885017421603,0.0,1.0452961672473868,0.0,0.0,0.0,0.0,0.34843205574912894,0.0,0.0,0.0,0.0,0.0,0.0,0.0,0.0,0.0,0.0,0.0
leagueoflegends,0.0,0.0,0.0,0.0,3.6363636363636362,0.0,0.0,0.6060606060606061,0.6060606060606061,0.0,0.0,4.848484848484849,0.0,7.878787878787878,0.0,0.0,0.0,0.0,0.0,0.6060606060606061,1.2121212121212122,0.0,0.0,0.0,0.0,0.0,0.0,0.0,0.0,0.0,0.0,0.0
politics,0.0,0.0,0.0,0.9668508287292817,2.071823204419889,0.0,0.0,7.18232044198895,6.2154696132596685,0.0,0.0,4.834254143646409,1.2430939226519337,4.143646408839778,0.0,4.143646408839778,2.7624309392265194,0.0,0.0,0.0,0.13812154696132595,0.0,0.9668508287292817,0.0,0.9668508287292817,0.0,0.0,0.0,0.0,0.0,0.0,0.0
politics,0.0,0.0,0.0,0.0,0.0,0.0,0.0,0.0,0.0,0.0,0.0,3.1746031746031744,0.0,4.761904761904762,0.0,0.0,0.0,0.0,0.0,0.0,1.5873015873015872,0.0,0.0,0.0,0.0,0.0,0.0,0.0,0.0,0.0,0.0,0.0
politics,0.0,0.0,0.0,0.0,0.0,0.0,0.2304147465437788,0.0,0.0,0.0,0.0,3.686635944700461,0.0,5.0691244239631335,0.2304147465437788,0.0,0.2304147465437788,0.0,0.0,0.0,0.0,0.0,0.0,0.0,0.0,0.0,0.0,0.0,0.0,0.0,0.0,0.0
politics,0.0,0.0,0.0,0.0,0.0,0.0,0.0,0.0,0.0,0.0,0.0,1.0416666666666665,0.0,3.125,0.0,0.0,0.0,0.0,0.0,0.0,0.0,0.0,0.0,0.0,0.0,0.0,0.0,0.0,0.0,0.0,0.0,0.0
politics,0.0,0.0,0.0,0.0,0.0,0.0,0.0,2.158273381294964,2.158273381294964,0.0,0.0,4.316546762589928,0.0,4.316546762589928,0.0,0.0,0.0,0.0,0.0,0.0,0.7194244604316548,0.0,0.0,0.0,0.0,0.0,0.0,0.0,0.0,0.0,0.0,0.0
pics,0.0,0.0,0.0,0.0,0.0,0.0,0.0,0.5586592178770949,0.5586592178770949,0.0,0.0,3.910614525139665,0.0,3.910614525139665,0.0,0.0,0.0,0.0,0.0,0.0,0.0,0.0,0.0,0.0,0.0,0.0,0.0,0.0,0.0,0.0,0.0,0.0
funny,0.0,0.0,0.0,0.0,0.0,0.0,0.0,0.0,0.0,0.0,0.0,0.0,0.0,0.0,0.0,0.0,0.0,0.0,0.0,0.0,0.0,0.0,0.0,0.0,0.0,0.0,0.0,0.0,0.0,0.0,0.0,0.0
funny,0.0,0.0,0.0,0.0,0.29940119760479045,0.5988023952095809,0.0,1.1976047904191618,1.1976047904191618,0.0,0.0,8.982035928143713,0.0,2.694610778443114,0.0,0.29940119760479045,0.5988023952095809,0.0,0.0,0.0,0.29940119760479045,0.0,0.0,0.0,0.0,0.0,0.0,0.0,0.0,0.0,0.0,0.0
leagueoflegends,0.0,0.0,0.0,0.0,0.0,0.0,0.0,0.0,0.0,0.0,0.0,4.081632653061225,0.0,4.081632653061225,0.0,0.0,0.0,0.0,0.0,0.0,0.0,0.0,0.0,0.0,0.0,0.0,0.0,0.0,0.0,0.0,0.0,0.0
funny,0.0,0.0,0.0,0.0,0.0,0.0,0.0,1.3333333333333335,1.3333333333333335,0.0,0.0,2.666666666666667,0.0,8.0,0.0,0.0,0.0,0.0,0.0,0.0,0.0,0.0,0.0,0.0,0.0,0.0,0.0,0.0,0.0,0.0,0.0,0.0
funny,0.0,0.0,0.0,0.0,0.0,0.0,0.25380710659898476,0.0,0.0,0.0,0.0,0.25380710659898476,0.0,4.060913705583756,0.0,0.0,0.0,0.0,0.0,0.0,0.0,0.0,0.0,0.0,0.0,0.0,0.0,0.0,0.0,0.0,0.0,0.0
leagueoflegends,0.0,0.0,0.0,0.0,0.0,0.0,0.0,0.0,0.0,0.0,0.0,0.0,0.0,3.6363636363636362,0.0,0.0,0.0,0.0,0.0,0.0,0.0,0.0,0.0,0.0,0.0,0.0,0.0,0.0,0.0,0.0,0.0,0.0
todayilearned,0.4873294346978557,0.0,0.0,0.09746588693957114,0.0,0.1949317738791423,0.0,1.0721247563352825,1.0721247563352825,0.0,0.0,5.16569200779727,0.29239766081871343,3.7037037037037033,0.0,1.0721247563352825,0.09746588693957114,0.0,0.0,0.0,0.7797270955165692,0.0,0.4873294346978557,0.0,0.4873294346978557,0.0,0.0,0.0,0.0,0.0,0.0,0.0
explainlikeimfive,0.0,0.0,0.0,0.0,0.0,0.0,1.4598540145985401,1.4598540145985401,1.4598540145985401,0.0,0.0,8.02919708029197,0.0,3.64963503649635,0.0,0.7299270072992701,0.7299270072992701,0.0,0.0,0.0,0.0,0.0,0.0,0.0,0.0,0.0,0.0,0.0,0.0,0.0,0.0,0.0
funny,0.0,0.0,0.0,0.0,0.0,0.0,0.0,2.955665024630542,2.4630541871921183,0.0,0.0,12.807881773399016,0.0,1.9704433497536946,0.0,0.0,0.49261083743842365,0.0,0.0,0.0,0.0,0.0,0.0,0.0,0.0,0.0,0.0,0.0,0.0,0.0,0.0,0.0
funny,0.0,0.0,0.0,0.0,0.0,0.0,1.2195121951219512,0.0,0.0,0.0,0.0,6.097560975609756,0.0,3.6585365853658534,0.0,0.0,0.0,0.0,0.0,0.0,0.0,0.0,0.0,0.0,0.0,0.0,0.0,0.0,0.0,0.0,0.0,0.0
funny,0.0,0.0,0.0,0.0,0.0,0.0,0.0,0.0,0.0,0.0,0.0,5.172413793103448,0.0,1.7241379310344827,0.0,0.0,0.0,0.0,0.0,0.0,0.0,0.0,0.0,0.0,0.0,0.0,0.0,0.0,0.0,0.0,0.0,0.0
explainlikeimfive,0.0,0.0,0.0,0.0,0.0,0.0,0.0,1.9704433497536946,1.9704433497536946,0.0,0.0,6.896551724137931,0.0,5.41871921182266,0.0,0.49261083743842365,0.0,0.0,0.0,0.0,0.0,0.0,0.0,0.0,0.0,0.0,0.0,0.0,0.0,0.0,0.0,0.0
pics,0.3436426116838488,0.0,0.0,0.0,0.0,0.0,0.0,2.0618556701030926,1.3745704467353952,0.0,0.0,3.7800687285223367,0.0,2.7491408934707904,0.0,0.3436426116838488,0.0,0.0,0.0,0.0,0.0,0.0,0.3436426116838488,0.0,0.3436426116838488,0.0,0.0,0.0,0.0,0.0,0.0,0.0
explainlikeimfive,0.0,0.0,0.0,0.0,0.0,0.0,0.0,0.5163511187607573,0.34423407917383825,0.0,0.0,6.368330464716007,0.0,3.7865748709122204,0.0,0.0,0.0,0.0,0.0,0.0,0.34423407917383825,0.0,0.17211703958691912,0.0,0.17211703958691912,0.0,0.0,0.0,0.0,0.0,0.0,0.0
pics,0.0,0.0,0.0,0.0,0.0,0.0,0.0,0.8403361344537815,1.2605042016806722,0.0,0.0,0.8403361344537815,0.0,6.302521008403361,0.0,0.0,0.0,0.0,0.0,2.100840336134454,0.8403361344537815,0.0,0.42016806722689076,0.0,0.42016806722689076,0.0,0.0,0.0,0.0,0.0,0.0,0.0
funny,0.24813895781637718,0.0,0.0,0.0,0.0,0.0,0.0,0.9925558312655087,0.9925558312655087,0.0,0.0,3.970223325062035,0.7444168734491315,5.707196029776675,0.0,0.49627791563275436,0.0,0.0,0.0,0.0,0.0,0.0,0.0,0.0,0.0,0.0,0.0,0.0,0.0,0.0,0.0,0.0
funny,0.0,0.0,0.0,0.0,0.0,0.0,0.0,0.0,0.0,0.0,0.0,8.333333333333332,0.0,8.333333333333332,0.0,0.0,0.0,0.0,0.0,0.0,0.0,0.0,0.0,0.0,0.0,0.0,0.0,0.0,0.0,0.0,0.0,0.0
funny,0.0,0.0,0.0,0.0,0.0,0.0,0.0,0.43668122270742354,0.43668122270742354,0.0,0.0,5.676855895196507,0.0,6.550218340611353,0.0,0.0,0.0,0.0,0.0,0.0,0.0,0.0,0.0,0.0,0.0,0.0,0.0,0.0,0.0,0.0,0.0,0.0
gaming,0.7462686567164178,0.0,0.0,0.0,0.0,0.0,0.0,0.0,0.0,0.0,0.0,2.9850746268656714,0.0,5.970149253731343,0.0,0.0,0.0,0.0,0.0,0.0,4.477611940298507,0.0,0.0,0.0,0.0,0.0,0.0,0.0,0.0,0.0,0.0,0.0
funny,0.0,0.0,0.0,0.0,0.0,0.0,0.0,1.25,1.25,0.0,0.0,4.583333333333333,0.8333333333333334,3.3333333333333335,0.0,0.4166666666666667,0.0,0.0,0.0,0.0,0.0,0.0,0.0,0.0,0.0,0.0,0.0,0.0,0.0,0.0,0.0,0.0
explainlikeimfive,0.0,0.0,0.0,0.0,0.0,0.0,0.0,0.5952380952380952,0.0,0.0,0.0,10.119047619047619,0.0,4.761904761904762,0.0,0.0,0.0,0.0,0.0,0.0,0.0,0.0,0.5952380952380952,0.0,0.5952380952380952,0.0,0.0,0.0,0.0,0.0,0.0,0.0
atheism,0.0,0.0,0.0,0.0,0.0,0.0,0.0,0.0,0.0,0.0,0.0,1.5151515151515151,0.0,6.0606060606060606,0.0,0.0,0.0,0.0,0.0,0.0,0.0,0.0,0.0,0.0,0.0,0.0,0.0,0.0,0.0,0.0,0.0,0.0
funny,0.0,0.0,0.0,0.0,0.0,0.0,0.0,0.0,0.0,0.0,0.0,4.519774011299435,0.0,3.389830508474576,0.0,0.0,0.0,0.0,0.0,0.0,0.0,0.0,0.0,0.0,0.0,0.0,0.0,0.0,0.0,0.0,0.0,0.0
explainlikeimfive,0.0,0.0,0.0,0.0,0.0,0.0,0.0,0.6493506493506493,0.6493506493506493,0.0,0.0,3.896103896103896,0.0,6.493506493506493,0.0,0.0,0.0,0.0,0.0,0.0,0.6493506493506493,0.0,0.0,0.0,0.0,0.0,0.0,0.0,0.0,0.0,0.0,0.0
AdviceAnimals,0.0,0.0,0.0,0.0,0.0,0.0,0.0,0.0,0.0,0.0,0.0,0.0,0.0,7.6923076923076925,0.0,0.0,0.0,0.0,0.0,0.0,0.0,0.0,0.0,0.0,0.0,0.0,0.0,0.0,0.0,0.0,0.0,0.0
leagueoflegends,0.0,0.0,0.0,0.0,0.0,0.0,6.557377049180328,0.0,0.0,0.0,0.0,4.918032786885246,0.0,1.639344262295082,0.0,0.0,0.0,0.0,0.0,0.0,0.0,0.0,0.0,0.0,0.0,0.0,0.0,0.0,0.0,0.0,0.0,0.0
gaming,0.0,0.0,0.0,0.0,0.0,0.0,0.45045045045045046,0.0,0.0,0.0,0.0,5.405405405405405,0.0,3.153153153153153,0.0,0.0,0.45045045045045046,0.0,0.0,0.0,0.0,0.0,0.0,0.0,0.0,0.0,0.0,0.0,0.0,0.0,0.0,0.0
gaming,0.0,0.0,0.0,0.0,0.0,0.0,0.0,1.8181818181818181,1.8181818181818181,0.0,0.0,5.454545454545454,0.0,3.6363636363636362,0.0,0.0,0.0,0.0,0.0,0.0,0.0,0.0,0.0,0.0,0.0,0.0,0.0,0.0,0.0,0.0,0.0,0.0
leagueoflegends,0.4608294930875576,0.0,0.0,0.0,0.0,0.0,0.0,0.4608294930875576,0.4608294930875576,0.0,0.0,2.7649769585253456,0.0,2.7649769585253456,0.0,0.0,0.0,0.0,0.0,0.0,0.0,0.0,0.0,0.0,0.0,0.0,0.0,0.0,0.0,0.0,0.0,0.0
explainlikeimfive,0.0,0.0,0.0,0.0,0.0,0.0,0.0,0.0,0.0,0.0,0.0,6.024096385542169,0.0,6.024096385542169,0.0,1.8072289156626504,1.2048192771084338,0.0,0.0,0.0,0.0,0.0,0.0,0.0,0.0,0.0,0.0,0.0,0.0,0.0,0.0,0.0
leagueoflegends,0.0,0.0,0.0,0.0,0.0,0.0,0.0,1.3953488372093024,1.3953488372093024,0.0,0.0,2.3255813953488373,0.0,5.5813953488372094,0.0,0.0,0.0,0.0,0.0,0.0,0.46511627906976744,0.0,0.0,0.0,0.0,0.0,0.0,0.0,0.0,0.0,0.0,0.0
todayilearned,0.5524861878453038,0.0,0.0,0.0,0.0,0.0,0.5524861878453038,0.0,0.0,0.0,0.0,4.41988950276243,0.0,4.972375690607735,0.0,0.0,0.0,0.0,0.0,0.0,0.0,0.0,0.0,0.0,0.0,0.0,0.0,0.0,0.0,0.0,0.0,0.0
explainlikeimfive,0.0,0.0,0.0,0.0,0.0,0.0,0.0,0.0,0.0,0.0,0.0,5.825242718446602,0.0,5.825242718446602,0.0,0.0,0.0,0.0,0.0,0.0,0.0,0.0,0.0,0.0,0.0,0.0,0.0,0.0,0.0,0.0,0.0,0.0
funny,0.0,0.0,0.0,0.0,0.0,0.0,0.0,0.0,0.0,0.0,0.0,2.73224043715847,0.0,5.46448087431694,0.0,1.639344262295082,0.0,0.0,0.0,0.0,0.0,0.0,0.0,0.0,0.0,0.0,0.0,0.0,0.0,0.0,0.0,0.0
atheism,0.0,0.0,0.0,0.0,0.0,0.0,0.0,0.0,0.0,0.0,0.0,8.333333333333332,0.0,8.333333333333332,0.0,0.0,0.0,0.0,0.0,0.0,0.0,0.0,0.0,0.0,0.0,0.0,0.0,0.0,0.0,0.0,0.0,0.0
gaming,0.0,0.0,0.0,0.0,0.0,0.0,0.0,1.3071895424836601,1.3071895424836601,0.0,0.0,3.9215686274509802,0.0,5.228758169934641,0.0,1.3071895424836601,0.0,0.0,0.0,0.0,0.0,0.0,0.0,0.0,0.0,0.0,0.0,0.0,0.0,0.0,0.0,0.0
funny,0.0,0.0,0.0,0.0,0.0,0.0,0.0,0.0,0.0,0.0,0.0,1.2903225806451613,0.0,4.516129032258064,0.0,0.0,0.0,0.0,0.0,0.0,0.0,0.0,0.0,0.0,0.0,0.0,0.0,0.0,0.0,0.0,0.0,0.0
funny,0.0,0.0,0.0,0.0,0.0,0.0,0.0,1.3574660633484164,1.3574660633484164,0.0,0.0,4.97737556561086,0.4524886877828055,5.88235294117647,0.0,0.904977375565611,0.0,0.0,0.0,0.0,0.4524886877828055,0.0,0.0,0.0,0.0,0.0,0.0,0.0,0.0,0.0,0.0,0.0
explainlikeimfive,0.0,0.0,0.0,0.0,0.0,0.0,0.7168458781362007,0.7168458781362007,0.35842293906810035,0.0,0.0,5.376344086021505,0.0,4.301075268817205,0.0,0.0,0.35842293906810035,0.0,0.0,1.4336917562724014,0.0,0.0,0.35842293906810035,0.0,0.35842293906810035,0.0,0.0,0.0,0.0,0.0,0.0,0.0
pics,0.0,0.0,0.0,3.0303030303030303,0.0,0.0,0.0,9.090909090909092,9.090909090909092,3.0303030303030303,9.090909090909092,3.0303030303030303,6.0606060606060606,3.0303030303030303,0.0,9.090909090909092,0.0,0.0,6.0606060606060606,3.0303030303030303,0.0,0.0,0.0,0.0,0.0,0.0,0.0,0.0,0.0,0.0,0.0,0.0
pics,0.0,0.0,0.0,0.0,0.0,0.0,0.0,0.7633587786259541,0.7633587786259541,0.0,0.0,0.7633587786259541,0.0,3.0534351145038165,0.0,0.0,0.0,0.0,0.0,0.0,0.0,0.0,0.0,0.0,0.0,0.0,0.0,0.0,0.0,0.0,0.0,0.0
pics,0.0,0.0,0.0,0.0,0.0,0.0,0.0,0.0,0.0,0.0,0.0,0.0,0.0,3.8461538461538463,0.0,0.0,0.0,0.0,0.0,0.0,0.0,0.0,0.0,0.0,0.0,0.0,0.0,0.0,0.0,0.0,0.0,0.0
pics,0.4878048780487805,0.0,0.0,0.0,0.0,0.0,0.0,0.975609756097561,0.4878048780487805,0.0,0.0,0.4878048780487805,0.0,5.853658536585367,0.0,0.0,0.0,0.0,0.0,0.0,0.0,0.0,0.4878048780487805,0.0,0.4878048780487805,0.0,0.0,0.0,0.0,0.0,0.0,0.0
pics,0.0,0.0,0.0,0.0,0.0,0.0,0.0,0.0,0.0,0.0,0.0,2.666666666666667,0.0,7.555555555555555,0.0,0.4444444444444444,0.0,0.0,0.0,0.0,0.0,0.0,0.0,0.0,0.0,0.0,0.0,0.0,0.0,0.0,0.0,0.0
AdviceAnimals,0.0,0.0,0.0,0.0,0.0,0.0,0.0,0.0,0.0,0.0,0.0,6.145251396648044,0.0,2.2346368715083798,0.0,0.0,0.0,0.0,0.0,0.0,0.0,0.0,0.0,0.0,0.0,0.0,0.0,0.0,0.0,0.0,0.0,0.0
pics,0.0,0.0,0.0,1.2195121951219512,0.0,0.0,0.0,0.0,0.0,0.0,0.0,6.097560975609756,0.0,7.317073170731707,0.0,0.0,0.0,0.0,0.0,0.0,0.0,0.0,0.0,0.0,0.0,0.0,0.0,0.0,0.0,0.0,0.0,0.0
AdviceAnimals,0.0,0.0,0.0,0.0,0.0,0.0,0.0,0.0,0.0,0.0,0.0,6.25,0.0,9.375,0.0,0.0,0.0,0.0,0.0,0.0,0.0,0.0,0.0,0.0,0.0,0.0,0.0,0.0,0.0,0.0,0.0,0.0
AdviceAnimals,0.0,0.0,0.0,0.0,0.0,0.0,0.0,0.0,0.0,0.0,0.0,4.761904761904762,0.0,4.761904761904762,0.0,0.0,0.0,0.0,0.0,0.0,0.0,0.0,0.0,0.0,0.0,0.0,0.0,0.0,0.0,0.0,0.0,0.0
AdviceAnimals,0.0,0.0,0.0,0.0,0.0,0.0,0.0,0.38167938931297707,0.0,0.0,0.0,6.488549618320611,0.0,4.198473282442748,0.0,0.38167938931297707,0.0,0.0,0.0,0.0,0.0,0.0,0.0,0.0,0.0,0.0,0.0,0.0,0.0,0.0,0.0,0.0
gaming,0.0,0.0,0.0,0.0,0.0,0.0,0.0,0.0,0.0,0.0,0.0,0.0,0.0,2.7027027027027026,0.0,0.0,0.0,0.0,0.0,0.0,0.0,0.0,0.0,0.0,0.0,0.0,0.0,0.0,0.0,0.0,0.0,0.0
AdviceAnimals,0.0,0.0,0.0,0.0,0.0,0.0,0.0,0.684931506849315,0.684931506849315,0.0,0.0,6.164383561643835,0.0,4.794520547945205,0.0,0.0,0.0,0.0,0.0,0.0,0.0,0.0,0.0,0.0,0.0,0.0,0.0,0.0,0.0,0.0,0.0,0.0
AdviceAnimals,0.0,0.0,0.0,0.0,0.0,0.0,0.0,1.4084507042253522,1.4084507042253522,0.0,0.0,5.633802816901409,0.0,5.633802816901409,0.0,1.4084507042253522,0.0,0.0,0.0,0.0,0.0,0.0,0.0,0.0,0.0,0.0,0.0,0.0,0.0,0.0,0.0,0.0
leagueoflegends,0.0,0.0,0.0,0.0,0.0,0.0,0.0,0.0,0.0,0.0,0.0,8.450704225352112,0.0,0.0,0.0,0.0,0.0,0.0,0.0,0.0,0.4694835680751174,0.0,0.0,0.0,0.0,0.0,0.0,0.0,0.0,0.0,0.0,0.0
leagueoflegends,0.0,0.0,0.6024096385542169,0.0,0.0,0.0,0.0,0.0,0.0,0.0,0.0,4.216867469879518,0.0,4.216867469879518,0.0,0.0,0.0,0.0,0.0,0.0,0.0,0.0,0.0,0.0,0.0,0.0,0.0,0.0,0.0,0.0,0.0,0.0
AdviceAnimals,0.0,0.0,0.0,0.0,0.0,0.0,0.0,0.0,0.0,0.0,0.0,3.4482758620689653,0.0,10.344827586206897,0.0,0.0,0.0,0.0,0.0,0.0,0.0,0.0,0.0,0.0,0.0,0.0,0.0,0.0,0.0,0.0,0.0,0.0
todayilearned,0.0,0.0,0.0,0.0,6.493506493506493,0.0,0.0,3.896103896103896,3.896103896103896,0.0,0.0,0.0,0.0,6.493506493506493,0.0,0.0,0.0,0.0,0.0,0.0,0.0,0.0,0.0,0.0,0.0,0.0,0.0,0.0,0.0,0.0,0.0,0.0
leagueoflegends,0.0,0.0,0.0,0.0,0.0,0.0,0.0,0.0,0.0,0.0,0.0,0.0,0.0,4.0650406504065035,0.0,0.0,0.0,0.0,0.0,0.0,0.0,0.0,0.0,0.0,0.0,0.0,0.0,0.0,0.0,0.0,0.0,0.0
leagueoflegends,0.0,0.0,0.0,0.0,0.0,0.0,0.0,0.0,0.0,0.0,0.0,0.0,0.0,0.0,0.0,0.0,0.0,0.0,0.0,0.0,0.0,0.0,0.0,0.0,0.0,0.0,0.0,0.0,0.0,0.0,0.0,0.0
leagueoflegends,0.0,0.0,0.0,0.0,0.0,0.0,0.0,0.0,0.0,0.0,0.0,0.0,0.0,9.090909090909092,0.0,0.0,0.0,0.0,0.0,0.0,0.0,0.0,0.0,0.0,0.0,0.0,0.0,0.0,0.0,0.0,0.0,0.0
leagueoflegends,0.5813953488372093,0.0,0.0,0.0,0.5813953488372093,0.0,0.0,0.0,0.0,0.0,0.0,4.651162790697675,0.0,5.813953488372093,0.0,0.5813953488372093,0.0,0.0,0.0,0.5813953488372093,1.1627906976744187,0.0,0.0,0.0,0.0,0.0,0.0,0.0,0.0,0.0,0.0,0.0
leagueoflegends,0.0,0.0,0.0,0.0,0.4629629629629629,0.0,0.0,0.15432098765432098,0.15432098765432098,0.0,0.0,6.944444444444445,0.15432098765432098,4.4753086419753085,0.0,0.15432098765432098,0.15432098765432098,0.0,0.0,0.0,0.15432098765432098,0.0,0.0,0.0,0.0,0.0,0.0,0.0,0.0,0.0,0.0,0.0
todayilearned,0.0,0.0,0.0,0.0,0.0,0.0,0.0,0.3703703703703704,0.3703703703703704,0.7407407407407408,0.0,5.555555555555555,0.0,7.4074074074074066,0.0,0.0,0.0,0.0,0.0,0.0,1.4814814814814816,0.0,0.0,0.0,0.0,0.0,0.0,0.0,0.0,0.0,0.0,0.0
atheism,0.0,0.0,0.0,0.0,0.0,0.0,0.0,0.6198347107438017,0.6198347107438017,0.0,0.0,5.785123966942149,0.0,7.231404958677685,0.0,0.4132231404958678,0.0,0.0,0.0,0.0,0.0,0.0,0.0,0.0,0.0,0.0,0.0,0.0,0.0,0.0,0.0,0.0
atheism,0.0,0.0,0.0,0.0,0.0,0.0,0.0,0.6451612903225806,0.3225806451612903,0.0,0.0,4.516129032258064,0.0,4.516129032258064,0.0,0.0,0.0,0.0,0.0,0.0,0.0,0.0,0.3225806451612903,0.0,0.3225806451612903,0.0,0.0,0.0,0.0,0.0,0.0,0.0
atheism,0.0,0.0,0.0,0.0,0.0,0.0,0.0,0.3058103975535168,0.3058103975535168,0.0,0.0,5.81039755351682,0.0,3.058103975535168,0.0,0.0,0.0,0.0,0.0,0.0,0.6116207951070336,0.0,0.0,0.0,0.0,0.0,0.0,0.0,0.0,0.0,0.0,0.0
todayilearned,0.0,0.0,0.0,0.0,0.0,0.0,1.0638297872340425,1.0638297872340425,1.0638297872340425,0.0,0.0,2.127659574468085,0.0,1.0638297872340425,0.0,0.0,0.0,0.0,0.0,0.0,0.0,0.0,0.0,0.0,0.0,0.0,0.0,0.0,0.0,0.0,0.0,0.0
todayilearned,0.0,0.0,0.0,0.0,0.0,0.0,0.0,1.9047619047619049,1.9047619047619049,0.0,0.0,8.571428571428571,0.0,4.761904761904762,0.0,0.0,0.0,0.0,0.0,0.0,0.9523809523809524,0.0,0.0,0.0,0.0,0.0,0.0,0.0,0.0,0.0,0.0,0.0
todayilearned,0.0,0.0,0.0,0.0,0.0,0.0,0.0,0.0,0.0,0.0,0.0,3.8461538461538463,0.0,0.0,0.0,0.0,0.0,0.0,0.0,0.0,0.0,0.0,0.0,0.0,0.0,0.0,0.0,0.0,0.0,0.0,0.0,0.0
leagueoflegends,0.0,0.0,0.0,0.0,0.0,0.0,0.0,0.0,0.0,0.0,0.0,2.7027027027027026,0.0,8.108108108108109,0.0,0.0,0.0,0.0,0.0,0.0,0.0,0.0,0.0,0.0,0.0,0.0,0.0,0.0,0.0,0.0,0.0,0.0
leagueoflegends,0.0,0.0,0.0,0.0,0.0,0.0,0.0,0.0,0.0,0.0,0.0,2.666666666666667,0.0,5.333333333333334,0.0,0.0,0.0,0.0,0.0,0.0,0.0,0.0,0.0,0.0,0.0,0.0,0.0,0.0,0.0,0.0,0.0,0.0
explainlikeimfive,0.0,0.0,0.0,0.0,0.0,0.0,0.0,1.1235955056179776,2.247191011235955,0.0,0.0,3.3707865168539324,0.0,5.617977528089887,0.0,0.0,0.0,0.0,0.0,0.0,0.0,0.0,0.0,0.0,0.0,0.0,0.0,0.0,0.0,0.0,0.0,0.0
AdviceAnimals,0.0,0.0,0.0,0.0,0.0,0.0,0.0,2.7027027027027026,2.7027027027027026,0.0,0.0,5.405405405405405,0.0,5.405405405405405,0.0,1.3513513513513513,0.0,0.0,0.0,0.0,0.0,0.0,0.0,0.0,0.0,0.0,0.0,0.0,0.0,0.0,0.0,0.0
AdviceAnimals,0.5434782608695652,0.0,0.0,0.0,0.0,0.0,0.0,0.5434782608695652,0.5434782608695652,0.0,0.0,1.6304347826086956,0.0,3.260869565217391,0.0,0.5434782608695652,1.0869565217391304,0.0,0.0,0.0,0.0,0.0,0.0,0.0,0.0,0.0,0.0,0.0,0.0,0.0,0.0,0.0
pics,0.0,0.0,0.0,0.0,0.0,0.0,0.0,1.0050251256281406,1.0050251256281406,0.0,0.0,4.0201005025125625,0.0,6.030150753768844,0.0,0.0,0.0,0.0,0.0,0.0,0.0,0.0,0.0,0.0,0.0,0.0,0.0,0.0,0.0,0.0,0.0,0.0
politics,0.0,0.0,0.0,1.0452961672473868,0.6968641114982579,0.0,0.0,0.6968641114982579,0.0,0.0,0.0,2.0905923344947737,0.0,2.4390243902439024,0.0,0.0,0.0,0.0,0.0,0.0,0.0,0.0,0.6968641114982579,0.0,0.6968641114982579,0.0,0.0,0.0,0.0,0.0,0.0,0.0
politics,0.21097046413502107,0.0,0.0,0.0,0.21097046413502107,0.0,0.0,0.6329113924050633,0.6329113924050633,0.0,0.0,4.008438818565401,0.0,4.641350210970464,0.0,0.6329113924050633,0.21097046413502107,0.0,0.0,0.0,0.21097046413502107,0.0,0.0,0.0,0.0,0.0,0.0,0.0,0.0,0.0,0.0,0.0
todayilearned,0.0,0.0,0.0,0.5291005291005291,0.0,0.0,0.0,1.5873015873015872,1.5873015873015872,0.0,0.0,6.349206349206349,0.5291005291005291,3.7037037037037033,0.5291005291005291,0.0,0.0,0.0,0.0,0.0,0.0,0.0,0.0,0.0,0.0,0.0,0.0,0.0,0.0,0.0,0.0,0.0
funny,0.0,0.0,0.0,0.0,0.0,0.0,0.3861003861003861,0.7722007722007722,0.7722007722007722,0.0,0.0,3.088803088803089,0.0,2.3166023166023164,0.0,0.0,0.0,0.0,0.0,0.0,0.3861003861003861,0.0,0.0,0.0,0.0,0.0,0.0,0.0,0.0,0.0,0.0,0.0
leagueoflegends,0.0,0.0,0.0,0.0,0.0,0.0,0.0,2.941176470588235,2.941176470588235,0.0,0.0,0.9803921568627451,0.0,3.9215686274509802,0.0,0.0,0.0,0.0,0.0,0.0,0.0,0.0,0.0,0.0,0.0,0.0,0.0,0.0,0.0,0.0,0.0,0.0
atheism,0.0,0.0,0.0,0.0,0.0,0.0,0.0,2.197802197802198,2.197802197802198,0.0,0.0,2.197802197802198,0.0,6.593406593406594,0.0,0.0,0.0,0.0,0.0,0.0,0.0,0.0,0.0,0.0,0.0,0.0,0.0,0.0,0.0,0.0,0.0,0.0
gaming,2.380952380952381,0.0,0.0,0.0,0.0,0.0,0.0,1.1904761904761905,1.1904761904761905,0.0,0.0,3.571428571428571,0.0,4.761904761904762,0.0,0.0,0.0,0.0,0.0,0.0,0.0,0.0,0.0,0.0,0.0,0.0,0.0,0.0,0.0,0.0,0.0,0.0
gaming,0.0,0.0,0.0,0.0,0.0,0.0,0.0,0.53475935828877,0.53475935828877,0.0,0.0,1.7825311942959003,0.0,5.347593582887701,0.0,0.17825311942959002,0.0,0.0,0.0,0.0,0.0,0.0,0.0,0.0,0.0,0.0,0.0,0.0,0.0,0.0,0.0,0.0
explainlikeimfive,0.0,0.0,0.0,0.0,0.0,0.0,0.0,0.0,0.0,0.0,0.0,8.783783783783784,0.0,3.3783783783783785,0.0,1.3513513513513513,0.0,0.0,0.0,0.0,0.0,0.0,0.0,0.0,0.0,0.0,0.0,0.0,0.0,0.0,0.0,0.0
explainlikeimfive,0.0,0.0,0.0,0.0,0.0,0.0,0.0,0.0,0.0,0.0,0.0,2.380952380952381,0.0,4.761904761904762,0.0,0.0,0.0,0.0,0.0,0.0,0.0,0.0,0.0,0.0,0.0,0.0,0.0,0.0,0.0,0.0,0.0,0.0
explainlikeimfive,0.0,0.0,0.0,0.0,0.0,0.0,0.0,0.3021148036253776,0.3021148036253776,0.0,0.0,3.625377643504532,0.0,3.0211480362537766,0.0,0.0,0.0,0.0,0.0,0.0,0.0,0.0,0.0,0.0,0.0,0.0,0.0,0.0,0.0,0.0,0.0,0.0
explainlikeimfive,0.0,0.0,0.0,0.0,0.0,0.0,0.0,0.6651884700665188,0.4434589800443459,0.0,0.0,4.212860310421286,0.0,2.882483370288248,0.0,0.0,0.0,0.0,0.0,0.0,0.8869179600886918,0.0,0.22172949002217296,0.0,0.22172949002217296,0.0,0.0,0.0,0.0,0.0,0.0,0.0
pics,0.0,0.0,0.0,0.0,0.0,0.0,0.2840909090909091,0.8522727272727272,0.8522727272727272,0.0,0.0,3.4090909090909087,0.2840909090909091,4.261363636363636,0.0,0.0,0.5681818181818182,0.0,0.0,0.0,0.2840909090909091,0.0,0.0,0.0,0.0,0.0,0.0,0.0,0.0,0.0,0.0,0.0
explainlikeimfive,0.0,0.0,0.0,0.0,0.0,0.0,0.0,0.0,0.0,0.0,0.0,7.142857142857142,0.0,5.357142857142857,0.0,1.7857142857142856,0.0,0.0,0.0,0.0,0.0,0.0,0.0,0.0,0.0,0.0,0.0,0.0,0.0,0.0,0.0,0.0
explainlikeimfive,0.0,0.0,0.0,0.0,0.0,0.0,0.0,0.0,0.0,0.0,0.0,2.3529411764705883,2.3529411764705883,4.705882352941177,0.0,0.0,0.0,0.0,0.0,0.0,0.0,0.0,0.0,0.0,0.0,0.0,0.0,0.0,0.0,0.0,0.0,0.0
explainlikeimfive,0.0,0.0,0.0,0.0,0.0,0.0,0.0,0.0,0.0,0.0,0.0,3.0456852791878175,0.0,4.568527918781726,0.0,0.0,0.0,0.0,0.0,0.0,0.0,0.0,0.0,0.0,0.0,0.0,0.0,0.0,0.0,0.0,0.0,0.0
leagueoflegends,0.0,0.0,0.0,0.0,0.0,0.0,0.0,0.0,0.0,0.0,0.0,0.0,0.0,8.064516129032258,0.0,0.0,0.0,0.0,0.0,0.0,0.0,0.0,0.0,0.0,0.0,0.0,0.0,0.0,0.0,0.0,0.0,0.0
funny,0.0,0.0,0.0,0.0,0.5524861878453038,0.0,0.5524861878453038,0.5524861878453038,0.5524861878453038,0.0,0.0,7.18232044198895,1.1049723756906076,3.314917127071823,0.0,0.0,0.0,0.0,0.0,0.0,0.0,0.0,0.5524861878453038,0.0,0.5524861878453038,0.0,0.0,0.0,0.0,0.0,0.0,0.0
funny,0.0,0.0,0.0,0.0,0.5145797598627788,0.0,0.0,0.5145797598627788,0.5145797598627788,0.0,0.0,3.7735849056603774,0.0,2.5728987993138936,0.0,0.17152658662092624,0.6861063464837049,0.0,0.0,0.0,0.34305317324185247,0.0,0.0,0.0,0.0,0.0,0.0,0.0,0.0,0.0,0.0,0.0
funny,0.0,0.0,0.0,0.0,0.5714285714285714,0.0,0.0,1.1428571428571428,0.5714285714285714,0.0,0.0,5.714285714285714,0.0,2.857142857142857,0.0,0.0,0.0,0.0,0.0,0.0,0.5714285714285714,0.0,0.5714285714285714,0.0,0.5714285714285714,0.0,0.0,0.0,0.0,0.0,0.0,0.0
AdviceAnimals,0.0,0.0,0.0,2.9197080291970803,0.0,0.0,0.0,2.9197080291970803,2.9197080291970803,0.0,0.0,1.4598540145985401,0.0,5.109489051094891,0.0,0.0,0.0,0.0,0.0,0.0,0.0,0.0,0.0,0.0,0.0,0.0,0.0,0.0,0.0,0.0,0.0,0.0
pics,0.47393364928909953,0.0,0.0,0.0,0.0,0.0,0.0,0.9478672985781991,0.47393364928909953,0.0,0.0,3.7914691943127963,0.0,3.7914691943127963,0.0,0.0,0.0,0.0,0.0,0.47393364928909953,0.9478672985781991,0.0,0.47393364928909953,0.0,0.47393364928909953,0.0,0.0,0.0,0.0,0.0,0.0,0.0
pics,0.0,0.0,0.0,0.0,0.0,0.0,0.0,0.0,0.0,0.0,0.0,0.0,0.0,6.0606060606060606,0.0,0.0,0.0,0.0,0.0,0.0,0.0,0.0,0.0,0.0,0.0,0.0,0.0,0.0,0.0,0.0,0.0,0.0
explainlikeimfive,0.0,0.0,0.0,0.0,0.0,0.0,0.0,1.25,1.25,0.0,0.0,6.25,0.0,3.75,0.0,0.0,0.0,0.0,0.0,0.0,0.0,0.0,0.0,0.0,0.0,0.0,0.0,0.0,0.0,0.0,0.0,0.0
leagueoflegends,0.0,0.0,0.0,0.0,0.0,0.0,0.0,0.0,0.0,0.0,0.0,0.0,0.0,7.017543859649122,0.0,0.0,0.0,0.0,0.0,0.0,0.0,0.0,0.0,0.0,0.0,0.0,0.0,0.0,0.0,0.0,0.0,0.0
leagueoflegends,0.0,0.0,0.0,0.0,6.349206349206349,0.0,0.0,1.5873015873015872,1.5873015873015872,0.0,0.0,6.349206349206349,0.0,1.5873015873015872,0.0,0.0,0.0,0.0,1.5873015873015872,1.5873015873015872,0.0,0.0,0.0,0.0,0.0,0.0,0.0,0.0,0.0,0.0,0.0,0.0
atheism,0.0,0.0,0.0,0.0,0.0,0.0,0.0,0.0,0.0,0.0,0.0,6.666666666666667,0.0,3.3333333333333335,0.0,0.0,0.0,0.0,0.0,0.0,0.0,0.0,0.0,0.0,0.0,0.0,0.0,0.0,0.0,0.0,0.0,0.0
leagueoflegends,0.0,0.0,0.0,0.0,0.0,0.0,0.0,0.0,0.0,0.0,0.0,3.395784543325527,0.0,4.683840749414521,0.0,0.0,0.0,0.0,0.0,0.0,0.0,0.0,0.0,0.0,0.0,0.0,0.0,0.0,0.0,0.0,0.0,0.0
leagueoflegends,0.0,0.0,0.0,0.0,0.0,0.0,0.0,0.0,0.0,0.0,0.0,2.73972602739726,0.0,10.95890410958904,0.0,0.0,0.0,0.0,0.0,0.0,0.0,0.0,0.0,0.0,0.0,0.0,0.0,0.0,0.0,0.0,0.0,0.0
gaming,0.0,0.0,0.0,0.0,0.0,0.0,0.0,0.0,0.0,0.0,0.0,2.7027027027027026,0.0,8.108108108108109,0.0,0.0,0.0,0.0,0.0,0.0,0.0,0.0,0.0,0.0,0.0,0.0,0.0,0.0,0.0,0.0,0.0,0.0
leagueoflegends,0.0,0.0,0.0,0.0,0.0,0.0,0.0,0.6369426751592357,0.6369426751592357,0.0,0.0,0.6369426751592357,0.0,4.45859872611465,0.0,0.0,0.0,0.0,0.0,0.0,0.0,0.0,0.0,0.0,0.0,0.0,0.0,0.0,0.0,0.0,0.0,0.0
leagueoflegends,0.0,0.0,0.0,0.0,0.0,0.0,0.0,0.0,0.0,0.0,0.0,0.0,0.0,7.142857142857142,0.0,0.0,0.0,0.0,0.0,0.0,0.0,0.0,0.0,0.0,0.0,0.0,0.0,0.0,0.0,0.0,0.0,0.0
funny,0.0,0.0,0.0,0.0,0.0,0.0,0.0,0.0,0.0,0.0,0.0,0.0,0.0,9.090909090909092,0.0,0.0,0.0,0.0,0.0,0.0,0.0,0.0,0.0,0.0,0.0,0.0,0.0,0.0,0.0,0.0,0.0,0.0
leagueoflegends,0.0,0.0,0.0,0.0,1.36986301369863,0.0,0.0,1.36986301369863,1.36986301369863,0.0,0.0,0.684931506849315,0.0,7.534246575342466,0.0,0.0,0.0,0.0,0.0,1.36986301369863,0.0,0.0,0.0,0.0,0.0,0.0,0.0,0.0,0.0,0.0,0.0,0.0
leagueoflegends,0.0,0.0,0.0,0.0,0.0,0.0,0.0,0.0,0.0,0.0,0.0,0.0,0.0,4.0,0.0,0.0,0.0,0.0,0.0,0.0,0.0,0.0,0.0,0.0,0.0,0.0,0.0,0.0,0.0,0.0,0.0,0.0
leagueoflegends,0.0,0.0,0.0,0.0,0.0,0.0,0.0,0.0,0.0,0.0,0.0,1.5113350125944585,0.0,2.392947103274559,0.0,0.5037783375314862,0.0,0.0,0.0,0.0,0.5037783375314862,0.0,0.0,0.0,0.0,0.0,0.12594458438287154,0.0,0.0,0.0,0.0,0.0
leagueoflegends,0.0,0.0,0.0,0.0,0.0,0.0,0.0,0.49019607843137253,0.49019607843137253,0.0,0.0,4.411764705882353,0.0,3.431372549019608,0.0,0.0,0.0,0.0,0.0,0.0,0.49019607843137253,0.0,0.0,0.0,0.0,0.0,0.0,0.0,0.0,0.0,0.0,0.0
todayilearned,0.0,0.0,0.0,0.0,0.7547169811320755,0.0,0.0,1.509433962264151,1.509433962264151,0.0,0.0,6.415094339622642,0.0,3.018867924528302,0.0,0.7547169811320755,0.37735849056603776,0.0,0.0,0.0,0.0,0.0,0.0,0.0,0.0,0.0,0.0,0.0,0.0,0.0,0.0,0.0
AdviceAnimals,0.0,0.0,0.0,0.0,0.0,0.0,0.0,2.515723270440252,2.515723270440252,0.0,0.0,2.515723270440252,0.0,6.918238993710692,0.0,0.628930817610063,0.0,0.0,0.0,0.0,0.0,0.0,0.0,0.0,0.0,0.0,0.0,0.0,0.0,0.0,0.0,0.0
AdviceAnimals,0.0,0.0,0.0,0.0,0.0,0.0,0.0,0.9803921568627451,0.9803921568627451,0.0,0.0,3.9215686274509802,0.0,5.88235294117647,0.0,0.0,0.0,0.0,0.0,0.0,0.0,0.0,0.0,0.0,0.0,0.0,0.0,0.0,0.0,0.0,0.0,0.0
explainlikeimfive,0.0,0.0,0.0,0.0,0.0,0.0,0.0,0.0,0.0,0.0,0.0,1.282051282051282,0.0,5.128205128205128,0.0,0.0,0.0,0.0,0.0,0.0,1.282051282051282,0.0,0.0,0.0,0.0,0.0,0.0,0.0,0.0,0.0,0.0,0.0
leagueoflegends,0.0,0.0,0.0,0.0,0.0,0.0,0.0,1.5384615384615385,0.0,0.0,0.0,3.076923076923077,1.5384615384615385,3.076923076923077,0.0,0.0,0.0,0.0,0.0,0.0,0.0,0.0,1.5384615384615385,0.0,1.5384615384615385,0.0,0.0,0.0,0.0,0.0,0.0,0.0
leagueoflegends,0.0,0.0,0.0,0.0,0.0,0.0,0.0,0.0,0.0,0.0,0.0,0.0,0.0,0.0,0.0,0.0,0.0,0.0,0.0,0.0,0.0,0.0,0.0,0.0,0.0,0.0,0.0,0.0,0.0,0.0,0.0,0.0
AdviceAnimals,0.0,0.0,0.0,0.0,0.0,0.0,0.0,0.0,0.0,0.0,0.0,1.8691588785046727,0.0,2.803738317757009,0.0,0.0,0.0,0.0,0.0,0.0,0.0,0.0,0.0,0.0,0.0,0.0,0.0,0.0,0.0,0.0,0.0,0.0
AdviceAnimals,0.0,0.0,0.0,0.0,0.0,0.0,0.0,1.0416666666666665,1.0416666666666665,0.0,0.0,2.083333333333333,0.0,4.166666666666666,0.0,0.0,0.0,0.0,0.0,0.0,0.0,0.0,0.0,0.0,0.0,0.0,0.0,0.0,0.0,0.0,0.0,0.0
leagueoflegends,0.0,0.0,0.0,0.0,0.0,0.0,0.0,0.0,0.0,0.0,0.0,1.694915254237288,0.0,6.779661016949152,0.0,0.0,0.0,0.0,0.0,0.0,0.0,0.0,0.0,0.0,0.0,0.0,0.0,0.0,0.0,0.0,0.0,0.0
AdviceAnimals,0.0,0.0,0.0,0.0,0.0,0.0,0.0,0.8695652173913043,0.8695652173913043,0.0,0.0,6.956521739130435,0.0,6.956521739130435,0.0,0.0,0.0,0.0,0.0,0.0,0.8695652173913043,0.0,0.0,0.0,0.0,0.0,0.0,0.0,0.0,0.0,0.0,0.0
AdviceAnimals,0.0,0.0,0.0,0.0,0.0,1.3157894736842104,0.8771929824561403,0.43859649122807015,0.43859649122807015,0.0,0.0,5.263157894736842,0.0,4.824561403508771,0.0,0.8771929824561403,0.0,0.0,0.0,0.0,0.0,0.0,0.0,0.0,0.0,0.0,0.0,0.0,0.0,0.0,0.0,0.0
AdviceAnimals,0.0,0.0,0.0,0.0,0.0,0.0,0.6493506493506493,0.0,0.0,0.0,0.0,0.0,0.0,5.194805194805195,0.0,0.0,0.0,0.0,0.0,0.0,0.6493506493506493,0.0,0.0,0.0,0.0,0.0,0.0,0.0,0.0,0.0,0.0,0.0
leagueoflegends,0.0,0.0,0.0,0.0,0.0,0.0,0.5681818181818182,2.272727272727273,2.272727272727273,0.0,0.0,2.840909090909091,0.0,7.386363636363637,0.0,0.5681818181818182,0.0,0.0,0.0,0.0,1.1363636363636365,0.0,0.0,0.0,0.0,0.0,0.0,0.0,0.0,0.0,0.0,0.0
explainlikeimfive,0.0,0.0,0.0,0.0,0.0,0.0,0.0,0.8771929824561403,0.8771929824561403,0.0,0.0,4.385964912280701,0.0,4.385964912280701,0.0,0.0,0.0,0.0,0.0,0.0,0.0,0.0,0.0,0.0,0.0,0.0,0.0,0.0,0.0,0.0,0.0,0.0
explainlikeimfive,0.0,0.0,0.0,0.0,0.0,0.0,0.0,0.8333333333333334,0.8333333333333334,0.0,0.0,4.166666666666666,0.0,2.5,0.8333333333333334,0.0,0.0,0.0,0.0,0.0,0.0,0.0,0.0,0.0,0.0,0.0,0.0,0.0,0.0,0.0,0.0,0.0
explainlikeimfive,0.0,0.0,0.0,0.0,0.0,0.0,0.0,0.6666666666666667,0.6666666666666667,0.0,0.0,1.3333333333333335,0.0,4.0,0.0,0.0,0.0,0.0,0.0,0.0,0.0,0.0,0.0,0.0,0.0,0.0,0.0,0.0,0.0,0.0,0.0,0.0
todayilearned,0.0,0.0,0.0,0.0,0.0,0.0,0.0,0.0,0.0,0.0,0.0,7.8125,0.0,4.6875,0.0,0.0,0.0,0.0,0.0,0.0,0.0,0.0,0.0,0.0,0.0,0.0,0.0,0.0,0.0,0.0,0.0,0.0
todayilearned,0.33003300330033003,0.0,0.0,0.0,0.0,0.0,0.0,1.3201320132013201,1.3201320132013201,0.0,0.0,5.9405940594059405,0.6600660066006601,4.9504950495049505,0.0,0.0,0.0,0.0,0.0,0.0,0.6600660066006601,0.0,0.0,0.0,0.0,0.0,0.0,0.0,0.0,0.0,0.0,0.0
todayilearned,0.0,0.0,0.0,0.0,0.0,0.0,0.0,0.5899705014749262,0.8849557522123894,0.0,0.0,3.2448377581120944,0.2949852507374631,2.0648967551622417,0.0,0.0,0.2949852507374631,0.0,0.0,0.0,0.0,0.0,0.0,0.0,0.0,0.0,0.0,0.0,0.0,0.0,0.0,0.0
explainlikeimfive,0.267379679144385,0.0,0.0,0.0,0.0,0.0,0.0,0.53475935828877,1.6042780748663104,0.0,0.0,3.7433155080213902,0.0,4.27807486631016,0.0,0.8021390374331552,0.0,0.0,0.0,0.0,0.53475935828877,0.0,0.0,0.0,0.0,0.0,0.0,0.0,0.0,0.0,0.0,0.0
AdviceAnimals,0.0,0.0,0.0,0.0,0.0,0.0,0.0,0.0,0.0,0.0,0.0,5.303030303030303,0.0,4.545454545454546,0.0,0.0,0.0,0.0,0.0,0.0,0.7575757575757576,0.0,0.0,0.0,0.0,0.0,0.0,0.0,0.0,0.0,0.0,0.0
explainlikeimfive,0.0,0.0,0.0,0.0,0.0,0.0,0.0,0.5263157894736842,0.5263157894736842,0.0,0.0,1.5789473684210527,0.0,4.2105263157894735,0.0,0.0,0.0,0.0,0.0,0.0,0.0,0.0,0.0,0.0,0.0,0.0,0.0,0.0,0.0,0.0,0.0,0.0
explainlikeimfive,0.0,0.0,0.0,0.0,0.0,0.0,0.0,1.6666666666666667,1.6666666666666667,0.0,0.0,3.3333333333333335,0.0,5.0,0.0,0.0,0.0,0.0,0.0,0.0,0.0,0.0,0.0,0.0,0.0,0.0,0.0,0.0,0.0,0.0,0.0,0.0
AdviceAnimals,0.0,0.0,0.0,0.0,0.0,0.0,0.0,0.0,0.0,0.0,0.0,7.07070707070707,0.0,2.0202020202020203,0.0,0.0,1.0101010101010102,0.0,0.0,0.0,0.0,0.0,0.0,0.0,0.0,0.0,0.0,0.0,0.0,0.0,0.0,0.0
AdviceAnimals,0.0,0.0,0.0,0.0,1.4492753623188406,0.0,0.0,0.0,0.0,0.0,0.0,2.898550724637681,0.0,7.246376811594203,0.0,0.0,0.0,0.0,0.0,0.0,0.0,0.0,0.0,0.0,0.0,0.0,0.0,0.0,0.0,0.0,0.0,0.0
gaming,0.0,0.0,0.0,0.0,0.0,0.0,0.0,0.0,0.0,0.0,0.0,7.547169811320755,0.0,3.7735849056603774,0.0,0.0,0.0,0.0,0.0,0.0,3.7735849056603774,0.0,0.0,0.0,0.0,0.0,0.0,0.0,0.0,0.0,0.0,0.0
politics,0.0,0.0,0.0,0.0,0.0,0.0,0.0,0.5555555555555556,0.5555555555555556,0.0,0.0,3.3333333333333335,0.0,5.555555555555555,0.0,0.0,0.5555555555555556,0.0,0.0,0.0,0.5555555555555556,0.0,0.0,0.0,0.0,0.0,0.0,0.0,0.0,0.0,0.0,0.0
explainlikeimfive,0.0,0.0,0.0,0.0,0.0,0.0,0.0,2.3255813953488373,2.3255813953488373,0.0,0.0,0.0,0.0,4.651162790697675,0.0,0.0,0.0,0.0,0.0,0.0,0.0,0.0,0.0,0.0,0.0,0.0,0.0,0.0,0.0,0.0,0.0,0.0
explainlikeimfive,0.0,0.0,0.0,0.0,1.5544041450777202,0.0,0.0,0.5181347150259068,0.5181347150259068,0.0,0.5181347150259068,5.699481865284974,0.0,4.145077720207254,0.0,0.0,0.0,0.0,0.0,0.0,0.0,0.0,0.0,0.0,0.0,0.0,0.0,0.0,0.0,0.0,0.0,0.0
atheism,0.0,0.0,0.0,0.0,0.0,0.0,0.0,0.4424778761061947,0.4424778761061947,0.0,0.0,3.982300884955752,0.0,4.424778761061947,0.0,0.0,0.0,0.0,0.0,0.0,0.0,0.0,0.0,0.0,0.0,0.0,0.0,0.0,0.0,0.0,0.0,0.0
pics,0.0,0.0,0.0,0.0,0.0,0.0,0.0,0.0,0.0,0.0,0.0,2.9069767441860463,0.0,6.395348837209303,0.0,0.0,0.5813953488372093,0.0,0.0,0.0,0.0,0.0,0.0,0.0,0.0,0.0,0.0,0.0,0.0,0.0,0.0,0.0
pics,0.0,0.0,0.0,0.0,0.0,0.0,0.0,0.0,0.0,0.0,0.0,6.451612903225806,0.0,4.838709677419355,0.0,0.0,0.0,0.0,0.0,0.0,0.0,0.0,0.0,0.0,0.0,0.0,0.0,0.0,0.0,0.0,0.0,0.0
pics,0.0,0.0,0.0,0.0,0.0,0.0,0.0,0.0,0.0,0.0,0.0,5.3097345132743365,0.0,6.1946902654867255,0.0,0.0,0.0,0.0,0.0,0.0,0.0,0.0,0.0,0.0,0.0,0.0,0.0,0.0,0.0,0.0,0.0,0.0
todayilearned,0.0,0.0,0.0,0.0,0.0,0.0,0.0,0.0,0.0,0.0,0.0,3.2432432432432434,0.0,4.864864864864865,0.0,0.5405405405405406,1.0810810810810811,0.0,0.0,0.0,0.0,0.0,0.0,0.0,0.0,0.0,0.0,0.0,0.0,0.0,0.0,0.0
pics,0.0,0.0,0.0,0.0,0.0,0.0,0.0,0.0,0.0,0.0,0.0,3.5294117647058822,0.0,1.1764705882352942,0.0,1.1764705882352942,0.0,0.0,0.0,0.0,0.0,0.0,0.0,0.0,0.0,0.0,0.0,0.0,0.0,0.0,0.0,0.0
todayilearned,0.1834862385321101,0.0,0.0,0.1834862385321101,0.0,0.09174311926605505,0.0,0.27522935779816515,0.27522935779816515,0.0,0.0,5.321100917431193,0.8256880733944955,4.4036697247706424,0.0,0.0,0.0,0.0,0.0,0.0,0.09174311926605505,0.0,0.0,0.0,0.0,0.0,0.0,0.0,0.0,0.0,0.0,0.0
leagueoflegends,0.43478260869565216,0.0,0.0,0.0,0.0,0.0,0.0,2.608695652173913,2.608695652173913,0.0,0.0,3.91304347826087,0.43478260869565216,3.91304347826087,0.0,0.8695652173913043,0.0,0.0,0.0,0.43478260869565216,0.0,0.0,0.0,0.0,0.0,0.0,0.0,0.0,0.0,0.0,0.0,0.0
funny,0.0,0.0,0.0,0.0,0.0,0.0,0.0,0.0,0.0,0.0,0.0,3.278688524590164,0.0,3.825136612021858,0.0,0.0,0.0,0.0,0.0,0.0,0.546448087431694,0.0,0.0,0.0,0.0,0.0,0.0,0.0,0.0,0.0,0.0,0.0
funny,0.0,0.0,0.0,0.0,0.0,0.0,0.0,1.0362694300518136,1.0362694300518136,0.0,0.0,2.072538860103627,0.0,3.6269430051813467,0.0,0.0,0.0,0.0,0.0,0.0,0.0,0.0,0.0,0.0,0.0,0.0,0.0,0.0,0.0,0.0,0.0,0.0
explainlikeimfive,0.0,0.0,0.0,0.0,0.0,0.0,0.0,0.8695652173913043,0.8695652173913043,0.0,0.0,4.782608695652174,0.0,3.0434782608695654,0.0,0.0,0.0,0.0,0.0,0.0,0.43478260869565216,0.0,0.0,0.0,0.0,0.0,0.0,0.0,0.0,0.0,0.0,0.0
explainlikeimfive,0.0,0.0,0.0,0.0,0.8928571428571428,0.0,0.0,1.1904761904761905,1.1904761904761905,0.0,0.0,4.761904761904762,1.1904761904761905,5.059523809523809,0.0,0.0,0.0,0.0,0.0,0.0,0.0,0.0,0.0,0.0,0.0,0.0,0.0,0.0,0.0,0.0,0.0,0.0
explainlikeimfive,0.0,0.0,0.0,2.73972602739726,0.0,0.0,0.0,0.0,0.0,0.0,0.0,1.36986301369863,0.0,10.95890410958904,0.0,0.0,0.0,0.0,0.0,0.0,0.0,0.0,0.0,0.0,0.0,0.0,0.0,0.0,0.0,0.0,0.0,0.0
explainlikeimfive,0.0,0.0,0.0,0.228310502283105,0.228310502283105,0.0,0.0,0.0,0.0,0.0,0.0,2.28310502283105,0.45662100456621,6.621004566210045,0.0,0.0,0.0,0.0,0.0,0.0,0.0,0.0,0.0,0.0,0.0,0.0,0.0,0.0,0.0,0.0,0.0,0.0
explainlikeimfive,0.0,0.0,0.0,5.092592592592593,1.3888888888888888,0.0,0.0,0.9259259259259258,0.9259259259259258,0.0,0.0,6.018518518518518,0.0,4.166666666666666,0.0,0.4629629629629629,0.0,0.0,0.0,0.0,0.0,0.0,0.0,0.0,0.0,0.0,0.0,0.0,0.0,0.0,0.0,0.0
explainlikeimfive,0.0,0.0,0.0,0.0,0.0,0.0,0.0,0.0,0.0,0.0,0.0,8.333333333333332,0.0,8.333333333333332,0.0,0.0,0.0,0.0,0.0,0.0,0.0,0.0,0.0,0.0,0.0,0.0,0.0,0.0,0.0,0.0,0.0,0.0
explainlikeimfive,0.0,0.0,0.0,0.8928571428571428,0.0,0.5952380952380952,0.0,1.7857142857142856,1.7857142857142856,0.0,0.0,3.571428571428571,0.0,6.25,0.0,0.0,0.0,0.0,0.0,0.0,0.0,0.0,0.0,0.0,0.0,0.0,0.0,0.0,0.0,0.0,0.0,0.0
leagueoflegends,0.0,0.0,0.0,0.0,0.0,0.0,0.0,0.819672131147541,0.819672131147541,0.0,0.0,8.19672131147541,0.0,5.737704918032787,0.0,0.819672131147541,0.0,0.819672131147541,0.0,0.0,0.0,0.0,0.0,0.0,0.0,0.0,0.0,0.0,0.0,0.0,0.0,0.0
pics,0.0,0.0,0.2242152466367713,0.0,0.0,0.0,0.0,0.0,0.0,0.0,0.0,6.053811659192825,0.0,5.15695067264574,0.0,0.2242152466367713,0.0,0.0,0.0,0.0,0.0,0.0,0.0,0.0,0.0,0.0,0.0,0.0,0.0,0.0,0.0,0.0
leagueoflegends,0.0,0.0,0.0,0.0,1.951219512195122,0.0,0.0,2.9268292682926833,2.9268292682926833,0.0,0.0,7.317073170731707,0.0,5.365853658536586,0.0,0.0,0.0,0.0,0.0,0.0,0.0,0.0,0.0,0.0,0.0,0.0,0.0,0.0,0.0,0.0,0.0,0.0
funny,0.0,0.0,0.0,0.0,0.0,0.0,0.0,0.0,0.0,0.0,0.0,6.666666666666667,0.0,13.333333333333334,0.0,0.0,0.0,0.0,0.0,0.0,0.0,0.0,0.0,0.0,0.0,0.0,0.0,0.0,0.0,0.0,0.0,0.0
pics,0.0,0.0,0.0,0.9433962264150944,0.0,0.0,0.0,0.0,0.0,0.0,0.0,3.7735849056603774,0.0,6.60377358490566,0.0,0.0,0.0,0.0,0.0,0.0,0.0,0.0,0.0,0.0,0.0,0.0,0.0,0.0,0.0,0.0,0.0,0.0
pics,0.0,0.0,0.0,0.3424657534246575,0.0,0.0,0.0,0.684931506849315,0.684931506849315,0.0,0.0,2.73972602739726,0.0,5.136986301369863,0.0,0.0,0.0,0.0,0.0,0.0,0.0,0.0,0.0,0.0,0.0,0.0,0.0,0.0,0.0,0.0,0.0,0.0
pics,0.0,0.0,0.0,0.0,0.0,0.0,0.0,0.0,0.0,0.0,0.0,4.716981132075472,0.0,6.60377358490566,0.0,0.0,0.0,0.0,0.0,0.0,0.0,0.0,0.0,0.0,0.0,0.0,0.0,0.0,0.0,0.0,0.0,0.0
pics,0.0,0.0,0.0,0.0,0.0,0.0,0.0,0.0,0.0,0.0,0.0,4.433497536945813,0.49261083743842365,2.955665024630542,0.0,0.0,0.0,0.0,0.0,0.0,0.0,0.0,0.0,0.0,0.0,0.0,0.0,0.0,0.0,0.0,0.0,0.0
pics,0.0,0.0,0.0,0.0,0.0,0.0,0.0,0.9771986970684038,0.9771986970684038,0.0,0.0,4.234527687296417,0.0,3.5830618892508146,0.0,0.0,0.0,0.0,0.0,0.0,0.0,0.0,0.0,0.0,0.0,0.0,0.0,0.0,0.0,0.0,0.0,0.0
pics,0.0,0.0,0.0,0.0,0.0,0.0,0.0,0.6802721088435374,0.6802721088435374,0.0,0.0,2.0408163265306123,0.0,8.16326530612245,0.0,0.0,0.0,0.0,0.0,0.0,0.0,0.0,0.0,0.0,0.0,0.0,0.0,0.0,0.0,0.0,0.0,0.0
AdviceAnimals,1.1904761904761905,0.0,0.0,0.0,0.0,0.0,0.0,0.0,0.0,0.0,0.0,4.761904761904762,0.0,4.761904761904762,0.0,0.0,0.0,0.0,0.0,0.0,2.380952380952381,0.0,0.0,0.0,0.0,0.0,0.0,0.0,0.0,0.0,0.0,0.0
AdviceAnimals,0.0,0.0,0.0,0.0,0.0,0.0,0.0,0.0,0.0,0.0,0.0,0.0,0.0,6.521739130434782,0.0,0.0,0.0,0.0,0.0,0.0,0.0,0.0,0.0,0.0,0.0,0.0,0.0,0.0,0.0,0.0,0.0,0.0
politics,0.0,0.0,0.0,0.0,0.0,0.0,0.0,0.9900990099009901,0.9900990099009901,0.0,0.0,3.9603960396039604,0.0,3.9603960396039604,0.0,0.0,0.0,0.0,0.0,0.0,0.0,0.0,0.0,0.0,0.0,0.0,0.0,0.0,0.0,0.0,0.0,0.0
politics,0.0,0.0,0.0,0.0,0.0,0.0,0.0,0.0,0.0,0.0,0.0,1.3333333333333335,0.0,6.666666666666667,0.0,0.0,0.0,0.0,0.0,0.0,0.0,0.0,0.0,0.0,0.0,0.0,0.0,0.0,0.0,0.0,0.0,0.0
politics,0.0,0.0,0.0,0.0,0.0,0.0,0.0,2.247191011235955,2.247191011235955,0.0,0.0,12.359550561797752,0.0,6.741573033707865,0.0,0.0,0.0,0.0,0.0,0.0,0.0,0.0,0.0,0.0,0.0,0.0,0.0,0.0,0.0,0.0,0.0,0.0
politics,0.0,0.0,0.0,0.0,0.0,0.0,0.9852216748768473,1.9704433497536946,1.9704433497536946,0.0,0.0,3.9408866995073892,0.0,3.9408866995073892,0.0,0.49261083743842365,0.0,0.0,0.0,0.0,0.0,0.0,0.0,0.0,0.0,0.0,0.0,0.0,0.0,0.0,0.0,0.0
politics,0.0,0.0,0.0,0.0,0.0,0.0,0.5859375,0.390625,0.390625,0.0,0.0,5.859375,0.0,4.296875,0.0,0.1953125,0.0,0.0,0.0,0.9765625,0.5859375,0.0,0.0,0.0,0.0,0.0,0.0,0.0,0.0,0.0,0.0,0.0
politics,0.0,0.0,0.0,0.0,0.0,0.0,3.3333333333333335,0.0,0.0,0.0,0.0,13.333333333333334,0.0,3.3333333333333335,0.0,0.0,0.0,0.0,0.0,0.0,3.3333333333333335,0.0,0.0,0.0,0.0,0.0,0.0,0.0,0.0,0.0,0.0,0.0
pics,0.3731343283582089,0.0,0.0,1.1194029850746268,0.0,0.0,0.0,1.1194029850746268,1.1194029850746268,0.0,0.0,2.9850746268656714,0.0,4.477611940298507,0.0,0.0,0.0,0.0,0.0,0.0,0.0,0.0,0.0,0.0,0.0,0.0,0.0,0.0,0.0,0.0,0.0,0.0
gaming,0.0,0.0,0.0,0.0,0.0,0.0,0.0,0.0,0.0,0.0,0.0,0.0,0.0,5.633802816901409,0.0,0.0,0.0,0.0,0.0,0.0,0.0,0.0,0.0,0.0,0.0,0.0,0.0,0.0,0.0,0.0,0.0,0.0
funny,1.9607843137254901,0.0,0.0,0.0,0.0,0.9803921568627451,0.0,3.9215686274509802,3.9215686274509802,0.0,0.0,7.8431372549019605,0.9803921568627451,4.901960784313726,0.0,0.0,0.0,0.0,0.0,0.0,0.0,0.0,0.0,0.0,0.0,0.0,0.0,0.0,0.0,0.0,0.0,0.0
funny,0.0,0.0,0.0,0.0,0.0,0.0,0.0,1.1560693641618496,1.1560693641618496,0.0,0.0,2.8901734104046244,0.0,4.046242774566474,0.0,0.0,0.0,0.0,0.0,0.0,0.5780346820809248,0.0,0.0,0.0,0.0,0.0,0.0,0.0,0.0,0.0,0.0,0.0
leagueoflegends,0.0,0.0,0.0,0.0,0.8771929824561403,0.0,0.0,0.43859649122807015,0.43859649122807015,0.0,0.0,6.140350877192982,0.0,4.824561403508771,0.0,0.0,0.0,0.0,0.0,0.0,0.0,0.0,0.0,0.0,0.0,0.0,0.0,0.0,0.0,0.0,0.0,0.0
pics,0.0,0.0,0.0,0.0,0.0,0.0,0.0,1.358695652173913,1.358695652173913,0.0,0.0,5.434782608695652,0.5434782608695652,2.717391304347826,0.0,0.0,0.2717391304347826,0.0,0.0,0.0,0.0,0.0,0.0,0.0,0.0,0.0,0.0,0.0,0.0,0.0,0.0,0.0
explainlikeimfive,0.0,0.0,0.0,0.0,0.0,0.0,0.0,3.3333333333333335,3.3333333333333335,0.0,0.0,14.444444444444443,0.0,4.444444444444445,0.0,0.0,0.0,0.0,0.0,0.0,0.0,0.0,0.0,0.0,0.0,0.0,0.0,0.0,0.0,0.0,0.0,0.0
AdviceAnimals,0.0,0.0,0.0,0.0,0.0,0.0,0.0,0.3731343283582089,0.3731343283582089,0.0,0.0,4.104477611940299,0.0,5.223880597014925,0.0,0.0,0.0,0.0,0.0,0.0,0.3731343283582089,0.0,0.0,0.0,0.0,0.0,0.0,0.0,0.0,0.0,0.0,0.0
AdviceAnimals,1.1904761904761905,0.0,0.0,0.0,0.0,0.0,0.0,1.1904761904761905,1.1904761904761905,0.0,0.0,7.142857142857142,0.0,3.571428571428571,0.0,0.0,0.0,0.0,0.0,0.0,0.0,0.0,0.0,0.0,0.0,0.0,0.0,0.0,0.0,0.0,0.0,0.0
gaming,0.0,0.0,0.0,0.0,0.0,0.0,0.0,0.5714285714285714,0.0,0.0,0.0,2.857142857142857,0.0,5.714285714285714,0.5714285714285714,0.0,0.0,0.0,0.0,0.0,0.0,0.0,0.0,0.0,0.0,0.0,0.0,0.0,0.0,0.0,0.0,0.0
politics,0.0,0.0,0.0,0.0,0.0,0.0,0.0,0.0,0.0,0.0,0.0,5.0,0.0,7.5,0.0,0.0,0.0,0.0,0.0,0.0,0.0,0.0,0.0,0.0,0.0,0.0,0.0,0.0,0.0,0.0,0.0,0.0
politics,0.0,0.0,0.0,0.0,0.0,0.0,0.0,0.0,0.0,0.0,0.0,6.493506493506493,0.0,5.194805194805195,0.0,0.0,0.0,0.0,0.0,0.0,0.0,0.0,0.0,0.0,0.0,0.0,0.0,0.0,0.0,0.0,0.0,0.0
politics,0.0,0.0,0.0,0.0,0.0,0.0,0.0,0.0,0.0,0.0,0.0,3.8461538461538463,0.0,3.8461538461538463,0.0,0.0,0.0,0.0,0.0,0.0,0.0,0.0,0.0,0.0,0.0,0.0,0.0,0.0,0.0,0.0,0.0,0.0
politics,0.3389830508474576,0.0,0.0,0.0,0.0,0.0,0.0,0.6779661016949152,0.6779661016949152,0.0,0.0,3.728813559322034,0.0,5.084745762711865,0.0,0.3389830508474576,0.3389830508474576,0.0,0.0,0.0,1.3559322033898304,0.0,0.0,0.0,0.0,0.0,0.0,0.0,0.0,0.0,0.0,0.0
funny,0.0,0.0,0.0,0.0,0.0,0.0,0.0,0.4444444444444444,0.4444444444444444,0.0,0.0,5.333333333333334,0.0,4.444444444444445,0.0,0.0,0.0,0.0,0.0,0.0,0.0,0.0,0.0,0.0,0.0,0.0,0.0,0.0,0.0,0.0,0.0,0.0
AdviceAnimals,0.0,0.0,0.0,0.0,0.0,0.0,0.0,3.3057851239669422,3.3057851239669422,0.0,0.0,1.6528925619834711,0.0,4.132231404958678,0.0,0.8264462809917356,0.0,0.0,0.0,0.0,0.0,0.0,0.0,0.0,0.0,0.0,0.0,0.0,0.0,0.0,0.0,0.0
leagueoflegends,0.0,0.0,0.0,0.0,0.0,0.0,0.0,0.8928571428571428,0.0,0.0,0.0,5.357142857142857,0.0,4.464285714285714,0.0,0.8928571428571428,0.0,0.0,0.0,0.0,0.8928571428571428,0.0,0.8928571428571428,0.0,0.8928571428571428,0.0,0.0,0.0,0.0,0.0,0.0,0.0
AdviceAnimals,1.9417475728155338,0.0,0.0,0.0,0.0,0.0,0.0,0.0,0.0,0.0,0.0,3.8834951456310676,0.0,5.825242718446602,0.0,0.0,0.0,0.0,0.0,0.0,0.0,0.0,0.0,0.0,0.0,0.0,0.0,0.0,0.0,0.0,0.0,0.0
explainlikeimfive,0.0,0.0,0.0,0.0,0.0,0.0,0.0,0.0,0.0,0.0,0.0,5.555555555555555,0.0,6.172839506172839,0.0,0.0,0.0,0.0,0.0,0.0,0.0,0.0,0.0,0.0,0.0,0.0,0.0,0.0,0.0,0.0,0.0,0.0
politics,0.0,0.0,0.0,0.16260162601626016,0.3252032520325203,0.0,0.0,0.8130081300813009,0.8130081300813009,0.0,0.0,5.528455284552845,0.3252032520325203,4.390243902439024,0.0,0.3252032520325203,0.16260162601626016,0.0,0.0,0.3252032520325203,0.0,0.0,0.0,0.0,0.0,0.0,0.0,0.0,0.0,0.0,0.0,0.0
leagueoflegends,0.0,0.0,0.0,0.0,0.0,0.0,0.0,5.747126436781609,5.363984674329502,0.0,0.0,11.494252873563218,1.9157088122605364,3.8314176245210727,0.0,0.38314176245210724,0.38314176245210724,0.0,0.0,0.0,0.0,0.0,0.0,0.0,0.0,0.0,0.0,0.0,0.0,0.0,0.0,0.0
leagueoflegends,2.2222222222222223,0.0,0.0,0.0,0.0,0.0,0.0,0.0,2.2222222222222223,0.0,0.0,8.88888888888889,0.0,6.666666666666667,0.0,6.666666666666667,0.0,0.0,0.0,0.0,0.0,0.0,0.0,0.0,0.0,0.0,0.0,0.0,0.0,0.0,0.0,0.0
atheism,0.0,0.0,0.0,0.0,0.0,0.0,0.0,0.0,0.0,0.0,0.0,6.349206349206349,0.0,5.079365079365079,0.0,0.0,0.0,0.0,0.0,0.0,0.0,0.0,0.0,0.0,0.0,0.0,0.0,0.0,0.0,0.0,0.0,0.0
pics,0.0,0.0,0.0,0.0,0.0,0.0,0.0,0.8368200836820083,0.8368200836820083,0.0,0.0,4.184100418410042,0.41841004184100417,7.112970711297072,0.0,0.0,0.0,0.0,0.0,0.0,0.0,0.0,0.0,0.0,0.0,0.0,0.0,0.0,0.0,0.0,0.0,0.0
pics,0.0,0.0,0.0,0.0,0.0,0.0,0.9433962264150944,0.9433962264150944,0.9433962264150944,0.0,0.0,0.0,0.0,0.0,0.0,0.0,0.0,0.0,0.0,0.0,0.0,0.0,0.0,0.0,0.0,0.0,0.0,0.0,0.0,0.0,0.0,0.0
pics,1.0638297872340425,0.0,0.0,0.0,0.0,0.0,0.0,0.0,0.0,0.0,0.0,4.25531914893617,0.0,3.1914893617021276,0.0,0.0,1.0638297872340425,0.0,0.0,0.0,0.0,0.0,0.0,0.0,0.0,0.0,0.0,0.0,0.0,0.0,0.0,0.0
pics,0.0,0.0,0.0,0.0,0.0,1.1494252873563218,0.0,0.0,0.0,0.0,0.0,0.0,0.0,1.1494252873563218,0.0,1.1494252873563218,0.0,0.0,0.0,0.0,8.045977011494253,0.0,0.0,0.0,0.0,0.0,0.0,0.0,0.0,0.0,0.0,0.0
AdviceAnimals,0.0,0.0,0.0,0.0,0.0,0.0,0.0,0.0,0.0,0.0,0.0,4.651162790697675,0.0,6.976744186046512,0.0,0.0,0.0,0.0,0.0,0.0,0.0,0.0,0.0,0.0,0.0,0.0,0.0,0.0,0.0,0.0,0.0,0.0
explainlikeimfive,0.0,0.0,0.0,0.0,0.0,0.0,0.0,0.7751937984496124,0.7751937984496124,0.0,0.0,10.852713178294573,0.0,5.813953488372093,0.0,0.3875968992248062,0.0,0.0,1.550387596899225,0.0,0.0,0.0,0.0,0.0,0.0,0.0,0.0,0.0,0.0,0.0,0.0,0.0
explainlikeimfive,0.0,0.0,0.0,0.0,0.4464285714285714,0.0,0.0,0.0,0.0,0.0,0.0,3.571428571428571,0.0,3.571428571428571,0.0,0.0,0.0,0.0,0.0,0.0,0.0,0.0,0.0,0.0,0.0,0.0,0.0,0.0,0.0,0.0,0.0,0.0
funny,0.0,0.0,0.0,0.4329004329004329,0.0,0.0,0.0,0.0,0.0,0.0,0.0,0.4329004329004329,0.0,4.329004329004329,0.0,0.0,0.0,0.0,0.0,0.0,0.0,0.0,0.0,0.0,0.0,0.0,0.0,0.0,0.0,0.0,0.0,0.0
leagueoflegends,0.0,0.0,0.0,0.0,0.0,0.0,0.0,0.546448087431694,0.546448087431694,0.0,0.0,2.459016393442623,0.0,3.825136612021858,0.0,0.0,0.0,0.0,0.0,0.0,1.092896174863388,0.0,0.0,0.0,0.0,0.0,0.0,0.0,0.0,0.0,0.0,0.0
gaming,0.0,0.0,0.0,0.0,0.0,0.0,0.0,0.7092198581560284,0.7092198581560284,0.0,0.0,3.900709219858156,0.7092198581560284,6.028368794326241,0.0,0.0,0.0,0.0,0.0,0.0,0.3546099290780142,0.0,0.0,0.0,0.0,0.0,0.0,0.0,0.0,0.0,0.0,0.0
politics,0.0,0.0,0.0,0.0,0.0,0.0,0.0,0.0,0.0,0.0,0.0,3.7037037037037033,0.0,2.4691358024691357,0.0,0.0,0.0,0.0,0.0,0.0,1.2345679012345678,0.0,0.0,0.0,0.0,0.0,0.0,0.0,0.0,0.0,0.0,0.0
funny,0.0,0.0,0.0,0.0,0.0,0.0,0.0,0.0,0.0,0.0,0.0,9.565217391304348,0.0,5.217391304347826,0.0,0.0,0.0,0.0,0.0,0.0,0.0,0.0,0.0,0.0,0.0,0.0,0.0,0.0,0.0,0.0,0.0,0.0
politics,2.8368794326241136,0.0,0.0,0.0,0.0,0.7092198581560284,0.0,0.7092198581560284,0.7092198581560284,0.0,0.0,4.25531914893617,2.127659574468085,4.964539007092199,0.0,0.7092198581560284,0.7092198581560284,0.0,0.0,0.0,3.546099290780142,0.0,0.0,0.0,0.0,0.0,0.0,0.0,0.0,0.0,0.0,0.0
AdviceAnimals,0.0,0.0,0.0,0.0,0.0,0.0,0.0,0.6557377049180327,0.6557377049180327,0.0,0.0,5.245901639344262,0.0,3.278688524590164,0.0,0.0,0.0,0.0,0.0,0.0,0.0,0.0,0.0,0.0,0.0,0.0,0.0,0.0,0.0,0.0,0.0,0.0
leagueoflegends,0.0,0.0,0.0,0.0,0.4273504273504274,0.0,0.0,0.0,0.0,0.0,0.0,6.41025641025641,0.0,6.41025641025641,0.0,0.4273504273504274,0.0,0.0,0.0,0.0,0.0,0.0,0.0,0.0,0.0,0.0,0.0,0.0,0.0,0.0,0.0,0.0
todayilearned,0.0,0.0,0.0,0.0,2.013422818791946,0.0,0.0,0.0,0.0,0.0,0.0,2.013422818791946,0.0,3.3557046979865772,0.0,0.0,0.0,0.0,0.0,0.0,0.0,0.0,0.0,0.0,0.0,0.0,0.0,0.0,0.0,0.0,0.0,0.0
leagueoflegends,0.0,0.0,0.0,0.0,0.0,0.0,0.0,0.0,0.0,0.0,0.0,0.9009009009009009,0.0,5.405405405405405,0.0,0.0,0.0,0.0,0.0,0.0,0.0,0.0,0.0,0.0,0.0,0.0,0.0,0.0,0.0,0.0,0.0,0.0
explainlikeimfive,0.0,0.0,0.0,0.0,0.0,0.0,0.0,0.821917808219178,0.821917808219178,0.0,0.0,0.547945205479452,0.0,7.397260273972603,0.0,0.0,0.0,0.0,0.0,0.0,0.273972602739726,0.0,0.0,0.0,0.0,0.0,0.0,0.0,0.0,0.0,0.0,0.0
pics,0.0,0.0,0.0,0.0,0.0,0.0,0.0,2.857142857142857,2.857142857142857,0.0,0.0,6.428571428571428,0.7142857142857143,2.857142857142857,0.0,0.0,0.0,0.0,0.0,0.0,0.0,0.0,0.0,0.0,0.0,0.0,0.0,0.0,0.0,0.0,0.0,0.0
leagueoflegends,0.0,0.0,0.0,0.0,0.0,0.0,0.0,0.0,0.0,0.0,0.0,19.047619047619047,0.0,4.761904761904762,0.0,0.0,0.0,0.0,0.0,0.0,0.0,0.0,0.0,0.0,0.0,0.0,0.0,0.0,0.0,0.0,0.0,0.0
politics,2.0,0.0,0.0,0.0,0.0,0.0,0.0,0.0,0.0,0.0,0.0,2.0,0.0,6.0,0.0,0.0,0.0,0.0,0.0,0.0,0.0,0.0,0.0,0.0,0.0,0.0,0.0,0.0,0.0,0.0,0.0,0.0
politics,0.0,0.0,0.0,0.0,0.0,0.0,0.0,0.0,0.0,0.0,0.0,9.900990099009901,0.0,4.455445544554455,0.0,0.0,0.0,0.0,0.0,0.0,0.0,0.0,0.0,0.0,0.0,0.0,0.0,0.0,0.0,0.0,0.0,0.0
explainlikeimfive,0.0,0.0,0.0,0.0,0.0,0.0,0.0,1.0050251256281406,1.0050251256281406,0.0,0.0,7.2864321608040195,0.0,1.7587939698492463,0.0,1.0050251256281406,0.25125628140703515,0.0,0.0,0.0,0.5025125628140703,0.0,0.0,0.0,0.0,0.0,0.0,0.0,0.0,0.0,0.0,0.0
leagueoflegends,0.0,0.0,0.0,0.0,0.0,0.0,0.0,0.8,0.8,0.0,0.0,0.8,0.0,4.3999999999999995,0.0,0.0,0.0,0.0,0.0,0.0,0.8,0.0,0.0,0.0,0.0,0.0,0.0,0.0,0.0,0.0,0.0,0.0
leagueoflegends,0.0,0.0,0.0,0.0,0.0,0.0,0.0,0.0,0.0,0.0,0.0,10.714285714285714,0.0,7.142857142857142,0.0,0.0,0.0,0.0,0.0,0.0,0.0,0.0,0.0,0.0,0.0,0.0,0.0,0.0,0.0,0.0,0.0,0.0
todayilearned,0.0,0.0,0.0,0.0,0.0,0.0,0.0,0.0,0.0,0.0,0.0,1.5151515151515151,0.0,3.0303030303030303,0.0,0.0,0.0,0.0,0.0,0.0,0.0,0.0,0.0,0.0,0.0,0.0,0.0,0.0,0.0,0.0,0.0,0.0
leagueoflegends,0.0,0.0,0.0,0.0,0.0,0.0,0.0,1.8867924528301887,1.8867924528301887,0.0,0.0,0.0,0.0,3.7735849056603774,0.0,0.0,0.0,0.0,0.0,0.0,0.0,0.0,0.0,0.0,0.0,0.0,0.0,0.0,0.0,0.0,0.0,0.0
leagueoflegends,0.0,0.0,0.0,0.0,0.0,0.0,0.0,0.0,0.0,0.0,0.0,10.344827586206897,0.0,6.896551724137931,0.0,0.0,0.0,0.0,0.0,0.0,0.0,0.0,0.0,0.0,0.0,0.0,0.0,0.0,0.0,0.0,0.0,0.0
leagueoflegends,0.0,0.0,0.0,0.0,0.0,2.2058823529411766,0.0,0.0,0.0,0.0,0.0,3.6764705882352944,0.0,5.147058823529411,0.0,0.0,2.2058823529411766,0.0,0.0,0.0,0.0,0.0,0.0,0.0,0.0,0.0,0.0,0.0,0.0,0.0,0.0,0.0
leagueoflegends,0.0,0.0,0.0,0.0,1.3888888888888888,0.0,0.0,0.0,0.0,0.0,0.0,1.3888888888888888,0.0,1.3888888888888888,0.0,0.0,0.0,0.0,0.0,0.0,0.0,0.0,0.0,0.0,0.0,0.0,0.0,0.0,0.0,0.0,0.0,0.0
todayilearned,0.0,0.0,0.0,0.0,0.0,0.0,0.0,0.0,0.0,0.0,0.0,6.521739130434782,0.0,4.3478260869565215,0.0,0.0,0.0,0.0,0.0,0.0,0.0,0.0,0.0,0.0,0.0,0.0,0.0,0.0,0.0,0.0,0.0,0.0
politics,0.0,0.0,0.0,0.0,0.0,0.0,0.0,0.0,0.0,0.0,0.0,0.0,0.0,0.0,0.0,0.0,0.0,0.0,0.0,0.0,0.0,0.0,0.0,0.0,0.0,0.0,0.0,0.0,0.0,0.0,0.0,0.0
gaming,0.0,0.0,0.0,0.0,0.0,0.0,0.0,0.9036144578313252,0.9036144578313252,0.0,0.0,6.325301204819277,0.0,4.819277108433735,0.0,0.6024096385542169,0.0,0.0,0.0,0.0,0.0,0.0,0.0,0.0,0.0,0.0,0.0,0.0,0.0,0.0,0.0,0.0
pics,0.0,0.0,0.0,0.0,0.0,0.0,0.0,0.0,0.0,0.0,0.0,3.861003861003861,0.0,6.94980694980695,0.0,0.3861003861003861,0.0,0.0,0.0,0.7722007722007722,0.7722007722007722,0.3861003861003861,0.3861003861003861,0.0,0.3861003861003861,0.0,0.0,0.0,0.0,0.0,0.0,0.0
gaming,0.0,0.0,0.0,0.0,0.0,0.13054830287206268,0.13054830287206268,0.39164490861618795,0.39164490861618795,0.0,0.0,5.483028720626632,0.0,3.3942558746736298,0.0,0.0,0.0,0.0,0.0,0.0,0.0,0.0,0.0,0.0,0.0,0.0,0.0,0.0,0.0,0.0,0.0,0.0
gaming,0.0,0.0,0.0,0.0,0.0,0.4444444444444444,0.0,0.8888888888888888,0.8888888888888888,0.0,0.0,7.111111111111111,0.0,6.222222222222222,0.0,0.0,0.4444444444444444,0.0,0.0,0.0,0.0,0.0,0.0,0.0,0.0,0.0,0.0,0.0,0.0,0.0,0.0,0.0
gaming,0.11587485515643105,0.0,0.0,0.0,0.0,0.0,0.0,0.4634994206257242,0.34762456546929316,0.0,0.0,5.5619930475086905,0.0,4.40324449594438,0.0,0.0,0.11587485515643105,0.0,0.0,0.0,0.4634994206257242,0.0,0.11587485515643105,0.0,0.11587485515643105,0.0,0.0,0.0,0.0,0.0,0.0,0.0
gaming,0.0,0.0,0.0,0.0,0.0,0.0,0.0,0.0,0.0,0.0,0.0,4.477611940298507,0.0,5.223880597014925,0.0,0.0,0.7462686567164178,0.0,0.0,0.0,0.0,0.0,0.0,0.0,0.0,0.0,0.0,0.0,0.0,0.0,0.0,0.0
gaming,0.0,0.0,0.0,0.0,0.0,0.0,0.0,1.4705882352941175,1.4705882352941175,0.0,0.0,13.23529411764706,0.0,4.411764705882353,0.0,1.4705882352941175,0.0,0.0,0.0,0.0,0.0,0.0,0.0,0.0,0.0,0.0,0.0,0.0,0.0,0.0,0.0,0.0
funny,0.0,0.0,0.0,0.0,0.0,0.0,0.0,0.0,0.0,0.0,0.0,6.0,0.0,5.0,0.0,1.0,0.0,0.0,0.0,0.0,0.0,0.0,0.0,0.0,0.0,0.0,0.0,0.0,0.0,0.0,0.0,0.0
atheism,0.0,0.0,0.0,0.0,0.0,0.0,0.0,0.0,0.0,0.0,0.0,2.6548672566371683,0.0,5.3097345132743365,0.0,0.0,0.8849557522123894,0.0,0.0,2.6548672566371683,3.5398230088495577,0.0,0.0,0.0,0.0,0.0,0.0,0.0,0.0,0.0,0.0,0.0
atheism,0.0,0.0,0.0,0.0,0.0,0.0,0.0,0.0,0.0,0.0,0.0,0.9708737864077669,0.0,6.796116504854369,0.0,0.0,0.0,0.0,0.0,0.0,1.9417475728155338,0.0,0.0,0.0,0.0,0.0,0.0,0.0,0.0,0.0,0.0,0.0
gaming,0.0,0.0,0.0,0.0,0.0,0.0,0.0,0.0,0.0,0.0,0.0,3.8461538461538463,0.0,8.974358974358974,0.0,0.0,0.0,0.0,0.0,0.0,1.282051282051282,0.0,0.0,0.0,0.0,0.0,0.0,0.0,0.0,0.0,0.0,0.0
pics,0.0,0.0,0.0,0.0,0.0,0.0,0.0,2.2222222222222223,2.2222222222222223,0.0,0.0,6.666666666666667,0.0,4.444444444444445,0.0,0.0,0.0,0.0,0.0,0.0,2.2222222222222223,0.0,0.0,0.0,0.0,0.0,0.0,0.0,0.0,0.0,0.0,0.0
politics,0.0,0.0,0.0,0.0,0.0,0.0,0.0,0.0,0.0,0.0,0.0,14.285714285714285,0.0,6.122448979591836,0.0,0.0,0.0,0.0,0.0,0.0,0.0,0.0,0.0,0.0,0.0,0.0,0.0,0.0,0.0,0.0,0.0,0.0
atheism,0.0,0.0,0.0,0.0,0.0,0.0,0.0,1.0526315789473684,0.5263157894736842,0.0,0.0,1.5789473684210527,0.0,5.263157894736842,0.0,0.0,0.5263157894736842,0.0,0.0,0.5263157894736842,0.0,0.0,0.0,0.0,0.5263157894736842,0.0,0.0,0.0,0.0,0.0,0.0,0.0
pics,0.0,0.0,0.0,0.0,0.0,0.0,0.0,0.0,0.0,0.0,0.0,0.0,0.0,0.0,0.0,0.0,0.0,0.0,0.0,0.0,0.0,0.0,0.0,0.0,0.0,0.0,0.0,0.0,0.0,0.0,0.0,0.0
pics,0.0,0.0,0.0,0.0,0.0,0.0,1.3513513513513513,0.0,0.0,0.0,0.0,9.45945945945946,0.0,8.108108108108109,0.0,0.0,0.0,0.0,0.0,0.0,0.0,0.0,0.0,0.0,0.0,0.0,0.0,0.0,0.0,0.0,0.0,0.0
politics,0.0,0.0,0.0,0.0,0.0,0.0,0.0,2.3972602739726026,2.054794520547945,0.0,0.0,2.73972602739726,1.36986301369863,3.0821917808219177,0.0,0.3424657534246575,1.0273972602739725,0.0,0.0,0.0,0.3424657534246575,0.0,0.3424657534246575,0.0,0.3424657534246575,0.0,0.0,0.0,0.0,0.0,0.0,0.0
todayilearned,0.0,0.0,0.0,0.0,0.0,0.0,0.0,0.6578947368421052,0.6578947368421052,0.0,0.0,5.263157894736842,0.0,3.9473684210526314,0.0,0.6578947368421052,0.0,0.0,0.0,0.0,0.0,0.0,0.0,0.0,0.0,0.0,0.0,0.0,0.0,0.0,0.0,0.0
politics,0.0,0.0,0.0,0.45004500450045004,0.0,0.0,0.0,0.6300630063006301,0.54005400540054,0.0,0.0,8.1008100810081,0.45004500450045004,3.1503150315031503,0.0,0.45004500450045004,0.0,0.0,0.0,0.9000900090009001,0.0,0.0,0.09000900090009001,0.0,0.09000900090009001,0.0,0.0,0.0,0.0,0.0,0.0,0.0
gaming,0.6578947368421052,0.0,0.0,0.0,0.0,0.6578947368421052,0.0,0.6578947368421052,0.6578947368421052,0.0,0.0,3.289473684210526,0.0,3.289473684210526,0.0,0.0,0.6578947368421052,0.0,0.0,0.0,0.0,0.0,0.0,0.0,0.0,0.0,0.0,0.0,0.0,0.0,0.0,0.0
gaming,0.0,0.0,0.0,0.0,0.0,0.0,0.0,0.0,0.0,0.0,0.0,3.2679738562091507,0.0,3.9215686274509802,0.0,0.0,0.0,0.0,0.0,0.0,0.0,0.0,0.0,0.0,0.0,0.0,0.0,0.0,0.0,0.0,0.0,0.0
politics,0.0,0.0,0.0,0.0,0.0,0.0,0.19801980198019803,0.594059405940594,0.594059405940594,0.0,0.0,5.148514851485149,0.0,3.564356435643564,0.0,0.0,0.0,0.0,0.0,0.0,0.0,0.0,0.0,0.0,0.0,0.0,0.0,0.0,0.0,0.0,0.0,0.0
politics,0.0,0.0,0.0,0.81799591002045,0.0,0.0,0.0,1.6359918200409,1.6359918200409,0.2044989775051125,0.0,7.770961145194274,0.408997955010225,3.476482617586912,0.0,0.408997955010225,0.0,0.0,0.2044989775051125,0.2044989775051125,0.6134969325153374,0.0,0.0,0.0,0.0,0.0,0.0,0.0,0.0,0.0,0.0,0.0
politics,0.0,0.0,0.0,0.0,0.0,0.0,0.0,0.0,0.0,0.0,0.0,4.0650406504065035,0.0,5.691056910569105,0.0,0.0,0.0,0.0,0.0,2.4390243902439024,4.0650406504065035,0.0,0.0,0.0,0.0,0.0,0.0,0.0,0.0,0.0,0.0,0.0
atheism,0.0,0.0,0.0,0.0,0.0,0.0,0.0,0.0,0.0,0.0,0.0,5.194805194805195,0.0,3.896103896103896,0.0,0.0,0.0,0.0,0.0,0.0,1.2987012987012987,0.0,0.0,0.0,0.0,0.0,0.0,0.0,0.0,0.0,0.0,0.0
pics,7.2727272727272725,0.0,0.0,0.0,0.0,0.0,0.0,0.0,0.0,0.0,0.0,0.0,0.0,0.0,0.0,0.0,0.0,0.0,0.0,7.2727272727272725,10.909090909090908,0.0,0.0,0.0,0.0,0.0,0.0,0.0,0.0,0.0,0.0,0.0
politics,0.0,0.0,0.0,0.0,0.0,0.0,0.0,0.0,0.0,0.0,0.0,5.633802816901409,0.0,4.929577464788732,0.0,0.7042253521126761,0.0,0.0,0.0,0.0,0.7042253521126761,0.0,0.0,0.0,0.0,0.0,0.0,0.0,0.0,0.0,0.0,0.0
politics,0.0,0.0,0.0,0.0,0.0,0.0,0.0,1.3888888888888888,0.0,0.0,0.0,5.555555555555555,0.0,6.944444444444445,0.0,0.0,0.0,0.0,0.0,1.3888888888888888,0.0,0.0,1.3888888888888888,0.0,1.3888888888888888,0.0,0.0,0.0,0.0,0.0,0.0,0.0
politics,0.07763975155279502,0.0,0.0,0.0,0.07763975155279502,0.0,0.4658385093167702,0.4658385093167702,0.4658385093167702,0.0,0.0,5.279503105590062,0.07763975155279502,5.900621118012422,0.0,0.0,0.38819875776397517,0.0,0.0,0.0,0.2329192546583851,0.0,0.0,0.0,0.0,0.0,0.0,0.0,0.0,0.0,0.0,0.0
gaming,0.6802721088435374,0.0,0.0,0.0,0.0,0.0,0.0,1.3605442176870748,1.3605442176870748,0.0,0.0,4.081632653061225,0.0,2.7210884353741496,0.0,0.6802721088435374,2.0408163265306123,0.0,0.0,0.0,0.0,0.0,0.0,0.0,0.0,0.0,0.0,0.0,0.0,0.0,0.0,0.0
pics,1.1627906976744187,0.0,0.0,0.0,0.5813953488372093,0.0,0.5813953488372093,1.1627906976744187,1.1627906976744187,0.0,0.0,3.488372093023256,0.0,4.651162790697675,0.0,0.5813953488372093,0.0,0.0,0.0,0.0,0.0,0.0,0.0,0.0,0.0,0.0,0.0,0.0,0.0,0.0,0.0,0.0
pics,0.4807692307692308,0.0,0.0,0.0,0.0,0.0,0.9615384615384616,0.0,0.0,0.0,0.0,3.8461538461538463,0.0,5.769230769230769,0.0,0.0,0.0,0.0,0.0,0.0,2.403846153846154,0.0,0.0,0.0,0.0,0.0,0.0,0.0,0.0,0.0,0.0,0.0
pics,0.0,0.0,0.0,0.0,0.0,0.0,0.0,0.5405405405405406,0.5405405405405406,0.0,0.0,5.9459459459459465,0.0,3.2432432432432434,0.0,0.0,0.0,0.0,0.0,0.0,0.0,0.0,0.0,0.0,0.0,0.0,0.0,0.0,0.0,0.0,0.0,0.0
gaming,0.0,0.0,0.0,0.0,0.0,0.0,0.0,0.0,0.0,0.0,0.0,6.122448979591836,0.0,6.122448979591836,0.0,0.0,0.0,0.0,0.0,0.0,0.0,0.0,0.0,0.0,0.0,0.0,0.0,0.0,0.0,0.0,0.0,0.0
politics,0.0,0.0,0.0,0.0,0.0,0.0,0.0,11.11111111111111,0.0,0.0,0.0,0.0,0.0,0.0,0.0,0.0,0.0,0.0,0.0,0.0,11.11111111111111,0.0,11.11111111111111,0.0,11.11111111111111,0.0,0.0,0.0,0.0,0.0,0.0,0.0
pics,2.380952380952381,0.0,0.0,0.0,0.0,0.0,0.0,2.380952380952381,2.380952380952381,0.0,0.0,11.904761904761903,0.0,4.761904761904762,0.0,0.0,0.0,0.0,0.0,0.0,0.0,0.0,0.0,0.0,0.0,0.0,0.0,0.0,0.0,0.0,0.0,0.0
pics,7.142857142857142,0.0,0.0,0.0,0.0,0.0,0.0,0.0,0.0,0.0,0.0,0.0,0.0,3.571428571428571,0.0,0.0,0.0,0.0,0.0,0.0,3.571428571428571,0.0,0.0,0.0,0.0,0.0,0.0,0.0,0.0,0.0,0.0,0.0
pics,0.4149377593360996,0.0,0.0,0.0,0.0,0.0,0.0,0.8298755186721992,0.8298755186721992,0.0,0.0,2.904564315352697,0.0,4.149377593360995,0.0,0.0,0.0,0.0,0.0,0.0,0.0,0.0,0.0,0.0,0.0,0.0,0.0,0.0,0.0,0.0,0.0,0.0
pics,0.0,0.0,0.0,0.0,0.0,0.0,0.0,0.0,0.0,0.0,0.0,4.697986577181208,0.0,4.697986577181208,0.0,0.0,0.0,0.0,0.0,0.0,0.0,0.0,0.0,0.0,0.0,0.0,0.0,0.0,0.0,0.0,0.0,0.0
pics,0.9900990099009901,0.0,0.0,0.0,0.0,0.0,0.0,0.0,0.0,0.0,0.0,4.9504950495049505,0.0,4.9504950495049505,0.0,0.0,0.0,0.0,0.0,0.0,0.0,0.0,0.0,0.0,0.0,0.0,0.0,0.0,0.0,0.0,0.0,0.0
politics,0.0,0.0,0.5376344086021506,0.0,0.0,0.0,0.0,0.5376344086021506,0.0,0.0,0.0,4.838709677419355,0.0,4.838709677419355,0.0,0.5376344086021506,0.0,0.0,0.0,0.0,1.0752688172043012,0.0,0.0,0.0,0.0,0.0,0.0,0.0,0.0,0.0,0.0,0.0
gaming,0.0,0.0,0.0,0.0,0.0,0.0,0.0,1.257861635220126,1.257861635220126,0.0,0.0,6.918238993710692,0.0,5.031446540880504,0.0,0.0,0.0,0.0,0.0,0.0,0.0,0.0,0.0,0.0,0.0,0.0,0.0,0.0,0.0,0.0,0.0,0.0
gaming,1.2195121951219512,0.0,0.0,0.0,0.0,0.0,0.0,0.0,0.0,0.0,0.0,3.6585365853658534,0.0,8.536585365853659,0.0,0.0,0.0,0.0,0.0,2.4390243902439024,0.0,0.0,0.0,0.0,0.0,0.0,0.0,0.0,0.0,0.0,0.0,0.0
atheism,0.0,0.0,0.0,0.0,0.0,0.0,0.0,0.0,0.0,0.0,0.0,13.793103448275861,0.0,6.896551724137931,0.0,0.0,0.0,0.0,0.0,0.0,0.0,0.0,0.0,0.0,0.0,0.0,0.0,0.0,0.0,0.0,0.0,0.0
atheism,0.0,0.0,0.0,0.0,0.0,0.0,0.0,0.0,0.0,0.0,0.0,0.0,0.0,5.555555555555555,0.0,0.0,0.0,0.0,0.0,0.0,0.0,0.0,0.0,0.0,0.0,0.0,0.0,0.0,0.0,0.0,0.0,0.0
pics,0.0,0.0,0.0,0.0,0.0,0.0,0.0,0.0,0.0,0.0,0.0,2.4390243902439024,0.0,4.878048780487805,0.0,0.0,0.0,0.0,0.0,0.0,0.0,0.0,0.0,0.0,0.0,0.0,0.0,0.0,0.0,0.0,0.0,0.0
pics,0.0,0.0,0.0,0.0,0.1567398119122257,0.0,0.0,0.3134796238244514,0.3134796238244514,0.0,0.0,4.231974921630094,0.0,4.38871473354232,0.0,0.3134796238244514,0.0,0.0,0.0,0.0,0.1567398119122257,0.0,0.0,0.0,0.0,0.0,0.0,0.0,0.0,0.0,0.0,0.0
politics,12.5,0.0,0.0,0.0,0.0,0.0,0.0,12.5,12.5,0.0,0.0,0.0,0.0,0.0,0.0,0.0,0.0,0.0,0.0,0.0,12.5,0.0,0.0,0.0,0.0,0.0,0.0,0.0,0.0,0.0,0.0,0.0
pics,0.0,0.0,0.0,0.0,0.0,0.0,0.0,0.0,0.0,0.0,0.0,5.597014925373134,0.0,2.9850746268656714,0.0,0.0,0.0,0.0,0.0,0.0,0.7462686567164178,0.0,0.0,0.0,0.0,0.0,0.0,0.0,0.0,0.0,0.0,0.0
atheism,0.0,0.0,0.0,0.0,0.0,0.0,0.0,0.0,0.0,0.0,0.0,7.647058823529412,0.0,3.5294117647058822,0.0,0.0,1.1764705882352942,0.0,0.0,0.0,0.0,0.0,0.0,0.0,0.0,0.0,0.0,0.0,0.0,0.0,0.0,0.0
funny,0.0,0.0,0.0,0.0,0.0,0.0,0.0,4.3478260869565215,0.0,0.0,0.0,0.0,0.0,4.3478260869565215,0.0,0.0,0.0,0.0,0.0,0.0,0.0,0.0,4.3478260869565215,0.0,4.3478260869565215,0.0,0.0,0.0,0.0,0.0,0.0,0.0
atheism,0.0,0.0,0.0,0.0,0.0,0.0,0.0,0.0,0.0,0.0,0.0,1.4925373134328357,0.0,5.970149253731343,0.0,0.0,0.0,0.0,0.0,0.0,0.0,0.0,0.0,0.0,0.0,0.0,0.0,0.0,0.0,0.0,0.0,0.0
politics,0.0,0.0,0.0,0.390625,0.0,0.0,0.0,0.0,0.0,0.0,0.0,6.25,0.0,4.6875,0.0,0.0,0.0,0.0,0.0,0.0,0.0,0.0,0.0,0.0,0.0,0.0,0.0,0.0,0.0,0.0,0.0,0.0
pics,0.0,0.0,0.0,0.0,0.0,0.0,0.0,2.479338842975207,2.479338842975207,0.0,0.0,3.3057851239669422,0.0,8.264462809917356,0.0,0.0,0.0,0.0,0.0,0.0,0.0,0.0,0.0,0.0,0.0,0.0,0.0,0.0,0.0,0.0,0.0,0.0
atheism,0.0,0.0,0.0,0.0,0.0,0.0,0.0,0.0,0.0,0.0,0.0,7.2727272727272725,0.0,8.181818181818182,0.0,0.0,0.0,0.0,0.0,0.0,0.0,0.0,0.0,0.0,0.0,0.0,0.0,0.0,0.0,0.0,0.0,0.0
pics,0.0,0.0,0.0,0.0,0.0,0.0,0.0,0.0,0.0,0.0,0.0,8.695652173913043,0.0,4.3478260869565215,0.0,0.0,0.0,0.0,0.0,0.0,0.0,0.0,0.0,0.0,0.0,0.0,0.0,0.0,0.0,0.0,0.0,0.0
pics,0.0,0.0,0.0,0.0,0.0,0.0,0.0,0.0,0.0,0.0,0.0,9.066666666666666,0.0,4.8,0.0,0.0,0.0,0.0,0.0,0.0,0.26666666666666666,0.0,0.0,0.0,0.0,0.0,0.0,0.0,0.0,0.0,0.0,0.0
pics,0.0,0.0,0.0,0.0,0.0,0.0,0.0,0.7575757575757576,0.3787878787878788,0.0,0.0,6.0606060606060606,0.0,2.272727272727273,0.0,0.0,0.0,0.0,0.0,0.0,0.0,0.0,0.3787878787878788,0.0,0.3787878787878788,0.0,0.0,0.0,0.0,0.0,0.0,0.0
politics,0.0,0.0,0.0,0.0,0.0,0.0,14.285714285714285,0.0,0.0,0.0,0.0,9.523809523809524,0.0,4.761904761904762,0.0,0.0,0.0,0.0,0.0,0.0,0.0,0.0,0.0,0.0,0.0,0.0,0.0,0.0,0.0,0.0,0.0,0.0
politics,0.0,0.0,0.0,0.0,1.6304347826086956,0.0,0.0,0.0,0.0,0.0,0.0,7.608695652173914,0.0,4.3478260869565215,0.0,0.0,0.0,0.0,0.0,0.0,0.0,0.0,0.0,0.0,0.0,0.0,0.0,0.0,0.0,0.0,0.0,0.0
atheism,0.0,0.0,0.0,0.0,0.0,0.7936507936507936,0.0,1.5873015873015872,1.5873015873015872,0.0,0.0,1.5873015873015872,0.0,5.555555555555555,0.0,0.0,0.0,0.0,0.0,0.0,0.0,0.0,0.0,0.0,0.0,0.0,0.0,0.0,0.0,0.0,0.0,0.0
atheism,0.0,0.0,0.0,0.0,0.0,0.0,0.0,0.6493506493506493,0.0,0.0,0.0,7.792207792207792,0.0,5.194805194805195,0.0,0.0,0.0,0.0,0.0,0.0,0.0,0.0,0.6493506493506493,0.0,0.6493506493506493,0.0,0.0,0.0,0.0,0.0,0.0,0.0
funny,0.0,0.0,0.0,0.0,0.0,0.0,0.0,0.0,0.0,0.0,0.0,0.0,0.0,4.166666666666666,0.0,0.0,0.0,0.0,0.0,0.0,0.0,0.0,0.0,0.0,0.0,0.0,0.0,0.0,0.0,0.0,0.0,0.0
atheism,0.9174311926605505,0.0,0.0,0.0,0.0,0.0,0.0,0.9174311926605505,0.9174311926605505,0.0,0.0,1.834862385321101,0.0,6.422018348623854,0.0,0.0,0.0,0.0,0.0,0.0,0.0,0.0,0.0,0.0,0.0,0.0,0.0,0.0,0.0,0.0,0.0,0.0
atheism,1.4285714285714286,0.0,0.0,0.0,0.0,0.0,0.0,0.0,0.0,0.0,0.0,5.714285714285714,0.0,4.285714285714286,0.0,1.4285714285714286,0.0,0.0,0.0,0.0,0.0,0.0,0.0,0.0,0.0,0.0,0.0,0.0,0.0,0.0,0.0,0.0
pics,0.0,0.0,0.0,0.0,0.0,0.0,0.0,4.938271604938271,4.938271604938271,0.0,0.0,4.938271604938271,0.0,3.7037037037037033,0.0,0.0,0.0,0.0,0.0,0.0,0.0,0.0,0.0,0.0,0.0,0.0,0.0,0.0,0.0,0.0,0.0,0.0
politics,1.2195121951219512,0.0,0.0,0.0,0.0,0.0,0.0,0.0,0.0,0.0,0.0,3.6585365853658534,0.0,6.097560975609756,0.0,0.0,0.0,0.0,0.0,0.0,0.0,0.0,0.0,0.0,0.0,0.0,0.0,0.0,0.0,0.0,0.0,0.0
politics,0.0,0.0,0.0,0.0,0.0,0.0,0.0,0.7142857142857143,0.7142857142857143,0.0,0.0,2.142857142857143,0.0,7.142857142857142,0.0,0.0,0.0,0.0,0.0,0.0,0.0,0.0,0.0,0.0,0.0,0.0,0.0,0.0,0.0,0.0,0.0,0.0
gaming,0.0,0.0,0.0,0.0,0.0,0.0,0.0,0.0,0.0,0.0,0.0,4.166666666666666,0.0,4.166666666666666,0.0,0.0,0.0,0.0,0.0,0.0,0.0,0.0,0.0,0.0,0.0,0.0,0.0,0.0,0.0,0.0,0.0,0.0
todayilearned,0.0,0.0,0.0,0.0,0.0,0.0,0.0,0.0,0.0,0.0,0.0,0.0,0.0,0.0,0.0,0.0,0.0,0.0,0.0,0.0,0.0,0.0,0.0,0.0,0.0,0.0,0.0,0.0,0.0,0.0,0.0,0.0
gaming,0.0,0.0,0.0,0.0,0.0,0.0,0.0,0.6024096385542169,0.6024096385542169,0.0,0.0,6.626506024096386,0.0,3.614457831325301,0.0,0.0,0.0,0.0,0.0,0.0,0.0,0.0,0.0,0.0,0.0,0.0,0.0,0.0,0.0,0.0,0.0,0.0
atheism,0.0,0.0,0.0,0.0,0.0,0.0,0.0,0.0,0.0,0.0,0.0,6.8493150684931505,0.0,4.794520547945205,0.0,0.0,0.0,0.0,0.0,0.0,0.0,0.0,0.0,0.0,0.0,0.0,0.0,0.0,0.0,0.0,0.0,0.0
pics,1.8404907975460123,0.0,0.0,4.294478527607362,0.0,0.0,0.0,0.0,0.0,0.0,0.0,3.067484662576687,0.0,4.9079754601226995,0.0,0.0,0.0,0.0,0.0,0.0,0.0,0.0,0.0,0.0,0.0,0.0,0.0,0.0,0.0,0.0,0.0,0.0
pics,7.6923076923076925,0.0,0.0,0.0,0.0,0.0,0.0,0.0,0.0,0.0,0.0,0.0,0.0,0.0,0.0,0.0,0.0,0.0,0.0,0.0,7.6923076923076925,0.0,0.0,0.0,0.0,0.0,0.0,0.0,0.0,0.0,0.0,0.0
funny,0.0,0.0,0.0,0.0,0.0,0.0,0.0,0.0,0.0,0.0,0.0,2.7777777777777777,0.0,5.555555555555555,0.0,0.0,0.0,0.0,0.0,0.0,0.0,0.0,0.0,0.0,0.0,0.0,0.0,0.0,0.0,0.0,0.0,0.0
atheism,0.0,0.0,0.0,0.0,0.0,0.0,0.0,0.0,0.0,0.0,0.0,4.142011834319527,0.0,5.9171597633136095,0.0,0.0,0.0,0.0,0.0,0.0,0.0,0.0,0.0,0.0,0.0,0.0,0.0,0.0,0.0,0.0,0.0,0.0
gaming,0.0,0.0,0.0,0.0,0.0,1.0638297872340425,0.0,0.0,0.0,0.0,0.0,3.1914893617021276,0.0,6.382978723404255,0.0,1.0638297872340425,0.0,0.0,0.0,0.0,0.0,0.0,0.0,0.0,0.0,0.0,0.0,0.0,0.0,0.0,0.0,0.0
politics,0.0,0.0,0.0,0.0,0.0,0.0,0.0,1.1904761904761905,1.1904761904761905,0.0,0.0,8.333333333333332,0.0,4.761904761904762,0.0,0.0,0.0,0.0,0.0,0.0,1.1904761904761905,0.0,0.0,0.0,0.0,0.0,0.0,0.0,0.0,0.0,0.0,0.0
todayilearned,1.8867924528301887,0.0,0.0,0.0,0.9433962264150944,0.0,0.0,0.9433962264150944,0.0,0.0,0.0,7.547169811320755,1.8867924528301887,0.9433962264150944,0.0,0.0,0.0,0.0,0.0,0.0,0.0,0.0,0.0,0.0,0.0,0.0,0.0,0.0,0.0,0.0,0.0,0.0
todayilearned,0.0,0.0,0.0,0.0,0.0,0.0,2.631578947368421,0.0,0.0,0.0,0.0,13.157894736842104,0.0,7.894736842105263,0.0,0.0,0.0,0.0,0.0,0.0,2.631578947368421,0.0,0.0,0.0,0.0,0.0,0.0,0.0,0.0,0.0,0.0,0.0
todayilearned,0.0,0.0,0.0,0.0,0.0,0.0,0.0,0.0,0.0,0.0,0.0,8.035714285714286,0.0,3.571428571428571,0.0,0.8928571428571428,0.0,0.0,0.0,0.0,0.0,0.0,0.0,0.0,0.0,0.0,0.0,0.0,0.0,0.0,0.0,0.0
todayilearned,0.0,0.0,0.0,0.0,0.0,0.0,0.0,0.9708737864077669,0.9708737864077669,0.0,0.0,0.9708737864077669,0.0,5.825242718446602,0.0,0.0,0.0,0.0,0.0,0.0,0.0,0.0,0.0,0.0,0.0,0.0,0.0,0.0,0.0,0.0,0.0,0.0
pics,0.0,0.0,0.0,0.0,0.0,0.0,0.0,0.0,0.0,0.0,0.0,4.166666666666666,0.0,4.166666666666666,0.0,0.0,0.0,0.0,0.0,0.0,0.0,0.0,0.0,0.0,0.0,0.0,0.0,0.0,0.0,0.0,0.0,0.0
politics,0.0,0.0,0.0,0.0,0.0,0.0,0.0,0.0,0.0,0.0,0.0,4.477611940298507,0.0,6.467661691542288,0.0,0.0,0.0,0.0,0.0,0.0,0.4975124378109453,0.0,0.0,0.0,0.0,0.0,0.0,0.0,0.0,0.0,0.0,0.0
gaming,5.769230769230769,0.0,0.0,0.0,1.9230769230769231,0.0,0.0,1.9230769230769231,1.9230769230769231,0.0,0.0,3.8461538461538463,0.0,1.9230769230769231,0.0,0.0,0.0,0.0,0.0,0.0,0.0,0.0,0.0,0.0,0.0,0.0,0.0,0.0,0.0,0.0,0.0,0.0
politics,0.0,0.0,0.0,0.7722007722007722,0.0,0.0,0.0,1.1583011583011582,1.1583011583011582,0.0,0.0,5.7915057915057915,0.0,5.7915057915057915,0.0,0.0,0.0,0.0,0.0,0.0,0.0,0.0,0.0,0.0,0.0,0.0,0.0,0.0,0.0,0.0,0.0,0.0
politics,0.0,0.0,0.0,0.0,0.0,0.0,0.0,0.3225806451612903,0.0,0.0,0.0,8.064516129032258,0.0,4.838709677419355,0.0,0.3225806451612903,0.6451612903225806,0.0,0.0,0.0,0.6451612903225806,0.0,0.0,0.0,0.0,0.0,0.0,0.0,0.0,0.0,0.0,0.0
atheism,0.0,0.0,0.0,0.0,0.0,0.0,0.4132231404958678,0.0,0.0,0.0,0.0,2.479338842975207,0.4132231404958678,7.43801652892562,0.0,0.0,0.0,0.0,0.0,0.0,0.0,0.0,0.0,0.0,0.0,0.0,0.0,0.0,0.0,0.0,0.0,0.0
politics,0.0,0.0,0.0,0.0,0.0,0.0,0.0,0.0,0.0,0.0,0.0,3.225806451612903,0.0,6.451612903225806,0.0,3.225806451612903,0.0,0.0,0.0,0.0,0.0,0.0,0.0,0.0,0.0,0.0,0.0,0.0,0.0,0.0,0.0,0.0
politics,0.0,0.0,0.0,0.0,0.0,0.0,0.0,1.7699115044247788,0.0,0.0,0.0,9.734513274336283,0.0,3.5398230088495577,0.0,0.8849557522123894,0.0,0.0,0.0,0.8849557522123894,0.0,0.0,1.7699115044247788,0.0,1.7699115044247788,0.0,0.0,0.0,0.0,0.0,0.0,0.0
pics,0.6993006993006993,0.0,0.0,0.0,0.0,0.0,0.0,0.0,0.0,0.0,0.0,4.195804195804196,0.0,4.195804195804196,0.0,0.0,0.0,0.0,0.0,0.0,2.097902097902098,0.0,0.0,0.0,0.0,0.0,0.0,0.0,0.0,0.0,0.0,0.0
pics,0.0,0.0,0.4273504273504274,0.0,0.0,0.0,0.0,0.4273504273504274,0.4273504273504274,0.0,0.0,6.41025641025641,0.8547008547008548,2.564102564102564,0.0,0.0,0.0,0.0,0.0,0.0,0.0,0.0,0.0,0.0,0.0,0.0,0.0,0.0,0.0,0.0,0.0,0.0
atheism,0.0,0.0,0.0,0.0,0.0,0.0,0.0,1.5151515151515151,1.5151515151515151,0.0,0.0,7.575757575757576,0.0,4.545454545454546,0.0,0.0,0.0,1.5151515151515151,0.0,0.0,0.0,0.0,0.0,0.0,0.0,0.0,0.0,0.0,0.0,0.0,0.0,0.0
funny,0.0,0.0,0.0,0.0,0.0,0.0,0.10298661174047373,0.5149330587023687,0.5149330587023687,0.0,0.0,5.664263645726056,0.0,4.325437693099897,0.0,0.0,0.20597322348094746,0.0,0.0,0.0,0.0,0.0,0.20597322348094746,0.0,0.20597322348094746,0.0,0.0,0.0,0.0,0.0,0.0,0.0
politics,0.0,0.0,0.0,0.0,0.0,0.0,0.0,0.0,0.0,0.0,0.0,4.444444444444445,0.0,4.444444444444445,0.0,0.0,0.0,0.0,0.0,0.0,0.0,0.0,0.0,0.0,0.0,0.0,0.0,0.0,0.0,0.0,0.0,0.0
politics,0.0,0.0,0.0,0.0,0.0,0.0,0.0,0.0,0.0,0.0,0.0,0.0,0.0,10.638297872340425,0.0,0.0,0.0,0.0,0.0,0.0,0.0,0.0,0.0,0.0,0.0,0.0,0.0,0.0,0.0,0.0,0.0,0.0
politics,0.0,0.0,0.0,0.0,0.0,0.0,0.0,0.0,0.0,0.0,0.0,3.9893617021276597,0.0,5.585106382978723,0.0,0.26595744680851063,0.0,0.0,0.0,0.0,0.0,0.0,0.0,0.0,0.0,0.0,0.0,0.0,0.0,0.0,0.0,0.0
politics,0.0,0.0,0.0,0.0,0.0,0.0,0.0,0.0,0.0,0.0,0.0,1.8072289156626504,0.0,3.614457831325301,0.0,0.0,0.0,0.0,0.0,0.0,1.8072289156626504,0.0,0.0,0.0,0.0,0.0,0.0,0.0,0.0,0.0,0.0,0.0
politics,0.0,0.0,0.0,0.0,0.0,0.0,0.0,0.0,0.0,0.0,0.0,7.317073170731707,0.0,6.097560975609756,0.0,0.0,1.2195121951219512,0.0,0.0,0.0,0.0,0.0,0.0,0.0,0.0,0.0,0.0,0.0,0.0,0.0,0.0,0.0
politics,0.0,0.0,0.0,0.0,0.0,0.0,0.0,0.0,0.0,0.0,0.0,10.780669144981413,0.0,4.089219330855019,0.0,0.37174721189591076,0.0,0.0,0.0,0.0,0.37174721189591076,0.0,0.0,0.0,0.0,0.0,0.0,0.0,0.0,0.0,0.0,0.0
politics,0.0,0.0,0.0,0.0,0.0,0.0,0.0,0.0,0.0,0.0,0.0,8.038585209003216,0.0,4.180064308681672,0.0,0.0,0.0,0.0,0.0,0.0,1.2861736334405145,0.0,0.0,0.0,0.0,0.0,0.0,0.0,0.0,0.0,0.0,0.0
gaming,0.0,0.0,0.0,0.0,0.0,0.0,0.0,0.0,0.8,0.0,0.0,7.199999999999999,0.0,5.6000000000000005,0.0,0.0,0.0,0.0,0.0,0.0,0.0,0.0,0.0,0.0,0.0,0.0,0.0,0.0,0.0,0.0,0.0,0.0
atheism,0.0,0.0,0.0,0.0,0.0,0.0,0.0,0.0,0.0,0.0,0.0,0.7575757575757576,0.0,3.787878787878788,0.0,0.0,0.0,0.0,0.0,0.0,0.7575757575757576,0.0,0.0,0.0,0.0,0.0,0.0,0.0,0.0,0.0,0.0,0.0
atheism,0.0,0.0,0.0,0.0,5.660377358490567,0.0,0.0,0.0,0.0,0.0,0.0,5.660377358490567,0.0,7.547169811320755,0.0,0.0,0.0,0.0,0.0,0.0,0.0,0.0,0.0,0.0,0.0,0.0,0.0,0.0,0.0,0.0,0.0,0.0
politics,0.0,0.0,0.0,0.0,0.0,0.0,0.7168458781362007,0.35842293906810035,0.35842293906810035,0.0,0.0,4.301075268817205,0.0,5.734767025089606,0.0,0.0,0.0,0.0,0.0,0.0,0.0,0.0,0.0,0.0,0.0,0.0,0.0,0.0,0.0,0.0,0.0,0.0
politics,0.0,0.0,0.0,0.0,0.0,0.0,0.0,0.8695652173913043,0.8695652173913043,0.0,0.0,11.304347826086957,0.0,3.4782608695652173,0.0,0.0,0.0,0.0,0.0,0.0,0.0,0.0,0.0,0.0,0.0,0.0,0.0,0.0,0.0,0.0,0.0,0.0
todayilearned,0.0,0.0,0.0,1.1111111111111112,0.0,0.0,0.0,1.1111111111111112,1.1111111111111112,0.0,0.0,2.2222222222222223,0.0,4.444444444444445,0.0,0.0,0.0,0.0,0.0,0.0,1.1111111111111112,0.0,0.0,0.0,0.0,0.0,0.0,0.0,0.0,0.0,0.0,1.1111111111111112
todayilearned,0.0,0.0,0.0,1.1111111111111112,0.0,0.0,0.0,1.1111111111111112,1.1111111111111112,0.0,0.0,2.2222222222222223,0.0,4.444444444444445,0.0,0.0,0.0,0.0,0.0,0.0,1.1111111111111112,0.0,0.0,0.0,0.0,0.0,0.0,0.0,0.0,0.0,0.0,1.1111111111111112
todayilearned,0.0,0.0,0.0,1.1111111111111112,0.0,0.0,0.0,1.1111111111111112,1.1111111111111112,0.0,0.0,2.2222222222222223,0.0,4.444444444444445,0.0,0.0,0.0,0.0,0.0,0.0,1.1111111111111112,0.0,0.0,0.0,0.0,0.0,0.0,0.0,0.0,0.0,0.0,1.1111111111111112
todayilearned,0.0,0.0,0.0,1.1111111111111112,0.0,0.0,0.0,1.1111111111111112,1.1111111111111112,0.0,0.0,2.2222222222222223,0.0,4.444444444444445,0.0,0.0,0.0,0.0,0.0,0.0,1.1111111111111112,0.0,0.0,0.0,0.0,0.0,0.0,0.0,0.0,0.0,0.0,1.1111111111111112
leagueoflegends,0.0,0.0,0.0,0.0,0.0,0.0,0.0,0.9950248756218906,0.9950248756218906,0.0,0.0,0.4975124378109453,0.0,4.477611940298507,0.0,0.0,0.0,0.0,0.0,0.0,0.0,0.0,0.0,0.0,0.0,0.0,0.0,0.0,0.0,0.0,0.0,0.0
todayilearned,0.0,0.0,0.0,0.0,0.0,0.0,0.0,0.9090909090909091,0.9090909090909091,0.0,0.0,2.727272727272727,0.0,2.727272727272727,0.0,0.0,0.9090909090909091,0.0,0.0,0.0,0.0,0.0,0.0,0.0,0.0,0.0,0.0,0.0,0.0,0.0,0.0,0.0
todayilearned,0.0,0.0,0.0,0.0,0.0,0.0,0.0,0.0,0.0,0.0,0.0,1.2195121951219512,0.0,2.4390243902439024,0.0,0.0,2.4390243902439024,0.0,0.0,0.0,4.878048780487805,0.0,0.0,0.0,0.0,0.0,0.0,0.0,0.0,0.0,0.0,0.0
pics,0.423728813559322,0.0,0.0,0.423728813559322,0.0,0.0,0.0,0.423728813559322,0.423728813559322,0.0,0.0,5.084745762711865,0.0,2.5423728813559325,0.423728813559322,0.423728813559322,0.0,0.0,0.0,0.0,0.423728813559322,0.0,0.0,0.0,0.0,0.0,0.0,0.0,0.0,0.0,0.0,0.0
politics,0.0,0.0,0.0,0.0,0.0,0.0,0.0,0.0,0.0,0.0,0.0,4.234527687296417,0.0,4.88599348534202,0.0,0.6514657980456027,0.32573289902280134,0.0,0.0,0.6514657980456027,2.2801302931596092,0.0,0.0,0.0,0.0,0.0,0.0,0.0,0.0,0.0,0.0,0.0
politics,0.0,0.0,0.0,0.0,1.0526315789473684,0.0,0.0,0.0,0.0,0.0,0.0,4.2105263157894735,0.0,6.315789473684211,0.0,0.0,0.0,0.0,0.0,0.0,4.2105263157894735,0.0,0.0,0.0,0.0,0.0,0.0,0.0,0.0,0.0,0.0,0.0
politics,0.0,0.0,0.0,0.0,0.0,0.0,0.0,1.4084507042253522,1.4084507042253522,0.0,0.0,2.8169014084507045,0.0,2.112676056338028,0.0,0.0,0.7042253521126761,0.0,0.0,0.0,0.0,0.0,0.0,0.0,0.0,0.0,0.0,0.0,0.0,0.0,0.0,0.0
politics,0.0,0.0,0.0,0.0,0.0,0.0,0.0,0.0,0.0,0.0,0.0,4.891304347826087,2.1739130434782608,5.978260869565218,0.0,0.0,0.0,0.0,0.0,0.0,0.0,0.0,0.0,0.0,0.0,0.0,0.0,0.0,0.0,0.0,0.0,0.0
politics,0.0,0.0,0.0,0.0,0.0,0.0,0.0,0.0,0.0,0.0,0.0,7.142857142857142,1.4285714285714286,2.857142857142857,0.0,0.0,0.0,0.0,0.0,0.0,0.0,0.0,0.0,0.0,0.0,0.0,0.0,0.0,0.0,0.0,0.0,0.0
politics,0.0,0.0,0.0,0.0,0.0,0.0,0.0,0.0,0.0,0.0,0.0,4.285714285714286,0.0,4.285714285714286,0.0,0.0,0.0,0.0,0.0,0.0,0.0,0.0,0.0,0.0,0.0,0.0,0.0,0.0,0.0,0.0,0.0,0.0
politics,0.0,0.0,0.0,0.0,0.0,0.0,0.0,0.0,0.0,0.0,0.0,4.3478260869565215,0.0,2.1739130434782608,0.0,2.1739130434782608,0.0,0.0,0.0,0.0,0.0,0.0,0.0,0.0,0.0,0.0,0.0,0.0,0.0,0.0,0.0,0.0
pics,0.0,0.0,0.0,0.0,0.0,0.0,0.0,0.0,0.0,0.0,0.0,0.0,0.0,6.521739130434782,0.0,0.0,0.0,0.0,0.0,0.0,0.0,0.0,0.0,0.0,0.0,0.0,0.0,0.0,0.0,0.0,0.0,0.0
pics,0.0,0.0,0.0,0.0,0.2352941176470588,0.0,0.0,0.4705882352941176,0.4705882352941176,0.2352941176470588,0.0,5.647058823529412,0.9411764705882352,5.176470588235294,0.0,0.0,0.2352941176470588,0.0,0.4705882352941176,0.0,0.4705882352941176,0.0,0.0,0.0,0.0,0.0,0.0,0.0,0.0,0.0,0.0,0.0
pics,0.0,0.0,0.0,0.9505703422053232,0.0,0.0,0.7604562737642585,1.1406844106463878,1.1406844106463878,0.0,0.0,6.273764258555133,0.0,4.3726235741444865,0.0,0.0,0.0,0.0,0.0,0.0,0.0,0.0,0.19011406844106463,0.0,0.19011406844106463,0.0,0.0,0.0,0.0,0.0,0.0,0.0
pics,0.0,0.0,0.0,2.7027027027027026,0.0,0.0,0.0,0.0,0.0,0.0,0.0,0.9009009009009009,0.0,6.306306306306306,0.0,0.0,0.9009009009009009,0.0,0.0,0.0,0.0,0.0,0.0,0.0,0.0,0.0,0.0,0.0,0.0,0.0,0.0,0.0
pics,0.0,0.0,0.0,0.0,0.0,0.0,3.0534351145038165,0.0,0.0,0.0,0.0,3.816793893129771,1.5267175572519083,4.580152671755725,0.0,0.0,1.5267175572519083,0.0,0.0,0.0,2.2900763358778624,0.0,0.0,0.0,0.0,0.0,0.0,0.0,0.0,0.0,0.0,0.0
pics,0.0,0.0,0.0,4.072398190045249,0.0,0.0,0.0,1.3574660633484164,1.3574660633484164,0.0,0.0,5.88235294117647,0.0,2.7149321266968327,0.0,0.0,0.0,0.0,0.0,0.4524886877828055,0.904977375565611,0.0,0.0,0.0,0.0,0.0,0.0,0.0,0.0,0.0,0.0,0.4524886877828055
pics,0.0,0.0,0.0,0.0,0.0,0.0,0.0,0.0,0.0,0.0,0.0,0.0,0.0,5.194805194805195,0.0,1.2987012987012987,0.0,0.0,0.0,0.0,0.0,0.0,0.0,0.0,0.0,0.0,0.0,0.0,0.0,0.0,0.0,0.0
pics,0.0,0.0,0.0,2.3529411764705883,0.0,0.0,0.0,0.0,0.0,0.0,0.0,5.88235294117647,0.0,3.5294117647058822,0.0,0.0,0.0,0.0,0.0,0.0,0.0,0.0,0.0,0.0,0.0,0.0,0.0,0.0,0.0,0.0,0.0,0.0
leagueoflegends,0.26041666666666663,0.0,0.0,0.0,0.0,0.0,0.0,1.0416666666666665,1.0416666666666665,0.0,0.0,8.333333333333332,0.0,7.291666666666667,0.0,0.26041666666666663,0.0,0.0,0.0,0.0,0.5208333333333333,0.0,0.0,0.0,0.0,0.0,0.0,0.0,0.0,0.0,0.0,0.26041666666666663
gaming,0.0,0.0,0.0,1.910828025477707,0.0,0.0,0.0,1.2738853503184715,1.2738853503184715,0.0,0.0,1.2738853503184715,0.0,0.6369426751592357,0.0,1.910828025477707,0.0,0.0,0.0,0.0,1.2738853503184715,0.0,0.0,0.0,0.0,0.0,0.0,0.0,0.0,0.0,0.0,0.0
AdviceAnimals,0.0,0.0,0.0,0.0,0.0,0.0,0.0,0.0,0.0,0.0,0.0,1.9607843137254901,0.0,5.88235294117647,0.0,0.0,0.0,0.0,0.0,0.0,0.0,0.0,0.0,0.0,0.0,0.0,0.0,0.0,0.0,0.0,0.0,0.0
gaming,0.0,0.0,0.0,0.0,0.0,0.0,0.0,1.3605442176870748,1.3605442176870748,0.0,0.0,2.7210884353741496,0.0,4.761904761904762,0.0,0.0,0.0,0.0,0.0,0.0,0.0,0.0,0.0,0.0,0.0,0.0,0.0,0.0,0.0,0.0,0.0,0.0
atheism,0.0,0.0,0.0,0.0,0.0,0.0,0.0,0.0,0.0,0.0,0.0,4.678362573099415,0.0,5.263157894736842,0.0,0.0,0.0,0.0,0.0,0.0,0.0,0.0,1.1695906432748537,0.0,1.1695906432748537,0.0,0.0,0.0,0.0,0.0,0.0,0.0
atheism,0.0,0.0,0.0,0.0,0.0,0.0,0.2680965147453083,0.5361930294906166,0.5361930294906166,0.0,0.0,4.021447721179625,0.0,4.825737265415549,0.0,0.0,0.0,0.0,0.0,0.0,0.0,0.0,0.0,0.0,0.0,0.0,0.0,0.0,0.0,0.0,0.0,0.0
funny,0.0,0.0,0.0,0.0,0.0,0.0,0.0,0.0,0.0,0.0,0.0,2.857142857142857,0.0,5.714285714285714,0.0,0.0,0.0,0.0,0.0,0.0,0.0,0.0,0.0,0.0,0.0,0.0,0.0,0.0,0.0,0.0,0.0,0.0
todayilearned,0.0,0.0,0.0,0.0,0.0,0.0,3.0927835051546393,1.0309278350515463,1.0309278350515463,0.0,0.0,6.185567010309279,0.0,8.24742268041237,0.0,0.0,0.0,0.0,0.0,0.0,0.0,0.0,0.0,0.0,0.0,0.0,0.0,0.0,0.0,0.0,0.0,0.0
todayilearned,0.0,0.0,0.0,0.0,0.0,0.0,1.1627906976744187,1.1627906976744187,1.1627906976744187,0.0,0.0,4.651162790697675,0.0,4.651162790697675,0.0,0.0,0.0,0.0,0.0,0.0,0.0,0.0,0.0,0.0,0.0,0.0,0.0,0.0,0.0,0.0,0.0,0.0
gaming,0.5494505494505495,0.0,0.0,0.0,0.0,0.0,1.098901098901099,0.0,0.0,0.0,0.0,5.4945054945054945,0.0,3.8461538461538463,0.0,0.0,0.0,0.0,0.0,0.0,0.5494505494505495,0.0,0.0,0.0,0.0,0.0,0.0,0.0,0.0,0.0,0.0,0.0
politics,0.0,0.0,0.0,0.0,0.0,0.0,0.0,0.5128205128205128,0.5128205128205128,0.0,0.0,7.6923076923076925,0.0,3.8461538461538463,0.0,0.0,0.2564102564102564,0.0,0.0,0.0,0.7692307692307693,0.0,0.0,0.0,0.0,0.0,0.0,0.0,0.0,0.0,0.0,0.0
funny,0.0,0.0,0.0,0.0,0.0,0.0,0.0,1.639344262295082,1.639344262295082,0.0,0.0,1.639344262295082,0.0,1.639344262295082,0.0,0.0,0.0,0.0,0.0,0.0,0.0,0.0,0.0,0.0,0.0,0.0,0.0,0.0,0.0,0.0,0.0,0.0
politics,0.0,0.0,0.0,2.3529411764705883,0.0,0.0,0.0,0.0,0.0,0.0,0.0,3.5294117647058822,0.0,5.88235294117647,0.0,0.0,0.0,0.0,0.0,0.0,0.0,0.0,0.0,0.0,0.0,0.0,0.0,0.0,0.0,0.0,0.0,0.0
politics,0.0,0.0,0.0,0.0,0.0,0.0,0.0,0.0,0.0,0.0,0.0,1.5151515151515151,0.0,6.0606060606060606,0.0,0.0,0.0,0.0,0.0,0.0,0.0,0.0,0.0,0.0,0.0,0.0,0.0,0.0,0.0,0.0,0.0,0.0
politics,0.0,0.0,0.0,0.0,0.0,0.0,0.0,0.8547008547008548,0.8547008547008548,0.0,0.0,0.8547008547008548,0.0,6.837606837606838,0.0,0.0,0.0,0.0,0.0,0.0,0.8547008547008548,0.0,0.0,0.0,0.0,0.0,0.0,0.0,0.0,0.0,0.0,0.0
politics,0.0,0.0,0.0,0.0,0.0,0.0,0.0,0.78125,2.34375,0.0,0.0,6.25,0.78125,6.25,0.0,0.78125,0.0,0.0,0.0,0.0,0.0,0.0,0.0,0.0,0.0,0.0,0.0,0.0,0.0,0.0,0.0,0.0
politics,0.0,0.0,0.0,3.8314176245210727,0.38314176245210724,0.0,0.0,0.38314176245210724,0.38314176245210724,0.0,0.0,1.1494252873563218,0.0,3.4482758620689653,0.0,0.0,0.0,0.0,0.0,0.0,0.38314176245210724,0.0,0.0,0.0,0.0,0.0,0.0,0.0,0.0,0.0,0.0,0.0
atheism,0.0,0.0,0.0,0.0,0.0,0.0,0.0,1.4184397163120568,0.7092198581560284,0.0,0.0,1.4184397163120568,0.0,3.546099290780142,0.0,1.4184397163120568,0.0,0.0,0.0,0.7092198581560284,0.0,0.0,0.7092198581560284,0.0,0.7092198581560284,0.0,0.0,0.0,0.0,0.0,0.0,0.0
funny,0.0,0.0,0.0,0.0,0.702576112412178,0.0,0.0,2.107728337236534,2.107728337236534,0.0,0.0,3.9812646370023423,0.0,3.747072599531616,0.0,0.702576112412178,0.0,0.0,0.0,0.0,2.107728337236534,0.0,0.0,0.0,0.0,0.0,0.0,0.0,0.0,0.0,0.0,0.0
pics,0.0,0.0,0.0,0.0,0.0,0.0,0.0,1.8518518518518516,1.8518518518518516,0.0,0.0,5.555555555555555,0.0,1.8518518518518516,0.0,0.0,0.0,0.0,0.0,0.0,0.0,0.0,0.0,0.0,0.0,0.0,0.0,0.0,0.0,0.0,0.0,0.0
atheism,0.0,0.0,0.0,0.0,0.0,0.0,0.0,0.0,0.0,0.0,0.0,3.048780487804878,0.0,4.2682926829268295,0.0,0.0,0.0,0.0,0.0,0.0,1.2195121951219512,0.0,0.0,0.0,0.0,0.0,0.0,0.0,0.0,0.0,0.0,0.0
leagueoflegends,0.0,0.0,0.0,0.0,0.0,0.0,0.0,1.3513513513513513,1.3513513513513513,0.0,0.0,8.108108108108109,0.0,4.054054054054054,0.0,0.0,0.0,0.0,0.0,0.0,0.0,0.0,0.0,0.0,0.0,0.0,0.0,0.0,0.0,0.0,0.0,0.0
pics,0.0,0.0,0.0,0.0,0.0,0.0,0.0,0.78125,0.78125,0.0,0.0,3.90625,0.0,7.03125,0.0,0.0,0.0,0.0,0.0,0.0,0.0,0.0,0.0,0.0,0.0,0.0,0.0,0.0,0.0,0.0,0.0,0.0
pics,0.0,0.0,0.0,0.25380710659898476,0.5076142131979695,0.0,0.0,0.25380710659898476,0.25380710659898476,0.0,0.0,3.807106598984772,0.0,2.7918781725888326,0.0,0.0,0.0,0.0,0.0,0.0,0.0,0.0,0.0,0.0,0.0,0.0,0.0,0.0,0.0,0.0,0.0,0.0
pics,0.0,0.0,0.0,0.0,0.0,0.0,0.0,0.0,0.0,0.0,0.0,0.591715976331361,0.0,4.733727810650888,1.183431952662722,0.591715976331361,0.0,0.0,0.0,0.0,0.0,0.0,0.0,0.0,0.0,0.0,0.0,0.0,0.0,0.0,0.0,0.0
pics,0.0,0.0,0.0,0.8158508158508158,0.4662004662004662,0.0,0.2331002331002331,0.5827505827505828,0.5827505827505828,0.0,0.0,6.293706293706294,0.0,5.011655011655012,0.0,0.11655011655011654,0.11655011655011654,0.0,0.0,0.34965034965034963,0.0,0.0,0.0,0.0,0.0,0.0,0.0,0.0,0.0,0.0,0.0,0.0
gaming,0.0,0.0,0.0,0.0,0.0,0.0,0.0,0.9009009009009009,0.45045045045045046,0.0,0.0,4.054054054054054,0.0,3.153153153153153,0.0,0.0,0.0,0.0,0.0,0.0,0.9009009009009009,0.0,0.45045045045045046,0.0,0.45045045045045046,0.0,0.0,0.0,0.0,0.0,0.0,0.0
funny,0.0,0.0,0.0,0.0,0.0,0.0,0.0,10.526315789473683,0.0,0.0,0.0,0.0,0.0,10.526315789473683,0.0,0.0,0.0,0.0,0.0,0.0,0.0,0.0,10.526315789473683,0.0,10.526315789473683,0.0,0.0,0.0,0.0,0.0,0.0,0.0
gaming,0.0,0.0,0.0,0.0,0.0,0.0,0.0,2.158273381294964,2.158273381294964,0.0,0.0,5.0359712230215825,0.7194244604316548,2.877697841726619,0.0,0.0,0.0,0.0,0.0,0.0,0.0,0.0,0.0,0.0,0.0,0.0,0.0,0.0,0.0,0.0,0.0,0.0
leagueoflegends,0.0,0.0,0.0,0.0,0.0,0.0,0.0,0.34965034965034963,0.34965034965034963,0.0,0.0,3.4965034965034967,0.0,6.293706293706294,0.0,0.34965034965034963,0.34965034965034963,0.0,0.0,0.0,0.0,0.0,0.0,0.0,0.0,0.0,0.0,0.0,0.0,0.0,0.0,0.0
leagueoflegends,0.41841004184100417,0.0,0.0,0.0,0.0,0.0,0.0,0.0,0.0,0.0,0.41841004184100417,6.2761506276150625,0.0,5.857740585774058,0.0,0.0,0.0,0.0,0.0,0.0,0.41841004184100417,0.0,0.0,0.0,0.0,0.0,0.0,0.0,0.0,0.0,0.0,0.0
explainlikeimfive,0.0,0.0,0.0,0.0,0.0,0.0,0.0,0.0,0.0,0.0,0.0,3.6036036036036037,0.0,4.804804804804805,0.0,0.6006006006006006,0.0,0.0,0.0,0.0,0.0,0.0,0.0,0.0,0.0,0.0,0.0,0.0,0.0,0.0,0.0,0.0
leagueoflegends,0.0,0.0,0.0,0.0,0.0,0.0,0.0,0.5524861878453038,0.5524861878453038,0.0,0.0,2.7624309392265194,0.0,3.867403314917127,0.0,0.5524861878453038,0.5524861878453038,0.0,0.0,0.0,0.0,0.0,0.0,0.0,0.0,0.0,0.0,0.0,0.0,0.0,0.0,0.0
funny,0.0,0.0,0.0,0.0,0.0,0.0,0.0,0.0,0.0,0.0,0.0,0.0,0.0,16.666666666666664,0.0,0.0,0.0,0.0,0.0,0.0,0.0,0.0,0.0,0.0,0.0,0.0,0.0,0.0,0.0,0.0,0.0,0.0
gaming,0.0,0.0,0.0,0.0,0.0,0.0,0.0,2.097902097902098,2.097902097902098,0.0,0.0,3.4965034965034967,0.0,4.195804195804196,0.0,1.3986013986013985,0.0,0.0,0.0,0.0,0.0,0.0,0.0,0.0,0.0,0.0,0.0,0.0,0.0,0.0,0.0,0.0
funny,0.0,0.0,0.0,0.0,0.0,0.0,0.0,0.9708737864077669,0.9708737864077669,0.0,0.0,8.737864077669903,0.0,3.8834951456310676,0.0,0.0,0.0,0.0,0.0,0.0,0.9708737864077669,0.0,0.0,0.0,0.0,0.0,0.0,0.0,0.0,0.0,0.0,0.0
funny,0.0,0.0,0.0,0.0,0.0,0.0,0.0,0.0,0.0,0.0,0.0,4.201680672268908,0.0,4.201680672268908,0.0,0.0,0.0,0.0,0.0,0.0,0.0,0.0,0.0,0.0,0.0,0.0,0.0,0.0,0.0,0.0,0.0,0.0
funny,0.6535947712418301,0.0,0.0,0.6535947712418301,0.0,0.0,0.0,0.0,0.0,0.0,0.0,6.535947712418301,0.0,7.18954248366013,0.0,0.0,0.0,0.0,0.0,0.0,0.6535947712418301,0.0,0.0,0.0,0.0,0.0,0.0,0.0,0.0,0.0,0.0,0.0
politics,0.0,0.0,0.0,1.9230769230769231,0.0,0.0,0.0,1.9230769230769231,1.9230769230769231,0.0,0.0,1.9230769230769231,0.0,5.769230769230769,0.0,0.0,0.0,0.0,0.0,0.0,0.0,0.0,0.0,0.0,0.0,0.0,0.0,0.0,0.0,0.0,0.0,0.0
politics,0.0,0.0,0.0,3.3653846153846154,0.0,0.0,0.0,0.9615384615384616,0.9615384615384616,0.0,0.0,6.730769230769231,0.0,4.326923076923077,0.0,0.4807692307692308,0.0,0.0,0.0,0.2403846153846154,0.0,0.0,0.0,0.0,0.0,0.0,0.0,0.0,0.0,0.0,0.0,0.0
atheism,0.0,0.0,0.0,0.0,0.0,0.0,0.0,0.0,0.0,0.0,0.0,2.803738317757009,0.0,2.803738317757009,0.0,0.0,0.0,0.0,0.0,0.0,2.803738317757009,0.0,0.0,0.0,0.0,0.0,0.0,0.0,0.0,0.0,0.0,0.0
atheism,0.0,0.0,0.0,0.0,0.0,0.0,0.0,2.0491803278688523,2.0491803278688523,0.0,0.0,10.245901639344263,0.0,5.327868852459016,0.0,0.819672131147541,0.0,0.0,0.0,0.0,2.0491803278688523,0.0,0.0,0.0,0.0,0.0,0.0,0.0,0.0,0.0,0.0,0.0
atheism,0.0,0.0,0.0,0.0,0.0,0.0,0.0,0.48543689320388345,0.48543689320388345,0.0,0.0,5.339805825242718,0.0,7.766990291262135,0.0,0.0,0.0,0.0,0.0,0.0,0.9708737864077669,0.0,0.0,0.0,0.0,0.0,0.0,0.0,0.0,0.0,0.0,0.0
leagueoflegends,0.0,0.0,0.0,0.0,0.0,0.0,0.0,1.3888888888888888,1.3888888888888888,0.0,0.0,8.333333333333332,0.0,4.166666666666666,0.0,0.0,0.0,0.0,0.0,0.0,0.0,0.0,0.0,0.0,0.0,0.0,0.0,0.0,0.0,0.0,0.0,0.0
leagueoflegends,0.0,0.0,0.0,0.0,0.2257336343115124,0.0,0.0,1.580135440180587,1.580135440180587,0.0,0.0,6.772009029345373,0.0,3.837471783295711,0.0,0.2257336343115124,0.4514672686230248,0.0,0.0,0.0,0.0,0.0,0.0,0.0,0.0,0.0,0.0,0.0,0.0,0.0,0.0,0.0
leagueoflegends,0.0,0.0,0.0,0.0,0.0,0.0,0.0,2.1929824561403506,2.1929824561403506,0.0,0.0,5.263157894736842,0.0,2.631578947368421,0.0,0.43859649122807015,0.0,0.0,0.0,0.0,0.0,0.0,0.0,0.0,0.0,0.0,0.0,0.0,0.0,0.0,0.0,0.0
pics,0.0,0.0,0.0,0.0,0.0,0.0,0.0,0.0,0.0,0.0,0.0,5.970149253731343,0.0,5.970149253731343,0.0,0.0,0.0,0.0,0.0,0.0,0.0,0.0,0.0,0.0,0.0,0.0,0.0,0.0,0.0,0.0,0.0,0.0
leagueoflegends,0.0,0.0,0.0,0.0,0.0,0.0,0.0,0.5434782608695652,0.5434782608695652,0.0,0.0,3.804347826086957,0.0,3.260869565217391,0.0,0.0,0.0,0.0,0.0,0.0,0.0,0.0,0.0,0.0,0.0,0.0,0.0,0.0,0.0,0.0,0.0,0.0
funny,0.0,0.0,0.0,0.0,0.0,0.0,0.0,0.0,0.0,0.0,0.0,3.3557046979865772,0.0,3.3557046979865772,0.0,0.0,0.0,0.0,0.0,0.0,0.0,0.0,0.0,0.0,0.0,0.0,0.0,0.0,0.0,0.0,0.0,0.0
pics,0.0,0.0,0.0,0.0,0.0,0.0,0.0,0.0,0.0,0.0,0.0,2.7777777777777777,0.0,5.555555555555555,0.0,0.0,0.0,0.0,0.0,0.0,0.0,0.0,0.0,0.0,0.0,0.0,0.0,0.0,0.0,0.0,0.0,0.0
gaming,0.0,0.0,0.0,0.0,0.0,0.0,0.0,0.0,0.0,0.0,0.0,1.8867924528301887,0.0,2.8301886792452833,0.0,0.0,0.0,0.0,0.0,0.0,0.0,0.0,0.0,0.0,0.0,0.0,0.0,0.0,0.0,0.0,0.0,0.0
gaming,0.0,0.0,0.0,0.0,0.0,0.0,0.0,0.8620689655172413,0.8620689655172413,0.0,0.0,7.758620689655173,0.0,5.172413793103448,0.0,0.0,0.8620689655172413,0.0,0.0,0.0,0.8620689655172413,0.0,0.0,0.0,0.0,0.0,0.0,0.0,0.0,0.0,0.0,0.0
explainlikeimfive,0.0,0.0,0.0,0.0,0.0,0.0,0.0,0.0,0.0,0.0,0.0,2.898550724637681,0.0,5.797101449275362,0.0,0.0,0.0,0.0,0.0,0.0,0.0,0.0,0.0,0.0,0.0,0.0,0.0,0.0,0.0,0.0,0.0,0.0
AdviceAnimals,0.0,0.0,0.0,0.0,0.0,0.0,0.0,0.0,0.0,0.0,0.0,0.0,0.0,7.142857142857142,0.0,0.0,0.0,0.0,0.0,0.0,0.0,0.0,0.0,0.0,0.0,0.0,0.0,0.0,0.0,0.0,0.0,0.0
leagueoflegends,0.0,0.0,0.0,0.0,0.0,0.0,0.0,0.0,0.0,0.0,0.0,2.8169014084507045,0.0,1.4084507042253522,0.0,0.0,0.0,0.0,0.0,0.0,2.8169014084507045,0.0,0.0,0.0,0.0,0.0,0.0,0.0,0.0,0.0,0.0,0.0
gaming,0.9708737864077669,0.0,0.0,0.0,0.0,0.48543689320388345,0.0,0.9708737864077669,0.48543689320388345,0.0,0.0,1.4563106796116505,0.9708737864077669,1.9417475728155338,0.0,0.48543689320388345,0.0,0.0,0.0,0.0,0.48543689320388345,0.0,1.4563106796116505,0.0,0.48543689320388345,0.0,0.0,0.0,0.0,0.0,0.0,0.0
pics,0.0,0.0,0.0,0.0,0.0,0.0,0.0,0.38461538461538464,0.38461538461538464,0.0,0.0,2.6923076923076925,0.0,5.0,0.0,0.0,0.0,0.0,0.0,0.0,0.19230769230769232,0.0,0.0,0.0,0.0,0.0,0.0,0.0,0.0,0.0,0.0,0.0
pics,0.0,0.0,0.0,0.0,0.0,0.0,2.1739130434782608,0.0,0.0,0.0,0.0,19.565217391304348,0.0,6.521739130434782,0.0,0.0,0.0,0.0,0.0,0.0,0.0,0.0,0.0,0.0,0.0,0.0,0.0,0.0,0.0,0.0,0.0,0.0
pics,0.0,0.0,0.0,0.0,0.0,0.0,0.0,0.0,0.0,0.0,0.0,0.0,0.0,11.11111111111111,0.0,0.0,0.0,0.0,0.0,0.0,0.0,0.0,0.0,0.0,0.0,0.0,0.0,0.0,0.0,0.0,0.0,0.0
pics,0.0,0.0,0.0,0.0,0.0,0.0,0.0,2.2388059701492535,2.2388059701492535,0.0,0.0,5.970149253731343,1.4925373134328357,3.731343283582089,0.0,0.7462686567164178,0.7462686567164178,0.0,0.0,0.0,0.0,0.0,0.0,0.0,0.0,0.0,0.0,0.0,0.0,0.0,0.0,0.0
politics,10.0,0.0,0.0,0.0,0.0,0.0,0.0,0.0,0.0,0.0,0.0,0.0,0.0,0.0,0.0,0.0,0.0,0.0,0.0,0.0,0.0,0.0,0.0,0.0,0.0,0.0,0.0,0.0,0.0,0.0,0.0,0.0
pics,0.28735632183908044,0.0,0.0,0.0,0.0,0.28735632183908044,0.0,0.28735632183908044,0.28735632183908044,0.0,0.0,2.2988505747126435,0.0,8.045977011494253,0.0,0.0,0.0,0.0,0.0,0.0,0.28735632183908044,0.0,0.0,0.0,0.0,0.0,0.0,0.0,0.0,0.0,0.0,0.0
politics,0.0,0.0,0.0,0.0,0.0,0.0,0.0,0.0,0.0,0.0,0.0,3.9215686274509802,0.0,5.88235294117647,0.0,0.0,0.0,0.0,0.0,0.0,0.0,0.0,0.0,0.0,0.0,0.0,0.0,0.0,0.0,0.0,0.0,0.0
politics,0.0,0.0,0.0,0.8695652173913043,0.0,0.0,0.0,1.7391304347826086,1.7391304347826086,0.0,0.0,6.086956521739131,0.0,4.3478260869565215,0.0,0.0,0.0,0.0,0.0,0.0,0.0,0.0,0.0,0.0,0.0,0.0,0.0,0.0,0.0,0.0,0.0,0.0
atheism,0.0,0.0,0.0,0.0,0.0,0.0,0.0,0.0,0.0,0.0,0.0,1.5544041450777202,0.0,4.66321243523316,0.0,0.0,0.0,0.0,0.0,0.0,0.0,0.0,0.0,0.0,0.0,0.0,0.0,0.0,0.0,0.0,0.0,0.0
leagueoflegends,0.6172839506172839,0.0,0.0,0.0,0.0,0.0,0.0,0.0,0.0,0.0,0.0,3.7037037037037033,0.0,2.4691358024691357,0.0,1.2345679012345678,0.0,0.0,0.0,0.0,0.6172839506172839,0.0,0.0,0.0,0.0,0.0,0.0,0.0,0.0,0.0,0.0,0.0
leagueoflegends,0.0,0.0,0.0,0.0,0.0,0.0,0.0,0.0,0.0,0.0,0.0,1.0,0.0,4.0,0.0,0.0,0.0,0.0,0.0,0.0,1.0,0.0,0.0,0.0,0.0,0.0,0.0,0.0,0.0,0.0,0.0,0.0
leagueoflegends,0.0,0.0,0.0,0.0,0.0,0.0,0.0,0.628930817610063,0.628930817610063,0.0,0.0,3.1446540880503147,0.0,4.40251572327044,0.0,0.0,0.0,0.0,0.0,0.0,0.0,0.0,0.0,0.0,0.0,0.0,0.0,0.0,0.0,0.0,0.0,0.0
leagueoflegends,0.0,0.0,0.0,0.0,0.0,0.0,0.0,0.0,0.0,0.0,0.0,8.333333333333332,0.0,8.333333333333332,0.0,0.0,0.0,0.0,0.0,0.0,0.0,0.0,0.0,0.0,0.0,0.0,0.0,0.0,0.0,0.0,0.0,0.0
funny,0.0,0.0,0.0,0.0,0.0,0.0,0.0,0.0,0.0,0.0,0.0,3.9215686274509802,0.0,4.901960784313726,0.0,0.9803921568627451,0.0,0.0,0.0,0.0,0.0,0.0,0.0,0.0,0.0,0.0,0.0,0.0,0.0,0.0,0.0,0.0
funny,0.0,0.0,0.0,0.0,0.0,0.0,0.0,0.0,0.0,0.0,0.0,0.0,0.0,6.666666666666667,0.0,0.0,0.0,0.0,0.0,0.0,0.0,0.0,0.0,0.0,0.0,0.0,0.0,0.0,0.0,0.0,0.0,0.0
gaming,0.0,0.0,0.0,0.0,0.0,0.0,0.0,0.0,0.0,0.0,0.0,7.368421052631578,0.0,6.315789473684211,0.0,0.0,0.0,0.0,0.0,0.0,0.0,0.0,0.0,0.0,0.0,0.0,0.0,0.0,0.0,0.0,0.0,0.0
pics,0.0,0.0,0.0,0.0,0.0,0.0,0.0,0.6644518272425249,0.6644518272425249,0.0,0.0,5.980066445182724,0.0,4.651162790697675,0.0,0.33222591362126247,0.0,0.0,0.0,0.0,0.0,0.0,0.0,0.0,0.0,0.0,0.0,0.0,0.0,0.0,0.0,0.0
funny,0.0,0.0,0.0,0.0,0.0,0.0,0.0,0.0,0.0,0.0,0.0,4.285714285714286,0.0,4.761904761904762,0.0,0.0,0.0,0.0,0.0,0.0,0.0,0.0,0.0,0.0,0.0,0.0,0.0,0.0,0.0,0.0,0.0,0.0
leagueoflegends,0.0,0.0,0.0,0.0,0.0,0.0,0.0,0.0,0.0,0.0,0.0,0.0,0.0,0.0,0.0,0.0,0.0,0.0,0.0,0.0,7.4074074074074066,0.0,0.0,0.0,0.0,0.0,0.0,0.0,0.0,0.0,0.0,0.0
gaming,0.0,0.0,0.0,0.0,0.0,0.0,0.0,0.5050505050505051,0.5050505050505051,0.0,0.0,1.0101010101010102,0.0,4.797979797979798,0.0,0.25252525252525254,0.0,0.0,0.0,0.0,0.0,0.0,0.0,0.0,0.0,0.0,0.0,0.0,0.0,0.0,0.0,0.0
leagueoflegends,0.0,0.0,0.0,0.0,0.0,0.0,0.0,0.0,0.0,0.0,0.0,5.47945205479452,0.0,5.47945205479452,0.0,0.684931506849315,0.0,0.0,0.0,0.0,0.0,0.0,0.0,0.0,0.0,0.0,0.0,0.0,0.0,0.0,0.0,0.0
pics,0.0,0.0,0.0,4.761904761904762,4.761904761904762,0.0,0.0,0.0,0.0,0.0,0.0,4.761904761904762,0.0,9.523809523809524,0.0,4.761904761904762,0.0,0.0,0.0,0.0,0.0,0.0,0.0,0.0,0.0,0.0,0.0,0.0,0.0,0.0,0.0,0.0
pics,0.0,0.0,0.0,0.0,0.0,0.0,0.0,0.0,0.0,0.0,0.0,4.761904761904762,0.0,14.285714285714285,0.0,0.0,0.0,0.0,0.0,0.0,0.0,0.0,0.0,0.0,0.0,0.0,0.0,0.0,0.0,0.0,0.0,0.0
politics,0.0,0.0,0.0,0.0,0.0,0.0,0.0,0.0,0.0,0.0,0.0,2.857142857142857,0.0,8.571428571428571,0.0,0.0,0.0,0.0,0.0,0.0,0.0,0.0,0.0,0.0,0.0,0.0,0.0,0.0,0.0,0.0,0.0,0.0
gaming,0.0,0.0,0.0,0.0,0.0,0.0,0.0,0.6521739130434783,0.6521739130434783,0.0,0.0,2.8260869565217392,0.21739130434782608,4.3478260869565215,0.0,0.0,0.0,0.0,0.0,0.0,0.43478260869565216,0.0,0.0,0.0,0.0,0.0,0.0,0.0,0.0,0.0,0.0,0.0
politics,0.0,0.0,0.0,0.0,0.0,0.0,0.0,1.0526315789473684,1.0526315789473684,0.0,0.0,4.2105263157894735,0.0,5.263157894736842,0.0,0.0,0.0,0.0,0.0,0.0,0.0,0.0,0.0,0.0,0.0,0.0,0.0,0.0,0.0,0.0,0.0,0.0
gaming,0.0,0.0,0.0,0.0,0.0,0.0,0.0,1.0084033613445378,1.0084033613445378,0.0,0.0,5.2100840336134455,0.0,4.53781512605042,0.0,0.16806722689075632,0.0,0.0,0.0,0.0,0.0,0.0,0.0,0.0,0.0,0.0,0.0,0.0,0.0,0.0,0.0,0.0
atheism,0.0,0.0,0.0,0.0,0.0,0.0,0.0,0.0,0.0,0.0,0.0,0.0,0.0,7.4074074074074066,0.0,0.0,0.0,0.0,0.0,0.0,0.0,0.0,0.0,0.0,0.0,0.0,0.0,0.0,0.0,0.0,0.0,0.0
funny,0.2688172043010753,0.0,0.0,0.2688172043010753,0.0,0.0,0.0,0.5376344086021506,0.5376344086021506,0.0,0.0,4.032258064516129,0.0,5.376344086021505,0.0,0.5376344086021506,0.0,0.0,0.0,0.0,0.2688172043010753,0.0,0.0,0.0,0.0,0.0,0.0,0.0,0.0,0.0,0.0,0.0
leagueoflegends,0.0,0.0,0.0,0.0,0.0,0.0,0.0,0.0,0.0,0.0,0.0,10.204081632653061,0.0,2.0408163265306123,0.0,0.0,0.0,0.0,0.0,0.0,0.0,0.0,0.0,0.0,0.0,0.0,0.0,0.0,0.0,0.0,0.0,0.0
leagueoflegends,0.0,0.0,0.0,0.0,0.0,0.0,0.0,0.0,0.0,1.7857142857142856,0.0,8.928571428571429,0.0,1.7857142857142856,0.0,0.0,0.0,0.0,0.0,0.0,0.0,0.0,0.0,0.0,0.0,0.0,0.0,0.0,0.0,0.0,0.0,0.0
politics,0.0,0.0,0.0,0.0,0.2915451895043732,0.0,0.8746355685131195,0.2915451895043732,0.2915451895043732,0.0,0.0,2.9154518950437316,0.0,5.539358600583091,0.0,0.2915451895043732,0.0,0.0,0.0,0.0,0.2915451895043732,0.0,0.0,0.0,0.0,0.0,0.0,0.0,0.0,0.0,0.0,0.0
atheism,0.0,0.0,0.0,0.0,0.0,0.0,0.0,0.0,0.0,0.0,0.0,2.666666666666667,0.0,1.3333333333333335,0.0,1.3333333333333335,0.0,0.0,0.0,0.0,2.666666666666667,0.0,0.0,0.0,0.0,0.0,0.0,0.0,0.0,0.0,0.0,0.0
gaming,0.0,0.0,0.0,0.0,0.0,0.0,0.0,3.6363636363636362,1.8181818181818181,0.0,0.0,1.8181818181818181,0.0,5.454545454545454,0.0,0.0,0.0,0.0,0.0,0.0,0.0,0.0,1.8181818181818181,0.0,1.8181818181818181,0.0,0.0,0.0,0.0,0.0,0.0,0.0
funny,0.0,0.0,0.0,0.0,0.0,0.0,0.0,0.0,0.0,0.0,0.0,8.0,0.0,8.0,0.0,0.0,0.0,0.0,0.0,0.0,0.0,0.0,0.0,0.0,0.0,0.0,0.0,0.0,0.0,0.0,0.0,0.0
todayilearned,0.0,0.0,0.0,2.9069767441860463,1.1627906976744187,0.0,0.0,1.744186046511628,1.1627906976744187,0.0,0.0,1.1627906976744187,0.0,4.069767441860465,0.5813953488372093,0.0,0.5813953488372093,0.0,0.0,0.0,0.0,0.0,0.5813953488372093,0.0,0.5813953488372093,0.0,0.0,0.0,0.0,0.0,0.0,0.0
pics,0.0,0.0,0.0,0.0,0.0,0.0,0.0,1.8181818181818181,1.8181818181818181,0.0,0.0,5.454545454545454,0.0,3.6363636363636362,0.0,1.8181818181818181,0.0,0.0,0.0,0.0,1.8181818181818181,0.0,0.0,0.0,0.0,0.0,0.0,0.0,0.0,0.0,0.0,0.0
leagueoflegends,0.18018018018018017,0.0,0.0,0.0,0.0,0.0,0.0,0.18018018018018017,0.18018018018018017,0.0,0.0,6.306306306306306,0.0,5.045045045045045,0.0,0.0,0.0,0.0,0.0,0.0,0.0,0.0,0.0,0.0,0.0,0.0,0.0,0.0,0.0,0.0,0.0,0.0
pics,4.3478260869565215,0.0,0.0,0.0,0.0,0.0,0.0,0.0,0.0,0.0,0.0,2.1739130434782608,0.0,4.3478260869565215,0.0,0.0,0.0,0.0,0.0,0.0,0.0,0.0,0.0,0.0,0.0,0.0,0.0,0.0,0.0,0.0,0.0,0.0
explainlikeimfive,0.0,0.0,0.0,0.0,0.0,0.0,0.0,2.9850746268656714,0.0,0.0,0.0,2.9850746268656714,1.4925373134328357,2.9850746268656714,0.0,0.0,0.0,0.0,0.0,0.0,0.0,0.0,2.9850746268656714,0.0,2.9850746268656714,0.0,0.0,0.0,0.0,0.0,0.0,0.0
explainlikeimfive,0.0,0.0,0.0,0.0,0.0,0.0,0.0,1.4598540145985401,1.4598540145985401,0.0,0.0,10.218978102189782,0.0,4.37956204379562,0.0,0.0,0.0,0.0,0.0,0.0,0.0,0.0,0.0,0.0,0.0,0.0,0.0,0.0,0.0,0.0,0.0,0.0
todayilearned,0.08620689655172414,0.0,0.0,0.0,0.0,0.0,0.08620689655172414,0.7758620689655172,0.7758620689655172,0.0,0.0,3.620689655172414,0.6896551724137931,2.327586206896552,0.0,0.08620689655172414,0.0,0.0,0.0,0.0,0.0,0.0,0.08620689655172414,0.0,0.08620689655172414,0.0,0.0,0.0,0.0,0.0,0.0,0.0
funny,1.3274336283185841,0.0,0.0,1.7699115044247788,0.0,0.0,0.0,0.8849557522123894,0.8849557522123894,0.0,0.0,3.5398230088495577,0.0,4.424778761061947,0.0,0.0,0.0,0.0,0.0,0.0,2.2123893805309733,0.0,0.0,0.0,0.0,0.0,0.0,0.0,0.0,0.0,0.0,0.0
funny,0.0,0.0,0.0,0.0,0.3676470588235294,0.0,0.0,0.0,0.0,0.0,0.0,6.25,0.0,5.514705882352941,0.0,0.3676470588235294,0.0,0.0,0.0,0.0,0.0,0.0,0.0,0.0,0.0,0.0,0.0,0.0,0.0,0.0,0.0,0.0
atheism,0.0,0.0,0.0,0.0,0.0,0.0,0.0,0.8333333333333334,0.8333333333333334,0.0,0.0,8.333333333333332,0.0,5.0,0.0,0.0,0.0,0.0,0.0,0.0,0.0,0.0,0.0,0.0,0.0,0.0,0.0,0.0,0.0,0.0,0.0,0.0
atheism,0.0,0.0,0.0,0.0,0.0,0.0,0.0,1.2345679012345678,1.2345679012345678,0.0,0.0,4.938271604938271,0.0,5.349794238683128,0.0,0.0,0.0,0.0,0.0,0.0,0.823045267489712,0.0,0.0,0.0,0.0,0.0,0.0,0.0,0.0,0.0,0.0,0.0
atheism,0.0,0.0,0.0,0.0,0.18115942028985507,0.0,0.0,0.18115942028985507,0.18115942028985507,0.0,0.0,0.7246376811594203,0.0,3.4420289855072466,0.0,0.0,0.0,0.0,0.0,0.0,0.0,0.0,0.0,0.0,0.0,0.0,0.0,0.0,0.0,0.0,0.0,0.0
funny,0.0,0.0,0.0,0.0,0.0,0.0,0.0,0.0,0.0,0.0,0.0,8.955223880597014,0.0,5.970149253731343,0.0,0.0,0.0,0.0,0.0,0.0,0.0,0.0,0.0,0.0,0.0,0.0,0.0,0.0,0.0,0.0,0.0,0.0
gaming,0.0,0.0,0.0,0.0,0.0,0.2557544757033248,0.0,0.5115089514066496,0.5115089514066496,0.0,0.0,7.41687979539642,0.0,5.115089514066496,0.0,0.2557544757033248,0.0,0.0,0.0,0.0,0.0,0.0,0.0,0.0,0.0,0.0,0.0,0.0,0.0,0.0,0.0,0.0
politics,0.0,0.0,0.0,0.0,0.0,0.0,0.0,0.0,0.0,0.0,0.0,2.564102564102564,0.0,7.6923076923076925,0.0,0.0,0.0,0.0,0.0,0.0,0.0,0.0,0.0,0.0,0.0,0.0,0.0,0.0,0.0,0.0,0.0,0.0
gaming,0.0,0.0,0.0,0.0,0.0,0.0,0.0,0.5714285714285714,0.5714285714285714,0.0,0.0,4.571428571428571,0.0,6.2857142857142865,0.0,0.5714285714285714,0.0,0.0,0.0,0.0,0.5714285714285714,0.0,0.0,0.0,0.0,0.0,0.0,0.0,0.0,0.0,0.0,0.0
atheism,0.5102040816326531,0.0,0.0,0.0,0.0,0.0,0.0,1.0204081632653061,1.0204081632653061,0.0,0.0,1.530612244897959,0.0,3.571428571428571,0.0,0.0,0.0,0.0,0.0,0.0,0.0,0.0,0.0,0.0,0.0,0.0,0.0,0.0,0.0,0.0,0.0,0.0
todayilearned,0.0,0.0,0.0,0.0,0.0,0.0,0.0,1.6867469879518073,1.4457831325301205,0.0,0.0,3.8554216867469884,0.48192771084337355,2.6506024096385543,0.48192771084337355,0.48192771084337355,0.0,0.0,0.0,0.0,0.0,0.0,0.24096385542168677,0.0,0.24096385542168677,0.0,0.0,0.0,0.0,0.0,0.0,0.0
atheism,0.0,0.0,0.0,0.0,0.0,0.0,0.2652519893899204,0.5305039787798408,0.5305039787798408,0.0,0.0,5.039787798408488,0.0,3.4482758620689653,0.0,0.2652519893899204,0.0,0.0,0.0,0.0,0.7957559681697612,0.0,0.0,0.0,0.0,0.0,0.0,0.0,0.0,0.0,0.0,0.0
politics,0.4149377593360996,0.0,0.0,1.2448132780082988,0.0,0.0,0.0,0.8298755186721992,0.8298755186721992,0.0,0.0,5.809128630705394,0.0,4.149377593360995,0.0,0.4149377593360996,2.0746887966804977,0.0,0.0,0.0,0.0,0.0,0.0,0.0,0.0,0.0,0.0,0.0,0.0,0.0,0.0,0.0
atheism,0.0,0.0,0.0,0.0,0.0,0.0,0.0,0.5780346820809248,0.5780346820809248,0.0,0.0,7.514450867052023,0.0,4.335260115606936,0.0,0.0,0.2890173410404624,0.0,0.0,0.0,0.0,0.0,0.0,0.0,0.0,0.0,0.0,0.0,0.0,0.0,0.0,0.0
atheism,0.0,0.0,0.0,0.0,0.0,0.0,0.0,0.8849557522123894,0.8849557522123894,0.0,0.0,5.3097345132743365,0.0,3.5398230088495577,0.0,0.0,0.0,0.0,0.0,0.0,1.7699115044247788,0.0,0.0,0.0,0.0,0.0,0.0,0.0,0.0,0.0,0.0,0.0
politics,0.1718213058419244,0.0,0.0,0.0,0.1718213058419244,0.0,0.0859106529209622,0.0859106529209622,0.0859106529209622,0.0,0.0,7.302405498281788,0.0,2.7491408934707904,0.0859106529209622,0.0,0.0,0.0,0.0,0.0,0.7731958762886598,0.0,0.0,0.0,0.0,0.0,0.0,0.0,0.0,0.0,0.0,0.0
politics,0.0,0.0,0.0,0.0,0.0,0.0,0.0,0.0,0.0,0.0,0.0,7.865168539325842,0.0,12.359550561797752,0.0,0.0,0.0,0.0,0.0,0.0,0.0,0.0,0.0,0.0,0.0,0.0,0.0,0.0,0.0,0.0,0.0,0.0
politics,0.0,0.0,0.0,0.0,0.0,0.0,0.0,0.0,0.0,0.0,0.0,1.744186046511628,0.0,2.3255813953488373,0.0,0.5813953488372093,0.0,0.0,0.0,0.0,0.0,0.0,0.0,0.0,0.0,0.0,0.0,0.0,0.0,0.0,0.0,0.0
politics,0.0,0.0,0.0,0.0,0.0,0.0,2.2900763358778624,0.7633587786259541,0.7633587786259541,0.0,0.0,3.816793893129771,0.0,4.961832061068702,0.0,0.38167938931297707,0.0,0.0,0.0,1.5267175572519083,0.38167938931297707,0.0,0.0,0.0,0.0,0.0,0.0,0.0,0.0,0.0,0.0,0.0
politics,0.0,0.0,0.0,0.0,0.0,0.0,0.0,0.3597122302158274,0.3597122302158274,0.0,0.0,5.755395683453238,0.0,3.237410071942446,0.0,0.0,0.0,0.0,0.0,0.0,0.0,0.0,0.0,0.0,0.0,0.0,0.0,0.0,0.0,0.0,0.0,0.0
politics,0.0,0.0,0.0,0.0,0.0,0.0,0.0,0.0,0.0,0.0,0.0,7.4074074074074066,0.0,5.555555555555555,0.0,0.0,0.0,0.0,0.0,0.0,0.0,0.0,0.0,0.0,0.0,0.0,0.0,0.0,0.0,0.0,0.0,0.0
politics,0.0,0.0,0.0,0.0,0.0,0.0,0.0,2.857142857142857,2.857142857142857,0.0,0.0,8.571428571428571,0.0,5.714285714285714,0.0,0.0,0.0,0.0,0.0,0.0,0.0,0.0,0.0,0.0,0.0,0.0,0.0,0.0,0.0,0.0,0.0,0.0
funny,0.0,0.0,0.0,0.0,0.0,0.0,0.0,0.0,0.0,0.0,0.0,0.0,0.0,3.8461538461538463,0.0,0.0,0.0,0.0,0.0,0.0,0.0,0.0,0.0,0.0,0.0,0.0,0.0,0.0,0.0,0.0,0.0,0.0
leagueoflegends,0.0,0.0,0.0,0.0,0.0,0.0,0.0,0.0,0.0,0.0,0.0,8.333333333333332,0.0,5.555555555555555,0.0,0.0,0.0,0.0,0.0,0.0,0.0,0.0,0.0,0.0,0.0,0.0,0.0,0.0,0.0,0.0,0.0,0.0
politics,0.37453183520599254,0.0,0.0,0.0,0.0,0.0,0.0,0.0,0.0,0.0,0.0,3.3707865168539324,1.4981273408239701,4.868913857677903,0.0,0.0,0.0,0.0,0.0,0.7490636704119851,0.37453183520599254,0.0,0.0,0.0,0.0,0.0,0.0,0.0,0.0,0.0,0.0,0.0
atheism,0.0,0.0,0.0,0.0,0.0,0.0,0.0,0.0,0.0,0.0,0.0,2.3255813953488373,0.0,4.651162790697675,0.0,0.0,0.0,0.0,0.0,0.0,0.0,0.0,0.0,0.0,0.0,0.0,0.0,0.0,0.0,0.0,0.0,0.0
atheism,0.0,0.0,0.0,0.0,0.0,0.0,0.0,3.7037037037037033,3.7037037037037033,0.0,0.0,1.8518518518518516,0.0,5.555555555555555,0.0,0.0,0.0,0.0,0.0,0.0,0.0,0.0,0.0,0.0,0.0,0.0,0.0,0.0,0.0,0.0,0.0,0.0
funny,1.1933174224343674,0.0,0.0,0.0,0.0,0.0,0.0,0.0,0.0,0.0,0.0,1.9093078758949882,0.0,3.579952267303103,0.0,0.23866348448687352,0.0,0.0,0.0,0.0,0.47732696897374705,0.0,0.0,0.0,0.0,0.0,0.0,0.0,0.0,0.0,0.0,0.0
funny,0.0,0.0,0.0,0.0,0.0,0.0,0.0,0.0,0.0,0.0,0.0,3.4482758620689653,0.0,5.172413793103448,0.0,0.0,0.0,0.0,0.0,0.0,0.0,0.0,0.0,0.0,0.0,0.0,0.0,0.0,0.0,0.0,0.0,0.0
atheism,0.0,0.0,0.0,0.0,0.0,0.0,0.0,0.0,0.0,0.0,0.0,9.00900900900901,0.0,5.405405405405405,0.0,0.0,0.0,0.0,0.0,0.0,1.8018018018018018,0.0,0.0,0.0,0.0,0.0,0.0,0.0,0.0,0.0,0.0,0.0
atheism,0.0,0.0,0.0,0.0,0.0,0.0,0.0,0.42194092827004215,0.42194092827004215,0.0,0.0,5.063291139240507,0.0,5.9071729957805905,0.0,0.0,0.0,0.0,0.0,0.42194092827004215,0.0,0.0,0.0,0.0,0.0,0.0,0.0,0.0,0.0,0.0,0.0,0.0
atheism,0.5115089514066496,0.0,0.0,0.0,0.0,0.0,0.2557544757033248,0.5115089514066496,0.5115089514066496,0.0,0.0,3.324808184143223,0.0,3.324808184143223,0.0,0.0,0.0,0.0,0.0,0.0,0.0,0.0,0.0,0.0,0.0,0.0,0.0,0.0,0.0,0.0,0.0,0.0
gaming,0.0,0.0,0.0,0.0,0.0,0.0,0.0,1.5873015873015872,1.5873015873015872,0.0,0.0,4.761904761904762,0.0,7.936507936507936,0.0,0.0,0.0,0.0,0.0,0.0,1.5873015873015872,0.0,0.0,0.0,0.0,0.0,0.0,0.0,0.0,0.0,0.0,0.0
pics,0.0,0.0,0.0,0.0,0.0,0.0,0.0,1.5151515151515151,1.5151515151515151,0.0,0.0,0.0,0.0,4.545454545454546,0.0,0.0,0.0,0.0,0.0,0.0,0.0,0.0,0.0,0.0,0.0,0.0,0.0,0.0,0.0,0.0,0.0,0.0
pics,0.0,0.0,0.0,0.0,0.0,0.0,0.0,0.0,0.0,0.0,0.0,6.018518518518518,0.0,4.166666666666666,0.0,1.3888888888888888,0.0,0.0,0.0,0.0,0.0,0.0,0.0,0.0,0.0,0.0,0.0,0.0,0.0,0.0,0.0,0.0
gaming,0.0,0.0,0.0,0.0,0.0,0.0,0.0,0.0,0.0,0.0,0.0,7.017543859649122,0.0,7.017543859649122,0.0,0.0,0.0,0.0,0.0,0.0,0.0,0.0,0.0,0.0,0.0,0.0,0.0,0.0,0.0,0.0,0.0,0.0
gaming,0.0,0.0,0.0,0.0,0.0,0.0,0.0,0.4524886877828055,0.4524886877828055,0.0,0.0,5.88235294117647,0.0,4.524886877828054,0.0,0.0,0.0,0.0,0.0,0.0,0.0,0.0,0.0,0.0,0.0,0.0,0.0,0.0,0.0,0.0,0.0,0.0
explainlikeimfive,0.0,0.0,0.0,0.0,0.0,0.0,0.0,0.0,0.0,0.0,0.0,10.256410256410255,0.0,6.41025641025641,0.0,0.0,1.282051282051282,0.0,0.0,0.0,0.0,0.0,0.0,0.0,0.0,0.0,0.0,0.0,0.0,0.0,0.0,0.0
funny,0.0,0.0,0.0,0.0,0.0,0.0,0.0,0.6622516556291391,0.6622516556291391,0.0,0.0,1.3245033112582782,0.0,5.298013245033113,0.0,0.0,0.0,0.0,0.0,0.0,0.6622516556291391,0.0,0.0,0.0,0.0,0.0,0.0,0.0,0.0,0.0,0.0,0.0
AdviceAnimals,0.0,0.0,0.0,0.0,0.0,0.0,0.0,0.0,0.0,0.0,0.0,1.4492753623188406,0.0,5.797101449275362,0.0,0.0,0.0,0.0,0.0,0.0,0.0,0.0,0.0,0.0,0.0,0.0,0.0,0.0,0.0,0.0,0.0,0.0
pics,5.88235294117647,0.0,0.0,0.0,0.0,0.0,0.0,0.0,0.0,0.0,0.0,2.941176470588235,0.0,2.941176470588235,0.0,0.0,0.0,0.0,0.0,0.0,2.941176470588235,0.0,0.0,0.0,0.0,0.0,0.0,0.0,0.0,0.0,0.0,0.0
gaming,0.0,0.0,0.0,0.0,0.0,0.0,0.0,3.6585365853658534,3.6585365853658534,0.0,0.0,3.6585365853658534,0.0,3.6585365853658534,0.0,0.0,0.0,0.0,0.0,0.0,0.0,0.0,0.0,0.0,0.0,0.0,0.0,0.0,0.0,0.0,0.0,0.0
leagueoflegends,0.0,0.0,0.0,0.0,0.0,0.0,0.0,0.0,0.0,0.0,0.0,6.60377358490566,0.0,3.7735849056603774,0.0,0.0,0.9433962264150944,0.0,0.0,0.0,0.0,0.0,0.0,0.0,0.0,0.0,0.0,0.0,0.0,0.0,0.0,0.0
leagueoflegends,0.0,0.0,0.0,0.0,0.0,0.0,0.0,0.0,0.0,0.0,0.0,0.0,0.0,16.666666666666664,0.0,0.0,0.0,0.0,0.0,0.0,0.0,0.0,0.0,0.0,0.0,0.0,0.0,0.0,0.0,0.0,0.0,0.0
atheism,0.0,0.0,0.0,0.0,0.0,0.0,0.0,0.0,0.0,0.0,0.0,2.6694045174537986,0.0,5.95482546201232,0.0,0.20533880903490762,0.0,0.0,0.0,0.0,0.0,0.0,0.0,0.0,0.0,0.0,0.0,0.0,0.0,0.0,0.0,0.0
atheism,0.0,0.0,0.0,0.0,0.0,0.0,0.0,0.0,0.0,0.0,0.0,0.0,0.0,9.090909090909092,0.0,0.0,0.0,0.0,0.0,0.0,0.0,0.0,0.0,0.0,0.0,0.0,0.0,0.0,0.0,0.0,0.0,0.0
atheism,0.0,0.0,0.0,0.0,0.0,0.0,0.0,1.550387596899225,1.550387596899225,0.0,0.0,2.3255813953488373,0.0,4.651162790697675,0.0,0.0,0.0,0.0,0.0,0.0,0.0,0.0,0.0,0.0,0.0,0.0,0.0,0.0,0.0,0.0,0.0,0.0
pics,0.0,0.0,0.0,0.0,0.0,0.0,0.0,0.9900990099009901,0.9900990099009901,0.0,0.0,3.9603960396039604,0.0,3.9603960396039604,0.0,0.0,0.0,0.0,0.0,0.0,0.0,0.0,0.0,0.0,0.0,0.0,0.0,0.0,0.0,0.0,0.0,0.0
pics,0.0,0.0,0.0,0.0,0.0,0.0,0.0,0.0,0.0,0.0,0.0,4.411764705882353,0.0,7.352941176470589,0.0,0.0,0.0,0.0,0.0,0.0,0.0,0.0,0.0,0.0,0.0,0.0,0.0,0.0,0.0,0.0,0.0,0.0
gaming,0.0,0.0,0.0,0.0,0.0,0.0,0.0,0.0,0.0,0.0,0.0,0.0,0.0,1.8867924528301887,0.0,0.0,0.0,0.0,0.0,0.0,1.8867924528301887,0.0,0.0,0.0,0.0,0.0,0.0,0.0,0.0,0.0,0.0,0.0
atheism,0.0,0.0,0.0,0.0,0.0,0.0,0.0,0.0,0.0,0.0,0.0,5.128205128205128,0.0,6.41025641025641,0.0,0.0,0.0,0.0,0.0,0.0,1.282051282051282,0.0,0.0,0.0,0.0,0.0,0.0,0.0,0.0,0.0,0.0,0.0
gaming,0.0,0.0,0.0,0.0,0.0,0.0,0.0,1.25,1.25,0.0,0.0,1.875,0.0,5.625,0.0,0.0,0.0,0.0,0.0,0.0,0.0,0.0,0.0,0.0,0.0,0.0,0.0,0.0,0.0,0.0,0.0,0.0
gaming,0.0,0.0,0.0,0.0,0.0,0.0,0.0,1.3513513513513513,1.3513513513513513,0.0,0.0,2.027027027027027,0.0,4.054054054054054,0.0,0.6756756756756757,0.0,0.0,0.0,0.0,0.0,0.0,0.0,0.0,0.0,0.0,0.0,0.0,0.0,0.0,0.0,0.0
gaming,0.0,0.0,0.0,0.0,0.0,0.0,0.0,0.0,0.0,0.0,0.0,5.617977528089887,0.0,5.617977528089887,0.0,0.0,0.0,0.0,0.0,0.0,0.0,0.0,0.0,0.0,0.0,0.0,0.0,0.0,0.0,0.0,0.0,0.0
atheism,0.0,0.0,0.0,0.0,0.0,0.0,0.0,1.0416666666666665,1.0416666666666665,0.0,0.0,6.25,0.0,8.333333333333332,0.0,0.0,0.0,0.0,0.0,0.0,3.125,0.0,0.0,0.0,0.0,0.0,0.0,0.0,0.0,0.0,0.0,0.0
atheism,0.6944444444444444,0.0,0.0,0.0,0.0,0.0,0.0,0.0,0.0,0.0,0.0,7.638888888888889,0.0,2.7777777777777777,0.0,0.0,0.0,0.0,0.0,0.0,1.3888888888888888,0.0,0.0,0.0,0.0,0.0,0.0,0.0,0.0,0.0,0.0,0.0
atheism,0.0,0.0,0.0,0.0,0.0,0.0,0.0,1.7391304347826086,0.8695652173913043,0.0,0.0,3.4782608695652173,0.0,1.7391304347826086,0.0,0.8695652173913043,0.0,0.0,0.0,0.0,2.608695652173913,0.0,0.8695652173913043,0.0,0.8695652173913043,0.0,0.0,0.0,0.0,0.0,0.0,0.0
atheism,0.0,0.0,0.0,0.0,0.0,0.5063291139240507,0.0,0.0,0.0,0.0,0.0,7.848101265822785,0.0,4.050632911392405,0.0,0.25316455696202533,0.5063291139240507,0.0,0.0,0.0,0.0,0.0,0.0,0.0,0.0,0.0,0.0,0.0,0.0,0.0,0.0,0.0
politics,0.0,0.0,0.0,0.0,1.4388489208633095,0.7194244604316548,0.0,0.0,0.0,0.0,0.0,2.877697841726619,0.0,3.597122302158273,0.0,1.4388489208633095,0.0,0.0,0.0,0.0,0.0,0.0,0.0,0.0,0.0,0.0,0.0,0.0,0.0,0.0,0.0,0.0
gaming,0.0,0.0,0.0,0.0,0.0,0.0,0.0,0.0,0.0,0.0,0.0,9.210526315789473,0.0,6.578947368421052,0.0,0.0,0.0,0.0,0.0,0.0,0.0,0.0,0.0,0.0,0.0,0.0,0.0,0.0,0.0,0.0,0.0,0.0
gaming,0.0,0.0,0.0,0.0,0.0,0.0,1.639344262295082,0.0,0.0,0.0,0.0,4.098360655737705,0.0,3.278688524590164,0.0,0.819672131147541,0.0,0.0,0.0,0.0,1.639344262295082,0.0,0.0,0.0,0.0,0.0,0.0,0.0,0.0,0.0,0.0,0.0
gaming,0.0,0.0,0.0,1.2195121951219512,0.40650406504065045,0.0,0.40650406504065045,2.0325203252032518,2.0325203252032518,0.0,0.0,2.8455284552845526,0.0,6.504065040650407,0.0,0.40650406504065045,0.0,0.0,0.0,0.0,0.40650406504065045,0.0,0.0,0.0,0.0,0.0,0.0,0.0,0.0,0.0,0.0,0.0
leagueoflegends,0.0,0.0,0.0,0.0,0.0,0.0,5.0,5.0,5.0,0.0,0.0,10.0,0.0,0.0,0.0,0.0,0.0,0.0,0.0,0.0,0.0,0.0,0.0,0.0,0.0,0.0,0.0,0.0,0.0,0.0,0.0,0.0
politics,0.0,0.0,0.0,0.0,0.0,0.0,0.0,0.35335689045936397,0.35335689045936397,0.0,0.0,4.946996466431095,0.0,4.593639575971731,0.0,1.0600706713780919,0.0,0.0,0.0,0.0,1.0600706713780919,0.0,0.0,0.0,0.0,0.0,0.0,0.0,0.0,0.0,0.0,0.0
gaming,0.0,0.0,0.0,0.0,0.0,0.0,0.0,1.0101010101010102,1.0101010101010102,0.0,0.0,3.0303030303030303,0.0,4.545454545454546,0.0,0.0,0.0,0.0,0.0,0.0,0.0,0.0,0.0,0.0,0.0,0.0,0.0,0.0,0.0,0.0,0.0,0.0
atheism,0.0,0.0,0.0,0.0,0.0,0.0,0.0,0.5847953216374269,0.5847953216374269,0.0,0.0,0.1949317738791423,0.0,6.432748538011696,0.0,0.0,0.0,0.0,0.0,0.0,0.0,0.0,0.0,0.0,0.0,0.0,0.0,0.0,0.0,0.0,0.0,0.0
politics,0.0,0.0,0.0,0.0,0.0,0.0,0.0,0.28653295128939826,0.28653295128939826,0.0,0.0,2.5787965616045847,0.0,6.017191977077363,0.0,0.5730659025787965,0.28653295128939826,0.0,0.0,0.5730659025787965,0.0,0.0,0.0,0.0,0.0,0.0,0.0,0.0,0.0,0.0,0.0,0.0
politics,0.0,0.0,0.0,0.0,0.0,0.0,0.0,0.0,0.0,0.0,0.0,3.7037037037037033,0.0,5.555555555555555,0.0,0.0,0.0,0.0,0.0,0.0,0.0,0.0,0.0,0.0,0.0,0.0,0.0,0.0,0.0,0.0,0.0,0.0
leagueoflegends,0.0,0.0,0.0,0.0,0.0,0.0,0.0,0.5181347150259068,0.5181347150259068,0.0,0.0,2.5906735751295336,0.0,5.181347150259067,0.0,0.0,0.0,0.0,0.0,0.0,0.0,0.0,0.0,0.0,0.0,0.0,0.0,0.0,0.0,0.0,0.0,0.0
funny,0.0,0.0,0.0,0.0,0.0,0.0,0.0,0.0,0.0,0.0,0.0,2.631578947368421,0.0,7.894736842105263,0.0,0.0,0.0,0.0,0.0,0.0,0.0,0.0,0.0,0.0,0.0,0.0,0.0,0.0,0.0,0.0,0.0,0.0
funny,0.0,0.0,0.0,0.0,0.0,0.0,0.0,0.0,0.0,0.0,0.0,8.333333333333332,0.0,4.166666666666666,0.0,0.0,0.0,0.0,0.0,0.0,0.0,0.0,0.0,0.0,0.0,0.0,0.0,0.0,0.0,0.0,0.0,0.0
politics,0.0,0.0,0.0,0.0,0.0,0.0,1.3513513513513513,0.0,0.0,0.0,0.0,5.0675675675675675,0.0,4.054054054054054,0.0,0.0,0.0,0.0,0.0,0.0,0.0,0.0,0.0,0.0,0.0,0.0,0.0,0.0,0.0,0.0,0.0,0.0
politics,0.0,0.0,0.0,0.0,0.0,0.0,0.0,0.9389671361502347,0.9389671361502347,0.0,0.0,1.8779342723004695,0.0,4.694835680751173,0.0,1.4084507042253522,0.9389671361502347,0.0,0.0,0.0,1.4084507042253522,0.0,0.0,0.0,0.0,0.0,0.0,0.0,0.0,0.0,0.0,0.0
atheism,0.0,0.0,0.0,0.0,0.0,0.0,0.0,0.0,0.0,0.0,0.0,2.4390243902439024,2.4390243902439024,0.0,0.0,0.0,0.0,0.0,0.0,0.0,0.0,0.0,0.0,0.0,0.0,0.0,0.0,0.0,0.0,0.0,0.0,0.0
atheism,0.0,0.0,0.0,0.0,0.0,0.0,0.0,0.9433962264150944,0.9433962264150944,0.0,0.0,3.7735849056603774,0.0,8.49056603773585,0.0,0.9433962264150944,0.0,0.0,0.0,0.0,0.0,0.0,0.0,0.0,0.0,0.0,0.0,0.0,0.0,0.0,0.0,0.0
leagueoflegends,0.0,0.0,0.0,0.0,0.9090909090909091,0.0,0.0,0.0,0.0,0.0,0.0,6.363636363636363,0.0,6.363636363636363,0.0,0.0,0.0,0.0,0.0,0.0,0.9090909090909091,0.0,0.0,0.0,0.0,0.0,0.0,0.0,0.0,0.0,0.0,0.0
politics,0.0,0.0,0.0,0.0,0.0,0.0,0.0,0.2564102564102564,0.2564102564102564,0.0,0.0,5.897435897435897,0.0,4.615384615384616,0.0,0.2564102564102564,0.0,0.0,0.0,0.0,0.5128205128205128,0.0,0.0,0.0,0.0,0.0,0.0,0.0,0.0,0.0,0.0,0.0
politics,0.0,0.0,0.0,0.0,0.625,0.0,0.0,0.625,0.625,0.0,0.0,3.75,0.0,3.125,0.0,0.0,0.0,0.0,0.0,0.0,2.5,0.0,0.0,0.0,0.0,0.0,0.0,0.0,0.0,0.0,0.0,0.0
politics,0.0,0.0,0.0,0.0,0.0,0.0,0.0,3.9603960396039604,1.9801980198019802,0.0,0.0,3.9603960396039604,0.0,7.920792079207921,0.0,0.9900990099009901,0.0,0.0,0.0,0.0,0.0,0.0,0.9900990099009901,0.0,1.9801980198019802,0.0,0.0,0.0,0.0,0.0,0.0,0.0
politics,0.0,0.0,0.0,0.0,0.0,0.0,0.0,0.0,0.0,0.0,0.0,8.080808080808081,0.0,4.040404040404041,0.0,0.0,0.0,0.0,0.0,0.0,1.0101010101010102,0.0,0.0,0.0,0.0,0.0,0.0,0.0,0.0,0.0,0.0,0.0
politics,0.0,0.0,0.0,0.0,0.0,0.0,0.0,1.342281879194631,0.6711409395973155,0.0,0.0,2.684563758389262,0.0,4.697986577181208,0.0,0.0,0.0,0.0,0.0,0.0,0.0,0.0,0.0,0.0,0.0,0.0,0.0,0.0,0.0,0.0,0.0,0.0
politics,0.0,0.0,0.0,0.9433962264150944,0.0,0.0,0.0,1.8867924528301887,1.8867924528301887,0.0,0.0,5.660377358490567,0.0,6.60377358490566,0.0,1.8867924528301887,0.0,0.0,0.0,0.0,0.9433962264150944,0.0,0.0,0.0,0.0,0.0,0.0,0.0,0.0,0.0,0.0,0.0
politics,0.0,0.0,0.0,0.0,0.0,0.0,0.2008032128514056,0.30120481927710846,0.30120481927710846,0.0,0.0,4.518072289156627,0.0,2.4096385542168677,0.0,0.1004016064257028,0.0,0.0,0.0,0.0,0.2008032128514056,0.0,0.0,0.0,0.0,0.0,0.0,0.0,0.0,0.0,0.0,0.0
todayilearned,0.0,0.0,0.0,0.0,0.0,0.0,0.0,0.6060606060606061,0.6060606060606061,0.0,0.0,4.848484848484849,0.0,4.848484848484849,0.0,0.0,0.0,0.0,0.0,0.0,0.6060606060606061,0.0,0.0,0.0,0.0,0.0,0.0,0.0,0.0,0.0,0.0,0.0
todayilearned,0.0,0.0,0.0,0.0,2.185792349726776,0.0,0.0,0.0,0.0,0.0,0.0,2.185792349726776,0.0,4.918032786885246,0.0,0.546448087431694,0.0,0.0,0.0,0.0,1.092896174863388,0.0,0.0,0.0,0.0,0.0,0.0,0.0,0.0,0.0,0.0,0.0
todayilearned,0.0,0.0,0.0,3.4722222222222223,0.0,0.0,0.0,0.0,0.0,0.0,0.0,0.0,0.0,4.166666666666666,0.0,0.0,0.0,0.0,0.0,0.0,0.0,0.0,0.0,0.0,0.0,0.0,0.0,0.0,0.0,0.0,0.0,0.0
todayilearned,0.0,0.0,0.0,0.0,0.0,0.0,0.0,0.45662100456621,0.45662100456621,0.0,0.0,5.47945205479452,0.0,4.5662100456621,0.0,0.0,0.0,0.0,0.0,0.0,0.0,0.0,0.0,0.0,0.0,0.0,0.0,0.0,0.0,0.0,0.0,0.0
funny,0.4273504273504274,0.0,0.0,0.0,0.0,0.0,0.0,1.282051282051282,1.282051282051282,0.0,0.0,3.418803418803419,0.0,4.273504273504273,0.0,0.0,0.0,0.0,0.0,0.0,0.0,0.0,0.0,0.0,0.0,0.0,0.0,0.0,0.0,0.0,0.0,0.0
gaming,0.0,0.0,0.0,0.0,0.0,0.0,0.0,0.0,0.0,0.0,0.0,3.2520325203252036,0.0,6.504065040650407,0.0,0.0,0.0,0.0,0.0,0.0,0.0,0.0,0.0,0.0,0.0,0.0,0.0,0.0,0.0,0.0,0.0,0.0
gaming,0.0,0.0,0.0,0.0,0.0,0.0,0.0,0.0,0.0,0.0,0.0,2.05761316872428,0.0,6.995884773662551,0.0,0.411522633744856,0.0,0.0,0.0,0.0,0.411522633744856,0.0,0.0,0.0,0.0,0.0,0.0,0.0,0.0,0.0,0.0,0.0
atheism,0.0,0.0,0.0,0.0,0.0,0.0,0.0,0.2127659574468085,0.2127659574468085,0.0,0.0,2.7659574468085104,0.0,5.106382978723404,0.0,0.0,0.2127659574468085,0.0,0.0,0.0,0.2127659574468085,0.0,0.0,0.0,0.0,0.0,0.0,0.0,0.0,0.0,0.0,0.0
politics,0.0,0.0,0.0,0.0,0.6535947712418301,0.0,0.0,2.6143790849673203,3.9215686274509802,0.0,0.0,3.2679738562091507,1.3071895424836601,5.88235294117647,0.0,0.6535947712418301,0.0,0.0,0.0,0.0,0.6535947712418301,0.0,0.0,0.0,0.0,0.0,0.0,0.0,0.0,0.0,0.0,0.0
politics,0.0,0.0,0.0,0.0,0.0,0.0,0.0,0.8849557522123894,0.8849557522123894,0.0,0.0,4.424778761061947,0.0,7.964601769911504,0.0,0.0,0.0,0.0,0.0,0.0,0.8849557522123894,0.0,0.0,0.0,0.0,0.0,0.0,0.0,0.0,0.0,0.0,0.0
politics,0.0,0.0,0.0,0.0,0.0,0.0,0.0,0.0,0.0,0.0,0.0,4.918032786885246,0.0,6.557377049180328,0.0,0.0,0.0,0.0,0.0,0.0,3.278688524590164,0.0,0.0,0.0,0.0,0.0,0.0,0.0,0.0,0.0,0.0,0.0
politics,0.0,0.0,0.0,0.0,0.0,0.0,0.0,0.8771929824561403,0.8771929824561403,0.0,0.0,2.631578947368421,0.0,3.508771929824561,0.0,0.8771929824561403,0.0,0.0,0.0,0.0,0.8771929824561403,0.0,0.0,0.0,0.0,0.0,0.0,0.0,0.0,0.0,0.0,0.0
politics,0.0,0.0,0.0,0.0,0.0,0.0,0.0,1.5151515151515151,1.5151515151515151,0.0,0.0,0.7575757575757576,0.0,2.272727272727273,0.0,0.0,0.0,0.0,0.0,0.0,0.0,0.0,0.0,0.0,0.0,0.0,0.0,0.0,0.0,0.0,0.0,0.0
politics,0.0,0.0,0.0,0.0,0.0,0.0,0.0,0.0,0.0,0.0,0.0,3.048780487804878,0.0,4.2682926829268295,0.0,0.6097560975609756,0.0,0.0,0.0,0.0,3.048780487804878,0.0,0.0,0.0,0.0,0.0,0.0,0.0,0.0,0.0,0.0,0.0
gaming,0.0,0.0,0.0,0.0,0.0,0.0,0.5813953488372093,0.0,0.0,0.0,0.0,4.069767441860465,0.0,4.069767441860465,0.0,0.0,0.5813953488372093,0.0,0.0,0.5813953488372093,0.0,0.0,0.5813953488372093,0.0,0.5813953488372093,0.0,0.0,0.0,0.0,0.0,0.0,0.0
pics,0.0,0.0,0.0,0.0,0.0,0.0,0.0,1.3513513513513513,0.0,0.0,0.0,4.054054054054054,0.0,4.054054054054054,0.0,1.3513513513513513,0.0,0.0,0.0,0.0,0.0,0.0,1.3513513513513513,0.0,1.3513513513513513,0.0,0.0,0.0,0.0,0.0,0.0,0.0
leagueoflegends,0.0,0.0,0.0,0.0,0.0,0.0,0.0,1.2987012987012987,1.2987012987012987,0.0,0.0,2.5974025974025974,0.0,3.896103896103896,0.0,0.0,0.0,0.0,0.0,0.0,1.2987012987012987,0.0,0.0,0.0,0.0,0.0,0.0,0.0,0.0,0.0,0.0,0.0
gaming,0.0,0.0,0.0,0.0,0.0,0.0,0.0,0.0,0.0,0.0,0.0,2.912621359223301,0.0,3.8834951456310676,0.0,0.0,0.0,0.0,0.0,0.0,0.0,0.0,0.0,0.0,0.0,0.0,0.0,0.0,0.0,0.0,0.0,0.0
leagueoflegends,0.0,0.0,0.0,0.0,0.0,0.0,0.0,1.1494252873563218,1.1494252873563218,0.0,0.0,1.1494252873563218,0.0,4.597701149425287,0.0,0.0,0.0,0.0,0.0,0.0,2.2988505747126435,0.0,0.0,0.0,0.0,0.0,0.0,0.0,0.0,0.0,0.0,0.0
explainlikeimfive,0.0,0.0,0.0,0.0,0.0,0.0,0.0,1.0101010101010102,1.0101010101010102,0.0,0.0,5.05050505050505,0.0,5.05050505050505,0.0,0.0,0.0,0.0,0.0,0.0,1.0101010101010102,0.0,0.0,0.0,0.0,0.0,0.0,0.0,0.0,0.0,0.0,0.0
gaming,0.0,0.0,0.0,0.0,0.6896551724137931,0.0,0.0,0.0,2.0689655172413794,0.0,0.0,4.827586206896552,0.0,5.517241379310345,0.0,0.6896551724137931,0.0,0.0,0.6896551724137931,0.0,0.0,0.0,0.0,0.0,0.0,0.0,0.0,0.0,0.0,0.0,0.0,0.0
atheism,0.0,0.0,0.0,0.0,0.0,0.0,0.0,0.0,0.0,0.0,0.0,4.336043360433604,0.0,6.775067750677506,0.0,0.27100271002710025,0.0,0.0,0.0,0.0,0.0,0.0,0.0,0.0,0.0,0.0,0.0,0.0,0.0,0.0,0.0,0.0
funny,1.3333333333333335,0.0,0.0,1.3333333333333335,0.0,0.0,0.0,1.3333333333333335,1.3333333333333335,0.0,0.0,0.0,0.0,5.333333333333334,0.0,0.0,0.0,0.0,0.0,0.0,0.0,0.0,0.0,0.0,0.0,0.0,0.0,0.0,0.0,0.0,0.0,0.0
funny,0.0,0.0,0.0,0.0,0.0,0.0,0.0,0.0,0.0,0.0,0.0,6.666666666666667,0.0,6.666666666666667,0.0,0.0,0.0,0.0,0.0,0.0,2.2222222222222223,0.0,0.0,0.0,0.0,0.0,0.0,0.0,0.0,0.0,0.0,0.0
explainlikeimfive,0.0,0.0,0.0,0.0,0.0,0.0,0.0,0.0,0.0,0.0,0.0,9.183673469387756,0.0,5.1020408163265305,0.0,0.0,0.0,0.0,0.0,0.0,0.0,0.0,0.0,0.0,0.0,0.0,0.0,0.0,0.0,0.0,0.0,0.0
politics,0.4716981132075472,0.0,0.0,0.0,0.0,0.0,0.0,0.4716981132075472,0.4716981132075472,0.0,0.0,7.0754716981132075,0.0,5.188679245283019,0.0,1.4150943396226416,0.0,0.0,0.0,0.0,0.4716981132075472,0.0,0.0,0.0,0.0,0.0,0.0,0.0,0.0,0.0,0.0,0.0
atheism,0.0,0.0,0.0,0.0,0.0,0.0,0.0,0.0,0.0,0.0,0.0,3.2467532467532463,0.0,5.194805194805195,0.0,0.0,0.0,0.0,0.0,0.0,0.0,0.0,0.0,0.0,0.0,0.0,0.0,0.0,0.0,0.0,0.0,0.0
todayilearned,11.818181818181818,0.0,0.0,0.0,0.0,0.0,0.0,0.9090909090909091,0.9090909090909091,0.0,0.0,5.454545454545454,0.0,5.454545454545454,0.0,0.0,0.0,0.0,0.0,0.0,0.0,0.0,0.0,0.0,0.0,0.0,0.0,0.0,0.0,0.0,0.0,0.0
todayilearned,2.0,0.0,0.0,0.0,0.0,0.0,0.0,0.0,0.0,0.0,0.0,2.0,0.0,4.0,0.0,0.0,0.0,0.0,0.0,0.0,0.0,0.0,0.0,0.0,0.0,0.0,0.0,0.0,0.0,0.0,0.0,0.0
funny,0.0,0.0,0.0,0.0,0.0,0.0,0.0,0.0,0.0,0.0,0.0,0.0,0.0,7.894736842105263,0.0,0.0,0.0,0.0,0.0,0.0,0.0,0.0,0.0,0.0,0.0,0.0,0.0,0.0,0.0,0.0,0.0,0.0
funny,0.0,0.0,0.0,0.0,0.0,0.0,0.0,1.36986301369863,1.36986301369863,0.0,0.0,6.8493150684931505,0.0,8.21917808219178,0.0,0.0,0.0,0.0,0.0,0.0,0.0,0.0,0.0,0.0,0.0,0.0,0.0,0.0,0.0,0.0,0.0,0.0
atheism,0.0,0.0,0.0,0.0,0.0,0.0,0.0,0.0,0.0,0.0,0.0,3.361344537815126,0.0,5.88235294117647,0.0,0.0,0.0,0.0,0.0,0.0,0.0,0.0,0.0,0.0,0.0,0.0,0.0,0.0,0.0,0.0,0.0,0.0
atheism,0.0,0.0,0.0,0.0,0.0,0.0,0.0,0.6024096385542169,0.6024096385542169,0.0,0.0,4.819277108433735,0.0,6.024096385542169,0.0,0.0,0.0,0.0,0.0,0.0,0.0,0.0,0.0,0.0,0.0,0.0,0.0,0.0,0.0,0.0,0.0,0.0
atheism,0.0,0.0,0.0,0.0,0.0,0.0,0.0,0.0,0.0,0.0,0.0,4.195804195804196,0.0,3.4965034965034967,0.0,0.0,0.0,0.0,0.0,0.0,1.3986013986013985,0.0,0.0,0.0,0.0,0.0,0.0,0.0,0.0,0.0,0.0,0.0
gaming,0.0,0.0,0.0,0.0,2.0202020202020203,0.0,0.0,2.0202020202020203,2.0202020202020203,0.0,0.0,5.05050505050505,0.0,3.0303030303030303,0.0,1.0101010101010102,1.0101010101010102,0.0,0.0,0.0,0.0,0.0,0.0,0.0,0.0,0.0,0.0,0.0,0.0,0.0,0.0,0.0
gaming,0.0,0.0,0.0,0.0,0.0,0.0,1.5873015873015872,0.0,0.0,0.0,0.0,3.1746031746031744,0.0,3.1746031746031744,0.0,0.0,0.0,0.0,0.0,0.0,0.0,0.0,0.0,0.0,0.0,0.0,0.0,0.0,0.0,0.0,0.0,0.0
gaming,0.0,0.0,0.0,0.0,0.0,0.0,0.0,0.0,0.0,0.0,0.0,0.0,0.0,7.6923076923076925,0.0,0.0,0.0,0.0,0.0,0.0,0.0,0.0,0.0,0.0,0.0,0.0,0.0,0.0,0.0,0.0,0.0,0.0
gaming,0.0,0.0,0.0,0.0,0.0,0.0,1.0309278350515463,6.185567010309279,0.0,0.0,0.0,4.123711340206185,0.0,4.123711340206185,0.0,0.0,0.0,0.0,0.0,0.0,5.154639175257731,0.0,6.185567010309279,0.0,6.185567010309279,0.0,0.0,0.0,0.0,0.0,0.0,0.0
funny,0.0,0.0,0.0,0.0,0.0,0.0,0.0,1.3888888888888888,0.0,0.0,0.0,0.0,0.0,5.555555555555555,0.0,0.0,0.0,0.0,0.0,0.0,0.0,0.0,1.3888888888888888,0.0,1.3888888888888888,0.0,0.0,0.0,0.0,0.0,0.0,0.0
gaming,0.0,0.0,0.0,0.0,0.0,0.0,0.0,0.0,0.0,0.0,0.0,1.7699115044247788,0.0,7.079646017699115,0.0,0.8849557522123894,0.0,0.0,0.0,0.0,0.0,0.0,0.0,0.0,0.0,0.0,0.0,0.0,0.0,0.0,0.0,0.0
leagueoflegends,0.0,0.0,0.0,0.0,0.0,0.0,0.0,0.0,0.0,0.0,0.0,3.8461538461538463,0.0,4.807692307692308,0.0,0.0,0.0,0.0,0.0,0.0,0.0,0.0,0.0,0.0,0.0,0.0,0.0,0.0,0.0,0.0,0.0,0.0
leagueoflegends,0.591715976331361,0.0,0.0,0.0,0.0,0.0,0.0,1.7751479289940828,1.7751479289940828,0.0,0.0,2.366863905325444,0.0,4.142011834319527,0.0,1.183431952662722,0.0,0.0,0.0,0.0,0.0,0.0,0.0,0.0,0.0,0.0,0.0,0.0,0.0,0.0,0.0,0.0
gaming,0.0,0.0,0.0,0.0,0.0,0.0,0.0,0.0,0.0,0.0,0.0,1.7543859649122806,0.0,3.508771929824561,0.0,0.0,0.0,0.0,0.0,0.0,0.0,0.0,0.0,0.0,0.0,0.0,0.0,0.0,0.0,0.0,0.0,0.0
funny,0.0,0.0,0.0,0.0,0.0,0.0,0.5494505494505495,0.5494505494505495,0.5494505494505495,0.0,0.0,3.8461538461538463,0.0,7.142857142857142,0.0,0.0,0.0,0.0,0.0,0.0,0.0,0.0,0.0,0.0,0.0,0.0,0.0,0.0,0.0,0.0,0.0,0.0
atheism,0.8264462809917356,0.0,0.0,0.0,0.0,0.0,0.0,0.2066115702479339,0.2066115702479339,0.0,0.0,7.43801652892562,0.0,2.6859504132231407,0.0,0.2066115702479339,0.2066115702479339,0.0,0.0,0.4132231404958678,0.4132231404958678,0.0,0.0,0.0,0.0,0.0,0.0,0.0,0.0,0.0,0.0,0.0
politics,0.0,0.0,0.0,0.0,0.0,0.0,0.0,0.0,0.0,0.0,0.0,3.8834951456310676,0.0,3.8834951456310676,0.0,0.0,0.9708737864077669,0.0,0.0,0.0,0.0,0.0,0.0,0.0,0.0,0.0,0.0,0.0,0.0,0.0,0.0,0.0
atheism,0.0,0.0,0.0,0.0,0.0,0.0,0.0,0.0,0.0,0.0,0.0,4.3478260869565215,0.0,5.434782608695652,0.0,0.0,1.0869565217391304,0.0,0.0,0.0,0.0,0.0,0.0,0.0,0.0,0.0,0.0,0.0,0.0,0.0,0.0,0.0
gaming,0.0,0.0,0.0,0.0,0.0,0.0,1.1764705882352942,0.0,0.0,0.0,0.0,0.0,0.0,4.705882352941177,0.0,0.0,0.0,0.0,0.0,0.0,0.0,0.0,0.0,0.0,0.0,0.0,0.0,0.0,0.0,0.0,0.0,0.0
leagueoflegends,0.0,0.0,0.0,0.0,0.0,0.0,0.0,0.7352941176470588,0.7352941176470588,0.0,0.0,2.2058823529411766,0.0,4.411764705882353,0.7352941176470588,0.0,0.0,0.0,0.0,0.0,0.0,0.0,0.0,0.0,0.0,0.0,0.0,0.0,0.0,0.0,0.0,0.0
gaming,0.0,0.0,0.0,0.0,0.0,0.0,0.0,0.0,0.0,0.0,0.0,2.083333333333333,0.0,4.166666666666666,0.0,0.0,0.0,0.0,0.0,0.0,0.0,0.0,0.0,0.0,0.0,0.0,0.0,0.0,0.0,0.0,0.0,0.0
explainlikeimfive,0.0,0.0,0.0,0.0,0.0,0.0,0.0,0.0,0.0,0.0,0.0,0.0,0.0,0.0,0.0,0.0,0.0,0.0,0.0,0.0,0.0,0.0,0.0,0.0,0.0,0.0,0.0,0.0,0.0,0.0,0.0,0.0
explainlikeimfive,0.0,0.0,0.0,0.0,0.0,0.0,0.0,1.3392857142857142,1.3392857142857142,0.0,0.0,11.607142857142858,0.0,3.125,0.0,0.0,0.0,0.0,0.0,0.0,0.0,0.0,0.0,0.0,0.0,0.0,0.0,0.0,0.0,0.0,0.0,0.0
explainlikeimfive,0.0,0.0,0.0,0.0,0.0,0.0,0.0,1.0752688172043012,1.0752688172043012,0.0,0.0,1.0752688172043012,0.0,5.376344086021505,0.0,0.0,0.0,0.0,0.0,0.0,1.0752688172043012,0.0,0.0,0.0,0.0,0.0,0.0,0.0,0.0,0.0,0.0,0.0
explainlikeimfive,0.0,0.0,0.0,0.0,0.0,0.0,0.0,2.5974025974025974,0.0,0.0,0.0,2.5974025974025974,0.0,5.194805194805195,0.0,1.2987012987012987,0.0,0.0,0.0,0.0,0.0,0.0,2.5974025974025974,0.0,2.5974025974025974,0.0,0.0,0.0,0.0,0.0,0.0,0.0
explainlikeimfive,0.0,0.0,0.0,0.0,0.0,0.0,0.0,0.0,0.0,0.0,0.0,2.3255813953488373,2.3255813953488373,2.3255813953488373,0.0,0.0,0.0,0.0,0.0,0.0,0.0,0.0,0.0,0.0,0.0,0.0,0.0,0.0,0.0,0.0,0.0,0.0
atheism,0.0,0.0,0.0,0.0,0.0,0.0,0.0,1.1363636363636365,1.5151515151515151,0.0,0.0,3.4090909090909087,0.0,4.166666666666666,0.0,1.893939393939394,0.0,0.0,0.0,1.893939393939394,0.3787878787878788,0.0,0.0,0.0,0.0,0.0,0.0,0.0,0.0,0.0,0.0,0.0
atheism,0.0,0.0,0.0,0.0,0.0,0.0,0.0,0.0,0.0,0.0,0.0,9.090909090909092,0.0,7.792207792207792,0.0,0.0,0.0,0.0,0.0,0.0,1.2987012987012987,0.0,0.0,0.0,0.0,0.0,0.0,0.0,0.0,0.0,0.0,0.0
atheism,0.0,0.0,0.0,0.0,0.0,0.0,0.0,0.6666666666666667,0.6666666666666667,0.0,0.0,2.666666666666667,0.0,3.3333333333333335,0.0,0.0,0.0,0.0,0.0,0.0,0.0,0.0,0.0,0.0,0.0,0.0,0.0,0.0,0.0,0.0,0.0,0.0
atheism,0.0,0.0,0.5882352941176471,0.0,0.0,0.0,0.0,0.0,0.0,0.0,0.0,4.705882352941177,0.0,7.647058823529412,0.0,0.0,0.0,0.0,0.0,0.0,0.0,0.0,0.0,0.0,0.0,0.0,0.0,0.0,0.0,0.0,0.0,0.0
atheism,0.4273504273504274,0.0,0.0,0.0,0.0,0.0,2.1367521367521367,0.0,0.0,0.0,0.0,0.4273504273504274,0.0,5.555555555555555,0.0,0.0,0.0,0.0,0.0,0.0,0.4273504273504274,0.0,0.0,0.0,0.0,0.0,0.0,0.0,0.0,0.0,0.0,0.0
atheism,0.2762430939226519,0.0,0.0,0.0,0.0,0.0,0.0,0.5524861878453038,0.5524861878453038,0.0,0.0,6.353591160220995,0.0,7.18232044198895,0.0,0.2762430939226519,0.0,0.0,0.0,0.0,0.5524861878453038,0.0,0.2762430939226519,0.0,0.2762430939226519,0.0,0.0,0.0,0.0,0.0,0.0,0.0
atheism,0.0,0.0,0.0,0.0,0.0,0.0,0.0,0.0,0.0,0.0,0.0,4.430379746835443,0.0,10.126582278481013,0.0,0.0,0.0,0.0,0.0,0.0,0.0,0.0,0.0,0.0,0.0,0.0,0.0,0.0,0.0,0.0,0.0,0.0
atheism,0.0,0.0,0.0,0.0,0.0,0.0,0.0,0.8403361344537815,0.8403361344537815,0.0,0.0,5.88235294117647,0.0,5.042016806722689,0.0,0.0,0.0,0.0,0.0,0.0,0.0,0.0,0.0,0.0,0.0,0.0,0.0,0.0,0.0,0.0,0.0,0.0
atheism,0.3058103975535168,0.0,0.0,0.0,0.3058103975535168,0.0,0.0,0.9174311926605505,0.9174311926605505,0.0,0.0,2.4464831804281344,0.0,3.669724770642202,0.0,0.0,0.0,0.0,0.0,0.0,0.0,0.0,0.0,0.0,0.0,0.0,0.0,0.0,0.0,0.0,0.0,0.0
funny,0.4464285714285714,0.0,0.8928571428571428,0.0,0.0,0.0,0.0,0.0,0.0,0.0,0.0,0.0,0.0,7.142857142857142,0.0,0.4464285714285714,0.0,0.0,0.0,0.0,0.0,0.0,0.0,0.0,0.0,0.0,0.0,0.0,0.0,0.0,0.0,0.0
pics,0.0,0.0,0.0,0.0,0.0,0.0,0.0,1.36986301369863,1.36986301369863,0.0,0.0,5.47945205479452,0.0,8.21917808219178,0.0,0.0,0.0,0.0,0.0,0.0,1.36986301369863,0.0,0.0,0.0,0.0,0.0,0.0,0.0,0.0,0.0,0.0,0.0
atheism,0.0,0.0,0.0,0.0,0.0,0.0,0.0,1.1111111111111112,1.1111111111111112,0.0,0.0,3.888888888888889,0.0,5.555555555555555,0.0,0.5555555555555556,0.0,0.0,0.0,0.0,0.0,0.0,0.0,0.0,0.0,0.0,0.0,0.0,0.0,0.0,0.0,0.0
leagueoflegends,0.0,0.0,0.22779043280182232,0.0,0.9111617312072893,0.0,0.0,0.22779043280182232,0.0,0.0,0.0,5.694760820045558,0.0,4.100227790432802,0.0,0.0,0.0,0.0,0.0,0.0,0.0,0.0,0.22779043280182232,0.0,0.22779043280182232,0.0,0.0,0.0,0.0,0.0,0.0,0.0
AdviceAnimals,0.0,0.0,0.0,0.0,0.0,0.0,0.0,0.0,0.0,0.0,0.0,6.474820143884892,0.0,3.597122302158273,0.0,0.0,0.7194244604316548,0.0,0.0,0.0,0.0,0.0,0.0,0.0,0.0,0.0,0.0,0.0,0.0,0.0,0.0,0.0
atheism,0.0,0.0,0.0,0.0,0.0,0.0,0.0,0.0,0.0,0.0,0.0,4.0,0.0,4.0,0.0,0.0,0.0,0.0,0.0,0.0,0.0,0.0,0.0,0.0,0.0,0.0,0.0,0.0,0.0,0.0,0.0,0.0
funny,0.0,0.0,0.0,0.0,0.0,0.0,0.0,0.0,0.0,0.0,0.0,4.854368932038835,0.0,6.796116504854369,0.0,0.0,0.0,0.0,0.0,0.0,0.0,0.0,0.0,0.0,0.0,0.0,0.0,0.0,0.0,0.0,0.0,0.0
funny,0.0,0.0,0.0,0.0,0.0,0.0,0.0,1.2048192771084338,1.2048192771084338,0.0,0.0,5.421686746987952,0.0,7.83132530120482,0.0,0.6024096385542169,0.0,0.0,0.0,0.0,0.0,0.0,0.0,0.0,0.0,0.0,0.0,0.0,0.0,0.0,0.0,0.0
funny,0.0,0.0,0.0,0.0,0.0,0.0,0.0,0.0,0.0,0.0,0.0,5.128205128205128,0.0,2.564102564102564,0.0,3.205128205128205,0.0,0.0,0.0,0.0,0.0,0.0,0.0,0.0,0.0,0.0,0.0,0.0,0.0,0.0,0.0,0.0
politics,0.0,0.0,0.0,0.0,0.3105590062111801,1.2422360248447204,0.3105590062111801,0.6211180124223602,0.6211180124223602,0.0,0.0,4.968944099378882,0.0,4.037267080745342,0.0,0.3105590062111801,0.0,0.0,0.0,0.0,0.0,0.0,0.0,0.0,0.0,0.0,0.0,0.0,0.0,0.0,0.0,0.0
politics,0.0,0.0,0.0,0.5291005291005291,1.0582010582010581,0.0,0.5291005291005291,0.0,0.0,0.0,0.0,7.936507936507936,0.5291005291005291,5.82010582010582,0.0,0.0,0.0,0.0,0.0,1.5873015873015872,0.5291005291005291,0.0,0.0,0.0,0.0,0.0,0.0,0.0,0.0,0.0,0.0,0.0
gaming,0.0,0.0,0.0,0.0,0.0,0.0,0.0,0.0,0.0,0.0,0.0,1.3888888888888888,0.0,4.166666666666666,0.0,0.0,0.0,0.0,0.0,0.0,0.0,0.0,0.0,0.0,0.0,0.0,0.0,0.0,0.0,0.0,0.0,0.0
gaming,0.41753653444676403,0.0,0.0,0.0,0.0,0.0,0.41753653444676403,1.8789144050104383,1.8789144050104383,0.0,0.0,2.7139874739039667,0.20876826722338201,5.427974947807933,0.0,0.41753653444676403,0.0,0.20876826722338201,0.0,0.0,0.0,0.0,0.0,0.0,0.0,0.0,0.0,0.0,0.0,0.0,0.0,0.0
politics,1.5463917525773196,0.0,0.0,0.0,0.0,0.0,0.0,0.0,0.0,0.0,0.0,4.123711340206185,0.0,1.0309278350515463,0.0,0.5154639175257731,0.0,0.0,0.0,0.0,3.0927835051546393,0.0,0.0,0.0,0.0,0.0,0.0,0.0,0.0,0.0,0.0,0.0
leagueoflegends,0.0,0.0,0.0,0.0,0.0,0.0,0.0,0.0,0.0,0.0,0.0,9.859154929577464,0.0,4.929577464788732,0.7042253521126761,0.0,1.4084507042253522,0.0,0.0,0.0,0.0,0.0,0.0,0.0,0.0,0.0,0.0,0.0,0.0,0.0,0.0,0.0
pics,0.0,0.0,0.0,0.0,0.0,0.0,0.0,0.0,0.0,0.0,0.0,1.5384615384615385,0.0,4.615384615384616,0.0,0.0,0.0,0.0,0.0,0.0,0.0,0.0,0.0,0.0,0.0,0.0,0.0,0.0,0.0,0.0,0.0,0.0
atheism,0.0,0.0,0.0,0.0,0.0,0.0,0.0,0.0,0.0,0.0,0.0,2.3529411764705883,0.0,4.705882352941177,0.0,0.0,0.0,0.0,0.0,0.0,0.0,0.0,0.0,0.0,0.0,0.0,0.0,0.0,0.0,0.0,0.0,0.0
atheism,0.0,0.0,0.0,0.0,0.0,0.0,0.0,0.0,0.0,0.0,0.0,4.294478527607362,0.0,5.521472392638037,0.0,0.0,0.0,0.0,0.0,0.0,0.6134969325153374,0.0,0.0,0.0,0.0,0.0,0.0,0.0,0.0,0.0,0.0,0.0
leagueoflegends,0.0,0.0,0.0,0.0,0.0,0.0,0.0,0.0,0.0,0.0,0.0,10.81081081081081,0.0,5.405405405405405,0.0,0.0,0.0,0.0,0.0,0.0,0.0,0.0,0.0,0.0,0.0,0.0,0.0,0.0,0.0,0.0,0.0,0.0
leagueoflegends,0.0,0.0,0.0,0.0,0.0,0.0,0.0,1.9607843137254901,1.9607843137254901,0.0,0.0,0.0,0.0,0.0,0.0,0.0,0.0,0.0,0.0,0.0,0.0,0.0,0.0,0.0,0.0,0.0,0.0,0.0,0.0,0.0,0.0,0.0
leagueoflegends,0.0,0.0,0.0,0.0,0.966183574879227,0.0,0.0,1.4492753623188406,1.4492753623188406,0.0,0.0,2.898550724637681,0.966183574879227,5.797101449275362,0.0,0.0,0.0,0.0,0.0,0.0,0.0,0.4830917874396135,0.0,0.0,0.0,0.0,0.0,0.0,0.0,0.0,0.0,0.0
politics,0.0,0.0,0.0,0.0,0.0,0.0,0.0,1.7543859649122806,1.7543859649122806,0.0,0.0,1.7543859649122806,0.0,3.508771929824561,0.0,0.0,0.0,0.0,0.0,0.0,0.0,0.0,0.0,0.0,0.0,0.0,0.0,0.0,0.0,0.0,0.0,0.0
funny,0.0,0.0,0.0,0.0,0.0,0.0,0.0,0.0,0.0,0.0,0.0,0.0,0.0,25.0,0.0,0.0,0.0,0.0,0.0,0.0,0.0,0.0,0.0,0.0,0.0,0.0,0.0,0.0,0.0,0.0,0.0,0.0
funny,0.0,0.0,0.0,0.0,0.0,0.0,0.0,2.2222222222222223,0.0,0.0,0.0,6.666666666666667,0.0,6.666666666666667,0.0,0.0,0.0,0.0,0.0,0.0,0.0,0.0,2.2222222222222223,0.0,2.2222222222222223,0.0,0.0,0.0,0.0,0.0,0.0,0.0
funny,0.0,0.0,0.0,0.0,0.0,0.0,0.0,0.5025125628140703,0.5025125628140703,0.0,0.0,2.0100502512562812,0.0,3.015075376884422,0.0,0.5025125628140703,0.0,0.0,0.0,0.0,0.0,0.0,0.0,0.0,0.0,0.0,0.0,0.0,0.0,0.0,0.0,0.0
AdviceAnimals,0.0,0.0,0.0,0.0,0.0,0.0,1.1764705882352942,0.0,0.0,0.0,0.0,8.235294117647058,0.0,3.5294117647058822,0.0,0.0,1.1764705882352942,0.0,0.0,0.0,0.0,0.0,0.0,0.0,0.0,0.0,0.0,0.0,0.0,0.0,0.0,0.0
funny,0.0,0.0,0.0,0.0,0.0,0.0,0.0,1.639344262295082,0.0,0.0,0.0,2.459016393442623,0.0,3.278688524590164,0.0,0.819672131147541,0.0,0.0,0.0,0.0,0.819672131147541,0.0,1.639344262295082,0.0,1.639344262295082,0.0,0.0,0.0,0.0,0.0,0.0,0.0
atheism,0.45454545454545453,0.0,0.0,0.0,0.0,0.0,0.0,1.3636363636363635,1.3636363636363635,0.0,0.0,10.454545454545453,0.0,5.0,0.0,0.0,0.0,0.0,0.0,0.0,0.0,0.0,0.0,0.0,0.0,0.0,0.0,0.0,0.0,0.0,0.0,0.0
pics,1.2345679012345678,0.0,0.0,0.0,0.0,0.0,0.0,0.0,0.0,0.0,0.0,7.4074074074074066,0.0,4.938271604938271,0.0,0.0,0.0,0.0,0.0,0.0,0.0,0.0,0.0,0.0,0.0,0.0,0.0,0.0,0.0,0.0,0.0,0.0
AdviceAnimals,0.0,0.0,0.0,0.0,1.2658227848101267,0.0,0.0,0.0,0.0,0.0,0.0,10.126582278481013,0.0,5.063291139240507,0.0,0.0,0.0,0.0,0.0,0.0,0.0,0.0,0.0,0.0,0.0,0.0,0.0,0.0,0.0,0.0,0.0,0.0
AdviceAnimals,0.0,0.0,0.0,0.36900369003690037,0.0,0.0,0.0,0.0,0.0,0.0,0.0,4.059040590405904,0.0,5.166051660516605,0.0,0.0,0.0,0.0,0.0,0.0,0.0,0.0,0.0,0.0,0.0,0.0,0.0,0.0,0.0,0.0,0.0,0.0
explainlikeimfive,0.0,0.0,0.0,0.0,0.0,0.0,0.0,0.28328611898017,0.28328611898017,0.0,0.0,3.1161473087818696,0.0,3.9660056657223794,0.0,0.28328611898017,0.0,0.0,0.0,0.0,0.0,0.0,0.0,0.0,0.0,0.0,0.0,0.0,0.0,0.0,0.0,0.0
funny,1.8867924528301887,0.0,0.0,0.0,0.0,0.0,0.0,1.8867924528301887,0.0,0.0,0.0,1.8867924528301887,0.0,5.660377358490567,0.0,0.0,0.0,0.0,0.0,0.0,0.0,0.0,0.0,0.0,1.8867924528301887,0.0,0.0,0.0,0.0,0.0,0.0,0.0
gaming,0.08748906386701663,0.0,0.0,0.0,0.0,0.0,0.0,0.17497812773403326,0.17497812773403326,0.0,0.0,7.961504811898513,0.0,4.899387576552931,0.0,0.0,0.0,0.0,0.0,0.0,0.4374453193350831,0.0,0.0,0.0,0.0,0.0,0.0,0.0,0.0,0.0,0.0,0.0
pics,0.0,0.0,0.0,0.0,0.0,0.0,0.0,0.0,0.0,0.0,0.0,3.7735849056603774,0.0,7.547169811320755,0.0,0.0,0.0,0.0,0.0,0.0,0.628930817610063,0.0,0.0,0.0,0.0,0.0,0.0,0.0,0.0,0.0,0.0,0.0
gaming,0.0,0.0,0.0,0.0,0.0,0.0,0.0,0.8620689655172413,0.8620689655172413,0.0,0.0,0.8620689655172413,0.0,5.172413793103448,0.0,0.0,0.0,0.0,0.0,0.0,0.0,0.0,0.0,0.0,0.0,0.0,0.0,0.0,0.0,0.0,0.0,0.0
politics,0.4807692307692308,0.0,0.0,1.4423076923076923,1.4423076923076923,0.0,0.0,0.4807692307692308,0.4807692307692308,0.0,0.0,3.3653846153846154,0.0,4.807692307692308,0.4807692307692308,0.0,0.0,0.0,0.0,0.0,0.9615384615384616,0.0,0.0,0.0,0.0,0.0,0.0,0.0,0.0,0.0,0.0,0.0
politics,0.0,0.0,0.0,0.0,0.0,0.0,0.0,0.0,0.0,0.0,0.0,2.1739130434782608,0.0,3.260869565217391,0.0,0.0,0.0,0.0,0.0,0.0,0.0,0.0,0.0,0.0,0.0,0.0,0.0,0.0,0.0,0.0,0.0,0.0
atheism,0.0,0.0,0.0,0.0,0.0,0.0,0.0,0.4123711340206186,0.4123711340206186,0.0,0.0,2.88659793814433,0.0,3.5051546391752577,0.0,0.0,0.0,0.0,0.0,0.0,0.0,0.0,0.2061855670103093,0.0,0.2061855670103093,0.0,0.0,0.0,0.0,0.0,0.0,0.0
pics,0.0,0.0,0.0,0.0,0.0,0.0,0.0,0.0,0.0,0.0,0.0,1.2987012987012987,0.0,6.493506493506493,0.0,0.0,0.0,0.0,0.0,0.0,0.0,0.0,0.0,0.0,0.0,0.0,0.0,0.0,0.0,0.0,0.0,0.0
pics,0.0,0.0,0.0,0.0,0.0,0.0,0.0,0.26246719160104987,0.26246719160104987,0.0,0.0,3.149606299212598,0.0,4.724409448818897,0.0,0.0,0.0,0.0,0.0,0.0,0.0,0.0,0.0,0.0,0.0,0.0,0.0,0.0,0.0,0.0,0.0,0.0
pics,0.0,0.0,0.0,0.0,0.0,0.0,0.0,0.9771986970684038,0.9771986970684038,0.0,0.0,3.908794788273615,0.0,2.6058631921824107,0.0,0.0,0.0,0.0,0.0,0.0,0.0,0.0,0.0,0.0,0.0,0.0,0.0,0.0,0.0,0.0,0.0,0.0
todayilearned,0.0,0.0,4.081632653061225,0.0,0.0,4.081632653061225,0.0,6.122448979591836,0.0,0.0,0.0,0.0,0.0,4.081632653061225,0.0,0.0,4.081632653061225,0.0,0.0,0.0,0.0,0.0,6.122448979591836,0.0,6.122448979591836,0.0,2.0408163265306123,0.0,0.0,0.0,0.0,0.0
gaming,0.0,0.0,0.0,0.0,0.0,0.0,0.0,1.597051597051597,1.4742014742014742,0.0,0.0,3.43980343980344,0.12285012285012285,6.142506142506143,0.12285012285012285,0.12285012285012285,0.0,0.0,0.0,0.36855036855036855,0.12285012285012285,0.0,0.2457002457002457,0.0,0.2457002457002457,0.0,0.0,0.0,0.0,0.0,0.0,0.0
atheism,0.0,0.0,0.0,0.0,0.0,0.0,0.0,0.5208333333333333,0.5208333333333333,0.0,0.0,3.125,0.0,5.208333333333334,0.0,0.0,0.0,0.0,0.0,0.0,0.0,0.0,0.0,0.0,0.0,0.0,0.0,0.0,0.0,0.0,0.0,0.0
atheism,0.0,0.0,0.0,0.0,0.0,0.0,0.0,0.0,0.0,0.0,0.0,6.666666666666667,0.0,3.7037037037037033,0.0,0.0,0.0,0.0,0.0,0.0,0.7407407407407408,0.0,0.0,0.0,0.0,0.0,0.0,0.0,0.0,0.0,0.0,0.0
pics,0.7215007215007215,0.0,0.0,0.0,0.0,0.0,0.0,0.4329004329004329,0.4329004329004329,0.0,0.0,2.7417027417027415,0.0,2.7417027417027415,0.0,0.0,0.0,0.0,0.0,0.0,0.4329004329004329,0.0,0.0,0.0,0.0,0.0,0.0,0.0,0.0,0.0,0.0,0.0
funny,0.0,0.0,0.0,0.0,0.0,0.0,0.0,0.0,0.0,0.0,0.0,2.941176470588235,0.0,4.411764705882353,0.0,0.0,0.0,0.0,0.0,0.0,0.0,0.0,0.0,0.0,0.0,0.0,0.0,0.0,0.0,0.0,0.0,0.0
funny,0.0,0.0,0.0,0.0,0.0,0.0,0.0,3.488372093023256,3.488372093023256,0.0,0.0,6.395348837209303,0.0,4.651162790697675,0.0,0.0,0.5813953488372093,0.0,0.0,0.0,0.5813953488372093,0.0,0.5813953488372093,0.0,0.5813953488372093,0.0,0.0,0.0,0.0,0.0,0.0,0.0
pics,0.0,0.0,0.0,0.0,0.0,0.0,0.0,0.0,0.0,0.0,0.0,3.2679738562091507,0.0,6.535947712418301,0.0,0.0,0.0,0.0,0.0,0.0,3.2679738562091507,0.0,0.0,0.0,0.0,0.0,0.0,0.0,0.0,0.0,0.0,0.0
AdviceAnimals,0.0,0.0,0.0,0.0,0.0,0.0,0.0,0.6024096385542169,0.6024096385542169,0.0,0.0,3.614457831325301,0.0,6.024096385542169,0.0,0.0,0.0,0.0,0.0,0.0,0.0,0.0,0.0,0.0,0.0,0.0,0.0,0.0,0.0,0.0,0.0,0.0
AdviceAnimals,2.0,0.0,0.0,0.0,0.0,0.0,0.0,0.0,0.0,0.0,0.0,2.0,0.0,6.0,0.0,2.0,0.0,0.0,0.0,0.0,0.0,0.0,0.0,0.0,0.0,0.0,0.0,0.0,0.0,0.0,0.0,0.0
explainlikeimfive,0.19880715705765406,0.0,0.0,1.3916500994035785,0.9940357852882704,0.0,0.0,0.0,0.3976143141153081,0.0,0.19880715705765406,5.7654075546719685,0.0,5.566600397614314,0.0,0.0,0.0,0.0,0.0,0.0,0.7952286282306162,0.0,0.0,0.0,0.0,0.0,0.0,0.0,0.0,0.0,0.0,0.0
politics,0.0,0.0,0.0,0.0,0.0,0.0,0.0,2.197802197802198,2.197802197802198,0.0,0.0,3.296703296703297,1.098901098901099,2.197802197802198,0.0,0.0,0.0,0.0,0.0,0.0,0.0,0.0,0.0,0.0,0.0,0.0,0.0,0.0,0.0,0.0,0.0,0.0
pics,0.0,0.0,0.0,0.0,0.0,0.0,0.9174311926605505,0.0,0.0,0.0,0.0,2.7522935779816518,0.0,4.587155963302752,0.0,0.9174311926605505,0.0,0.0,0.0,0.0,0.0,0.0,0.0,0.0,0.0,0.0,0.0,0.0,0.0,0.0,0.0,0.0
pics,0.0,0.0,0.0,0.0,0.0,0.0,0.0,0.0,0.0,0.0,0.0,10.0,0.0,0.0,0.0,0.0,0.0,0.0,0.0,0.0,10.0,0.0,0.0,0.0,0.0,0.0,0.0,0.0,0.0,0.0,0.0,0.0
AdviceAnimals,0.0,0.0,0.0,0.0,0.0,0.0,0.0,0.0,0.0,0.0,0.0,3.296703296703297,0.0,6.593406593406594,0.0,0.0,0.0,0.0,0.0,0.0,0.0,0.0,0.0,0.0,0.0,0.0,0.0,0.0,0.0,0.0,0.0,0.0
politics,0.0,0.0,0.0,0.0,0.0,0.0,0.7299270072992701,0.7299270072992701,0.7299270072992701,0.0,0.0,3.64963503649635,0.0,5.839416058394161,0.0,0.0,0.0,0.0,0.0,0.0,0.0,0.0,0.0,0.0,0.0,0.0,0.0,0.0,0.0,0.0,0.0,0.0
politics,0.0,0.0,0.0,1.0130246020260492,0.1447178002894356,0.5788712011577424,0.0,1.1577424023154848,1.1577424023154848,0.0,0.0,7.091172214182344,0.0,4.486251808972503,0.0,0.723589001447178,0.43415340086830684,0.0,0.0,0.0,0.723589001447178,0.0,0.0,0.0,0.0,0.0,0.0,0.0,0.0,0.0,0.0,0.0
politics,0.0,0.0,0.0,0.0,0.0,0.0,0.0,0.0,0.0,0.0,0.0,4.10958904109589,0.0,8.21917808219178,0.0,0.0,0.0,0.0,0.0,0.0,2.73972602739726,0.0,0.0,0.0,0.0,0.0,0.0,0.0,0.0,0.0,0.0,0.0
politics,0.0,0.0,0.0,0.0,0.0,0.0,1.4814814814814816,0.0,0.0,0.0,0.0,7.4074074074074066,0.0,7.4074074074074066,0.0,0.0,0.0,0.0,0.0,0.0,0.7407407407407408,0.0,0.0,0.0,0.0,0.0,0.0,0.0,0.0,0.0,0.0,0.0
politics,0.0,0.0,0.0,0.42016806722689076,0.0,0.0,0.0,2.100840336134454,2.100840336134454,0.0,0.0,4.201680672268908,0.8403361344537815,3.361344537815126,0.0,0.8403361344537815,0.0,0.0,0.0,0.0,0.8403361344537815,0.0,0.0,0.0,0.0,0.0,0.0,0.0,0.0,0.0,0.0,0.0
politics,0.0,0.0,0.0,0.0,0.0,0.0,0.0,0.0,0.0,0.0,0.0,5.434782608695652,0.0,5.434782608695652,0.0,0.0,0.0,0.0,0.0,0.0,0.0,0.0,0.0,0.0,0.0,0.0,0.0,0.0,0.0,0.0,0.0,0.0
politics,0.0,0.0,0.0,0.0,0.0,0.0,0.0,0.0,0.0,0.0,0.0,0.0,0.0,12.5,0.0,0.0,0.0,0.0,0.0,0.0,0.0,0.0,0.0,0.0,0.0,0.0,0.0,0.0,0.0,0.0,0.0,0.0
politics,0.0,0.0,0.0,0.0,0.0,0.0,0.0,0.24390243902439024,0.24390243902439024,0.0,0.0,6.097560975609756,0.0,2.195121951219512,0.0,0.0,0.0,0.0,0.0,0.0,1.951219512195122,0.0,0.0,0.0,0.0,0.0,0.0,0.0,0.0,0.0,0.0,0.0
politics,0.0,0.0,0.0,0.0,0.0,0.0,0.46511627906976744,0.46511627906976744,0.46511627906976744,0.0,0.0,6.976744186046512,0.0,3.7209302325581395,0.0,0.0,0.0,0.0,0.0,0.9302325581395349,2.3255813953488373,0.0,0.0,0.0,0.0,0.0,0.0,0.0,0.0,0.0,0.0,0.0
atheism,0.0,0.0,0.0,0.0,0.0,0.0,0.0,0.6172839506172839,0.6172839506172839,0.0,0.0,8.024691358024691,0.0,4.938271604938271,0.0,0.0,0.6172839506172839,0.0,0.0,0.0,0.0,0.0,0.0,0.0,0.0,0.0,0.0,0.0,0.0,0.0,0.0,0.0
funny,0.0,0.0,0.0,0.0,0.0,0.0,0.0,0.0,0.0,0.0,0.0,0.0,0.0,4.761904761904762,0.0,0.0,0.0,0.0,0.0,0.0,0.0,0.0,0.0,0.0,0.0,0.0,0.0,0.0,0.0,0.0,0.0,0.0
pics,0.0,0.0,0.0,0.0,0.0,0.0,0.0,0.0,0.0,0.0,0.0,1.0309278350515463,0.0,4.123711340206185,0.0,0.0,0.0,0.0,0.0,0.0,0.0,0.0,0.0,0.0,0.0,0.0,0.0,0.0,0.0,0.0,0.0,0.0
gaming,0.0,0.0,0.0,1.4705882352941175,0.0,0.0,0.0,1.4705882352941175,1.4705882352941175,0.0,0.0,1.4705882352941175,0.0,8.823529411764707,0.0,0.0,0.0,0.0,0.0,0.0,0.0,0.0,0.0,0.0,0.0,0.0,0.0,0.0,0.0,0.0,0.0,0.0
politics,0.0,0.0,0.0,0.0,0.0,0.0,0.0,0.0,0.0,0.0,0.0,3.0303030303030303,0.0,3.0303030303030303,0.0,0.0,0.0,0.0,0.0,0.0,0.0,0.0,0.0,0.0,0.0,0.0,0.0,0.0,0.0,0.0,0.0,0.0
gaming,0.0,0.0,0.0,0.0,0.0,0.0,0.0,3.6630036630036633,3.6630036630036633,0.0,0.0,6.227106227106227,0.0,4.029304029304029,0.0,0.7326007326007326,1.098901098901099,0.0,0.0,0.0,0.0,0.0,0.0,0.0,0.0,0.0,0.0,0.0,0.0,0.0,0.0,0.0
atheism,0.0,0.0,0.0,0.0,0.0,0.0,0.0,0.5,0.5,0.0,0.0,3.0,0.0,6.5,0.0,0.0,0.0,0.0,0.0,0.0,2.5,0.0,0.0,0.0,0.0,0.0,0.0,0.0,0.0,0.0,0.0,0.0
atheism,0.0,0.0,0.0,0.0,0.0,0.0,0.0,0.0,0.0,0.0,0.0,0.0,0.0,7.142857142857142,0.0,0.0,0.0,0.0,0.0,0.0,0.0,0.0,0.0,0.0,0.0,0.0,0.0,0.0,0.0,0.0,0.0,0.0
funny,0.0,0.0,0.0,0.0,0.0,0.0,0.0,0.6756756756756757,0.6756756756756757,0.0,0.0,6.081081081081082,0.0,4.054054054054054,0.0,0.0,1.3513513513513513,0.0,0.0,0.0,0.6756756756756757,0.0,0.0,0.0,0.0,0.0,0.0,0.0,0.0,0.0,0.0,0.0
funny,1.8518518518518516,0.0,0.0,0.0,0.0,0.0,0.0,0.0,0.0,0.0,0.0,2.7777777777777777,0.0,4.62962962962963,0.0,0.0,0.0,0.0,0.0,0.0,0.0,0.0,0.9259259259259258,0.0,0.9259259259259258,0.0,0.0,0.0,0.0,0.0,0.0,0.0
leagueoflegends,0.6802721088435374,0.0,0.0,0.0,0.0,0.0,0.0,0.6802721088435374,0.6802721088435374,0.0,0.0,6.802721088435375,0.0,4.081632653061225,0.0,0.0,0.0,0.0,0.0,0.0,0.0,0.0,0.0,0.0,0.0,0.0,0.0,0.0,0.0,0.0,0.0,0.0
politics,0.0,0.0,0.0,0.0,0.0,0.0,0.0,0.0,0.0,0.0,0.0,2.6200873362445414,0.0,3.056768558951965,0.43668122270742354,0.0,0.43668122270742354,0.0,0.0,0.0,0.0,0.0,0.0,0.0,0.0,0.0,0.0,0.0,0.0,0.0,0.0,0.0
leagueoflegends,0.0,0.0,0.0,0.0,0.0,0.0,0.0,0.0,0.0,0.0,0.0,1.5873015873015872,0.0,4.761904761904762,0.0,0.0,0.0,0.0,0.0,0.0,0.0,0.0,0.0,0.0,0.0,0.0,0.0,0.0,0.0,0.0,0.0,0.0
atheism,0.0,0.0,0.0,0.0,0.0,0.0,0.0,1.2987012987012987,1.2987012987012987,0.0,0.0,7.792207792207792,0.0,6.493506493506493,0.0,0.0,0.0,0.0,0.0,0.0,0.0,0.0,0.0,0.0,0.0,0.0,0.0,0.0,0.0,0.0,0.0,0.0
leagueoflegends,0.0,0.0,0.0,0.0,0.0,0.0,0.0,0.0,0.0,0.0,0.0,2.459016393442623,0.0,4.098360655737705,0.0,0.0,0.0,0.0,0.0,0.0,0.0,0.0,0.0,0.0,0.0,0.0,0.0,0.0,0.0,0.0,0.0,0.0
leagueoflegends,0.0,0.0,0.0,0.0,0.0,0.0,0.0,0.5617977528089888,0.5617977528089888,0.0,0.0,6.179775280898876,0.0,3.3707865168539324,0.0,0.0,0.0,0.0,0.0,0.0,0.0,0.0,0.0,0.0,0.0,0.0,0.0,0.0,0.0,0.0,0.0,0.0
leagueoflegends,0.0,0.0,0.0,0.0,0.0,0.0,0.0,0.0,0.0,0.0,0.0,3.0303030303030303,0.0,6.0606060606060606,0.0,0.0,0.0,0.0,0.0,0.0,0.0,0.0,0.0,0.0,0.0,0.0,0.0,0.0,0.0,0.0,0.0,0.0
funny,0.0,0.0,0.0,0.0,0.0,0.0,0.0,1.3333333333333335,2.0,0.0,0.0,5.333333333333334,0.0,4.666666666666667,0.0,0.6666666666666667,0.6666666666666667,0.0,0.0,0.0,0.0,0.0,0.0,0.0,0.0,0.0,0.0,0.0,0.0,0.0,0.0,0.0
funny,0.0,0.0,0.0,0.0,0.0,0.0,0.0,0.0,0.0,0.0,0.0,5.319148936170213,0.0,7.446808510638298,0.0,0.0,0.0,0.0,0.0,2.127659574468085,0.0,0.0,0.0,0.0,0.0,0.0,0.0,0.0,0.0,0.0,0.0,0.0
pics,1.1049723756906076,0.0,0.0,0.0,0.0,0.0,0.0,0.5524861878453038,0.5524861878453038,0.0,0.0,2.7624309392265194,1.1049723756906076,6.077348066298343,0.0,1.1049723756906076,0.0,0.0,0.0,0.0,0.0,0.0,0.0,0.0,0.0,0.0,0.0,0.0,0.0,0.0,0.0,0.0
politics,0.0,0.0,0.0,0.0,0.0,0.0,0.0,0.0,0.0,0.0,0.0,0.0,0.0,6.451612903225806,0.0,0.0,0.0,0.0,0.0,0.0,0.0,0.0,0.0,0.0,0.0,0.0,0.0,0.0,0.0,0.0,0.0,0.0
AdviceAnimals,0.0,0.0,0.0,0.36496350364963503,0.0,0.0,0.0,0.0,0.0,0.0,0.0,4.37956204379562,0.0,5.109489051094891,0.0,0.0,0.0,0.0,0.0,0.0,0.36496350364963503,0.0,0.0,0.0,0.0,0.0,0.0,0.0,0.0,0.0,0.0,0.0
AdviceAnimals,0.5586592178770949,0.0,0.0,0.0,0.0,0.0,0.0,0.0,0.0,0.0,0.0,3.35195530726257,0.0,3.35195530726257,0.0,0.0,0.0,0.0,0.0,0.0,0.0,0.0,0.0,0.0,0.0,0.0,0.0,0.0,0.0,0.0,0.0,0.0
atheism,0.0,0.0,0.0,1.2195121951219512,0.0,0.0,0.0,0.8130081300813009,0.8130081300813009,0.0,0.0,3.6585365853658534,0.0,4.0650406504065035,0.0,0.0,0.0,0.0,0.0,0.0,0.40650406504065045,0.0,0.0,0.0,0.0,0.0,0.0,0.0,0.0,0.0,0.0,0.0
leagueoflegends,0.0,0.0,0.0,0.0,0.0,0.0,0.0,0.0,0.0,0.0,0.0,8.823529411764707,0.0,2.941176470588235,0.0,0.0,0.0,0.0,0.0,0.0,0.0,0.0,0.0,0.0,0.0,0.0,0.0,0.0,0.0,0.0,0.0,0.0
politics,0.0,0.0,0.0,0.0,0.0,0.0,0.0,0.30120481927710846,0.30120481927710846,0.0,0.0,1.5060240963855422,0.0,4.518072289156627,0.0,0.0,0.0,0.0,0.0,0.0,0.0,0.0,0.0,0.0,0.0,0.0,0.0,0.0,0.0,0.0,0.0,0.0
politics,0.0,0.0,0.0,0.0,0.0,0.0,0.0,1.6666666666666667,1.6666666666666667,0.0,0.0,2.9166666666666665,0.0,3.3333333333333335,0.0,0.0,0.0,0.0,0.0,0.0,0.4166666666666667,0.0,0.0,0.0,0.0,0.0,0.0,0.0,0.0,0.0,0.0,0.0
leagueoflegends,0.0,0.0,0.0,0.0,0.0,0.0,0.0,0.0,0.0,0.0,0.0,1.1627906976744187,0.0,6.976744186046512,0.0,0.0,0.0,0.0,0.0,0.0,0.0,0.0,0.0,0.0,0.0,0.0,0.0,0.0,0.0,0.0,0.0,0.0
atheism,8.333333333333332,0.0,0.0,0.0,0.0,0.0,0.0,0.0,0.0,0.0,0.0,0.0,0.0,0.0,0.0,0.0,0.0,0.0,0.0,0.0,16.666666666666664,0.0,0.0,0.0,0.0,0.0,0.0,0.0,0.0,0.0,0.0,0.0
politics,0.0,0.0,0.0,0.0,0.0,0.0,0.0,0.0,0.0,0.0,0.0,1.1111111111111112,0.0,5.555555555555555,0.0,0.0,0.0,0.0,0.0,0.0,0.0,0.0,0.0,0.0,0.0,0.0,0.0,0.0,0.0,0.0,0.0,0.0
politics,0.0,0.0,0.0,0.0,0.0,0.0,0.904977375565611,1.3574660633484164,1.3574660633484164,0.0,0.0,6.334841628959276,0.0,1.809954751131222,0.0,0.0,0.4524886877828055,0.0,0.0,0.0,0.4524886877828055,0.0,0.0,0.0,0.0,0.0,0.0,0.0,0.0,0.0,0.0,0.0
politics,0.0,0.0,0.0,0.0,0.0,0.0,0.2066115702479339,1.0330578512396695,1.0330578512396695,0.0,0.0,4.75206611570248,0.0,6.40495867768595,0.0,0.6198347107438017,0.0,0.0,0.0,0.6198347107438017,0.0,0.0,0.0,0.0,0.0,0.0,0.0,0.0,0.0,0.0,0.0,0.0
funny,0.0,0.0,0.0,0.0,0.0,0.0,0.0,1.5810276679841897,1.5810276679841897,0.0,0.0,7.114624505928854,0.0,1.9762845849802373,0.0,0.0,0.0,0.0,0.0,0.0,0.0,0.0,0.0,0.0,0.0,0.0,0.0,0.0,0.0,0.0,0.0,0.0
funny,0.0,0.0,0.0,0.0,0.0,0.0,0.0,0.4405286343612335,0.4405286343612335,0.0,0.0,4.405286343612335,0.0,4.845814977973569,0.0,0.0,0.0,0.0,0.0,0.0,0.0,0.0,0.0,0.0,0.0,0.0,0.0,0.0,0.0,0.0,0.0,0.0
funny,0.0,0.0,0.0,0.0,0.0,0.0,0.0,0.0,0.0,0.0,0.0,4.433497536945813,0.0,5.911330049261084,0.0,0.0,0.0,0.0,0.0,0.0,2.955665024630542,0.0,0.0,0.0,0.0,0.0,0.0,0.0,0.0,0.0,0.0,0.0
pics,0.0,0.0,0.0,0.0,0.0,0.0,0.0,0.0,0.0,0.0,0.0,0.0,0.0,6.976744186046512,0.0,1.1627906976744187,0.0,0.0,0.0,0.0,0.0,0.0,0.0,0.0,0.0,0.0,0.0,0.0,0.0,0.0,0.0,0.0
AdviceAnimals,3.8461538461538463,0.0,0.0,0.0,0.0,0.0,0.0,0.0,0.0,0.0,0.0,7.6923076923076925,0.0,5.769230769230769,0.0,0.0,0.0,0.0,0.0,0.0,0.0,0.0,0.0,0.0,0.0,0.0,0.0,0.0,0.0,0.0,0.0,0.0
politics,1.7543859649122806,0.0,0.0,0.0,0.0,0.0,0.0,0.0,0.0,0.0,0.0,3.508771929824561,0.0,5.263157894736842,0.0,0.0,0.0,0.0,0.0,0.0,0.0,0.0,0.0,0.0,0.0,0.0,0.0,0.0,0.0,0.0,0.0,0.0
politics,0.0,0.0,0.0,0.0,0.0,0.0,7.142857142857142,0.0,0.0,0.0,0.0,0.0,0.0,0.0,0.0,21.428571428571427,0.0,0.0,0.0,0.0,0.0,0.0,0.0,0.0,0.0,0.0,0.0,0.0,0.0,0.0,0.0,0.0
gaming,0.0,0.0,0.0,0.0,0.0,0.0,0.0,0.0,0.0,0.0,0.0,6.976744186046512,0.0,4.651162790697675,0.0,0.0,0.0,0.0,0.0,0.0,0.0,0.0,0.0,0.0,0.0,0.0,0.0,0.0,0.0,0.0,0.0,0.0
gaming,0.0,0.0,0.0,0.0,0.0,0.0,10.9375,0.0,0.0,0.0,0.0,7.8125,0.0,3.125,0.0,0.0,0.0,0.0,0.0,0.0,1.5625,0.0,0.0,0.0,0.0,0.0,0.0,0.0,0.0,0.0,0.0,0.0
leagueoflegends,0.0,0.0,0.0,0.0,0.0,0.0,0.0,0.0,0.0,0.0,0.0,3.8461538461538463,0.0,9.615384615384617,0.0,0.0,0.0,0.0,0.0,0.0,0.0,0.0,0.0,0.0,0.0,0.0,0.0,0.0,0.0,0.0,0.0,0.0
AdviceAnimals,0.0,0.0,0.0,0.0,0.0,0.0,0.0,0.0,0.0,0.0,0.0,4.62962962962963,0.0,3.7037037037037033,0.0,0.0,0.9259259259259258,0.0,0.0,0.0,0.9259259259259258,0.0,0.0,0.0,0.0,0.0,0.0,0.0,0.0,0.0,0.0,0.0
leagueoflegends,0.0,0.0,0.0,0.0,0.0,0.0,0.0,0.0,0.0,0.0,0.0,2.4875621890547266,0.0,3.9800995024875623,0.0,0.0,0.0,0.0,0.0,0.0,0.0,0.0,0.0,0.0,0.0,0.0,0.0,0.0,0.0,0.0,0.0,0.0
politics,0.0,0.0,0.0,0.0,0.0,0.0,0.0,0.0,0.0,0.0,0.0,0.0,0.0,7.017543859649122,0.0,0.0,0.0,0.0,0.0,0.0,0.0,0.0,0.0,0.0,0.0,0.0,0.0,0.0,0.0,0.0,0.0,0.0
politics,0.0,0.0,0.0,0.0,0.0,0.0,0.0,1.3333333333333335,1.3333333333333335,0.0,0.0,0.0,0.0,5.333333333333334,0.0,0.0,0.0,0.0,0.0,0.0,0.0,0.0,0.0,0.0,0.0,0.0,0.0,0.0,0.0,0.0,0.0,0.0
gaming,0.0,0.0,0.0,0.0,0.0,0.0,0.0,2.7777777777777777,0.0,0.0,0.0,5.555555555555555,0.0,5.555555555555555,0.0,0.0,0.0,0.0,0.0,0.0,1.3888888888888888,0.0,2.7777777777777777,0.0,2.7777777777777777,0.0,0.0,0.0,0.0,0.0,0.0,0.0
gaming,0.0,0.0,0.0,0.0,0.0,0.0,0.0,0.0,0.0,0.0,0.0,5.88235294117647,0.0,5.88235294117647,0.0,0.0,0.0,0.0,0.0,0.0,0.0,0.0,0.0,0.0,0.0,0.0,0.0,0.0,0.0,0.0,0.0,0.0
leagueoflegends,0.0,0.0,0.0,0.0,0.20833333333333334,0.0,0.0,1.0416666666666665,1.0416666666666665,0.0,0.0,2.5,0.0,3.3333333333333335,0.0,0.0,0.0,0.0,0.0,0.0,0.0,0.0,0.0,0.0,0.0,0.0,0.0,0.0,0.0,0.0,0.0,0.0
pics,0.0,0.0,0.0,0.0,0.0,0.0,0.0,0.0,0.0,0.0,0.0,0.0,0.0,4.395604395604396,0.0,0.0,0.0,0.0,0.0,0.0,0.0,0.0,0.0,0.0,0.0,0.0,0.0,0.0,0.0,0.0,0.0,0.0
pics,0.0,0.0,0.0,0.0,0.0,0.0,0.0,0.0,0.0,0.0,0.0,0.0,0.0,8.108108108108109,0.0,0.0,0.0,0.0,0.0,0.0,0.0,0.0,0.0,0.0,0.0,0.0,0.0,0.0,0.0,0.0,0.0,0.0
pics,0.0,0.0,0.0,0.0,0.0,0.0,0.0,0.0,0.0,0.0,0.0,3.3333333333333335,0.0,5.555555555555555,0.0,0.0,0.0,0.0,0.0,0.0,5.555555555555555,0.0,0.0,0.0,0.0,0.0,0.0,0.0,0.0,0.0,0.0,0.0
atheism,0.0,0.0,0.0,0.0,0.0,0.0,0.0,0.0,0.0,0.0,0.0,4.0,0.0,0.0,0.0,0.0,0.0,0.0,0.0,0.0,0.0,0.0,0.0,0.0,0.0,0.0,0.0,0.0,0.0,0.0,0.0,0.0
todayilearned,0.0,0.0,0.0,0.0,0.0,0.0,0.0,0.0,0.0,0.0,0.0,6.382978723404255,0.0,4.25531914893617,0.0,0.0,0.0,0.0,0.0,0.0,0.0,0.0,0.0,0.0,0.0,0.0,0.0,0.0,0.0,0.0,0.0,0.0
atheism,0.0,0.0,0.0,0.0,0.0,0.0,0.0,0.0,0.0,0.0,0.0,3.6363636363636362,0.0,4.545454545454546,0.0,0.0,0.9090909090909091,0.0,0.0,0.0,0.9090909090909091,0.0,0.9090909090909091,0.0,0.9090909090909091,0.0,0.0,0.0,0.0,0.0,0.0,0.0
funny,0.0,0.0,0.0,0.0,0.0,0.0,0.0,0.0,0.0,0.0,0.0,0.0,0.0,2.4390243902439024,0.0,0.0,0.0,0.0,0.0,0.0,0.0,0.0,0.0,0.0,0.0,0.0,0.0,0.0,0.0,0.0,0.0,0.0
leagueoflegends,0.0,0.0,0.0,0.0,0.7751937984496124,0.0,0.0,0.7751937984496124,0.7751937984496124,0.0,0.0,3.875968992248062,0.0,3.875968992248062,0.0,0.7751937984496124,0.0,0.0,0.0,0.7751937984496124,0.7751937984496124,0.0,0.0,0.0,0.0,0.0,0.0,0.0,0.0,0.0,0.0,0.0
todayilearned,0.0,0.0,0.0,0.0,0.0,0.628930817610063,0.0,1.257861635220126,1.257861635220126,0.0,0.0,3.7735849056603774,0.0,5.031446540880504,0.0,0.0,0.0,0.0,0.0,0.0,0.0,0.0,0.0,0.0,0.0,0.0,0.0,0.0,0.0,0.0,0.0,0.0
todayilearned,0.0,0.0,0.0,0.0,0.0,0.0,0.8333333333333334,0.0,0.0,0.0,0.0,4.166666666666666,0.0,4.166666666666666,0.0,0.0,0.0,0.0,0.0,0.0,0.0,0.0,0.0,0.0,0.0,0.0,0.0,0.0,0.0,0.0,0.0,0.0
gaming,0.0,0.0,0.0,0.0,0.0,0.0,0.0,0.53475935828877,0.53475935828877,0.0,0.0,8.02139037433155,0.0,4.81283422459893,0.0,0.0,0.0,0.0,0.0,0.0,0.0,0.0,0.0,0.0,0.0,0.0,0.0,0.0,0.0,0.0,0.0,0.0
gaming,0.0,0.0,0.0,0.0,0.0,0.0,0.0,0.0,0.0,0.0,0.0,0.0,0.0,7.142857142857142,0.0,0.0,0.0,0.0,0.0,0.0,0.0,0.0,0.0,0.0,0.0,0.0,0.0,0.0,0.0,0.0,0.0,0.0
gaming,0.0,0.0,0.0,0.0,0.0,0.0,0.0,1.1976047904191618,1.1976047904191618,0.0,0.5988023952095809,3.592814371257485,0.0,3.592814371257485,0.0,0.0,0.0,0.0,0.0,0.0,0.5988023952095809,0.0,0.0,0.0,0.0,0.0,0.0,0.0,0.0,0.0,0.0,0.0
funny,0.0,0.0,0.0,0.0,0.0,0.0,0.0,0.0,0.0,0.0,0.0,1.3513513513513513,2.7027027027027026,6.756756756756757,0.0,0.0,0.0,0.0,0.0,0.0,0.0,0.0,0.0,0.0,0.0,0.0,0.0,0.0,0.0,0.0,0.0,0.0
pics,0.0,0.0,0.0,0.0,0.0,0.0,0.0,1.3157894736842104,0.0,0.0,0.0,0.0,0.0,3.9473684210526314,0.0,0.0,0.0,0.0,0.0,0.0,0.0,0.0,1.3157894736842104,0.0,1.3157894736842104,0.0,0.0,0.0,0.0,0.0,0.0,0.0
todayilearned,0.0,0.0,0.0,0.0,0.0,0.0,0.0,0.4716981132075472,0.4716981132075472,0.4716981132075472,0.0,3.7735849056603774,0.0,7.0754716981132075,0.0,0.4716981132075472,0.0,0.0,0.0,0.0,0.0,0.0,0.0,0.0,0.0,0.0,0.0,0.0,0.0,0.0,0.0,0.0
todayilearned,0.0,0.0,0.0,0.0,0.0,0.0,0.0,0.0,0.0,0.0,0.0,2.1739130434782608,0.0,6.521739130434782,0.0,0.0,0.0,0.0,0.0,0.0,0.0,0.0,0.0,0.0,0.0,0.0,0.0,0.0,0.0,0.0,0.0,0.0
todayilearned,0.0,0.0,0.0,0.0,0.0,0.0,0.0,2.083333333333333,2.083333333333333,0.0,0.0,2.083333333333333,0.0,6.25,0.0,0.0,0.0,0.0,0.0,0.0,0.0,0.0,0.0,0.0,0.0,0.0,0.0,0.0,0.0,0.0,0.0,0.0
todayilearned,0.0,0.0,0.0,0.0,0.0,0.0,0.0,2.5210084033613445,2.5210084033613445,0.0,0.0,4.201680672268908,0.8403361344537815,2.5210084033613445,0.0,0.0,0.0,0.0,0.0,0.0,0.0,0.0,0.0,0.0,0.0,0.0,0.0,0.0,0.0,0.0,0.0,0.0
todayilearned,0.819672131147541,0.0,0.0,0.0,0.0,0.0,0.0,0.0,0.0,0.0,0.0,3.278688524590164,0.0,4.918032786885246,0.0,0.0,0.0,0.0,0.0,0.0,0.0,0.0,0.0,0.0,0.0,0.0,0.0,0.0,0.0,0.0,0.0,0.0
todayilearned,0.0,0.0,0.0,0.0,0.0,0.0,0.0,0.0,0.0,0.0,0.0,12.5,0.0,4.166666666666666,0.0,0.0,0.0,0.0,0.0,0.0,0.0,0.0,0.0,0.0,0.0,0.0,0.0,0.0,0.0,0.0,0.0,0.0
leagueoflegends,1.1904761904761905,0.0,0.0,0.0,0.0,0.0,0.0,0.0,0.0,0.0,0.0,5.952380952380952,0.0,5.952380952380952,0.0,0.0,0.0,0.0,0.0,0.0,0.0,0.0,0.0,0.0,0.0,0.0,0.0,0.0,0.0,0.0,0.0,0.0
leagueoflegends,0.0,0.0,0.0,0.0,0.0,0.0,0.0,1.8181818181818181,1.8181818181818181,0.0,0.0,3.6363636363636362,0.0,3.6363636363636362,0.9090909090909091,0.0,0.0,0.0,0.0,0.0,0.0,0.0,0.0,0.0,0.0,0.0,0.0,0.0,0.0,0.0,0.0,0.0
atheism,0.0,0.0,0.0,0.0,0.0,0.0,0.0,0.0,0.0,0.0,0.0,5.807365439093484,0.0,7.0821529745042495,0.0,0.0,0.0,0.0,0.0,0.0,0.424929178470255,0.0,0.141643059490085,0.0,0.141643059490085,0.0,0.0,0.0,0.0,0.0,0.0,0.0
politics,0.0,0.0,0.0,0.0,0.0,0.0,0.0,0.0,0.0,0.0,0.0,4.022988505747127,0.0,4.597701149425287,0.0,0.5747126436781609,0.0,0.0,0.0,1.1494252873563218,0.0,0.0,0.0,0.0,0.0,0.0,0.0,0.0,0.0,0.0,0.0,0.0
politics,0.0,0.0,0.0,0.0,0.0,0.0,0.0,0.5649717514124294,0.5649717514124294,0.0,0.0,2.2598870056497176,0.0,6.214689265536723,0.0,0.0,0.0,0.0,0.0,0.5649717514124294,0.5649717514124294,0.0,0.0,0.0,0.0,0.0,0.0,0.0,0.0,0.0,0.0,0.0
leagueoflegends,7.6923076923076925,0.0,0.0,0.0,0.0,0.0,0.0,0.0,0.0,0.0,0.0,0.0,0.0,0.0,0.0,0.0,0.0,0.0,0.0,0.0,0.0,0.0,0.0,0.0,0.0,0.0,0.0,0.0,0.0,0.0,0.0,0.0
leagueoflegends,0.0,0.0,0.0,0.0,0.0,0.0,0.0,3.2467532467532463,0.0,0.0,0.0,5.194805194805195,0.0,3.896103896103896,0.6493506493506493,0.0,0.0,0.0,0.0,0.0,0.0,0.0,2.5974025974025974,0.0,2.5974025974025974,0.0,0.0,0.0,0.0,0.0,0.0,0.0
funny,1.7543859649122806,0.0,0.0,0.0,0.0,0.0,0.0,0.0,0.0,0.0,0.0,6.140350877192982,0.0,7.894736842105263,0.0,0.0,0.0,0.0,0.0,0.0,2.631578947368421,0.0,0.0,0.0,0.0,0.0,0.0,0.0,0.0,0.0,0.0,0.0
gaming,2.727272727272727,0.0,0.0,0.9090909090909091,0.0,0.0,0.0,0.0,0.0,0.0,0.0,5.454545454545454,0.0,3.6363636363636362,0.9090909090909091,0.9090909090909091,0.0,0.0,0.0,0.0,0.9090909090909091,0.0,0.0,0.0,0.0,0.0,0.0,0.0,0.0,0.0,0.0,0.0
atheism,0.0,0.0,0.0,0.0,0.0,0.0,0.0,0.0,0.0,0.0,0.0,29.629629629629626,0.0,3.7037037037037033,0.0,0.0,0.0,0.0,0.0,0.0,0.0,0.0,0.0,0.0,0.0,0.0,0.0,0.0,0.0,0.0,0.0,0.0
funny,0.0,0.0,0.0,0.0,0.0,0.0,0.0,0.0,0.0,0.0,0.0,3.2679738562091507,0.0,3.9215686274509802,0.0,0.6535947712418301,0.0,0.0,0.0,0.0,0.6535947712418301,0.0,0.0,0.0,0.0,0.0,0.0,0.0,0.0,0.0,0.0,0.0
funny,0.0,0.0,0.0,0.0,0.0,0.0,0.0,0.0,0.4987531172069825,0.0,0.0,1.4962593516209477,0.24937655860349126,3.4912718204488775,0.0,0.24937655860349126,0.0,0.0,0.0,0.4987531172069825,0.4987531172069825,0.0,0.0,0.0,0.0,0.0,0.0,0.0,0.0,0.0,0.0,0.0
funny,0.0,0.0,0.0,0.0,0.0,0.0,0.0,0.0,0.0,0.0,0.0,0.0,0.0,7.142857142857142,0.0,0.0,0.0,0.0,0.0,0.0,0.0,0.0,0.0,0.0,0.0,0.0,0.0,0.0,0.0,0.0,0.0,0.0
funny,0.0,0.0,0.0,0.0,0.0,0.0,0.33783783783783783,0.33783783783783783,0.33783783783783783,0.0,0.0,7.094594594594595,0.0,3.3783783783783785,0.0,0.0,0.0,0.0,0.0,0.0,0.33783783783783783,0.0,0.0,0.0,0.0,0.0,0.0,0.0,0.0,0.0,0.0,0.0
funny,0.0,0.0,0.0,0.0,0.0,0.0,0.0,0.0,0.0,0.0,0.0,3.8461538461538463,0.0,6.730769230769231,0.0,0.0,0.0,0.0,0.0,0.9615384615384616,0.0,0.0,0.0,0.0,0.0,0.0,0.0,0.0,0.0,0.0,0.0,0.0
atheism,2.1739130434782608,0.0,0.0,0.0,0.0,0.0,0.0,2.1739130434782608,2.1739130434782608,0.0,0.0,4.3478260869565215,0.0,8.695652173913043,0.0,0.0,0.0,0.0,0.0,0.0,0.0,0.0,0.0,0.0,0.0,0.0,0.0,0.0,0.0,0.0,0.0,0.0
leagueoflegends,0.0,0.0,0.0,0.0,0.0,0.0,0.0,3.508771929824561,1.7543859649122806,0.0,0.0,3.508771929824561,0.0,5.263157894736842,0.0,1.7543859649122806,0.0,0.0,0.0,0.0,0.0,0.0,0.0,0.0,0.0,0.0,0.0,0.0,0.0,0.0,0.0,0.0
leagueoflegends,0.0,0.0,0.0,0.0,0.0,0.0,0.0,0.0,0.0,0.0,0.0,5.6000000000000005,0.0,3.2,0.0,0.0,0.8,0.0,0.0,0.0,0.8,0.0,0.0,0.0,0.0,0.0,0.0,0.0,0.0,0.0,0.0,0.0
leagueoflegends,0.0,0.0,0.0,0.0,0.0,0.0,0.0,0.7352941176470588,0.7352941176470588,0.0,0.0,5.147058823529411,0.0,2.2058823529411766,0.0,0.0,0.0,0.0,0.0,0.0,0.0,0.0,0.0,0.0,0.0,0.0,0.0,0.0,0.0,0.0,0.0,0.0
gaming,0.0,0.0,0.0,0.0,0.0,0.0,0.0,0.0,0.0,0.0,0.0,5.88235294117647,0.0,4.901960784313726,0.0,0.9803921568627451,0.0,0.0,0.0,0.0,0.0,0.0,0.0,0.0,0.0,0.0,0.0,0.0,0.0,0.0,0.0,0.0
gaming,0.0,0.0,0.0,0.0,0.0,0.0,0.0,0.8620689655172413,0.8620689655172413,0.0,0.0,2.586206896551724,0.0,6.0344827586206895,0.0,0.8620689655172413,0.0,0.0,0.0,0.0,0.0,0.0,0.0,0.0,0.8620689655172413,0.0,0.0,0.0,0.0,0.0,0.0,0.0
gaming,0.0,0.0,0.0,0.0,0.0,0.0,0.0,0.5813953488372093,0.5813953488372093,0.0,0.0,4.3604651162790695,0.0,4.069767441860465,0.0,0.0,0.0,0.0,0.0,0.0,0.0,0.0,0.0,0.0,0.0,0.0,0.0,0.0,0.0,0.0,0.0,0.0
explainlikeimfive,0.4016064257028112,0.0,0.0,0.0,0.0,0.0,0.0,1.6064257028112447,1.6064257028112447,0.0,0.0,2.4096385542168677,0.0,3.2128514056224895,0.0,0.4016064257028112,0.0,0.0,0.0,0.0,0.4016064257028112,0.0,0.0,0.0,0.0,0.0,0.0,0.0,0.0,0.0,0.0,0.0
atheism,0.0,0.0,0.0,0.0,0.0,0.0,0.0,0.6211180124223602,3.1055900621118013,0.0,0.0,7.453416149068323,0.0,3.7267080745341614,0.0,0.0,0.0,0.0,0.0,0.0,1.2422360248447204,0.0,0.0,0.0,0.0,0.0,0.0,0.0,0.0,0.0,0.0,0.0
atheism,0.0,0.0,0.0,0.0,0.0,0.0,0.0,4.901960784313726,0.9803921568627451,0.0,0.0,2.941176470588235,0.0,3.9215686274509802,0.0,0.0,0.0,0.0,0.0,0.0,0.0,0.0,2.941176470588235,0.0,2.941176470588235,0.0,0.0,0.0,0.0,0.0,0.0,0.0
politics,0.2257336343115124,0.0,0.0,0.0,0.0,0.0,0.0,0.4514672686230248,2.0316027088036117,0.0,0.0,4.740406320541761,0.0,5.8690744920993225,0.0,1.1286681715575622,0.0,0.0,0.0,0.2257336343115124,1.580135440180587,0.0,0.0,0.0,0.0,0.0,0.0,0.0,0.0,0.0,0.0,0.0
atheism,0.0,0.0,0.0,0.0,0.0,0.0,0.0,0.0,0.0,0.0,0.0,6.451612903225806,0.0,6.451612903225806,0.0,0.0,0.0,0.0,0.0,0.0,0.0,0.0,0.0,0.0,0.0,0.0,0.0,0.0,0.0,0.0,0.0,0.0
AdviceAnimals,0.0,0.0,0.0,0.0,0.0,0.0,0.0,0.0,0.0,0.0,0.0,5.084745762711865,0.0,5.084745762711865,0.0,0.0,0.0,0.0,0.0,0.0,0.0,0.0,0.0,0.0,0.0,0.0,0.0,0.0,0.0,0.0,0.0,0.0
AdviceAnimals,0.0,0.0,0.0,0.0,0.0,0.0,0.0,1.9305019305019304,1.9305019305019304,0.0,0.0,4.633204633204633,0.0,5.405405405405405,0.0,0.0,0.0,0.0,0.0,0.0,0.0,0.0,0.0,0.0,0.0,0.0,0.0,0.0,0.0,0.0,0.0,0.0
pics,0.0,0.0,0.0,0.0,0.0,0.0,0.0,0.0,0.0,0.0,0.0,3.9215686274509802,0.0,3.9215686274509802,0.0,0.0,0.0,0.0,0.0,0.0,0.0,0.0,0.0,0.0,0.0,0.0,0.0,0.0,0.0,0.0,0.0,0.0
politics,0.9090909090909091,0.0,0.0,0.0,0.0,0.0,0.0,0.0,1.8181818181818181,0.0,0.0,1.8181818181818181,0.0,3.6363636363636362,0.0,0.0,0.0,0.0,0.0,0.0,2.727272727272727,0.0,0.0,0.0,0.0,0.0,0.0,0.0,0.0,0.0,0.0,0.0
leagueoflegends,0.0,0.0,0.0,0.0,0.0,0.0,0.0,0.0,0.0,0.0,0.9708737864077669,1.9417475728155338,0.0,4.854368932038835,0.0,0.0,0.0,0.0,0.0,0.0,0.0,0.0,0.0,0.0,0.0,0.0,0.0,0.0,0.0,0.0,0.0,0.0
explainlikeimfive,0.0,0.0,0.0,0.0,0.0,0.0,0.0,0.0,0.0,0.0,0.0,8.88888888888889,0.0,0.0,0.0,0.0,0.0,0.0,0.0,0.0,6.666666666666667,0.0,0.0,0.0,0.0,0.0,0.0,0.0,0.0,0.0,0.0,0.0
explainlikeimfive,0.0,0.0,0.0,0.0,0.0,0.0,0.0,0.0,0.0,0.0,0.0,0.0,0.0,5.357142857142857,0.0,0.0,0.0,0.0,0.0,0.0,0.0,0.0,0.0,0.0,0.0,0.0,0.0,0.0,0.0,0.0,0.0,0.0
funny,0.0,0.0,0.0,0.0,0.5434782608695652,0.0,0.0,1.0869565217391304,1.0869565217391304,0.0,0.0,4.3478260869565215,0.5434782608695652,4.891304347826087,0.0,0.0,0.0,0.0,0.0,0.0,0.0,0.0,0.0,0.0,0.0,0.0,0.0,0.0,0.0,0.0,0.0,0.0
funny,0.0,0.0,0.0,0.0,0.0,0.0,0.0,0.0,0.0,0.0,0.0,6.666666666666667,0.0,6.666666666666667,0.0,0.0,0.0,0.0,0.0,0.0,0.0,0.0,0.0,0.0,0.0,0.0,0.0,0.0,0.0,0.0,0.0,0.0
funny,0.398406374501992,0.0,0.0,0.0,0.0,0.0,0.0,0.0,0.0,0.0,0.0,4.382470119521913,0.0,2.3904382470119523,0.0,0.0,0.0,0.0,0.0,0.0,0.0,0.0,0.0,0.0,0.0,0.0,0.0,0.0,0.0,0.0,0.0,0.0
politics,0.0,0.0,0.0,0.0,0.0,0.0,0.0,0.0,0.0,0.0,0.0,5.405405405405405,0.0,2.7027027027027026,0.0,0.0,0.0,0.0,0.0,0.0,0.0,0.0,0.0,0.0,0.0,0.0,0.0,0.0,0.0,0.0,0.0,0.0
gaming,0.0,0.0,0.0,0.0,0.0,0.0,0.0,1.1363636363636365,1.1363636363636365,0.0,0.0,12.5,0.0,4.545454545454546,0.0,0.0,0.0,0.0,0.0,0.0,0.0,0.0,0.0,0.0,0.0,0.0,0.0,0.0,0.0,0.0,0.0,0.0
leagueoflegends,0.0,0.0,0.0,0.0,0.0,0.0,0.0,0.9404388714733543,0.9404388714733543,0.0,0.3134796238244514,3.1347962382445136,0.3134796238244514,3.1347962382445136,0.9404388714733543,0.0,0.0,0.0,0.0,0.0,0.0,0.0,0.0,0.0,0.0,0.0,0.0,0.0,0.0,0.0,0.0,0.0
leagueoflegends,0.0,0.0,0.0,0.0,0.0,0.0,0.0,1.0869565217391304,1.0869565217391304,0.0,0.0,2.717391304347826,0.0,6.521739130434782,0.0,0.0,0.0,0.0,0.0,0.0,0.5434782608695652,0.0,0.0,0.0,0.0,0.0,0.0,0.0,0.0,0.0,0.0,0.0
gaming,0.0,0.0,0.0,0.0,0.0,0.0,0.0,1.2738853503184715,1.2738853503184715,0.0,0.0,3.821656050955414,0.0,5.095541401273886,0.0,0.0,0.0,0.0,0.0,0.0,0.6369426751592357,0.0,0.0,0.0,0.0,0.0,0.0,0.0,0.0,0.0,0.0,0.0
gaming,0.0,0.0,0.0,0.0,0.0,0.0,0.0,0.28612303290414876,0.0,0.0,0.0,5.150214592274678,0.0,5.865522174535051,0.0,0.14306151645207438,0.14306151645207438,0.0,0.0,0.0,0.0,0.0,0.28612303290414876,0.0,0.28612303290414876,0.0,0.0,0.0,0.0,0.0,0.0,0.0
gaming,0.0,0.0,0.0,0.0,0.0,0.0,0.0,0.0,0.0,0.0,0.0,3.4682080924855487,0.0,4.046242774566474,0.0,0.0,0.0,0.0,0.0,0.0,0.0,0.0,0.0,0.0,0.0,0.0,0.0,0.0,0.0,0.0,0.0,0.0
funny,0.0,0.0,0.0,0.0,0.0,0.0,0.0,0.0,0.0,0.0,0.0,0.0,0.0,0.0,0.0,0.0,0.0,0.0,0.0,0.0,0.0,0.0,0.0,0.0,0.0,0.0,0.0,0.0,0.0,0.0,0.0,0.0
funny,0.0,0.0,0.0,0.0,0.0,0.0,0.0,0.0,0.0,0.0,0.0,5.454545454545454,0.0,5.454545454545454,0.0,0.0,0.0,0.0,0.0,0.0,0.0,0.0,0.0,0.0,0.0,0.0,0.0,0.0,0.0,0.0,0.0,0.0
leagueoflegends,0.0,0.0,0.0,2.127659574468085,0.0,0.0,0.0,0.0,0.0,0.0,0.0,0.0,0.0,2.127659574468085,0.0,0.0,0.0,0.0,0.0,2.127659574468085,2.127659574468085,0.0,0.0,0.0,0.0,0.0,0.0,0.0,0.0,0.0,0.0,0.0
leagueoflegends,0.0,0.0,0.0,0.0,0.0,0.0,0.0,0.0,0.0,0.0,0.0,0.0,0.0,28.57142857142857,0.0,0.0,0.0,0.0,0.0,0.0,0.0,0.0,0.0,0.0,0.0,0.0,0.0,0.0,0.0,0.0,0.0,0.0
leagueoflegends,0.0,0.0,0.0,0.0,0.0,0.0,0.0,0.0,0.0,0.0,0.0,0.0,0.0,0.0,0.0,0.0,0.0,0.0,0.0,0.0,0.0,0.0,0.0,0.0,0.0,0.0,0.0,0.0,0.0,0.0,0.0,0.0
leagueoflegends,0.0,0.0,0.0,0.0,0.0,0.0,0.0,0.0,0.0,0.0,0.0,0.0,0.0,0.0,0.0,0.0,0.0,0.0,0.0,0.0,0.0,0.0,0.0,0.0,0.0,0.0,0.0,0.0,0.0,0.0,0.0,0.0
gaming,0.0,0.0,0.0,0.0,0.0,0.0,0.0,0.0,0.0,0.0,0.0,1.7241379310344827,0.0,5.172413793103448,0.0,1.7241379310344827,0.0,0.0,0.0,0.0,0.0,0.0,0.0,0.0,0.0,0.0,0.0,0.0,0.0,0.0,0.0,0.0
atheism,0.0,0.0,0.0,0.0,0.0,0.0,0.0,2.2222222222222223,2.2222222222222223,0.0,0.0,4.444444444444445,0.0,4.444444444444445,0.0,0.0,0.0,0.0,0.0,0.0,0.0,0.0,0.0,0.0,0.0,0.0,0.0,0.0,0.0,0.0,0.0,0.0
gaming,0.0,0.0,0.0,0.0,0.0,0.0,0.0,1.6129032258064515,0.0,0.0,0.0,1.6129032258064515,0.0,9.67741935483871,0.0,0.0,0.0,0.0,0.0,0.0,3.225806451612903,0.0,1.6129032258064515,0.0,1.6129032258064515,0.0,0.0,0.0,0.0,0.0,0.0,0.0
gaming,0.625,0.0,0.0,0.0,0.0,0.625,0.0,0.625,0.625,0.0,0.0,1.875,1.875,5.0,0.0,0.625,0.0,0.0,0.0,0.625,0.625,0.0,0.0,0.0,0.0,0.0,0.0,0.0,0.0,0.0,0.0,0.0
explainlikeimfive,0.0,0.0,0.0,0.0,0.0,0.0,0.0,0.0,0.0,0.0,0.0,6.25,0.0,5.46875,0.0,0.0,0.0,0.0,0.0,0.0,0.0,0.0,0.0,0.0,0.0,0.0,0.0,0.0,0.0,0.0,0.0,0.0
explainlikeimfive,0.0,0.0,0.0,0.0,0.0,0.0,0.0,0.9389671361502347,0.9389671361502347,0.0,0.0,2.112676056338028,0.7042253521126761,5.633802816901409,0.0,0.0,0.0,0.0,0.0,0.7042253521126761,0.2347417840375587,0.0,0.0,0.0,0.0,0.0,0.0,0.0,0.0,0.0,0.0,0.0
funny,0.0,0.0,0.0,0.0,0.0,0.0,0.0,0.0,0.0,0.0,0.0,4.761904761904762,1.5873015873015872,7.936507936507936,0.0,0.0,0.0,0.0,0.0,0.0,1.5873015873015872,0.0,0.0,0.0,0.0,0.0,0.0,0.0,0.0,0.0,0.0,0.0
pics,0.0,0.0,0.0,0.0,0.0,0.0,0.34602076124567477,0.0,0.0,0.0,0.0,2.0761245674740483,0.0,6.5743944636678195,0.0,0.0,0.0,0.0,0.0,0.0,1.0380622837370241,0.0,0.0,0.0,0.0,0.0,0.0,0.0,0.0,0.0,0.0,0.0
funny,0.0,0.0,0.0,0.0,0.0,0.0,0.0,0.0,0.0,0.0,0.0,3.571428571428571,0.0,5.357142857142857,0.0,0.0,0.0,0.0,0.0,0.0,0.0,0.0,0.0,0.0,0.0,0.0,0.0,0.0,0.0,0.0,0.0,0.0
leagueoflegends,0.0,0.0,0.0,0.0,0.0,0.0,0.0,0.4784688995215311,0.23923444976076555,0.0,0.0,9.330143540669857,0.0,6.220095693779904,0.0,0.23923444976076555,0.4784688995215311,0.0,0.0,0.0,0.0,0.0,0.0,0.0,0.0,0.0,0.0,0.0,0.0,0.0,0.0,0.0
atheism,0.3194888178913738,0.0,0.0,0.0,0.0,0.0,0.0,0.3194888178913738,0.3194888178913738,0.0,0.0,4.472843450479233,0.0,5.111821086261981,0.0,0.0,0.0,0.0,0.0,0.0,0.3194888178913738,0.0,0.0,0.0,0.0,0.0,0.0,0.0,0.0,0.0,0.0,0.0
funny,0.0,0.0,0.0,0.0,0.0,0.0,0.0,0.0,0.0,0.0,0.0,4.615384615384616,0.0,4.615384615384616,0.0,0.0,0.0,0.0,0.0,0.0,0.0,0.0,0.0,0.0,0.0,0.0,0.0,0.0,0.0,0.0,0.0,0.0
atheism,0.0,0.0,0.0,0.0,0.0,0.0,0.0,0.0,0.0,0.0,0.0,4.25531914893617,0.0,6.382978723404255,0.0,0.0,0.0,0.0,0.0,0.0,0.0,0.0,0.0,0.0,0.0,0.0,0.0,0.0,0.0,0.0,0.0,0.0
funny,0.0,0.0,0.0,0.0,0.0,0.0,0.0,0.0,2.380952380952381,0.0,0.0,0.0,0.0,4.761904761904762,0.0,2.380952380952381,0.0,0.0,0.0,0.0,0.0,0.0,0.0,0.0,0.0,0.0,0.0,0.0,0.0,0.0,0.0,0.0
funny,0.0,0.0,0.0,0.0,0.0,0.0,0.0,0.0,0.0,0.0,0.0,8.823529411764707,0.0,2.941176470588235,0.0,0.0,0.0,0.0,0.0,0.0,0.0,0.0,0.0,0.0,0.0,0.0,0.0,0.0,0.0,0.0,0.0,0.0
politics,0.0,0.0,0.0,0.0,0.0,0.0,0.0,0.6983240223463687,0.27932960893854747,0.0,0.0,5.027932960893855,0.0,7.402234636871509,0.0,0.0,0.0,0.0,0.0,0.0,0.13966480446927373,0.0,0.41899441340782123,0.0,0.41899441340782123,0.0,0.0,0.0,0.0,0.0,0.0,0.0
todayilearned,0.0,0.0,0.0,0.9345794392523363,0.0,0.0,0.0,0.46728971962616817,0.46728971962616817,0.0,0.0,4.672897196261682,0.0,4.672897196261682,0.0,0.0,0.0,0.0,0.0,0.0,0.0,0.0,0.0,0.0,0.0,0.0,0.0,0.0,0.0,0.0,0.0,0.0
todayilearned,0.0,0.0,0.0,0.0,0.0,0.0,0.0,0.8902077151335311,0.8902077151335311,0.0,0.0,4.154302670623145,0.0,4.154302670623145,0.0,0.0,0.0,0.0,0.0,0.0,0.0,0.0,0.0,0.0,0.0,0.0,0.0,0.0,0.0,0.0,0.0,0.0
todayilearned,0.0,0.0,0.0,0.0,0.18726591760299627,0.0,0.18726591760299627,0.0,0.0,0.0,0.0,4.49438202247191,0.0,2.9962546816479403,0.0,0.0,0.0,0.0,0.0,0.0,0.5617977528089888,0.0,0.7490636704119851,0.0,0.7490636704119851,0.0,0.0,0.0,0.0,0.0,0.0,0.0
todayilearned,0.0,0.0,0.0,0.24752475247524752,0.0,0.0,0.24752475247524752,0.49504950495049505,0.49504950495049505,0.0,0.0,6.435643564356436,0.0,3.217821782178218,0.0,0.0,0.0,0.0,0.0,0.0,0.0,0.0,0.0,0.0,0.0,0.0,0.0,0.0,0.0,0.0,0.0,0.0
todayilearned,0.0,0.0,0.0,0.0,0.0,0.0,0.0,0.5617977528089888,0.5617977528089888,0.0,0.0,1.9662921348314606,0.0,2.528089887640449,0.0,0.2808988764044944,0.0,0.0,0.0,0.0,0.0,0.0,0.0,0.0,0.0,0.0,0.0,0.0,0.0,0.0,0.0,0.0
leagueoflegends,0.0,0.0,0.0,0.0,0.0,0.0,0.0,0.0,0.0,0.0,0.0,0.0,0.0,5.263157894736842,0.0,0.0,0.0,0.0,0.0,0.0,1.7543859649122806,0.0,0.0,0.0,0.0,0.0,0.0,0.0,0.0,0.0,0.0,0.0
leagueoflegends,0.0,0.0,0.0,0.0,0.0,0.0,0.0,0.0,0.0,0.0,0.0,0.0,0.0,5.660377358490567,0.0,0.0,0.0,0.0,0.0,0.0,0.0,0.0,0.0,0.0,0.0,0.0,0.0,0.0,0.0,0.0,0.0,0.0
leagueoflegends,0.0,0.0,0.0,0.0,0.0,0.0,0.0,0.09881422924901186,0.1976284584980237,0.0,0.0,2.9644268774703555,0.0,4.644268774703558,0.0,0.09881422924901186,0.0,0.0,0.0,0.0,0.0,0.0,0.0,0.0,0.0,0.0,0.0,0.0,0.0,0.0,0.0,0.0
leagueoflegends,0.0,0.0,0.0,0.0,0.12150668286755771,0.0,0.0,0.12150668286755771,0.0,0.0,0.0,4.0097205346294045,0.0,5.5893074119076545,0.0,0.12150668286755771,0.0,0.0,0.0,0.0,0.12150668286755771,0.0,0.0,0.0,0.0,0.0,0.0,0.0,0.0,0.0,0.0,0.0
AdviceAnimals,0.0,0.0,0.0,0.0,0.0,0.0,0.0,0.0,0.0,0.0,0.0,2.8846153846153846,0.0,4.807692307692308,0.0,0.0,0.0,0.0,0.0,0.0,0.9615384615384616,0.0,0.0,0.0,0.0,0.0,0.0,0.0,0.0,0.0,0.0,0.0
AdviceAnimals,0.0,0.0,0.8695652173913043,0.0,0.0,0.0,0.0,4.3478260869565215,4.3478260869565215,0.0,0.0,4.3478260869565215,0.0,5.217391304347826,0.0,0.0,0.0,0.0,0.0,0.0,0.8695652173913043,0.0,0.0,0.0,0.0,0.0,0.0,0.0,0.0,0.0,0.0,0.0
funny,0.0,0.0,0.0,0.0,0.0,0.0,0.0,1.171875,1.171875,3.515625,0.78125,3.125,0.0,5.078125,0.0,1.171875,0.0,0.0,0.0,0.0,0.390625,0.0,0.78125,0.0,0.78125,0.0,0.0,0.0,0.0,0.0,0.0,0.0
funny,0.0,0.0,0.0,0.0,0.0,0.0,0.0,0.0,0.0,0.0,0.0,4.444444444444445,0.0,5.555555555555555,0.0,0.0,0.0,0.0,0.0,0.0,1.1111111111111112,0.0,0.0,0.0,0.0,0.0,0.0,0.0,0.0,0.0,0.0,0.0
pics,0.0,0.0,0.0,0.0,0.0,0.0,0.0,1.2121212121212122,1.2121212121212122,0.0,0.0,7.2727272727272725,0.0,4.242424242424243,0.0,0.0,0.6060606060606061,0.0,0.0,0.0,0.0,0.0,0.0,0.0,0.0,0.0,0.0,0.0,0.0,0.0,0.0,0.0
explainlikeimfive,1.0416666666666665,0.0,0.0,0.0,0.0,0.0,0.0,0.4166666666666667,0.4166666666666667,0.0,0.0,9.375,1.0416666666666665,3.958333333333333,0.0,0.8333333333333334,0.0,0.0,0.0,0.0,0.0,0.0,0.0,0.0,0.0,0.0,0.0,0.0,0.0,0.0,0.0,0.0
atheism,0.0,0.0,0.0,0.0,0.2777777777777778,0.0,0.5555555555555556,1.1111111111111112,1.1111111111111112,0.0,0.0,2.7777777777777777,0.0,2.5,0.0,0.2777777777777778,0.0,0.0,0.0,0.0,0.0,0.0,0.0,0.0,0.0,0.0,0.0,0.0,0.0,0.0,0.0,0.0
funny,0.0,0.0,0.0,0.0,0.0,0.0,0.0,0.0,0.0,0.0,0.0,0.0,0.0,5.263157894736842,0.0,0.0,0.0,0.0,0.0,0.0,0.0,0.0,0.0,0.0,0.0,0.0,0.0,0.0,0.0,0.0,0.0,0.0
explainlikeimfive,0.0,0.0,0.0,0.0,0.0,0.0,0.0,2.684563758389262,2.684563758389262,0.0,0.0,3.3557046979865772,0.0,4.697986577181208,0.0,0.0,0.0,0.0,0.0,0.0,0.0,0.0,0.0,0.0,0.0,0.0,0.0,0.0,0.0,0.0,0.0,0.0
leagueoflegends,0.0,0.0,0.0,0.0,0.0,0.0,0.0,0.0,0.0,0.0,0.0,3.225806451612903,0.0,6.451612903225806,0.0,0.0,0.0,0.0,0.0,0.0,0.0,0.0,0.0,0.0,0.0,0.0,0.0,0.0,0.0,0.0,0.0,0.0
todayilearned,0.0,0.0,0.0,0.0,0.0,0.0,0.0,0.0,0.0,0.0,0.0,3.3707865168539324,0.0,5.617977528089887,0.0,0.0,0.0,0.0,0.0,0.0,0.0,0.0,0.0,0.0,0.0,0.0,0.0,0.0,0.0,0.0,0.0,0.0
atheism,0.0,0.0,0.0,0.0,0.0,0.0,0.41841004184100417,0.41841004184100417,0.41841004184100417,0.0,0.0,3.765690376569038,0.0,3.765690376569038,0.0,0.41841004184100417,0.0,0.0,0.0,0.0,0.0,0.0,0.0,0.0,0.0,0.0,0.0,0.0,0.0,0.0,0.0,0.0
funny,0.0,0.0,0.0,0.0,0.0,0.0,0.0,0.7421150278293136,0.927643784786642,0.0,0.0,5.565862708719852,0.0,3.710575139146568,0.0,0.0,0.1855287569573284,0.0,0.0,0.0,0.1855287569573284,0.0,0.0,0.0,0.0,0.0,0.0,0.0,0.0,0.0,0.0,0.0
funny,0.0,0.0,0.0,0.0,0.0,0.0,0.0,0.0,0.0,0.0,0.0,1.5384615384615385,0.0,6.153846153846154,0.0,0.0,0.0,0.0,0.0,0.0,0.0,0.0,0.0,0.0,0.0,0.0,0.0,0.0,0.0,0.0,0.0,0.0
funny,0.0,0.0,0.0,0.0,0.0,0.0,0.0,0.7751937984496124,0.7751937984496124,0.0,0.0,3.488372093023256,0.0,3.488372093023256,0.0,0.0,0.0,0.0,0.0,0.0,0.0,0.0,0.0,0.0,0.0,0.0,0.0,0.0,0.0,0.0,0.0,0.0
todayilearned,0.0,0.0,0.0,0.0,0.0,0.0,0.0,0.0,0.0,0.0,0.0,3.5398230088495577,0.0,3.982300884955752,0.0,0.0,0.4424778761061947,0.0,0.0,0.0,0.0,0.0,0.0,0.0,0.0,0.0,0.0,0.0,0.0,0.0,0.0,0.0
todayilearned,0.0,0.0,0.0,0.0,0.0,0.0,0.0,0.851063829787234,0.851063829787234,0.0,0.0,5.957446808510639,0.0,5.106382978723404,0.0,0.0,0.0,0.0,0.0,0.0,0.0,0.0,0.0,0.0,0.0,0.0,0.0,0.0,0.0,0.0,0.0,0.0
gaming,0.0,0.0,0.0,0.0,0.0,0.0,0.0,0.0,0.0,0.0,0.0,1.1764705882352942,0.0,5.88235294117647,0.0,0.0,0.0,0.0,0.0,0.0,0.0,0.0,0.0,0.0,0.0,0.0,0.0,0.0,0.0,0.0,0.0,0.0
todayilearned,0.0,0.0,0.0,0.0,0.0,0.0,1.1235955056179776,0.0,0.0,0.0,0.0,3.3707865168539324,0.0,5.617977528089887,0.0,1.1235955056179776,0.0,0.0,0.0,1.1235955056179776,0.0,0.0,0.0,0.0,0.0,0.0,0.0,0.0,0.0,0.0,0.0,0.0
leagueoflegends,1.7391304347826086,0.0,0.0,0.0,0.0,0.0,0.0,1.7391304347826086,1.7391304347826086,0.0,0.0,0.8695652173913043,0.0,3.4782608695652173,0.0,0.0,0.0,0.0,0.0,0.0,0.0,0.0,0.0,0.0,0.0,0.0,0.0,0.0,0.0,0.0,0.0,0.0
leagueoflegends,0.0,0.0,0.0,0.0,0.0,0.0,0.0,0.0,2.2900763358778624,0.0,0.0,7.633587786259542,0.7633587786259541,7.633587786259542,0.0,0.0,0.0,0.0,0.0,0.0,0.7633587786259541,0.0,0.0,0.0,0.0,0.0,0.0,0.0,0.0,0.0,0.0,0.0
leagueoflegends,0.0,0.0,0.0,0.0,0.0,0.0,0.0,0.5586592178770949,0.5586592178770949,0.0,0.0,1.1173184357541899,0.0,2.793296089385475,0.0,0.0,0.0,0.0,0.0,0.0,1.675977653631285,0.0,0.0,0.0,0.0,0.0,0.0,0.0,0.0,0.0,0.0,0.0
leagueoflegends,0.0,0.0,1.694915254237288,0.0,0.0,1.694915254237288,0.0,0.847457627118644,0.847457627118644,0.0,0.0,5.932203389830509,0.0,5.932203389830509,0.0,0.0,1.694915254237288,0.0,0.0,0.0,0.0,0.0,0.0,0.0,0.0,0.0,0.847457627118644,0.0,0.0,0.0,0.0,0.0
funny,0.0,0.0,0.0,0.0,0.0,0.0,0.0,2.7777777777777777,2.7777777777777777,0.0,0.0,2.7777777777777777,0.0,5.555555555555555,0.0,0.0,0.0,0.0,0.0,0.0,2.7777777777777777,0.0,0.0,0.0,0.0,0.0,0.0,0.0,0.0,0.0,0.0,0.0
politics,0.0,0.0,0.0,0.0,0.0,0.0,0.0,0.0,0.0,0.0,0.0,3.546099290780142,0.0,9.219858156028367,0.0,0.0,0.0,0.0,0.0,0.0,1.4184397163120568,0.0,0.0,0.0,0.0,0.0,0.0,0.0,0.0,0.0,0.0,0.0
politics,0.14903129657228018,0.0,0.0,0.0,0.29806259314456035,0.0,0.0,0.7451564828614009,0.7451564828614009,0.0,0.0,4.023845007451564,0.0,2.384500745156483,0.0,0.0,0.44709388971684055,0.0,0.0,0.0,0.0,0.0,0.0,0.0,0.0,0.0,0.0,0.0,0.0,0.0,0.0,0.0
politics,0.0,0.0,0.0,0.0,0.0,0.0,0.0,2.0,2.0,0.0,0.0,6.0,0.0,2.0,0.0,0.0,0.0,0.0,0.0,0.0,2.0,0.0,0.0,0.0,0.0,0.0,0.0,0.0,0.0,0.0,0.0,0.0
politics,0.0,0.0,0.0,0.0,0.0,0.0,0.0,0.0,0.0,0.0,0.0,3.35195530726257,0.0,6.145251396648044,0.0,0.0,0.0,0.0,0.0,0.0,0.0,0.0,0.0,0.0,0.0,0.0,0.0,0.0,0.0,0.0,0.0,0.0
politics,0.0,0.0,0.0,0.0,0.0,0.0,0.0,0.0,0.0,0.0,0.0,6.4638783269961975,0.0,6.844106463878327,0.0,0.7604562737642585,0.0,0.0,0.0,0.0,0.38022813688212925,0.0,0.0,0.0,0.0,0.0,0.0,0.0,0.0,0.0,0.0,0.0
politics,0.0,0.0,0.0,0.0,0.0,0.0,0.0,0.0,0.0,0.0,0.0,0.0,0.0,9.75609756097561,0.0,0.0,0.0,0.0,0.0,0.0,0.0,0.0,0.0,0.0,0.0,0.0,0.0,0.0,0.0,0.0,0.0,0.0
politics,0.0,0.0,0.0,0.0,0.0,0.0,0.0,0.0,1.1173184357541899,0.0,0.0,5.58659217877095,0.0,4.4692737430167595,0.0,0.0,0.0,0.0,0.0,0.0,0.0,0.0,0.0,0.0,0.0,0.0,0.0,0.0,0.0,0.0,0.0,0.0
atheism,0.2751031636863824,0.0,0.0,0.0,0.0,0.0,0.0,0.5502063273727648,0.6877579092159559,0.0,0.0,4.951856946354883,0.0,4.676753782668501,0.0,0.1375515818431912,0.0,0.0,0.0,0.0,0.0,0.0,0.0,0.0,0.0,0.0,0.0,0.0,0.0,0.0,0.0,0.0
atheism,0.0,0.0,0.0,0.0,0.0,0.0,0.0,0.0,0.0,0.0,0.0,11.11111111111111,0.0,5.555555555555555,0.0,0.0,0.0,0.0,0.0,0.0,0.0,0.0,0.0,0.0,0.0,0.0,0.0,0.0,0.0,0.0,0.0,0.0
funny,0.0,0.0,0.0,0.0,0.0,0.0,0.0,0.0,0.0,0.0,0.0,4.45859872611465,0.0,2.547770700636943,0.0,0.0,0.0,0.0,0.0,0.0,0.6369426751592357,0.0,0.0,0.0,0.0,0.0,0.0,0.0,0.0,0.0,0.0,0.0
atheism,0.0,0.0,0.0,0.0,0.0,0.0,0.0,2.515723270440252,2.515723270440252,0.0,0.0,9.433962264150944,0.0,5.660377358490567,0.0,0.0,0.0,0.0,0.0,0.0,0.628930817610063,0.0,0.0,0.0,0.0,0.0,0.0,0.0,0.0,0.0,0.0,0.0
leagueoflegends,0.4140786749482402,0.0,0.0,0.0,0.0,0.0,0.0,1.0351966873706004,1.0351966873706004,0.0,0.4140786749482402,2.898550724637681,0.0,2.691511387163561,0.0,0.0,0.0,0.0,0.0,0.0,0.0,0.0,0.0,0.0,0.0,0.0,0.0,0.0,0.0,0.0,0.0,0.0
leagueoflegends,1.5582034830430798,0.0,0.0,0.0,0.0,0.0,0.0,0.36663611365719523,0.27497708524289644,0.0,0.0,4.216315307057745,0.0,4.582951420714941,0.0,0.0,0.0,0.09165902841429881,0.0,0.09165902841429881,2.016498625114574,0.0,0.09165902841429881,0.0,0.09165902841429881,0.0,0.0,0.0,0.0,0.0,0.0,0.0
leagueoflegends,0.0,0.0,0.0,0.0,0.0,0.0,0.0,0.0,0.0,0.0,0.0,12.5,0.0,8.333333333333332,0.0,0.0,0.0,0.0,0.0,0.0,0.0,0.0,0.0,0.0,0.0,0.0,0.0,0.0,0.0,0.0,0.0,0.0
politics,0.0,0.0,0.0,1.1695906432748537,0.0,0.0,0.0,0.5847953216374269,0.5847953216374269,0.0,0.0,4.678362573099415,0.0,4.093567251461988,0.0,0.0,0.0,0.0,0.0,0.0,0.0,0.0,0.0,0.0,0.0,0.0,0.0,0.0,0.0,0.0,0.0,0.0
politics,0.0,0.0,0.0,0.0,0.0,0.0,0.0,0.38167938931297707,0.38167938931297707,0.0,0.0,6.488549618320611,0.0,3.0534351145038165,0.0,0.0,0.0,0.0,0.0,0.0,0.38167938931297707,0.0,0.0,0.0,0.0,0.0,0.0,0.0,0.0,0.0,0.0,0.0
politics,0.0,0.0,0.0,0.0,0.0,0.0,0.0,0.2688172043010753,0.2688172043010753,0.0,0.0,4.032258064516129,0.0,4.56989247311828,0.2688172043010753,0.0,0.2688172043010753,0.0,0.0,0.0,0.5376344086021506,0.0,0.0,0.0,0.0,0.0,0.0,0.0,0.0,0.0,0.0,0.0
politics,0.0,0.0,0.0,0.0,3.4482758620689653,0.0,0.0,0.0,0.0,0.0,0.0,3.4482758620689653,1.7241379310344827,1.7241379310344827,0.0,0.0,0.0,0.0,0.0,0.0,1.7241379310344827,0.0,0.0,0.0,0.0,0.0,0.0,0.0,0.0,0.0,0.0,0.0
politics,0.0,0.0,0.0,0.0,3.0456852791878175,0.0,0.0,1.5228426395939088,1.5228426395939088,0.0,0.0,2.5380710659898478,0.0,4.568527918781726,0.0,0.0,0.0,0.0,0.0,0.0,0.5076142131979695,0.0,0.0,0.0,0.0,0.0,0.0,0.0,0.0,0.0,0.0,0.0
leagueoflegends,0.0,0.0,0.0,0.0,0.0,0.0,0.0,0.0,0.0,0.0,0.0,0.0,0.0,5.88235294117647,0.0,0.0,0.0,0.0,0.0,0.0,0.0,0.0,0.0,0.0,0.0,0.0,0.0,0.0,0.0,0.0,0.0,0.0
funny,0.32751091703056767,0.0,0.0,0.10917030567685589,0.0,0.0,0.0,0.5458515283842794,0.5458515283842794,0.0,0.0,7.20524017467249,0.0,4.912663755458515,0.0,0.10917030567685589,0.0,0.0,0.0,0.0,0.43668122270742354,0.0,0.0,0.0,0.0,0.0,0.0,0.0,0.0,0.0,0.0,0.0
funny,2.1739130434782608,0.0,0.0,0.0,0.0,0.0,1.0869565217391304,0.0,0.0,0.0,0.0,6.521739130434782,0.0,4.3478260869565215,0.0,0.0,0.0,0.0,0.0,0.0,0.0,0.0,0.0,0.0,0.0,0.0,0.0,0.0,0.0,0.0,0.0,0.0
leagueoflegends,0.0,0.0,0.0,0.0,0.0,0.0,0.0,0.7633587786259541,0.7633587786259541,0.0,0.0,6.106870229007633,0.0,4.580152671755725,0.0,0.0,0.0,0.0,0.0,0.0,0.0,0.0,0.0,0.0,0.0,0.0,0.0,0.0,0.0,0.0,0.0,0.0
leagueoflegends,0.0,0.0,0.0,0.0,0.0,0.0,0.0,1.3793103448275863,1.3793103448275863,0.0,0.0,4.482758620689655,0.0,3.4482758620689653,0.0,0.0,0.0,0.0,0.0,0.0,0.0,0.0,0.0,0.0,0.0,0.0,0.0,0.0,0.0,0.0,0.0,0.0
leagueoflegends,0.0,0.0,0.0,0.0,0.5025125628140703,0.0,0.5025125628140703,0.5025125628140703,0.5025125628140703,0.0,0.0,4.522613065326634,0.0,3.5175879396984926,0.0,0.0,0.0,0.0,0.0,0.0,0.0,0.0,0.0,0.0,0.0,0.0,0.0,0.0,0.0,0.0,0.0,0.0
todayilearned,0.0,0.0,0.0,0.0,0.0,0.0,0.0,0.0,0.0,0.0,0.0,9.75609756097561,0.0,7.317073170731707,0.0,0.0,0.0,0.0,0.0,0.0,0.0,0.0,0.0,0.0,0.0,0.0,0.0,0.0,0.0,0.0,0.0,0.0
todayilearned,0.0,0.0,0.0,0.0,0.0,0.0,0.0,0.0,0.0,0.0,0.0,2.4,0.0,4.3999999999999995,0.0,0.0,0.0,0.0,0.0,0.0,0.0,0.0,0.0,0.0,0.0,0.0,0.0,0.0,0.0,0.0,0.0,0.0
leagueoflegends,0.0,0.0,0.0,0.0,0.0,0.0,0.0,2.7027027027027026,2.7027027027027026,0.0,0.0,5.405405405405405,0.0,2.7027027027027026,0.0,0.0,0.0,0.0,0.0,0.0,0.0,2.7027027027027026,0.0,0.0,0.0,0.0,0.0,0.0,0.0,0.0,0.0,0.0
gaming,0.0,0.0,0.0,0.0,0.0,0.0,0.0,0.0,0.0,0.0,0.0,0.0,0.0,10.526315789473683,0.0,2.631578947368421,0.0,0.0,0.0,0.0,0.0,0.0,0.0,0.0,0.0,0.0,0.0,0.0,0.0,0.0,0.0,0.0
leagueoflegends,0.0,0.0,0.0,0.0,0.0,0.0,0.0,0.0,0.0,0.0,0.0,0.9746588693957114,0.0,5.847953216374268,0.0,0.0,0.0,0.0,0.0,0.0,0.0,0.0,0.0,0.0,0.0,0.0,0.0,0.0,0.0,0.0,0.0,0.0
leagueoflegends,0.0,0.0,0.0,0.0,0.0,0.0,0.0,0.0,0.0,0.0,0.0,5.777777777777778,1.7777777777777777,2.2222222222222223,0.0,0.0,0.4444444444444444,0.0,0.0,0.0,0.4444444444444444,0.0,0.0,0.0,0.0,0.0,0.0,0.0,0.0,0.0,0.0,0.0
funny,0.0,0.0,0.0,0.0,0.0,0.0,0.0,0.0,0.0,0.0,0.0,0.0,0.0,0.0,0.0,0.0,0.0,0.0,0.0,0.0,0.0,0.0,0.0,0.0,0.0,0.0,0.0,0.0,0.0,0.0,0.0,0.0
gaming,0.0,0.0,0.0,0.0,0.0,0.0,0.0,0.0,0.0,0.0,0.0,6.451612903225806,0.0,6.451612903225806,0.0,0.0,0.0,0.0,0.0,0.0,0.0,0.0,0.0,0.0,0.0,0.0,0.0,0.0,0.0,0.0,0.0,0.0
leagueoflegends,0.0,0.0,0.0,0.0,0.0,0.0,0.0,2.1739130434782608,2.1739130434782608,0.0,0.0,2.1739130434782608,0.0,8.695652173913043,0.0,0.0,0.0,0.0,0.0,0.0,0.0,0.0,0.0,0.0,0.0,0.0,0.0,0.0,0.0,0.0,0.0,0.0
leagueoflegends,0.0,0.0,0.0,0.0,0.0,0.0,0.0,0.0,0.0,0.0,0.8333333333333334,3.3333333333333335,0.8333333333333334,6.666666666666667,0.0,1.6666666666666667,0.0,0.0,0.0,0.0,0.0,0.0,0.0,0.0,0.0,0.0,0.0,0.0,0.0,0.0,0.0,0.0
leagueoflegends,0.0,0.0,0.0,0.0,0.0,0.38022813688212925,0.0,0.0,0.0,0.0,0.0,1.9011406844106464,0.0,1.9011406844106464,0.0,0.0,0.0,0.0,0.0,0.0,0.0,0.0,0.0,0.0,0.0,0.0,0.0,0.0,0.0,0.0,0.0,0.0
leagueoflegends,0.0,0.0,0.0,0.0,0.0,0.0,0.0,1.0416666666666665,1.0416666666666665,0.0,0.5208333333333333,5.208333333333334,0.0,2.604166666666667,0.0,0.0,0.5208333333333333,0.0,0.0,0.0,0.0,0.0,0.0,0.0,0.0,0.0,0.0,0.0,0.0,0.0,0.0,0.0
atheism,0.0,0.0,0.0,0.0,0.0,0.0,0.0,0.24630541871921183,0.24630541871921183,0.0,0.0,1.9704433497536946,0.0,5.911330049261084,0.0,0.24630541871921183,0.0,0.0,0.0,0.0,0.0,0.0,0.0,0.0,0.0,0.0,0.0,0.0,0.0,0.0,0.0,0.0
atheism,0.0,0.0,0.0,0.0,0.0,0.0,0.13812154696132595,0.5524861878453038,0.5524861878453038,0.0,0.0,5.248618784530387,0.0,4.696132596685083,0.0,0.2762430939226519,0.0,0.0,0.0,0.0,0.6906077348066298,0.0,0.0,0.0,0.0,0.0,0.0,0.0,0.0,0.0,0.0,0.0
politics,0.9510869565217392,0.0,0.0,0.0,0.0,0.0,0.1358695652173913,0.5434782608695652,0.5434782608695652,0.0,0.0,7.4728260869565215,0.0,5.298913043478261,0.0,1.0869565217391304,0.2717391304347826,0.0,1.9021739130434785,0.0,0.1358695652173913,0.0,0.0,0.0,0.0,0.0,0.0,0.0,0.0,0.0,0.0,0.0
politics,0.0,0.0,0.0,0.0,0.0,0.0,0.0,0.0,0.0,0.0,0.0,3.0303030303030303,0.0,4.761904761904762,0.0,0.0,0.0,0.0,0.0,0.0,0.0,0.0,0.0,0.0,0.0,0.0,0.0,0.0,0.0,0.0,0.0,0.0
funny,0.0,0.0,0.0,0.0,0.0,0.0,0.0,0.0,0.0,0.0,0.0,2.7027027027027026,0.0,5.405405405405405,0.0,2.7027027027027026,0.0,0.0,0.0,0.0,0.0,0.0,0.0,0.0,0.0,0.0,0.0,0.0,0.0,0.0,0.0,0.0
leagueoflegends,0.0,0.0,0.0,0.0,0.0,0.0,0.0,0.48543689320388345,0.48543689320388345,0.0,0.0,8.737864077669903,0.0,4.368932038834951,0.0,0.0,0.48543689320388345,0.0,0.0,0.0,0.0,0.0,0.0,0.0,0.0,0.0,0.0,0.0,0.0,0.0,0.0,0.0
leagueoflegends,0.0,0.0,0.0,0.0,0.2583979328165375,0.0,0.516795865633075,0.516795865633075,0.516795865633075,0.0,0.0,4.651162790697675,0.0,4.3927648578811365,0.516795865633075,0.0,0.516795865633075,0.0,0.0,0.0,0.0,0.0,0.0,0.0,0.0,0.0,0.0,0.0,0.0,0.0,0.0,0.0
atheism,0.0,0.0,0.0,0.0,0.0,0.0,1.25,0.0,0.0,0.0,0.0,2.5,0.0,3.75,0.0,0.0,0.0,0.0,0.0,0.0,0.0,0.0,0.0,0.0,0.0,0.0,0.0,0.0,0.0,0.0,0.0,0.0
AdviceAnimals,0.0,0.0,0.0,0.0,0.0,0.0,0.0,0.43668122270742354,0.43668122270742354,0.0,0.0,2.6200873362445414,0.0,4.366812227074235,0.0,0.8733624454148471,0.0,0.0,0.0,0.0,1.7467248908296942,0.0,0.0,0.0,0.0,0.0,0.0,0.0,0.0,0.0,0.0,0.0
atheism,0.0,0.0,0.0,0.0,0.0,0.0,0.0,0.0,0.0,0.0,0.0,5.194805194805195,0.0,2.5974025974025974,0.0,0.0,0.0,0.0,0.0,0.0,1.2987012987012987,0.0,0.0,0.0,0.0,0.0,0.0,0.0,0.0,0.0,0.0,0.0
atheism,0.0,0.0,0.0,0.0,0.0,0.0,0.0,0.0,0.0,0.0,0.0,5.0,1.1111111111111112,3.3333333333333335,0.0,0.0,0.0,0.0,0.0,0.0,0.0,0.0,0.0,0.0,0.0,0.0,0.0,0.0,0.0,0.0,0.0,0.0
atheism,0.0,0.0,0.0,0.0,0.0,0.0,0.8771929824561403,0.0,0.0,0.0,0.0,2.631578947368421,0.0,2.631578947368421,0.0,0.0,0.0,0.0,0.0,0.0,0.0,0.0,0.0,0.0,0.0,0.0,0.0,0.0,0.0,0.0,0.0,0.0
atheism,0.0,0.0,0.0,0.0,0.0,0.0,0.0,2.0202020202020203,2.0202020202020203,0.0,0.0,7.07070707070707,0.0,3.0303030303030303,0.0,0.0,0.0,0.0,0.0,0.0,0.0,0.0,0.0,0.0,0.0,0.0,0.0,0.0,0.0,0.0,0.0,0.0
atheism,0.0,0.0,0.0,0.0,0.0,0.0,0.4048582995951417,0.4048582995951417,0.4048582995951417,0.0,0.0,4.8582995951417,0.8097165991902834,3.2388663967611335,0.0,0.4048582995951417,0.0,0.0,0.0,0.0,0.4048582995951417,0.0,0.0,0.0,0.0,0.0,0.0,0.0,0.0,0.0,0.0,0.0
atheism,0.0,0.0,0.0,0.0,0.0,0.0,0.4048582995951417,0.4048582995951417,0.4048582995951417,0.0,0.0,4.8582995951417,0.8097165991902834,3.2388663967611335,0.0,0.4048582995951417,0.0,0.0,0.0,0.0,0.4048582995951417,0.0,0.0,0.0,0.0,0.0,0.0,0.0,0.0,0.0,0.0,0.0
atheism,0.0,0.0,0.0,0.0,0.0,0.0,0.0,0.33670033670033667,0.33670033670033667,0.0,0.0,4.377104377104377,0.0,3.0303030303030303,0.0,0.0,0.0,0.0,0.0,0.0,0.33670033670033667,0.0,0.0,0.0,0.0,0.0,0.0,0.0,0.0,0.0,0.0,0.0
explainlikeimfive,0.0,0.0,0.0,0.0,0.0,0.0,0.0,0.0,0.0,0.0,0.0,2.4,0.0,4.0,0.0,0.0,0.0,0.0,0.0,0.0,0.0,0.0,0.0,0.0,0.0,0.0,0.0,0.0,0.0,0.0,0.0,0.0
explainlikeimfive,0.0,0.0,0.0,0.0,0.0,0.0,0.2358490566037736,0.7075471698113208,1.4150943396226416,0.0,0.0,6.839622641509433,0.0,4.716981132075472,0.0,0.0,0.0,0.0,0.0,0.0,0.0,0.0,0.0,0.0,0.0,0.0,0.0,0.0,0.0,0.0,0.0,0.0
explainlikeimfive,0.0,0.0,0.0,0.0,0.0,0.0,0.0,3.4722222222222223,3.4722222222222223,0.0,0.0,0.6944444444444444,1.3888888888888888,2.7777777777777777,0.0,0.0,0.0,0.0,0.0,0.0,1.3888888888888888,0.0,0.0,0.0,0.0,0.0,0.0,0.0,0.0,0.0,0.0,0.0
explainlikeimfive,0.0,0.0,0.0,0.0,0.0,0.0,0.0,0.0,0.0,0.0,0.0,5.02092050209205,0.0,5.02092050209205,0.0,0.0,0.0,0.0,0.0,0.0,0.0,0.0,0.0,0.0,0.0,0.0,0.0,0.0,0.0,0.0,0.0,0.0
explainlikeimfive,0.0,0.0,0.0,0.0,0.0,0.0,0.0,0.0,0.0,0.0,0.0,0.0,0.0,4.3478260869565215,0.0,0.0,0.0,0.0,0.0,0.0,0.0,0.0,0.0,0.0,0.0,0.0,0.0,0.0,0.0,0.0,0.0,0.0
explainlikeimfive,0.0,0.0,0.0,0.0,0.0,0.0,0.0,0.0,0.0,0.0,0.0,4.790419161676647,0.0,2.9940119760479043,0.0,1.1976047904191618,0.5988023952095809,0.0,0.0,0.0,0.0,0.0,0.0,0.0,0.0,0.0,0.0,0.0,0.0,0.0,0.0,0.0
politics,0.0,0.0,0.0,0.847457627118644,0.0,0.0,0.0,0.423728813559322,0.423728813559322,0.0,0.0,4.661016949152542,0.0,4.661016949152542,0.0,0.847457627118644,0.0,0.0,0.0,0.847457627118644,0.847457627118644,0.0,0.423728813559322,0.0,0.423728813559322,0.0,0.0,0.0,0.0,0.0,0.0,0.0
leagueoflegends,0.0,0.0,0.0,0.0,0.0,0.0,0.0,0.8888888888888888,0.8888888888888888,0.0,0.0,4.444444444444445,0.0,3.5555555555555554,0.0,0.0,0.0,0.0,0.0,0.0,0.0,0.0,0.0,0.0,0.0,0.0,0.0,0.0,0.0,0.0,0.0,0.0
leagueoflegends,0.0,0.0,0.0,0.0,0.0,0.0,0.0,0.0,0.0,0.0,0.0,3.3333333333333335,0.0,4.444444444444445,0.0,0.0,0.0,0.0,0.0,0.0,2.2222222222222223,0.0,0.0,0.0,0.0,0.0,0.0,0.0,0.0,0.0,0.0,0.0
atheism,0.0,0.0,0.0,0.0,0.0,0.0,1.507537688442211,1.1725293132328307,0.6700167504187605,0.0,0.0,8.375209380234507,0.16750418760469013,5.360134003350084,0.0,0.16750418760469013,0.0,0.0,0.0,0.0,0.16750418760469013,0.0,0.5025125628140703,0.0,0.5025125628140703,0.0,0.0,0.0,0.0,0.0,0.0,0.0
explainlikeimfive,0.0,0.0,0.42194092827004215,0.0,0.0,0.0,0.0,0.0,0.0,0.0,0.0,5.485232067510549,0.0,4.219409282700422,0.0,0.0,0.0,0.0,0.0,0.0,0.0,0.0,0.0,0.0,0.0,0.0,0.0,0.0,0.0,0.0,0.0,0.0
leagueoflegends,0.0,0.0,0.0,0.0,0.0,0.0,0.0,1.8518518518518516,0.0,0.0,0.0,0.0,0.0,3.7037037037037033,0.0,0.0,0.0,0.0,0.0,0.0,0.0,0.0,0.0,0.0,1.8518518518518516,0.0,0.0,0.0,0.0,0.0,0.0,0.0
gaming,0.0,0.0,0.0,0.4273504273504274,0.0,0.0,0.0,0.8547008547008548,0.8547008547008548,0.0,0.0,5.128205128205128,1.282051282051282,3.8461538461538463,0.0,0.0,0.0,0.0,0.0,0.0,0.4273504273504274,0.0,0.0,0.0,0.0,0.0,0.0,0.0,0.0,0.0,0.0,0.0
gaming,0.0,0.0,0.0,0.0,0.0,0.0,0.0,0.0,0.0,0.0,0.0,5.405405405405405,0.0,5.405405405405405,0.0,0.0,0.0,0.0,0.0,0.0,0.0,0.0,0.0,0.0,0.0,0.0,0.0,0.0,0.0,0.0,0.0,0.0
gaming,0.0,0.0,0.0,0.0,0.0,0.0,0.0,0.0,0.0,0.0,0.0,2.0,0.0,2.0,0.0,0.0,0.0,0.0,0.0,0.0,2.0,0.0,0.0,0.0,0.0,0.0,0.0,0.0,0.0,0.0,0.0,0.0
gaming,0.0,0.0,0.0,0.0,0.0,0.0,0.0,0.0,0.0,0.0,0.0,0.0,0.0,5.555555555555555,0.0,0.0,0.0,0.0,0.0,0.0,0.0,0.0,0.0,0.0,0.0,0.0,0.0,0.0,0.0,0.0,0.0,0.0
pics,0.9259259259259258,0.0,0.0,0.0,0.0,0.0,0.0,0.0,0.0,0.0,0.0,2.7777777777777777,0.0,5.555555555555555,0.0,0.0,0.0,0.0,0.0,0.0,0.0,0.0,0.0,0.0,0.0,0.0,0.0,0.0,0.0,0.0,0.0,0.0
funny,0.0,0.0,0.0,0.0,0.0,0.0,0.0,1.3157894736842104,0.0,0.0,0.0,9.210526315789473,0.0,3.9473684210526314,0.0,0.0,0.0,0.0,0.0,0.0,0.0,0.0,0.0,0.0,0.0,0.0,0.0,0.0,0.0,0.0,0.0,0.0
funny,0.0,0.0,0.0,0.0,0.0,0.0,0.0,1.4705882352941175,1.4705882352941175,0.0,0.0,7.352941176470589,0.0,4.901960784313726,0.0,0.0,0.0,0.0,0.0,0.0,0.0,0.0,0.0,0.0,0.0,0.0,0.0,0.0,0.0,0.0,0.0,0.0
funny,0.0,0.0,0.0,0.0,0.0,0.0,0.0,0.9900990099009901,0.9900990099009901,0.0,0.0,5.9405940594059405,0.0,5.9405940594059405,0.0,0.0,0.0,0.0,0.0,0.0,0.0,0.0,0.0,0.0,0.0,0.0,0.0,0.0,0.0,0.0,0.0,0.0
gaming,0.0,0.0,0.0,0.0,0.0,0.0,0.0,0.0,0.0,0.0,0.0,3.2751091703056767,0.0,5.458515283842795,0.0,0.21834061135371177,0.0,0.0,0.0,0.0,0.0,0.0,0.0,0.0,0.0,0.0,0.0,0.0,0.0,0.0,0.0,0.0
politics,0.0,0.0,0.0,5.633802816901409,0.0,0.0,0.0,0.0,0.0,0.0,0.0,0.0,0.0,4.225352112676056,0.0,0.0,0.0,0.0,1.4084507042253522,0.0,0.0,0.0,0.0,0.0,0.0,0.0,0.0,0.0,0.0,0.0,0.0,0.0
politics,0.0,0.0,0.0,0.0,0.0,0.0,0.0,0.0,0.0,0.0,0.0,1.4084507042253522,0.0,3.5211267605633805,0.0,0.7042253521126761,0.0,0.0,0.0,0.0,0.7042253521126761,0.0,0.0,0.0,0.0,0.0,0.0,0.0,0.0,0.0,0.0,0.0
politics,0.0,0.0,0.0,0.0,0.0,0.5847953216374269,0.0,1.1695906432748537,1.1695906432748537,0.0,0.0,4.678362573099415,0.0,5.263157894736842,0.0,0.0,0.0,0.0,0.0,0.0,0.0,0.0,0.0,0.0,0.0,0.0,0.0,0.0,0.0,0.0,0.0,0.0
AdviceAnimals,0.0,0.0,0.0,0.0,0.0,0.0,0.0,0.5376344086021506,0.0,0.0,0.0,4.838709677419355,1.6129032258064515,5.913978494623656,0.0,0.0,0.0,0.0,0.0,0.0,0.0,0.0,0.5376344086021506,0.0,0.5376344086021506,0.0,0.0,0.0,0.0,0.0,0.0,0.0
leagueoflegends,0.21978021978021978,0.0,0.0,0.0,0.0,0.0,0.0,1.3186813186813187,1.3186813186813187,0.10989010989010989,0.0,6.7032967032967035,1.208791208791209,3.5164835164835164,0.0,1.208791208791209,0.10989010989010989,0.0,0.0,1.6483516483516485,0.21978021978021978,0.0,0.0,0.0,0.0,0.0,0.0,0.0,0.0,0.0,0.0,0.0
leagueoflegends,0.0,0.0,0.0,0.0,0.0,0.0,0.0,0.48543689320388345,0.48543689320388345,0.0,0.0,3.3980582524271843,0.0,4.368932038834951,0.0,0.0,0.0,0.0,0.0,0.0,0.0,0.0,0.0,0.0,0.0,0.0,0.0,0.0,0.0,0.0,0.0,0.0
leagueoflegends,0.0,0.0,0.0,0.0,0.0,0.0,0.0,0.8928571428571428,0.8928571428571428,0.0,0.0,11.607142857142858,0.0,3.571428571428571,0.0,0.0,0.0,0.0,0.0,0.0,0.0,0.0,0.0,0.0,0.0,0.0,0.0,0.0,0.0,0.0,0.0,0.0
leagueoflegends,0.0,0.0,2.4539877300613497,0.0,0.0,0.0,0.0,0.0,0.0,0.0,0.0,4.9079754601226995,0.0,7.975460122699387,0.0,0.0,0.0,0.0,0.0,1.8404907975460123,1.2269938650306749,0.0,0.0,0.0,0.0,0.0,0.0,0.0,0.0,0.0,0.0,0.0
leagueoflegends,0.0,0.0,0.0,0.0,0.0,0.0,0.0,0.9090909090909091,0.9090909090909091,0.0,0.0,0.9090909090909091,0.0,1.8181818181818181,0.0,0.0,0.0,0.0,0.0,0.0,0.0,0.0,0.0,0.0,0.0,0.0,0.0,0.0,0.0,0.0,0.0,0.0
leagueoflegends,0.0,0.0,0.0,0.0,0.0,0.0,0.0,0.3508771929824561,0.3508771929824561,0.0,0.0,2.807017543859649,0.0,5.263157894736842,0.0,0.0,0.0,0.0,0.0,0.0,0.0,0.0,0.0,0.0,0.0,0.0,0.0,0.0,0.0,0.0,0.0,0.0
leagueoflegends,0.0,0.0,0.0,0.0,0.0,0.0,0.0,0.6369426751592357,2.547770700636943,0.0,0.0,4.45859872611465,0.0,3.821656050955414,0.0,0.6369426751592357,0.0,0.0,0.0,0.0,0.0,0.0,0.6369426751592357,0.0,0.6369426751592357,0.0,0.0,0.0,0.0,0.0,0.0,0.0
leagueoflegends,0.0,0.0,0.0,0.0,0.0,0.0,0.0,0.0,0.0,0.0,0.0,0.0,0.0,7.142857142857142,0.0,0.0,0.0,0.0,0.0,0.0,0.0,0.0,0.0,0.0,0.0,0.0,0.0,0.0,0.0,0.0,0.0,0.0
leagueoflegends,0.0,0.0,0.0,0.0,0.0,0.0,0.0,0.0,0.0,0.0,0.0,0.0,0.0,7.6923076923076925,0.0,0.0,0.0,0.0,0.0,0.0,0.0,0.0,0.0,0.0,0.0,0.0,0.0,0.0,0.0,0.0,0.0,0.0
pics,0.0,0.0,0.0,0.0,0.0,0.0,0.0,0.0,0.0,0.0,0.0,4.6875,0.0,6.25,0.0,0.0,0.0,0.0,0.0,0.0,0.0,0.0,0.0,0.0,0.0,0.0,0.0,0.0,0.0,0.0,0.0,0.0
funny,0.0,0.0,0.0,0.0,0.0,0.0,0.0,0.53475935828877,0.53475935828877,0.0,0.0,2.6737967914438503,0.53475935828877,5.347593582887701,0.0,0.53475935828877,0.0,0.0,0.0,0.0,0.0,0.0,0.0,0.0,0.0,0.0,0.0,0.0,0.0,0.0,0.0,0.0
funny,0.0,0.0,0.0,0.0,0.0,0.0,0.0,1.2987012987012987,1.2987012987012987,0.0,0.0,3.896103896103896,0.0,5.194805194805195,0.0,0.0,0.0,0.0,0.0,0.0,0.0,0.0,0.0,0.0,0.0,0.0,0.0,0.0,0.0,0.0,0.0,0.0
pics,0.0,0.0,0.0,0.0,0.0,0.0,0.0,0.0,0.0,0.0,0.0,6.698564593301436,0.4784688995215311,3.349282296650718,0.0,0.0,0.0,0.0,0.0,0.0,0.4784688995215311,0.0,0.0,0.0,0.0,0.0,0.0,0.0,0.0,0.0,0.0,0.0
gaming,0.0,0.0,0.0,0.0,0.0,0.0,0.0,1.3157894736842104,0.0,0.0,0.0,2.631578947368421,0.0,5.263157894736842,0.0,0.0,0.0,0.0,0.0,0.0,1.3157894736842104,0.0,1.3157894736842104,0.0,1.3157894736842104,0.0,0.0,0.0,0.0,0.0,0.0,0.0
leagueoflegends,0.0,0.0,0.0,0.0,0.0,0.0,0.0,0.4464285714285714,0.4464285714285714,0.0,0.0,1.7857142857142856,0.8928571428571428,4.910714285714286,0.0,0.0,0.0,0.0,0.0,0.0,0.8928571428571428,0.0,0.0,0.0,0.0,0.0,0.0,0.0,0.0,0.0,0.0,0.0
leagueoflegends,0.0,0.0,0.0,0.0,0.0,0.0,0.0,0.0,0.0,0.0,0.0,2.912621359223301,0.0,5.825242718446602,0.0,0.0,0.0,0.0,0.0,0.0,0.9708737864077669,0.0,0.0,0.0,0.0,0.0,0.0,0.0,0.0,0.0,0.0,0.0
leagueoflegends,3.225806451612903,0.0,0.0,0.0,0.0,0.0,0.0,0.0,0.0,0.0,0.0,0.0,0.0,0.0,0.0,0.0,0.0,0.0,0.0,0.0,3.225806451612903,0.0,0.0,0.0,0.0,0.0,0.0,0.0,0.0,0.0,0.0,0.0
leagueoflegends,0.3508771929824561,0.0,0.0,0.0,0.0,0.0,0.0,0.3508771929824561,0.3508771929824561,0.0,0.0,3.508771929824561,0.0,4.2105263157894735,0.0,0.0,0.0,0.0,0.0,0.0,0.0,0.0,0.0,0.0,0.0,0.0,0.0,0.0,0.0,0.0,0.0,0.0
leagueoflegends,0.0,0.0,0.0,0.0,0.0,0.0,0.0,0.28328611898017,0.28328611898017,0.0,0.0,3.1161473087818696,0.0,8.498583569405099,0.0,0.0,0.0,0.0,0.0,0.0,0.28328611898017,0.0,0.0,0.0,0.0,0.0,0.0,0.0,0.0,0.0,0.0,0.0
leagueoflegends,0.0,0.0,0.0,0.0,0.0,0.0,0.0,0.0,0.0,0.0,0.0,2.73972602739726,0.0,4.10958904109589,0.0,0.0,0.0,0.0,0.0,0.0,0.0,0.0,0.0,0.0,0.0,0.0,0.0,0.0,0.0,0.0,0.0,0.0
leagueoflegends,0.0,0.0,0.0,0.0,0.0,0.0,0.0,0.2222222222222222,0.2222222222222222,0.0,0.2222222222222222,2.0,0.0,4.888888888888889,0.0,0.4444444444444444,0.0,0.0,0.0,0.0,0.2222222222222222,0.0,0.0,0.0,0.0,0.0,0.0,0.0,0.0,0.0,0.0,0.0
leagueoflegends,1.4285714285714286,0.0,0.0,0.0,0.0,0.0,0.0,0.0,0.0,0.0,0.0,4.285714285714286,0.0,2.857142857142857,0.0,1.4285714285714286,0.0,0.0,0.0,0.0,0.0,0.0,0.0,0.0,0.0,0.0,0.0,0.0,0.0,0.0,0.0,0.0
leagueoflegends,0.0,0.0,0.0,0.0,0.0,0.0,0.2652519893899204,0.2652519893899204,0.2652519893899204,0.0,0.0,5.305039787798409,0.0,2.6525198938992043,0.0,0.2652519893899204,0.0,0.0,0.0,0.5305039787798408,0.0,0.0,0.0,0.0,0.0,0.0,0.0,0.0,0.0,0.0,0.0,0.0
atheism,0.0,0.0,0.0,0.0,0.0,0.0,0.0,1.8181818181818181,1.8181818181818181,0.0,0.0,9.090909090909092,0.0,4.848484848484849,0.0,0.0,0.0,0.0,0.0,0.0,0.0,0.0,0.0,0.0,0.0,0.0,0.0,0.0,0.0,0.0,0.0,0.0
funny,0.0,0.0,0.0,0.0,0.0,0.0,0.0,1.7543859649122806,1.7543859649122806,0.0,0.0,3.508771929824561,0.0,7.017543859649122,0.0,0.0,0.0,0.0,0.0,0.0,0.0,0.0,0.0,0.0,0.0,0.0,0.0,0.0,0.0,0.0,0.0,0.0
funny,0.0,0.0,0.0,0.0,0.0,0.0,0.0,0.0,0.0,0.0,0.0,0.0,0.0,4.6875,0.0,0.0,0.0,0.0,0.0,0.0,0.0,0.0,0.0,0.0,0.0,0.0,0.0,0.0,0.0,0.0,0.0,0.0
leagueoflegends,0.0,0.0,0.0,0.0,0.3412969283276451,0.0,0.0,3.4129692832764507,3.4129692832764507,0.0,0.0,4.09556313993174,0.0,2.7303754266211606,0.0,1.023890784982935,0.0,0.0,0.0,0.0,0.0,0.0,0.0,0.0,0.0,0.0,0.0,0.0,0.0,0.0,0.0,0.0
leagueoflegends,0.0,0.0,0.0,0.0,0.0,0.0,0.0,0.0,0.0,0.0,0.0,3.79746835443038,0.0,2.5316455696202533,0.0,0.0,0.0,0.0,0.0,0.0,0.0,0.0,0.0,0.0,0.0,0.0,0.0,0.0,0.0,0.0,0.0,0.0
AdviceAnimals,0.0,0.0,0.0,0.0,0.0,0.0,0.0,0.0,0.0,0.0,0.0,4.0,0.0,12.0,0.0,0.0,0.0,0.0,0.0,0.0,0.0,0.0,0.0,0.0,0.0,0.0,0.0,0.0,0.0,0.0,0.0,0.0
atheism,0.0,0.0,0.0,0.0,0.0,0.0,0.3883495145631068,0.7766990291262136,0.7766990291262136,0.0,0.0,2.524271844660194,0.0,3.8834951456310676,0.0,0.0,0.5825242718446602,0.0,0.0,0.0,0.0,0.0,0.0,0.0,0.0,0.0,0.0,0.0,0.0,0.0,0.0,0.0
gaming,0.0,0.0,0.0,0.0,0.0,0.0,0.0,0.0,0.0,0.0,0.0,4.0,0.0,6.0,0.0,0.0,0.0,0.0,0.0,0.0,0.0,0.0,0.0,0.0,0.0,0.0,0.0,0.0,0.0,0.0,0.0,0.0
leagueoflegends,0.0,0.0,0.0,0.0,0.0,0.0,0.0,0.3676470588235294,0.3676470588235294,0.0,0.0,4.411764705882353,0.0,5.88235294117647,0.0,0.0,0.0,0.0,0.0,0.0,0.3676470588235294,0.0,0.0,0.0,0.0,0.0,0.0,0.0,0.0,0.0,0.0,0.0
explainlikeimfive,0.0,0.0,0.0,0.0,0.0,0.0,0.0,0.0,0.0,0.0,0.0,7.6923076923076925,0.0,7.6923076923076925,0.0,0.0,0.0,0.0,0.0,0.0,0.0,0.0,0.0,0.0,0.0,0.0,0.0,0.0,0.0,0.0,0.0,0.0
atheism,0.0,0.0,0.0,0.0,0.0,0.0,0.0,0.0,0.0,0.0,0.0,1.0101010101010102,0.0,2.0202020202020203,0.0,0.0,0.0,0.0,0.0,0.0,1.0101010101010102,0.0,0.0,0.0,0.0,0.0,0.0,0.0,0.0,0.0,0.0,0.0
funny,0.0,0.0,0.0,0.0,0.0,0.0,0.0,1.5267175572519083,1.5267175572519083,0.0,0.0,4.580152671755725,0.0,4.580152671755725,0.0,0.0,0.0,0.0,0.0,0.0,0.0,0.0,0.0,0.0,0.0,0.0,0.0,0.0,0.0,0.0,0.0,0.0
gaming,0.0,0.0,0.0,0.0,0.0,0.0,0.0,0.0,0.0,0.0,0.0,2.3622047244094486,0.0,5.511811023622047,0.0,0.0,0.0,0.0,0.0,0.0,0.0,0.0,0.0,0.0,0.0,0.0,0.0,0.0,0.0,0.0,0.0,0.0
gaming,0.0,0.0,0.0,0.0,0.0,0.0,0.0,1.015228426395939,1.015228426395939,0.0,0.0,8.629441624365482,0.0,5.583756345177665,0.0,0.0,0.0,0.0,0.0,0.0,0.0,0.0,0.0,0.0,0.0,0.0,0.0,0.0,0.0,0.0,0.0,0.0
gaming,0.0,0.0,0.0,0.0,0.0,0.0,0.0,0.0,0.0,0.0,0.0,8.974358974358974,0.0,6.41025641025641,0.0,0.0,0.0,0.0,0.0,0.0,0.0,0.0,0.0,0.0,0.0,0.0,0.0,0.0,0.0,0.0,0.0,0.0
pics,0.0,0.0,0.0,0.0,0.0,0.0,0.0,0.6134969325153374,0.6134969325153374,0.0,0.0,2.4539877300613497,0.0,7.975460122699387,0.0,0.0,0.0,0.0,0.0,0.0,0.0,0.0,0.0,0.0,0.0,0.0,0.0,0.0,0.0,0.0,0.0,0.0
gaming,0.0,0.0,0.0,0.0,0.0,0.0,0.0,0.0,0.0,0.0,0.0,2.941176470588235,0.0,4.411764705882353,0.0,0.0,0.0,0.0,0.0,0.0,0.0,0.0,0.0,0.0,0.0,0.0,0.0,0.0,0.0,0.0,0.0,0.0
pics,0.0,0.0,0.0,0.0,0.0,0.0,0.0,0.0,0.0,0.0,0.0,3.0303030303030303,0.0,4.545454545454546,0.0,0.0,0.0,0.0,3.0303030303030303,0.0,1.5151515151515151,0.0,0.0,0.0,0.0,0.0,0.0,0.0,0.0,0.0,0.0,0.0
pics,0.4149377593360996,0.0,0.0,0.0,0.0,0.0,0.0,0.4149377593360996,0.4149377593360996,0.0,0.0,3.7344398340248963,0.0,4.979253112033195,0.0,0.0,0.0,0.0,0.0,0.0,0.4149377593360996,0.0,0.0,0.0,0.0,0.0,0.0,0.0,0.0,0.0,0.0,0.0
pics,0.0,0.0,0.0,0.0,0.0,0.0,0.0,1.5151515151515151,1.5151515151515151,0.0,0.0,4.545454545454546,0.0,4.545454545454546,0.0,0.0,0.0,0.0,0.0,0.0,0.0,0.0,0.0,0.0,0.0,0.0,0.0,0.0,0.0,0.0,0.0,0.0
politics,1.8604651162790697,0.0,0.0,0.0,0.0,0.0,1.3953488372093024,0.0,0.0,0.0,0.0,3.7209302325581395,0.0,4.186046511627907,0.0,0.0,0.0,0.0,0.0,0.0,0.0,0.0,0.0,0.0,0.0,0.0,0.0,0.0,0.0,0.0,0.0,0.0
funny,0.0,0.0,0.0,0.0,0.0,0.0,0.0,0.0,0.0,0.0,0.0,3.389830508474576,0.0,3.389830508474576,0.0,0.0,0.0,0.0,0.0,0.0,0.0,0.0,0.0,0.0,0.0,0.0,0.0,0.0,0.0,0.0,0.0,0.0
atheism,0.0,0.0,0.0,0.0,0.0,0.0,0.0,0.0,0.0,0.0,0.0,2.941176470588235,0.0,2.941176470588235,0.0,0.0,0.0,0.0,0.0,0.0,0.0,0.0,0.0,0.0,0.0,0.0,0.0,0.0,0.0,0.0,0.0,0.0
atheism,1.0,0.0,0.0,0.0,0.0,0.0,0.0,2.0,2.0,0.0,0.0,12.0,0.0,5.0,0.0,0.0,0.0,0.0,0.0,0.0,1.0,0.0,0.0,0.0,0.0,0.0,0.0,0.0,0.0,0.0,0.0,0.0
leagueoflegends,0.0,0.0,0.0,0.0,0.0,0.0,0.0,0.591715976331361,0.591715976331361,0.0,0.0,4.142011834319527,0.0,6.508875739644971,0.0,0.0,0.0,0.0,0.0,0.0,0.0,0.0,0.0,0.0,0.0,0.0,0.0,0.0,0.0,0.0,0.0,0.0
funny,0.0,0.0,0.0,0.0,0.0,0.0,0.0,0.9174311926605505,0.9174311926605505,0.0,0.0,3.669724770642202,0.0,3.669724770642202,0.0,0.0,0.9174311926605505,0.0,0.0,0.0,0.0,0.0,0.0,0.0,0.0,0.0,0.0,0.0,0.0,0.0,0.0,0.0
funny,0.0,0.0,0.0,0.0,0.0,0.0,0.0,0.0,0.0,0.0,0.0,5.333333333333334,0.0,4.0,0.0,0.4444444444444444,0.0,0.0,0.0,0.0,0.0,0.0,0.0,0.0,0.0,0.0,0.0,0.0,0.0,0.0,0.0,0.0
gaming,0.0,0.0,0.0,0.0,0.0,0.0,0.0,0.0,0.0,0.0,0.0,3.4482758620689653,0.0,4.137931034482759,0.0,0.0,0.0,0.0,0.0,0.0,0.0,0.0,0.0,0.0,0.0,0.0,0.0,0.0,0.0,0.0,0.0,0.0
gaming,0.0,0.0,0.0,1.2048192771084338,0.0,0.0,0.0,1.2048192771084338,1.2048192771084338,0.0,0.0,2.4096385542168677,0.0,7.228915662650602,0.0,0.0,0.0,0.0,0.0,0.0,0.0,0.0,0.0,0.0,0.0,0.0,0.0,0.0,0.0,0.0,0.0,0.0
AdviceAnimals,0.0,0.0,0.0,0.0,0.0,0.0,0.0,0.37174721189591076,0.37174721189591076,0.0,0.0,6.319702602230483,0.0,2.973977695167286,0.0,0.37174721189591076,0.0,0.0,0.0,0.0,0.0,0.0,0.0,0.0,0.0,0.0,0.0,0.0,0.0,0.0,0.0,0.0
AdviceAnimals,0.0,0.0,0.0,0.0,0.0,0.0,0.0,1.0752688172043012,1.0752688172043012,0.0,0.0,3.225806451612903,0.0,4.301075268817205,0.0,0.0,0.0,0.0,0.0,0.0,0.0,0.0,0.0,0.0,0.0,0.0,0.0,0.0,0.0,0.0,0.0,0.0
AdviceAnimals,0.0,0.0,0.0,0.0,0.0,0.0,0.0,0.9615384615384616,0.9615384615384616,0.0,0.0,3.8461538461538463,0.0,3.3653846153846154,0.0,0.0,0.0,0.0,0.0,0.0,0.0,0.0,0.0,0.0,0.0,0.0,0.0,0.0,0.0,0.0,0.0,0.0
leagueoflegends,0.0,0.0,0.0,0.0,0.0,0.0,0.0,0.0,0.0,0.0,0.0,4.615384615384616,0.0,4.615384615384616,0.0,1.5384615384615385,0.0,0.0,0.0,0.0,0.0,0.0,0.0,0.0,0.0,0.0,0.0,0.0,0.0,0.0,0.0,0.0
funny,0.0,0.0,0.0,0.0,0.0,0.0,1.694915254237288,0.0,0.0,0.0,0.0,6.779661016949152,0.0,1.694915254237288,0.0,0.847457627118644,0.0,0.0,0.0,1.694915254237288,0.847457627118644,0.0,0.0,0.0,0.0,0.0,0.0,0.0,0.0,0.0,0.0,0.0
funny,0.0,0.0,0.0,0.0,0.0,0.0,0.0,0.0,0.0,0.0,0.0,0.0,0.0,6.896551724137931,0.0,0.0,0.0,0.0,0.0,0.0,0.0,0.0,0.0,0.0,0.0,0.0,0.0,0.0,0.0,0.0,0.0,0.0
funny,2.2988505747126435,0.0,0.0,0.0,0.0,0.0,0.0,3.4482758620689653,3.4482758620689653,0.0,0.0,0.0,0.0,5.747126436781609,0.0,0.0,0.0,0.0,0.0,0.0,0.0,0.0,0.0,0.0,0.0,0.0,0.0,0.0,0.0,0.0,0.0,0.0
leagueoflegends,0.34965034965034963,0.0,0.0,0.0,0.0,0.0,0.0,0.34965034965034963,0.34965034965034963,0.0,0.0,3.4965034965034967,0.0,5.594405594405594,0.0,0.0,0.0,0.0,0.0,0.0,0.0,0.0,0.0,0.0,0.0,0.0,0.0,0.0,0.0,0.0,0.0,0.0
explainlikeimfive,0.0,0.0,0.0,0.0,0.0,0.0,0.0,1.3975155279503106,1.2422360248447204,0.0,0.0,4.813664596273292,0.0,4.037267080745342,0.0,0.15527950310559005,0.0,0.0,0.0,0.0,0.15527950310559005,0.0,0.15527950310559005,0.0,0.15527950310559005,0.0,0.0,0.0,0.0,0.0,0.0,0.0
politics,0.0,0.0,0.0,0.7518796992481203,0.0,0.0,0.0,0.0,0.0,0.0,0.0,5.263157894736842,0.0,6.7669172932330826,0.0,0.0,0.0,0.0,0.0,0.0,0.0,0.0,0.0,0.0,0.0,0.0,0.0,0.0,0.0,0.0,0.0,0.0
leagueoflegends,0.0,0.0,0.0,0.0,0.0,0.0,0.0,0.0,0.0,0.0,0.0,1.4326647564469914,0.28653295128939826,3.151862464183381,0.0,0.0,0.0,0.0,0.0,0.0,0.0,0.0,0.0,0.0,0.0,0.0,0.0,0.0,0.0,0.0,0.0,0.0
leagueoflegends,0.0,0.0,0.0,0.0,0.0,0.0,0.0,0.0,0.0,0.0,0.0,0.0,0.0,5.147058823529411,0.0,0.0,0.0,0.0,0.0,0.0,2.2058823529411766,0.0,0.0,0.0,0.0,0.0,0.0,0.0,0.0,0.0,0.0,0.0
leagueoflegends,0.0,0.0,0.0,0.0,0.49019607843137253,0.0,0.0,0.9803921568627451,0.9803921568627451,0.0,0.49019607843137253,4.901960784313726,0.0,5.392156862745098,0.0,0.0,0.0,0.0,0.0,0.0,0.0,0.0,0.0,0.0,0.0,0.0,0.0,0.0,0.0,0.0,0.0,0.0
leagueoflegends,0.0,0.0,0.0,0.0,0.0,0.0,0.0,0.0,0.0,0.0,0.0,6.392694063926941,0.0,3.1963470319634704,0.0,0.0,0.0,0.0,0.0,0.0,0.45662100456621,0.0,0.0,0.0,0.0,0.0,0.0,0.0,0.0,0.0,0.0,0.0
leagueoflegends,0.0,0.0,0.0,0.0,0.0,0.0,0.0,0.0,0.0,0.0,0.0,0.0,0.0,5.0,0.0,0.0,0.0,0.0,0.0,0.0,0.0,0.0,0.0,0.0,0.0,0.0,0.0,0.0,0.0,0.0,0.0,0.0
AdviceAnimals,0.0,0.0,0.0,0.0,0.0,0.0,0.0,0.0,0.0,0.0,0.0,14.000000000000002,0.0,2.0,0.0,0.0,0.0,0.0,0.0,0.0,0.0,0.0,0.0,0.0,0.0,0.0,0.0,0.0,0.0,0.0,0.0,0.0
leagueoflegends,0.0,0.0,0.0,0.0,0.0,0.0,0.0,3.0120481927710845,4.216867469879518,0.0,1.2048192771084338,2.4096385542168677,1.8072289156626504,3.0120481927710845,0.0,2.4096385542168677,0.0,0.0,0.0,0.0,0.0,0.0,0.0,0.0,0.0,0.0,0.0,0.0,0.0,0.0,0.0,0.0
todayilearned,0.0,0.0,0.0,0.0,0.0,0.0,0.0,1.36986301369863,1.36986301369863,0.0,0.0,5.47945205479452,0.0,2.73972602739726,0.0,0.0,0.0,0.0,0.0,0.0,0.0,0.0,0.0,0.0,0.0,0.0,0.0,0.0,0.0,0.0,0.0,0.0
AdviceAnimals,0.0,0.0,0.0,0.0,0.0,0.0,0.0,0.0,0.0,0.0,0.0,2.5,0.0,7.5,0.0,0.0,0.0,0.0,0.0,0.0,0.0,0.0,0.0,0.0,0.0,0.0,0.0,0.0,0.0,0.0,0.0,0.0
leagueoflegends,0.9259259259259258,0.0,0.0,0.0,0.9259259259259258,0.0,0.0,0.9259259259259258,0.9259259259259258,0.0,0.0,1.8518518518518516,0.0,7.4074074074074066,0.0,0.0,0.0,0.0,0.0,0.0,0.0,0.0,0.0,0.0,0.0,0.0,0.0,0.0,0.0,0.0,0.0,0.0
todayilearned,0.0,0.0,0.0,0.0,0.0,0.0,0.0,1.1049723756906076,1.1049723756906076,0.0,0.0,7.734806629834254,1.1049723756906076,6.629834254143646,0.0,0.0,0.5524861878453038,0.0,0.0,0.0,0.0,0.0,0.0,0.0,0.0,0.0,0.0,0.0,0.0,0.0,0.0,0.0
politics,0.0,0.0,0.0,0.0,0.0,0.0,0.0,0.0,0.0,0.0,0.0,8.0,0.0,4.0,0.0,0.0,0.0,0.0,0.0,0.0,0.0,0.0,0.0,0.0,0.0,0.0,0.0,0.0,0.0,0.0,0.0,0.0
AdviceAnimals,0.0,0.0,0.0,0.0,0.0,0.0,0.0,0.0,0.0,0.0,0.0,6.944444444444445,0.0,5.555555555555555,0.0,0.0,0.0,0.0,0.0,0.0,0.0,0.0,0.0,0.0,0.0,0.0,0.0,0.0,0.0,0.0,0.0,0.0
leagueoflegends,1.4598540145985401,0.0,0.0,0.0,0.0,0.0,0.0,1.4598540145985401,1.4598540145985401,0.0,0.0,2.18978102189781,1.4598540145985401,2.9197080291970803,0.0,0.0,0.0,0.0,0.0,0.0,0.0,0.0,0.0,0.0,0.0,0.0,0.0,0.0,0.0,0.0,0.0,0.0
atheism,0.0,0.0,0.0,0.0,0.0,0.0,0.0,0.0,0.0,0.0,0.0,8.108108108108109,0.0,6.756756756756757,0.0,0.0,0.0,0.0,0.0,0.0,0.0,0.0,0.0,0.0,0.0,0.0,0.0,0.0,0.0,0.0,0.0,0.0
atheism,0.0,0.0,0.0,0.0,0.0,0.0,0.0,0.0,0.0,0.0,0.0,2.9629629629629632,0.0,6.666666666666667,0.0,0.0,0.0,0.0,0.0,0.0,1.4814814814814816,0.0,0.0,0.0,0.0,0.0,0.0,0.0,0.0,0.0,0.0,0.0
atheism,0.0,0.0,0.0,0.0,0.0,0.0,0.0,0.0,0.0,0.0,0.0,10.497237569060774,0.0,4.972375690607735,0.0,0.0,0.0,0.0,0.0,0.0,1.1049723756906076,0.0,0.0,0.0,0.0,0.0,0.0,0.0,0.0,0.0,0.0,0.0
AdviceAnimals,0.0,0.0,0.0,0.0,0.0,0.0,0.0,0.0,0.0,0.0,0.0,1.9230769230769231,0.0,5.769230769230769,0.0,1.9230769230769231,0.0,0.0,0.0,0.0,0.0,0.0,0.0,0.0,0.0,0.0,0.0,0.0,0.0,0.0,0.0,0.0
explainlikeimfive,0.0,0.0,0.0,0.0,0.0,0.0,0.0,0.6772009029345373,0.9029345372460496,0.0,0.0,7.223476297968396,0.0,4.514672686230249,0.0,0.2257336343115124,0.2257336343115124,0.0,0.0,0.0,0.0,0.0,0.0,0.0,0.0,0.0,0.0,0.0,0.0,0.0,0.0,0.0
leagueoflegends,0.0,0.0,0.0,0.0,0.0,0.0,0.0,0.0,0.0,0.0,0.0,1.25,0.0,3.75,0.0,0.0,0.0,0.0,0.0,0.0,0.0,0.0,0.0,0.0,0.0,0.0,0.0,0.0,0.0,0.0,0.0,0.0
explainlikeimfive,0.4889975550122249,0.0,0.0,0.0,0.0,0.0,0.0,0.0,0.0,0.0,0.0,0.9779951100244498,0.0,5.134474327628362,0.0,0.24449877750611246,0.0,0.0,0.0,0.0,0.7334963325183375,0.0,0.0,0.0,0.0,0.0,0.0,0.0,0.0,0.0,0.0,0.0
explainlikeimfive,0.0,0.0,0.0,0.0,0.0,0.0,0.0,0.0,0.0,0.0,0.0,3.7735849056603774,0.0,5.660377358490567,0.0,0.0,0.0,0.0,0.0,0.0,0.0,0.0,0.0,0.0,0.0,0.0,0.0,0.0,0.0,0.0,0.0,0.0
atheism,0.3472222222222222,0.0,0.0,0.0,0.0,0.0,0.0,0.6944444444444444,0.6944444444444444,0.0,0.0,4.513888888888888,0.0,3.125,0.0,0.6944444444444444,0.0,0.0,0.0,0.0,0.6944444444444444,0.0,0.0,0.0,0.0,0.0,0.0,0.0,0.0,0.0,0.0,0.0
atheism,0.0,0.0,0.0,0.0,0.0,0.0,2.5974025974025974,0.0,0.0,0.0,0.0,2.5974025974025974,0.0,3.2467532467532463,0.0,0.0,0.0,0.0,0.0,0.0,0.0,0.0,0.0,0.0,0.0,0.0,0.0,0.0,0.0,0.0,0.0,0.0
leagueoflegends,0.0,0.0,0.0,0.0,0.0,0.0,0.0,0.0,2.3255813953488373,0.0,0.0,4.651162790697675,0.0,4.651162790697675,0.0,2.3255813953488373,0.0,0.0,0.0,0.0,0.0,0.0,0.0,0.0,0.0,0.0,0.0,0.0,0.0,0.0,0.0,0.0
atheism,0.0,0.0,0.0,0.0,0.0,0.0,0.0,0.6622516556291391,0.6622516556291391,0.0,0.0,4.635761589403973,0.0,5.298013245033113,0.0,0.0,0.0,0.0,0.0,0.0,0.0,0.0,0.0,0.0,0.0,0.0,0.0,0.0,0.0,0.0,0.0,0.0
atheism,0.0,0.0,0.0,0.0,0.0,0.0,0.0,1.1049723756906076,1.1049723756906076,0.0,0.0,4.972375690607735,0.0,6.077348066298343,0.0,0.0,0.0,0.0,0.0,0.0,0.0,0.0,0.0,0.0,0.0,0.0,0.0,0.0,0.0,0.0,0.0,0.0
leagueoflegends,0.0,0.0,0.0,0.0,0.0,0.0,0.0,0.0,0.0,0.0,0.0,12.903225806451612,0.0,3.225806451612903,0.0,0.0,0.0,0.0,0.0,0.0,3.225806451612903,0.0,0.0,0.0,0.0,0.0,0.0,0.0,0.0,0.0,0.0,0.0
explainlikeimfive,0.0,0.0,0.0,0.0,0.0,0.0,0.0,1.8867924528301887,1.8867924528301887,0.0,0.0,5.9748427672955975,0.9433962264150944,4.088050314465408,0.0,0.0,0.0,0.0,0.0,0.0,0.0,0.0,0.0,0.0,0.0,0.0,0.0,0.0,0.0,0.0,0.0,0.0
leagueoflegends,0.0,0.0,0.0,0.0,0.0,0.0,0.0,0.0,0.0,0.0,0.0,3.309692671394799,0.0,4.0189125295508275,0.0,0.0,0.0,0.0,0.0,0.0,0.4728132387706856,0.0,0.0,0.0,0.0,0.0,0.0,0.0,0.0,0.0,0.0,0.0
leagueoflegends,0.0,0.0,0.0,0.0,0.0,0.0,0.0,0.0,0.0,0.0,0.0,0.8620689655172413,0.0,6.896551724137931,0.0,0.0,0.0,0.0,0.0,0.0,0.0,0.0,0.0,0.0,0.0,0.0,0.0,0.0,0.0,0.0,0.0,0.0
leagueoflegends,0.0,0.0,0.0,0.0,0.0,0.0,0.0,0.0,0.0,0.0,0.0,3.610675039246468,0.0,4.395604395604396,0.0,0.0,0.15698587127158556,0.0,0.0,0.0,0.9419152276295133,0.0,0.0,0.0,0.0,0.0,0.0,0.0,0.0,0.0,0.0,0.0
leagueoflegends,0.0,0.0,0.0,0.0,0.0,0.0,0.0,0.0,0.0,0.0,0.0,2.2988505747126435,0.0,4.597701149425287,0.0,0.0,0.0,0.0,0.0,0.0,0.0,0.0,0.0,0.0,0.0,0.0,0.0,0.0,0.0,0.0,0.0,0.0
leagueoflegends,0.0,0.0,0.0,0.0,0.0,0.0,0.0,0.0,0.0,0.0,0.0,3.4090909090909087,0.0,5.681818181818182,0.0,0.0,0.0,0.0,0.0,0.0,1.1363636363636365,0.0,0.0,0.0,0.0,0.0,0.0,0.0,0.0,0.0,0.0,0.0
leagueoflegends,0.0,0.0,0.0,0.0,0.0,0.0,0.0,0.0,0.0,0.0,0.0,1.1627906976744187,0.0,5.348837209302325,0.0,0.0,0.0,0.0,0.0,0.0,0.0,0.0,0.0,0.0,0.0,0.0,0.0,0.0,0.0,0.0,0.0,0.0
leagueoflegends,1.25,0.0,0.0,0.0,0.0,0.0,0.4166666666666667,0.8333333333333334,0.8333333333333334,0.0,0.0,4.583333333333333,0.0,4.166666666666666,0.0,0.4166666666666667,0.0,0.0,0.0,0.0,0.0,0.0,0.0,0.0,0.0,0.0,0.0,0.0,0.0,0.0,0.0,0.0
leagueoflegends,0.0,0.0,0.0,0.0,0.0,0.0,0.0,0.0,0.0,0.0,0.0,4.918032786885246,0.0,6.557377049180328,0.0,0.0,0.0,0.0,0.0,0.0,0.0,0.0,0.0,0.0,0.0,0.0,0.0,0.0,0.0,0.0,0.0,0.0
leagueoflegends,0.0,0.0,0.0,0.0,0.0,0.0,0.0,0.6711409395973155,0.6711409395973155,0.0,0.0,0.6711409395973155,0.0,4.697986577181208,0.0,0.0,0.0,0.0,0.0,0.0,2.013422818791946,0.0,0.0,0.0,0.0,0.0,0.0,0.0,0.0,0.0,0.0,0.0
leagueoflegends,1.2048192771084338,0.0,0.0,0.0,0.0,0.0,0.0,0.0,0.0,0.0,0.0,4.819277108433735,0.0,6.024096385542169,0.0,0.0,0.0,0.0,0.0,0.0,0.0,0.0,0.0,0.0,0.0,0.0,0.0,0.0,0.0,0.0,0.0,0.0
leagueoflegends,0.0,0.0,0.0,0.0,0.0,0.0,0.0,0.423728813559322,2.11864406779661,0.0,0.0,1.694915254237288,0.0,5.508474576271186,0.0,0.423728813559322,0.0,0.0,0.0,0.0,0.0,0.0,0.0,0.0,0.0,0.0,0.0,0.0,0.0,0.0,0.0,0.0
leagueoflegends,0.0,0.0,0.0,0.0,0.0,0.0,0.0,0.0,0.0,0.0,0.0,5.88235294117647,0.0,2.941176470588235,0.0,0.0,0.0,0.0,0.0,0.0,0.0,0.0,0.0,0.0,0.0,0.0,0.0,0.0,0.0,0.0,0.0,0.0
leagueoflegends,0.0,0.0,0.0,0.0,0.0,0.0,0.0,1.0204081632653061,0.7653061224489796,0.0,0.0,5.86734693877551,0.0,4.336734693877551,0.0,0.25510204081632654,0.0,0.0,0.0,0.0,0.25510204081632654,0.0,0.0,0.0,0.0,0.0,0.0,0.0,0.0,0.0,0.0,0.0
leagueoflegends,0.0,0.0,0.0,0.0,0.0,0.0,0.0,0.0,0.0,0.0,0.0,0.0,0.0,0.0,0.0,0.0,0.0,0.0,0.0,7.142857142857142,0.0,0.0,0.0,0.0,0.0,0.0,0.0,0.0,0.0,0.0,0.0,0.0
leagueoflegends,0.0,0.0,0.0,0.0,0.0,0.0,0.0,0.0,0.0,0.0,0.0,3.731343283582089,0.0,5.970149253731343,0.0,0.0,0.0,0.0,0.0,0.0,0.0,0.0,0.0,0.0,0.0,0.0,0.0,0.0,0.0,0.0,0.0,0.0
atheism,0.0,0.0,0.0,0.0,0.0,0.0,0.0,0.0,0.0,0.0,0.0,0.0,0.0,2.857142857142857,0.0,0.0,0.0,0.0,0.0,0.0,0.0,0.0,0.0,0.0,0.0,0.0,0.0,0.0,0.0,0.0,0.0,0.0
atheism,0.0,0.0,0.0,0.0,0.0,0.0,0.0,0.8264462809917356,0.8264462809917356,0.0,0.0,5.785123966942149,0.0,3.3057851239669422,0.0,0.0,0.0,0.0,0.0,0.0,0.0,0.0,0.0,0.0,0.0,0.0,0.0,0.0,0.0,0.0,0.0,0.0
atheism,0.0,0.0,0.0,0.0,0.0,0.0,0.0,0.0,0.0,0.0,0.0,7.142857142857142,0.0,0.0,0.0,0.0,0.0,0.0,0.0,0.0,0.0,0.0,0.0,0.0,0.0,0.0,0.0,0.0,0.0,0.0,0.0,0.0
atheism,0.0,0.0,0.0,0.0,0.0,0.0,0.0,0.0,0.0,0.0,0.0,4.098360655737705,0.0,3.278688524590164,0.0,0.819672131147541,0.0,0.0,0.0,0.0,0.0,0.0,0.0,0.0,0.0,0.0,0.0,0.0,0.0,0.0,0.0,0.0
AdviceAnimals,0.0,0.0,0.0,0.0,0.0,0.0,1.5873015873015872,0.5291005291005291,0.5291005291005291,0.0,0.0,7.4074074074074066,2.1164021164021163,5.291005291005291,0.0,0.0,0.0,0.0,0.0,0.0,0.0,0.0,0.0,0.0,0.0,0.0,0.0,0.0,0.0,0.0,0.0,0.0
funny,0.0,0.0,0.0,0.0,0.0,0.0,0.0,0.6493506493506493,0.6493506493506493,0.0,0.0,3.2467532467532463,0.0,3.2467532467532463,0.0,0.0,0.0,0.0,0.0,0.0,0.6493506493506493,0.0,0.0,0.0,0.0,0.0,0.0,0.0,0.0,0.0,0.0,0.0
atheism,0.0,0.0,0.0,0.0,0.0,0.0,0.0,0.3401360544217687,0.0,0.0,0.0,4.081632653061225,0.0,4.081632653061225,0.0,0.3401360544217687,0.0,0.0,0.0,0.3401360544217687,0.3401360544217687,0.0,0.3401360544217687,0.0,0.3401360544217687,0.0,0.0,0.0,0.0,0.0,0.0,0.0
atheism,0.0,0.0,0.0,0.0,0.0,0.0,0.0,0.0999000999000999,0.0,0.0,0.0,4.795204795204795,0.0,4.495504495504496,0.0,0.2997002997002997,0.5994005994005994,0.0,0.0,1.098901098901099,0.1998001998001998,0.0,0.0999000999000999,0.0,0.0999000999000999,0.0,0.0,0.0,0.0,0.0,0.0,0.0
pics,0.0,0.0,0.0,0.0,0.0,0.0,0.0,0.0,0.0,0.0,0.0,0.0,0.0,10.638297872340425,0.0,0.0,0.0,0.0,0.0,0.0,0.0,0.0,0.0,0.0,0.0,0.0,0.0,0.0,0.0,0.0,0.0,0.0
pics,0.0,0.0,0.0,0.0,0.0,0.0,0.0,0.0,0.0,0.0,0.0,0.0,0.0,11.11111111111111,0.0,0.0,5.555555555555555,0.0,0.0,0.0,0.0,0.0,0.0,0.0,0.0,0.0,0.0,0.0,0.0,0.0,0.0,0.0
gaming,0.0,0.0,0.0,0.0,0.0,0.0,0.5263157894736842,0.5263157894736842,0.5263157894736842,0.0,0.0,5.7894736842105265,0.0,3.684210526315789,0.0,0.0,0.0,0.0,0.0,0.0,0.0,0.0,0.0,0.0,0.0,0.0,0.0,0.0,0.0,0.0,0.0,0.0
gaming,0.0,0.0,0.0,0.0,0.0,0.0,0.0,0.3703703703703704,0.3703703703703704,0.0,0.0,7.4074074074074066,0.0,4.814814814814815,0.0,0.3703703703703704,0.0,0.0,0.0,0.3703703703703704,0.0,0.0,0.0,0.3703703703703704,0.0,0.0,0.0,0.0,0.0,0.0,0.0,0.0
funny,0.0,0.0,0.0,0.0,0.0,0.0,0.0,1.7699115044247788,1.7699115044247788,0.0,0.0,6.637168141592921,0.0,4.424778761061947,0.0,0.0,0.0,0.0,0.0,0.0,0.0,0.4424778761061947,0.0,0.0,0.0,0.0,0.0,0.0,0.0,0.0,0.0,0.0
pics,0.0,0.0,0.0,0.0,0.0,0.0,0.0,0.0,0.0,0.0,0.0,4.878048780487805,0.0,4.878048780487805,0.0,0.0,0.0,0.0,0.0,0.0,0.0,0.0,0.0,0.0,0.0,0.0,0.0,0.0,0.0,0.0,0.0,0.0
explainlikeimfive,0.78125,0.0,0.0,0.0,0.0,0.0,0.0,1.5625,1.5625,0.0,0.0,4.6875,0.78125,4.6875,0.0,0.0,0.0,0.0,0.0,0.0,0.0,0.0,0.0,0.0,0.0,0.0,0.0,0.0,0.0,0.0,0.0,0.0
explainlikeimfive,0.0,0.0,0.0,0.0,0.0,0.0,0.0,1.0309278350515463,1.0309278350515463,0.0,0.0,5.154639175257731,0.0,4.123711340206185,0.0,0.0,0.0,0.0,0.0,0.0,0.0,0.0,0.0,0.0,0.0,0.0,0.0,0.0,0.0,0.0,0.0,0.0
explainlikeimfive,0.5361930294906166,0.0,0.0,0.0,0.0,1.6085790884718498,0.0,0.5361930294906166,0.5361930294906166,0.0,0.0,6.970509383378016,0.0,8.847184986595174,0.0,0.0,0.0,0.0,0.0,0.0,0.0,0.0,0.0,0.0,0.0,0.0,0.0,0.0,0.0,0.0,0.0,0.0
explainlikeimfive,0.0,0.0,0.0,0.0,0.0,0.0,0.0,1.257861635220126,0.628930817610063,0.0,0.0,4.088050314465408,0.0,2.515723270440252,0.0,0.0,0.0,0.0,0.0,0.0,0.0,0.0,0.0,0.0,0.0,0.0,0.0,0.0,0.0,0.0,0.0,0.0
AdviceAnimals,0.0,0.0,0.0,0.0,0.0,0.0,0.0,0.0,0.0,0.0,0.0,4.054054054054054,0.0,5.405405405405405,0.0,0.0,0.0,0.0,0.0,0.0,0.0,0.0,0.0,0.0,0.0,0.0,0.0,0.0,0.0,0.0,0.0,0.0
AdviceAnimals,0.0,0.0,0.0,0.0,0.0,0.0,0.0,0.0,0.0,0.0,0.0,4.6875,0.0,7.8125,0.0,0.0,0.0,0.0,0.0,0.0,0.0,0.0,0.0,0.0,0.0,0.0,0.0,0.0,0.0,0.0,0.0,0.0
leagueoflegends,0.0,0.0,0.0,0.0,0.0,0.0,0.0,0.0,0.0,0.0,0.0,8.333333333333332,0.0,5.952380952380952,0.0,0.0,0.0,0.0,0.0,0.0,1.1904761904761905,0.0,0.0,0.0,0.0,0.0,0.0,0.0,0.0,0.0,0.0,0.0
leagueoflegends,0.0,0.0,0.0,0.0,4.320987654320987,0.0,0.6172839506172839,3.0864197530864197,3.0864197530864197,0.0,0.0,1.2345679012345678,0.0,6.172839506172839,0.0,0.0,0.0,0.0,0.0,0.0,0.0,0.0,0.0,0.0,0.0,0.0,0.0,0.0,0.0,0.0,0.0,0.0
leagueoflegends,0.0,0.0,0.0,0.0,0.0,0.0,0.0,1.3157894736842104,1.3157894736842104,0.0,0.0,5.263157894736842,0.0,3.9473684210526314,0.0,0.0,0.0,0.0,0.0,0.0,0.0,0.0,0.0,0.0,0.0,0.0,0.0,0.0,0.0,0.0,0.0,0.0
leagueoflegends,0.0,0.0,0.0,0.0,0.0,0.0,0.0,0.7547169811320755,0.7547169811320755,0.0,0.0,3.018867924528302,0.0,5.283018867924529,0.0,0.0,0.0,0.0,0.0,0.0,0.0,0.0,0.0,0.0,0.0,0.0,0.0,0.0,0.0,0.0,0.0,0.0
leagueoflegends,0.0,0.0,0.0,0.0,0.0,0.0,0.0,0.0,0.0,0.0,0.0,4.761904761904762,0.0,5.952380952380952,0.0,0.0,1.1904761904761905,0.0,0.0,0.0,0.0,0.0,0.0,0.0,0.0,0.0,0.0,0.0,0.0,0.0,0.0,0.0
atheism,0.0,0.0,0.0,0.0,0.0,0.0,0.0,0.0,0.0,0.0,0.0,1.4705882352941175,0.0,4.411764705882353,0.0,0.0,0.0,0.0,0.0,0.0,0.0,0.0,0.0,0.0,0.0,0.0,0.0,0.0,0.0,0.0,0.0,0.0
funny,0.0,0.0,0.0,0.7575757575757576,1.5151515151515151,0.0,0.0,0.7575757575757576,0.7575757575757576,0.0,0.0,3.787878787878788,0.0,4.545454545454546,0.0,0.0,0.0,0.0,0.0,0.0,0.0,0.0,0.0,0.0,0.0,0.0,0.0,0.0,0.0,0.0,0.0,0.0
funny,0.0,0.0,0.0,0.0,0.0,0.0,0.0,0.0,0.0,0.0,0.0,0.0,0.0,0.0,0.0,4.545454545454546,4.545454545454546,0.0,0.0,0.0,0.0,0.0,0.0,0.0,0.0,0.0,0.0,0.0,0.0,0.0,0.0,0.0
AdviceAnimals,0.0,0.0,0.0,0.0,0.0,0.0,0.0,0.0,0.0,0.0,0.0,0.0,0.0,10.0,0.0,0.0,0.0,0.0,0.0,0.0,0.0,0.0,0.0,0.0,0.0,0.0,0.0,0.0,0.0,0.0,0.0,0.0
pics,0.0,0.0,0.0,0.0,0.0,0.0,0.0,2.112676056338028,2.112676056338028,0.0,0.0,9.859154929577464,0.0,3.5211267605633805,0.0,1.4084507042253522,0.0,0.0,0.0,0.0,0.0,0.0,0.0,0.0,0.0,0.0,0.0,0.0,0.0,0.0,0.0,0.0
gaming,0.0,0.0,0.0,0.0,0.0,0.0,0.0,0.0,0.0,0.0,0.0,3.125,0.0,5.208333333333334,0.0,0.0,0.0,0.0,0.0,0.0,0.0,0.0,0.0,0.0,0.0,0.0,0.0,0.0,0.0,0.0,0.0,0.0
leagueoflegends,1.183431952662722,0.0,0.0,0.0,0.19723865877712032,0.0,0.0,0.19723865877712032,0.19723865877712032,0.0,0.0,4.142011834319527,0.7889546351084813,3.155818540433925,0.0,0.19723865877712032,0.0,0.0,0.0,0.19723865877712032,0.19723865877712032,0.0,0.0,0.0,0.0,0.0,0.0,0.0,0.0,0.0,0.0,0.0
pics,0.0,0.0,0.0,0.0,0.0,0.0,0.0,0.5291005291005291,0.5291005291005291,0.0,0.0,2.1164021164021163,0.0,4.761904761904762,0.0,0.0,0.0,0.0,0.0,0.0,0.0,0.0,0.0,0.0,0.0,0.0,0.0,0.0,0.0,0.0,0.0,0.0
todayilearned,0.0,0.0,0.0,0.0,0.0,0.0,0.0,0.0,0.0,0.0,0.0,5.970149253731343,0.0,4.477611940298507,0.0,0.0,0.0,0.0,0.0,0.0,0.0,0.0,0.0,0.0,0.0,0.0,0.0,0.0,0.0,0.0,0.0,0.0
todayilearned,0.0,0.0,0.0,0.0,0.0,0.0,0.0,0.5780346820809248,0.0,0.0,0.0,5.202312138728324,0.0,2.8901734104046244,0.0,0.0,0.5780346820809248,0.0,0.0,0.0,0.0,0.0,4.624277456647398,0.0,4.624277456647398,0.0,0.0,0.0,0.0,0.0,0.0,0.0
gaming,0.0,0.0,0.0,0.0,0.0,0.0,0.0,0.546448087431694,0.546448087431694,0.0,0.0,3.825136612021858,0.0,6.557377049180328,0.0,0.0,0.0,0.0,0.0,0.0,0.0,0.0,0.0,0.0,0.0,0.0,0.0,0.0,0.0,0.0,0.0,0.0
atheism,0.0,0.0,0.0,0.0,0.5714285714285714,0.0,0.0,0.38095238095238093,0.38095238095238093,0.0,0.0,2.4761904761904763,0.0,6.476190476190475,0.0,0.0,0.0,0.0,0.0,0.0,0.0,0.0,0.19047619047619047,0.0,0.0,0.0,0.0,0.0,0.0,0.0,0.0,0.0
AdviceAnimals,0.0,0.0,0.0,0.0,0.0,0.0,1.0526315789473684,0.0,0.0,0.0,0.0,6.315789473684211,0.0,3.1578947368421053,0.0,1.0526315789473684,0.0,0.0,0.0,0.0,2.1052631578947367,0.0,0.0,0.0,0.0,0.0,0.0,0.0,0.0,0.0,0.0,0.0
funny,0.0,0.0,0.0,0.0,0.0,0.0,0.0,1.0638297872340425,1.0638297872340425,0.0,0.0,1.0638297872340425,0.0,3.1914893617021276,0.0,1.0638297872340425,0.0,0.0,0.0,0.0,0.0,0.0,0.0,0.0,0.0,0.0,0.0,0.0,0.0,0.0,0.0,0.0
atheism,0.0,0.0,0.0,0.0,0.0,0.0,0.0,1.1904761904761905,4.761904761904762,0.0,0.0,8.333333333333332,0.0,5.952380952380952,0.0,2.380952380952381,0.0,0.0,0.0,0.0,0.0,0.0,0.0,0.0,0.0,0.0,0.0,0.0,0.0,0.0,0.0,0.0
pics,0.0,0.0,0.0,0.0,0.0,0.0,0.0,0.0,0.0,0.0,0.0,8.108108108108109,0.0,10.81081081081081,0.0,0.0,0.0,0.0,0.0,0.0,0.0,0.0,0.0,0.0,0.0,0.0,0.0,0.0,0.0,0.0,0.0,0.0
leagueoflegends,0.0,0.0,0.0,0.0,0.0,0.0,0.0,0.37453183520599254,0.37453183520599254,0.0,0.0,2.9962546816479403,0.0,3.7453183520599254,0.0,0.37453183520599254,0.7490636704119851,0.0,0.0,2.247191011235955,0.7490636704119851,0.0,0.0,0.0,0.0,0.0,0.0,0.0,0.0,0.0,0.0,0.0
AdviceAnimals,0.0,0.0,0.0,0.0,0.0,0.0,0.0,0.0,0.0,0.0,0.0,8.421052631578947,0.0,4.2105263157894735,0.0,0.0,0.0,0.0,0.0,0.0,0.0,0.0,0.0,0.0,0.0,0.0,0.0,0.0,0.0,0.0,0.0,0.0
AdviceAnimals,0.0,0.0,0.0,0.0,0.0,0.0,0.0,0.0,0.0,0.0,0.0,0.0,0.0,16.666666666666664,0.0,0.0,0.0,0.0,0.0,0.0,0.0,0.0,0.0,0.0,0.0,0.0,0.0,0.0,0.0,0.0,0.0,0.0
AdviceAnimals,0.0,0.0,0.0,0.0,0.0,0.0,0.45558086560364464,0.45558086560364464,0.45558086560364464,0.0,0.0,5.239179954441914,0.0,4.100227790432802,0.0,0.0,0.0,0.0,0.0,0.0,0.683371298405467,0.0,0.0,0.0,0.0,0.0,0.0,0.0,0.0,0.0,0.0,0.0
atheism,0.0,0.0,0.0,0.0,0.0,0.0,0.0,0.0,0.0,0.0,0.0,3.0927835051546393,0.0,5.154639175257731,0.0,0.0,1.0309278350515463,0.0,0.0,0.0,2.0618556701030926,0.0,0.0,0.0,0.0,0.0,0.0,0.0,0.0,0.0,0.0,0.0
atheism,0.0,0.0,0.0,0.0,0.0,0.0,0.0,0.0,0.0,0.0,0.0,0.0,0.0,5.0,0.0,0.0,0.0,0.0,0.0,0.0,1.25,0.0,0.0,0.0,0.0,0.0,0.0,0.0,0.0,0.0,0.0,0.0
atheism,0.0,0.0,0.0,0.0,0.0,0.0,5.88235294117647,1.9607843137254901,1.9607843137254901,0.0,0.0,0.0,0.0,5.88235294117647,0.0,0.0,0.0,0.0,0.0,0.0,0.0,0.0,0.0,0.0,0.0,0.0,0.0,0.0,0.0,0.0,0.0,0.0
politics,0.0,0.0,0.0,0.0,0.0,0.0,0.16638935108153077,0.6655574043261231,0.6655574043261231,0.0,0.0,6.4891846921797,1.3311148086522462,4.159733777038269,0.0,0.16638935108153077,0.0,0.0,0.0,0.0,0.0,0.0,0.0,0.0,0.0,0.0,0.0,0.0,0.0,0.0,0.0,0.0
AdviceAnimals,0.0,0.0,0.0,0.0,0.0,0.0,0.0,0.0,0.0,0.0,0.0,8.0,0.0,8.0,0.0,0.0,0.0,0.0,0.0,0.0,0.0,0.0,0.0,0.0,0.0,0.0,0.0,0.0,0.0,0.0,0.0,0.0
AdviceAnimals,0.0,0.0,0.0,0.0,0.0,0.0,0.0,0.7633587786259541,0.7633587786259541,0.0,0.0,0.7633587786259541,0.0,3.816793893129771,0.0,0.0,0.0,0.0,0.0,0.0,0.0,0.0,0.0,0.0,0.0,0.0,0.0,0.0,0.0,0.0,0.0,0.0
AdviceAnimals,0.9615384615384616,0.0,0.0,0.0,0.0,0.0,0.0,0.0,0.0,0.0,0.0,0.9615384615384616,0.0,5.769230769230769,0.0,0.0,0.0,0.0,0.0,0.0,0.0,0.0,0.0,0.0,0.0,0.0,0.0,0.0,0.0,0.0,0.0,0.0
AdviceAnimals,0.0,0.0,0.0,0.0,0.0,0.0,0.0,0.9708737864077669,0.9708737864077669,0.0,0.0,2.912621359223301,0.0,6.796116504854369,0.0,0.0,0.0,0.0,0.0,0.0,0.0,0.0,0.0,0.0,0.0,0.0,0.0,0.0,0.0,0.0,0.0,0.0
leagueoflegends,0.0,0.0,0.0,0.0,0.0,0.0,0.0,0.3952569169960474,0.3952569169960474,0.0,0.0,2.766798418972332,0.0,9.486166007905137,0.0,0.0,0.0,0.0,0.0,0.0,0.0,0.0,0.0,0.0,0.0,0.0,0.0,0.0,0.0,0.0,0.0,0.0
AdviceAnimals,0.0,0.0,0.0,0.0,0.0,0.0,0.0,0.0,0.0,0.0,0.0,3.8461538461538463,0.0,7.6923076923076925,0.0,0.0,0.0,0.0,0.0,0.0,0.0,0.0,0.0,0.0,0.0,0.0,0.0,0.0,0.0,0.0,0.0,0.0
leagueoflegends,0.0,0.0,0.0,0.0,0.0,0.0,0.0,0.0,0.0,0.0,0.0,2.1739130434782608,0.0,6.521739130434782,0.0,0.0,0.0,0.0,0.0,0.0,0.0,0.0,0.0,0.0,0.0,0.0,0.0,0.0,0.0,0.0,0.0,0.0
leagueoflegends,0.0,0.0,0.0,0.0,0.0,0.0,0.0,0.3225806451612903,0.3225806451612903,0.0,0.0,4.838709677419355,0.0,6.129032258064516,0.0,0.0,0.0,0.0,0.0,0.0,0.3225806451612903,0.0,0.0,0.0,0.0,0.0,0.0,0.0,0.0,0.0,0.0,0.0
leagueoflegends,0.0,0.0,0.0,0.0,0.0,0.0,0.0,0.0,0.0,0.0,0.0,0.0,0.0,3.1746031746031744,0.0,0.0,0.0,0.0,0.0,0.0,0.0,0.0,0.0,0.0,0.0,0.0,0.0,0.0,0.0,0.0,0.0,0.0
leagueoflegends,0.0,0.0,0.0,0.0,0.0,0.0,0.0,0.0,0.0,0.0,0.0,6.521739130434782,0.0,6.521739130434782,0.0,0.0,0.0,0.0,0.0,0.0,0.0,0.0,0.0,0.0,0.0,0.0,0.0,0.0,0.0,0.0,0.0,0.0
AdviceAnimals,0.0,0.0,0.0,0.0,0.0,0.0,0.0,0.0,0.0,4.3478260869565215,0.0,0.0,0.0,8.695652173913043,0.0,17.391304347826086,0.0,0.0,0.0,0.0,4.3478260869565215,0.0,0.0,0.0,0.0,0.0,0.0,0.0,0.0,0.0,0.0,0.0
leagueoflegends,0.0,0.0,0.0,0.0,0.0,0.0,0.0,0.0,0.0,0.0,0.0,7.142857142857142,0.0,4.761904761904762,0.0,0.0,0.0,0.0,0.0,0.0,0.0,0.0,0.0,0.0,0.0,0.0,0.0,0.0,0.0,0.0,0.0,0.0
pics,0.0,0.0,0.0,0.0,0.0,0.0,0.0,0.0,0.0,0.0,0.0,0.0,0.0,4.3478260869565215,0.0,0.0,0.0,0.0,0.0,0.0,0.0,0.0,0.0,0.0,0.0,0.0,0.0,0.0,0.0,0.0,0.0,0.0
pics,0.0,0.0,0.0,0.0,0.0,0.0,0.0,0.0,0.0,0.0,0.0,2.0618556701030926,0.0,5.154639175257731,0.0,0.0,0.0,0.0,0.0,0.0,0.0,0.0,0.0,0.0,0.0,0.0,0.0,0.0,0.0,0.0,0.0,0.0
pics,5.769230769230769,0.0,0.0,0.0,0.0,0.0,3.8461538461538463,1.9230769230769231,1.9230769230769231,0.0,0.0,1.9230769230769231,0.0,0.0,0.0,1.9230769230769231,1.9230769230769231,0.0,0.0,0.0,0.0,0.0,0.0,0.0,0.0,0.0,0.0,0.0,0.0,0.0,0.0,0.0
pics,0.8,0.0,0.0,0.0,0.0,0.0,0.4,0.4,0.4,0.0,0.0,6.0,0.0,3.5999999999999996,0.0,0.0,0.0,0.0,0.0,0.0,0.4,0.0,0.0,0.0,0.0,0.0,0.0,0.0,0.0,0.0,0.0,0.0
funny,0.0,0.0,0.0,0.0,0.0,0.0,0.0,0.0,0.0,0.0,0.0,6.756756756756757,0.0,6.756756756756757,0.0,0.0,0.0,0.0,0.0,0.0,0.0,0.0,0.0,0.0,0.0,0.0,0.0,0.0,0.0,0.0,0.0,0.0
funny,0.0,0.0,0.0,0.0,0.0,0.0,0.0,0.0,0.0,0.0,0.0,3.278688524590164,0.0,3.278688524590164,0.0,0.0,0.0,0.0,0.0,0.0,0.0,0.0,0.0,0.0,0.0,0.0,0.0,0.0,0.0,0.0,0.0,0.0
funny,0.0,0.0,0.0,0.0,0.0,0.0,0.0,0.0,0.0,0.0,0.0,13.861386138613863,0.0,2.9702970297029703,0.0,0.0,0.0,0.0,0.0,0.0,0.0,0.0,0.0,0.0,0.0,0.0,0.0,0.0,0.0,0.0,0.0,0.0
politics,0.0,0.0,0.8152173913043478,0.0,0.0,0.0,0.0,0.5434782608695652,0.0,0.0,0.0,3.532608695652174,0.0,5.706521739130435,0.0,0.0,0.0,0.0,0.0,0.2717391304347826,0.2717391304347826,0.0,1.0869565217391304,0.0,1.0869565217391304,0.0,0.0,0.0,0.0,0.0,0.0,0.0
politics,0.0,0.0,0.0,0.0,0.0,0.0,0.0,0.0,0.0,0.0,0.0,3.5211267605633805,0.0,3.5211267605633805,0.0,0.0,0.0,0.0,0.0,0.0,0.0,0.0,0.0,0.0,0.0,0.0,0.0,0.0,0.0,0.0,0.0,0.0
funny,0.0,0.0,0.0,0.0,1.7241379310344827,0.0,0.0,0.0,0.0,3.4482758620689653,0.0,1.7241379310344827,0.0,5.172413793103448,0.0,0.0,0.0,0.0,0.0,0.0,0.0,0.0,0.0,0.0,0.0,0.0,0.0,0.0,0.0,0.0,0.0,0.0
gaming,0.0,0.0,0.0,0.0,0.0,0.0,0.0,0.0,0.0,0.0,0.0,3.278688524590164,3.278688524590164,1.639344262295082,0.0,0.0,0.0,0.0,0.0,0.0,0.0,0.0,0.0,0.0,0.0,0.0,0.0,0.0,0.0,0.0,0.0,0.0
politics,0.0,0.0,0.0,0.0,1.0471204188481675,0.0,0.0,1.0471204188481675,1.0471204188481675,0.0,0.0,7.329842931937172,0.0,6.282722513089005,1.0471204188481675,0.0,0.0,0.0,0.0,0.0,0.5235602094240838,0.0,0.0,0.0,0.0,0.0,0.0,0.0,0.0,0.0,0.0,0.0
politics,0.0,0.0,0.0,0.0,0.0,0.0,0.0,0.966183574879227,0.0,0.0,0.0,3.864734299516908,0.0,2.898550724637681,0.0,1.4492753623188406,0.0,0.0,0.0,0.4830917874396135,0.0,0.0,0.966183574879227,0.0,0.966183574879227,0.0,0.0,0.0,0.0,0.0,0.0,0.0
politics,0.0,0.0,0.0,0.0,0.0,0.0,0.0,0.0,0.0,0.0,0.0,6.521739130434782,0.0,4.3478260869565215,0.0,0.0,0.0,0.0,0.0,0.0,0.0,0.0,0.0,0.0,0.0,0.0,0.0,0.0,0.0,0.0,0.0,0.0
politics,2.666666666666667,0.0,0.0,0.0,0.0,0.0,0.0,1.3333333333333335,0.0,0.0,0.0,1.3333333333333335,0.0,8.0,0.0,0.0,0.0,0.0,0.0,0.0,2.666666666666667,0.0,1.3333333333333335,0.0,1.3333333333333335,0.0,0.0,0.0,0.0,0.0,0.0,0.0
politics,0.23866348448687352,0.0,0.0,0.0,0.0,0.0,0.0,0.0,0.0,0.0,0.0,4.295942720763723,0.23866348448687352,4.77326968973747,0.0,0.0,0.0,0.0,0.0,0.0,0.47732696897374705,0.0,0.0,0.0,0.0,0.0,0.0,0.0,0.0,0.0,0.0,0.0
funny,0.7936507936507936,0.0,0.0,0.0,0.0,0.0,0.0,0.0,0.0,0.0,0.0,2.380952380952381,0.0,4.761904761904762,0.0,0.0,0.0,0.0,0.0,0.0,0.0,0.0,0.0,0.0,0.0,0.0,0.0,0.0,0.0,0.0,0.0,0.0
funny,0.0,0.0,0.0,0.0,0.0,0.0,0.0,0.0,0.0,0.0,0.0,1.5151515151515151,0.0,10.606060606060606,0.0,0.0,0.0,0.0,0.0,0.0,0.0,0.0,0.0,0.0,0.0,0.0,0.0,0.0,0.0,0.0,0.0,0.0
AdviceAnimals,0.0,0.0,0.0,0.0,0.0,0.0,0.0,1.4492753623188406,1.4492753623188406,0.0,0.0,1.4492753623188406,0.0,4.3478260869565215,0.0,0.0,0.0,0.0,0.0,0.0,0.0,0.0,0.0,0.0,0.0,0.0,0.0,0.0,0.0,0.0,0.0,0.0
AdviceAnimals,0.0,0.0,0.0,0.0,0.0,0.0,0.0,0.6666666666666667,0.6666666666666667,0.0,0.0,5.333333333333334,0.0,4.0,0.0,0.0,0.0,0.0,0.0,0.0,0.0,0.0,0.6666666666666667,0.0,0.6666666666666667,0.0,0.0,0.0,0.0,0.0,0.0,0.0
AdviceAnimals,0.0,0.0,0.0,0.0,0.0,0.0,0.0,0.0,0.0,0.0,0.0,4.081632653061225,0.0,7.142857142857142,0.0,0.0,0.0,0.0,0.0,0.0,0.0,0.0,0.0,0.0,0.0,0.0,0.0,0.0,0.0,0.0,0.0,0.0
AdviceAnimals,0.7575757575757576,0.0,0.0,0.0,0.0,0.0,0.0,0.7575757575757576,0.7575757575757576,0.0,0.0,5.303030303030303,0.0,5.303030303030303,0.0,0.0,0.0,0.0,0.0,0.0,0.0,0.0,0.0,0.0,0.0,0.0,0.0,0.0,0.0,0.0,0.0,0.0
funny,0.0,0.0,0.0,0.0,0.0,0.0,0.0,0.0,0.0,0.0,0.0,2.1739130434782608,0.0,2.1739130434782608,0.0,0.0,0.0,0.0,0.0,0.0,0.0,0.0,0.0,0.0,0.0,0.0,0.0,0.0,0.0,0.0,0.0,0.0
funny,0.0,0.0,0.0,0.0,0.0,0.0,0.0,0.0,0.0,0.0,0.0,2.631578947368421,0.0,6.578947368421052,0.0,0.0,0.0,0.0,0.0,0.0,0.0,0.0,0.0,0.0,0.0,0.0,0.0,0.0,0.0,0.0,0.0,0.0
funny,0.0,0.0,0.0,0.0,0.0,0.0,0.0,0.0,0.0,0.0,0.0,2.631578947368421,0.0,6.578947368421052,0.0,0.0,0.0,0.0,0.0,0.0,0.0,0.0,0.0,0.0,0.0,0.0,0.0,0.0,0.0,0.0,0.0,0.0
leagueoflegends,0.0,0.0,0.0,0.0,0.0,0.0,0.0,0.5780346820809248,0.5780346820809248,0.0,0.0,4.046242774566474,0.5780346820809248,7.514450867052023,0.0,0.0,0.0,0.0,0.0,0.5780346820809248,0.0,1.1560693641618496,0.0,0.0,0.0,0.0,0.0,0.0,0.0,0.0,0.0,0.0
AdviceAnimals,0.0,0.0,0.0,0.0,0.0,0.0,0.0,0.0,0.0,0.0,0.0,2.6785714285714284,0.0,7.142857142857142,0.0,0.0,0.0,0.0,0.0,0.0,0.0,0.0,0.0,0.0,0.0,0.0,0.0,0.0,0.0,0.0,0.0,0.0
explainlikeimfive,0.0,0.0,0.0,0.0,0.0,0.0,0.0,0.6430868167202572,0.6430868167202572,0.0,0.3215434083601286,3.536977491961415,0.0,4.823151125401929,0.0,0.0,0.0,0.0,0.0,0.0,0.0,0.0,0.0,0.0,0.0,0.0,0.0,0.0,0.0,0.0,0.0,0.0
gaming,0.9803921568627451,0.0,0.0,0.0,0.0,0.0,0.0,0.9803921568627451,0.9803921568627451,0.0,0.0,6.862745098039216,0.9803921568627451,5.88235294117647,0.0,0.9803921568627451,0.0,0.0,0.9803921568627451,0.0,0.0,0.0,0.0,0.0,0.0,0.0,0.0,0.0,0.0,0.0,0.0,0.0
gaming,0.0,0.0,0.0,0.0,0.0,0.0,0.0,0.9009009009009009,0.0,0.0,0.0,3.153153153153153,0.0,5.405405405405405,0.0,0.0,0.0,0.0,0.0,0.0,2.2522522522522523,0.0,0.9009009009009009,0.0,0.9009009009009009,0.0,0.0,0.0,0.0,0.0,0.0,0.0
gaming,0.0,0.0,0.0,0.0,0.0,0.0,0.0,0.0,0.0,0.0,0.0,5.405405405405405,0.0,5.405405405405405,0.0,0.0,0.0,0.0,0.0,0.0,0.0,0.0,0.0,0.0,0.0,0.0,0.0,0.0,0.0,0.0,0.0,0.0
gaming,0.0,0.0,0.0,0.0,0.0,0.0,0.0,0.35842293906810035,0.35842293906810035,0.0,0.0,7.526881720430108,0.7168458781362007,3.584229390681003,0.0,0.35842293906810035,0.0,0.0,0.0,0.0,0.0,0.0,0.0,0.0,0.0,0.0,0.0,0.0,0.0,0.0,0.0,0.0
politics,0.0,0.0,0.0,0.0,0.0,0.0,0.6557377049180327,0.32786885245901637,0.32786885245901637,0.0,0.0,4.918032786885246,0.6557377049180327,3.934426229508197,0.0,0.0,0.0,0.0,0.0,0.0,0.0,0.0,0.0,0.0,0.0,0.0,0.0,0.0,0.0,0.0,0.0,0.0
politics,0.0,0.0,0.0,0.0,0.0,0.0,0.0,0.0,0.0,0.0,0.0,1.834862385321101,0.0,3.669724770642202,0.0,0.9174311926605505,0.0,0.0,0.0,0.0,0.0,0.0,0.0,0.0,0.0,0.0,0.0,0.0,0.0,0.0,0.0,0.0
politics,0.0,0.0,0.0,0.0,0.0,0.0,0.0,0.0,0.0,0.0,0.0,3.061224489795918,0.0,7.653061224489796,0.5102040816326531,0.0,0.0,0.0,0.0,0.0,0.0,0.0,0.0,0.0,0.0,0.0,0.0,0.0,0.0,0.0,0.0,0.0
politics,0.0,0.0,0.0,0.9009009009009009,0.0,0.0,0.0,0.0,0.0,0.0,0.0,9.00900900900901,0.0,2.7027027027027026,0.0,0.0,0.0,0.0,0.0,0.9009009009009009,0.0,0.0,0.0,0.0,0.0,0.0,0.0,0.0,0.0,0.0,0.0,0.0
politics,0.0,0.0,0.0,0.0,0.0,0.0,0.0,0.0,0.0,0.0,0.0,1.4925373134328357,0.0,5.970149253731343,0.0,0.0,0.0,0.0,0.0,0.0,0.0,0.0,0.0,0.0,0.0,0.0,0.0,0.0,0.0,0.0,0.0,0.0
explainlikeimfive,0.0,0.0,0.0,0.0,0.0,0.0,0.0,1.7094017094017095,1.7094017094017095,0.0,0.0,4.273504273504273,0.0,5.128205128205128,0.0,0.0,0.0,0.2849002849002849,0.0,0.2849002849002849,0.0,0.0,0.0,0.0,0.0,0.0,0.0,0.0,0.0,0.0,0.0,0.0
todayilearned,0.0,0.0,0.0,0.0,0.0,0.0,0.0,0.7662835249042145,0.0,0.0,0.0,5.747126436781609,0.0,1.9157088122605364,0.0,0.0,0.0,0.0,0.0,0.0,0.0,0.0,0.38314176245210724,0.0,0.38314176245210724,0.0,0.0,0.0,0.0,0.0,0.0,0.0
todayilearned,0.0,0.0,0.0,0.0,0.0,0.0,0.0,0.0,0.0,0.0,0.0,5.714285714285714,0.0,5.714285714285714,0.0,0.0,0.0,0.0,0.0,0.0,2.857142857142857,0.0,0.0,0.0,0.0,0.0,0.0,0.0,0.0,0.0,0.0,0.0
todayilearned,0.0,0.0,0.0,0.0,0.0,0.0,0.0,0.0,0.0,0.0,0.0,2.4,0.0,5.2,0.0,0.0,0.0,0.0,0.0,1.6,0.4,0.0,0.0,0.0,0.0,0.0,0.0,0.0,0.0,0.0,0.0,0.0
pics,0.0,0.0,0.0,0.0,0.0,0.18281535648994515,0.0,0.9140767824497258,0.9140767824497258,0.0,0.0,4.387568555758683,0.18281535648994515,3.473491773308958,0.0,0.0,0.0,0.0,0.0,0.0,0.3656307129798903,0.0,0.0,0.0,0.0,0.0,0.0,0.0,0.0,0.0,0.0,0.0
pics,0.0,0.0,0.0,0.0,0.0,0.0,0.0,1.0273972602739725,1.0273972602739725,0.0,0.0,1.7123287671232876,0.0,3.0821917808219177,0.3424657534246575,0.0,0.3424657534246575,0.0,0.3424657534246575,0.0,0.0,0.0,0.0,0.0,0.0,0.0,0.0,0.0,0.0,0.0,0.0,0.0
pics,0.2869440459110474,0.0,0.0,0.0,0.0,0.0,0.0,1.1477761836441895,1.1477761836441895,0.0,0.0,3.012912482065997,0.0,3.443328550932568,0.0,0.0,0.0,0.0,0.0,0.0,0.430416068866571,0.0,0.0,0.0,0.0,0.0,0.0,0.0,0.0,0.0,0.0,0.0
pics,0.0,0.0,0.0,0.0,0.0,0.0,0.0,1.8518518518518516,1.8518518518518516,0.0,0.0,3.0864197530864197,0.0,3.7037037037037033,0.0,0.0,0.0,0.0,0.0,0.0,0.0,0.0,0.0,0.0,0.0,0.0,0.0,0.0,0.0,0.0,0.0,0.0
pics,0.0,0.0,0.0,0.53475935828877,0.0,0.0,0.0,0.53475935828877,0.53475935828877,0.0,0.0,1.06951871657754,0.0,5.88235294117647,0.0,0.0,0.0,0.0,0.0,0.0,2.13903743315508,0.0,0.0,0.0,0.0,0.0,0.0,0.0,0.0,0.0,0.0,0.0
pics,0.0,0.0,0.0,0.0,0.0,0.0,0.0,0.0,0.0,0.0,0.0,5.0,0.0,5.0,0.0,0.0,0.0,0.0,0.0,0.0,0.0,0.0,0.0,0.0,0.0,0.0,0.0,0.0,0.0,0.0,0.0,0.0
pics,0.0,0.0,0.0,0.0,0.0,0.0,0.0,1.1428571428571428,1.1428571428571428,0.0,0.0,3.428571428571429,0.0,3.428571428571429,0.0,0.0,0.0,0.0,0.0,0.0,0.0,0.0,0.0,0.0,0.0,0.0,0.0,0.0,0.0,0.0,0.0,0.0
pics,0.0,0.0,0.0,0.0,0.0,0.0,0.5102040816326531,0.5102040816326531,0.5102040816326531,0.0,0.0,4.081632653061225,0.0,3.571428571428571,0.0,0.0,0.0,0.0,0.0,0.0,0.0,0.0,0.0,0.0,0.0,0.0,0.0,0.0,0.0,0.0,0.0,0.0
pics,0.0,0.0,0.0,0.0,0.0,0.0,0.0,0.7751937984496124,0.7751937984496124,0.0,0.0,3.875968992248062,0.0,5.426356589147287,0.0,0.0,0.0,0.0,0.0,0.0,0.0,0.0,0.0,0.0,0.0,0.0,0.0,0.0,0.0,0.0,0.0,0.0
pics,0.0,0.0,0.0,0.0,0.0,0.0,0.0,0.0,0.0,0.0,0.0,3.7037037037037033,0.0,3.7037037037037033,0.0,0.6172839506172839,0.0,0.0,0.0,0.0,0.0,0.0,0.0,0.0,0.0,0.0,0.0,0.0,0.0,0.0,0.0,0.0
pics,0.0,0.0,0.0,0.0,0.0,0.0,0.0,1.2987012987012987,1.2987012987012987,0.0,0.0,3.896103896103896,0.0,2.5974025974025974,0.0,0.0,0.0,0.0,0.0,0.0,0.0,0.0,0.0,0.0,0.0,0.0,0.0,0.0,0.0,0.0,0.0,0.0
pics,0.0,0.0,0.0,0.0,0.0,0.5291005291005291,0.0,1.0582010582010581,1.0582010582010581,0.0,0.0,3.7037037037037033,0.0,0.0,0.0,0.5291005291005291,1.0582010582010581,0.0,0.0,0.0,0.0,0.0,0.0,0.0,0.0,0.0,0.0,0.0,0.0,0.0,0.0,0.0
pics,0.0,0.0,0.0,0.0,0.0,0.0,0.0,0.0,0.0,0.0,0.0,4.901960784313726,0.0,5.88235294117647,0.0,0.0,0.0,0.0,0.0,0.0,0.0,0.0,0.0,0.0,0.0,0.0,0.0,0.0,0.0,0.0,0.0,0.0
pics,0.6944444444444444,0.0,0.0,0.0,0.0,0.0,0.0,1.0416666666666665,0.6944444444444444,0.0,0.0,6.944444444444445,0.0,4.513888888888888,0.0,0.3472222222222222,0.0,0.0,0.0,0.0,0.3472222222222222,0.0,0.3472222222222222,0.0,0.3472222222222222,0.0,0.0,0.0,0.0,0.0,0.0,0.0
pics,0.0,0.0,0.0,0.0,0.0,0.0,0.0,0.3976143141153081,0.3976143141153081,0.0,0.0,6.6600397614314115,0.0,3.6779324055666,0.0,0.3976143141153081,0.19880715705765406,0.0,0.0,0.0,0.19880715705765406,0.0,0.0,0.0,0.0,0.0,0.0,0.0,0.0,0.0,0.0,0.0
todayilearned,0.0,0.0,0.0,0.0,0.0,0.0,0.0,0.0,0.0,0.0,0.0,12.5,0.0,0.0,0.0,0.0,0.0,0.0,12.5,0.0,0.0,0.0,12.5,0.0,0.0,0.0,0.0,0.0,0.0,0.0,0.0,0.0
todayilearned,0.0,0.0,0.0,0.0,0.0,0.0,0.0,0.0,0.0,0.0,0.0,1.9230769230769231,0.0,9.615384615384617,0.0,0.0,0.0,0.0,0.0,0.0,0.0,0.0,0.0,0.0,0.0,0.0,0.0,0.0,0.0,0.0,0.0,0.0
funny,0.0,0.0,0.0,0.0,0.0,0.0,0.0,0.0,0.0,0.0,0.0,1.1363636363636365,0.0,2.840909090909091,0.0,0.0,0.0,0.0,0.0,0.0,0.0,0.0,0.0,0.0,0.0,0.0,0.0,0.0,0.0,0.0,0.0,0.0
funny,0.0,0.0,0.0,0.0,0.0,0.0,0.0,0.6230529595015576,0.6230529595015576,0.0,0.3115264797507788,5.607476635514018,0.9345794392523363,4.672897196261682,0.0,0.0,0.0,0.0,0.0,0.0,0.3115264797507788,0.0,0.0,0.0,0.0,0.0,0.0,0.0,0.0,0.0,0.0,0.0
funny,0.0,0.0,0.0,0.0,0.0,0.0,0.0,0.0,0.0,0.0,0.0,1.0416666666666665,0.0,7.291666666666667,0.0,0.0,0.0,0.0,0.0,0.0,0.0,0.0,0.0,0.0,0.0,0.0,0.0,0.0,0.0,0.0,0.0,0.0
funny,0.0,0.0,0.0,0.0,0.0,0.0,0.0,0.53475935828877,0.53475935828877,0.0,0.0,3.2085561497326207,0.0,6.417112299465241,0.0,0.0,0.0,0.0,0.0,0.0,0.0,0.0,0.0,0.0,0.0,0.0,0.0,0.0,0.0,0.0,0.0,0.0
funny,0.0,0.0,0.0,0.0,0.13351134846461948,0.0,0.0,0.13351134846461948,0.13351134846461948,0.0,0.0,8.411214953271028,1.4686248331108143,4.939919893190922,0.0,0.0,0.0,0.0,0.0,0.4005340453938585,0.13351134846461948,0.0,0.0,0.0,0.0,0.0,0.0,0.0,0.0,0.0,0.0,0.0
funny,2.9982363315696645,0.0,0.0,0.0,0.0,0.0,0.0,0.1763668430335097,0.1763668430335097,0.0,0.0,3.1746031746031744,0.0,6.349206349206349,0.0,0.0,0.0,0.0,0.0,0.0,0.5291005291005291,0.0,0.0,0.0,0.0,0.0,0.0,0.0,0.0,0.0,0.0,0.0
funny,0.0,0.0,0.0,0.0,0.0,0.0,0.0,1.0416666666666665,1.0416666666666665,0.0,0.0,3.125,0.0,4.166666666666666,0.0,0.0,0.0,0.0,0.0,0.0,0.0,0.0,0.0,0.0,0.0,0.0,0.0,0.0,0.0,0.0,0.0,0.0
gaming,0.0,0.0,0.0,0.6993006993006993,0.0,0.0,0.0,1.8648018648018647,1.8648018648018647,0.0,0.0,3.7296037296037294,0.0,3.9627039627039626,0.0,0.2331002331002331,0.0,0.0,0.0,0.0,0.4662004662004662,0.0,0.0,0.0,0.0,0.0,0.0,0.0,0.0,0.0,0.0,0.0
pics,0.0,0.0,0.0,0.0,0.0,0.0,1.2269938650306749,0.0,0.0,0.0,0.0,5.521472392638037,0.0,6.748466257668712,0.0,0.0,0.0,0.0,0.0,0.0,1.2269938650306749,0.0,0.0,0.0,0.0,0.0,0.0,0.0,0.0,0.0,0.0,0.0
gaming,0.0,0.0,0.0,0.0,0.0,0.0,0.8264462809917356,0.0,0.0,0.0,0.0,4.958677685950414,0.0,4.132231404958678,0.0,0.0,0.0,0.0,0.0,0.0,0.8264462809917356,0.0,0.0,0.0,0.0,0.0,0.0,0.0,0.0,0.0,0.0,0.0
leagueoflegends,0.0,0.0,0.0,0.0,0.0,0.0,0.0,1.4285714285714286,1.4285714285714286,0.0,0.0,1.4285714285714286,0.0,0.0,0.0,2.857142857142857,0.0,0.0,0.0,0.0,2.857142857142857,0.0,0.0,0.0,0.0,0.0,0.0,0.0,0.0,0.0,0.0,0.0
gaming,0.0,0.0,0.0,0.20366598778004072,0.0,0.0,0.10183299389002036,0.20366598778004072,0.20366598778004072,0.0,0.0,4.989816700610998,0.0,4.582484725050916,0.0,0.10183299389002036,0.10183299389002036,0.0,0.0,1.0183299389002036,0.40733197556008144,0.0,0.0,0.0,0.0,0.0,0.0,0.0,0.0,0.0,0.0,0.0
leagueoflegends,0.0,0.0,0.0,0.0,0.0,0.0,0.0,1.9230769230769231,1.9230769230769231,0.0,0.0,1.9230769230769231,0.0,3.8461538461538463,0.0,0.0,0.0,0.0,0.0,0.0,0.0,0.0,0.0,0.0,0.0,0.0,0.0,0.0,0.0,0.0,0.0,0.0
leagueoflegends,0.0,0.0,0.0,0.0,0.0,0.0,0.0,0.0,0.0,0.0,0.0,25.0,0.0,0.0,0.0,0.0,0.0,0.0,0.0,0.0,0.0,0.0,0.0,0.0,0.0,0.0,0.0,0.0,0.0,0.0,0.0,0.0
leagueoflegends,0.0,0.0,0.0,0.0,0.0,0.0,0.0,0.0,0.0,0.0,0.0,0.0,0.0,0.0,0.0,0.0,0.0,0.0,0.0,0.0,0.0,0.0,0.0,0.0,0.0,0.0,0.0,0.0,0.0,0.0,0.0,0.0
todayilearned,0.0,0.0,0.0,0.0,0.0,0.0,0.0,0.0,0.0,0.0,0.0,3.896103896103896,0.0,2.5974025974025974,0.0,0.0,0.0,0.0,0.0,0.0,0.0,0.0,0.0,0.0,0.0,0.0,0.0,0.0,0.0,0.0,0.0,0.0
todayilearned,0.0,0.0,0.0,0.0,0.0,0.0,0.0,0.7246376811594203,0.7246376811594203,0.0,0.0,2.898550724637681,0.7246376811594203,2.898550724637681,0.0,0.7246376811594203,0.0,0.0,0.0,0.0,0.0,0.0,0.0,0.0,0.0,0.0,0.0,0.0,0.0,0.0,0.0,0.0
todayilearned,0.0,0.0,0.0,0.0,0.0,0.0,0.0,3.8461538461538463,3.8461538461538463,0.0,0.0,1.282051282051282,0.0,5.128205128205128,0.0,1.282051282051282,0.0,0.0,0.0,0.0,0.0,0.0,0.0,0.0,0.0,0.0,0.0,0.0,0.0,0.0,0.0,0.0
explainlikeimfive,0.27210884353741494,0.0,0.0,0.0,0.0,0.0,0.0,0.9523809523809524,0.9523809523809524,0.27210884353741494,0.0,7.07482993197279,0.0,4.625850340136054,0.0,0.40816326530612246,0.0,0.0,0.0,0.0,0.13605442176870747,0.0,0.0,0.0,0.0,0.0,0.0,0.0,0.0,0.0,0.0,0.0
leagueoflegends,0.0,0.0,0.0,0.0,0.0,0.0,0.0,1.0869565217391304,1.0869565217391304,0.0,0.0,3.260869565217391,0.0,4.3478260869565215,0.0,0.0,0.0,0.0,0.0,0.0,0.0,0.0,0.0,0.0,0.0,0.0,0.0,0.0,0.0,0.0,0.0,0.0
AdviceAnimals,0.0,0.0,0.0,0.0,0.0,0.0,0.0,1.5923566878980893,1.5923566878980893,0.0,0.0,2.547770700636943,0.0,1.910828025477707,0.0,0.3184713375796179,0.0,0.0,0.0,0.0,0.0,0.0,0.0,0.0,0.0,0.0,0.0,0.0,0.0,0.0,0.0,0.0
todayilearned,0.0,0.0,0.0,0.0,0.0,0.0,0.0,1.25,0.0,0.0,0.0,6.25,0.0,5.0,0.0,0.0,0.0,0.0,0.0,0.0,0.0,0.0,1.25,0.0,1.25,0.0,0.0,0.0,0.0,0.0,0.0,0.0
todayilearned,0.0,0.0,0.0,0.0,0.0,0.0,0.0,0.6756756756756757,1.3513513513513513,0.0,0.0,3.7162162162162162,0.0,7.094594594594595,0.0,0.0,0.0,0.0,0.0,0.0,0.0,0.0,0.0,0.0,0.0,0.0,0.0,0.0,0.0,0.0,0.0,0.0
gaming,0.0,0.0,0.0,0.0,0.0,0.0,0.0,0.0,0.0,0.0,0.0,5.555555555555555,2.7777777777777777,5.555555555555555,0.0,0.0,0.0,0.0,0.0,0.0,0.0,0.0,0.0,0.0,0.0,0.0,0.0,0.0,0.0,0.0,0.0,0.0
pics,0.0,0.0,0.0,0.0,0.0,0.0,0.0,0.0,0.0,0.0,0.0,2.7522935779816518,0.0,8.256880733944955,0.0,0.0,0.0,0.0,0.0,0.0,0.0,0.0,0.0,0.0,0.0,0.0,0.0,0.0,0.0,0.0,0.0,0.0
pics,1.1764705882352942,0.0,0.0,0.0,0.0,0.0,0.0,0.0,0.0,0.0,0.0,7.0588235294117645,0.0,4.705882352941177,0.0,0.0,0.0,0.0,0.0,0.0,0.0,0.0,0.0,0.0,0.0,0.0,0.0,0.0,0.0,0.0,0.0,0.0
pics,0.0,0.0,0.0,0.0,0.0,0.0,0.0,0.0,0.0,0.0,0.0,7.38255033557047,0.0,3.3557046979865772,0.0,0.0,0.0,0.0,0.0,0.0,0.0,0.0,0.0,0.0,0.0,0.0,0.0,0.0,0.0,0.0,0.0,0.0
leagueoflegends,0.0,0.0,0.0,0.0,0.0,0.0,0.0,0.0,0.0,0.0,0.0,2.3255813953488373,0.0,4.651162790697675,0.0,0.0,0.0,0.0,0.0,0.0,0.0,0.0,0.0,0.0,0.0,0.0,0.0,0.0,0.0,0.0,0.0,0.0
gaming,0.0,0.0,0.0,0.9900990099009901,0.0,0.0,0.0,1.4851485148514851,1.4851485148514851,0.0,0.0,0.9900990099009901,0.0,8.415841584158416,0.0,0.0,0.0,0.0,0.0,0.0,0.0,0.0,0.0,0.0,0.0,0.0,0.0,0.0,0.0,0.0,0.0,0.0
atheism,0.0,0.0,0.0,0.0,0.0,0.0,0.0,0.5434782608695652,0.5434782608695652,0.0,0.0,1.6304347826086956,0.0,5.978260869565218,0.0,1.0869565217391304,0.0,0.0,0.0,0.0,0.0,0.0,0.0,0.0,0.0,0.0,0.0,0.0,0.0,0.0,0.0,0.0
atheism,0.0,0.0,0.0,0.0,0.0,0.0,0.0,1.2658227848101267,1.2658227848101267,0.0,0.0,1.2658227848101267,0.0,2.5316455696202533,0.0,1.2658227848101267,0.0,0.0,0.0,0.0,1.2658227848101267,0.0,0.0,0.0,0.0,0.0,0.0,0.0,0.0,0.0,0.0,0.0
AdviceAnimals,0.0,0.0,0.0,0.0,0.0,0.0,0.0,0.0,0.0,0.0,0.0,7.142857142857142,0.0,4.761904761904762,0.0,0.0,0.0,0.0,0.0,0.0,2.380952380952381,0.0,0.0,0.0,0.0,0.0,0.0,0.0,0.0,0.0,0.0,0.0
pics,0.0,0.0,0.0,0.0,0.0,0.0,0.0,0.9433962264150944,0.9433962264150944,0.0,0.0,3.7735849056603774,0.0,3.7735849056603774,0.0,0.0,0.0,0.0,0.0,0.0,0.0,0.0,0.0,0.0,0.0,0.0,0.0,0.0,0.0,0.0,0.0,0.0
funny,2.0202020202020203,0.0,0.0,0.0,0.0,0.0,0.0,1.0101010101010102,1.0101010101010102,0.0,0.0,5.05050505050505,0.0,3.0303030303030303,0.0,0.0,0.0,0.0,0.0,0.0,1.0101010101010102,0.0,0.0,0.0,0.0,0.0,0.0,0.0,0.0,0.0,0.0,0.0
funny,0.0,0.0,0.0,0.554016620498615,0.0,0.0,0.0,0.8310249307479225,0.8310249307479225,0.0,0.0,3.0470914127423825,0.0,4.7091412742382275,0.0,0.0,0.0,0.0,0.0,0.0,0.0,0.0,0.0,0.0,0.0,0.0,0.0,0.0,0.0,0.0,0.0,0.0
funny,0.0,0.0,0.0,0.0,1.2048192771084338,0.0,0.0,2.4096385542168677,2.4096385542168677,0.0,0.0,7.228915662650602,0.0,7.228915662650602,0.0,0.0,0.0,0.0,0.0,0.0,0.0,0.0,0.0,0.0,0.0,0.0,0.0,0.0,0.0,0.0,0.0,0.0
funny,0.0,0.0,0.0,0.0,0.0,0.0,0.0,0.0,0.0,0.0,0.0,0.9433962264150944,0.0,4.716981132075472,0.0,0.0,0.0,0.0,0.0,0.0,0.9433962264150944,0.0,0.0,0.0,0.0,0.0,0.0,0.0,0.0,0.0,0.0,0.0
todayilearned,0.0,0.0,0.0,0.0,0.0,0.0,0.0,2.380952380952381,2.380952380952381,0.0,0.0,0.0,0.0,2.380952380952381,0.0,0.0,0.0,0.0,0.0,0.0,0.0,0.0,0.0,0.0,0.0,0.0,0.0,0.0,0.0,0.0,0.0,0.0
AdviceAnimals,0.0,0.0,0.0,0.0,0.0,0.0,0.0,0.0,0.0,0.0,0.0,1.6666666666666667,0.0,3.3333333333333335,0.0,0.0,0.0,0.0,0.0,0.0,1.6666666666666667,0.0,0.0,0.0,0.0,0.0,0.0,0.0,0.0,0.0,0.0,0.0
AdviceAnimals,0.0,0.0,0.0,0.0,0.0,0.0,0.0,0.0,0.0,0.0,0.0,2.967359050445104,0.0,5.637982195845697,0.0,0.0,0.0,0.0,0.0,0.2967359050445104,0.0,0.0,0.0,0.0,0.0,0.0,0.0,0.0,0.0,0.0,0.0,0.0
AdviceAnimals,0.0,0.0,0.0,0.0,0.0,0.0,0.0,2.1739130434782608,2.1739130434782608,0.0,0.0,1.0869565217391304,0.0,4.3478260869565215,0.0,0.0,0.0,0.0,0.0,0.0,0.0,0.0,0.0,0.0,0.0,0.0,0.0,0.0,0.0,0.0,0.0,0.0
funny,0.0,0.0,0.0,0.0,0.9009009009009009,0.0,0.0,0.0,0.0,0.0,0.0,4.054054054054054,0.0,6.306306306306306,0.0,0.0,0.0,0.0,0.0,0.0,0.45045045045045046,0.0,0.0,0.0,0.0,0.0,0.0,0.0,0.0,0.0,0.0,0.0
funny,0.0,0.0,0.0,0.0,0.7462686567164178,0.0,0.0,0.0,0.0,0.0,0.0,4.477611940298507,0.0,6.7164179104477615,0.0,0.0,0.0,0.0,0.0,0.0,0.3731343283582089,0.0,0.0,0.0,0.0,0.0,0.0,0.0,0.0,0.0,0.0,0.0
pics,0.0,0.0,0.0,0.0,0.0,0.0,0.0,0.0,0.0,0.0,0.0,8.823529411764707,0.0,5.88235294117647,0.0,0.0,0.0,0.0,0.0,0.0,0.0,0.0,0.0,0.0,0.0,0.0,0.0,0.0,0.0,0.0,0.0,0.0
leagueoflegends,0.0,0.0,0.0,0.0,0.0,0.0,0.0,0.0,0.0,0.0,0.0,3.7037037037037033,0.0,2.4691358024691357,0.0,0.0,0.0,0.0,0.0,0.0,1.2345679012345678,0.0,0.0,0.0,0.0,0.0,0.0,0.0,0.0,0.0,0.0,0.0
explainlikeimfive,0.0,0.0,0.0,0.0,0.0,0.0,0.0,0.0,0.0,0.0,0.0,0.0,0.0,8.333333333333332,0.0,0.0,0.0,0.0,0.0,0.0,0.0,0.0,0.0,0.0,0.0,0.0,0.0,0.0,0.0,0.0,0.0,0.0
funny,0.0,0.0,0.0,0.0,0.0,0.0,0.0,0.5494505494505495,0.5494505494505495,0.0,0.0,6.043956043956044,0.0,6.593406593406594,0.0,0.0,0.0,0.0,0.0,0.0,0.0,0.0,0.0,0.0,0.0,0.0,0.0,0.0,0.0,0.0,0.0,0.0
leagueoflegends,0.0,0.0,0.0,0.0,0.0,0.0,0.0,0.0,0.0,0.0,0.0,0.9433962264150944,0.0,4.716981132075472,0.0,0.0,0.0,0.0,0.0,0.0,0.0,0.0,0.0,0.0,0.0,0.0,0.0,0.0,0.0,0.0,0.0,0.0
leagueoflegends,0.0,0.0,0.0,0.0,0.0,0.0,0.468384074941452,0.234192037470726,0.468384074941452,0.0,0.0,2.810304449648712,0.0,2.576112412177986,0.0,0.234192037470726,0.0,0.0,0.0,0.0,0.0,0.0,0.0,0.0,0.0,0.0,0.0,0.0,0.0,0.0,0.0,0.0
AdviceAnimals,0.0,0.0,0.0,0.0,0.0,0.0,0.0,0.0,0.0,0.0,0.0,1.6611295681063125,0.0,2.4916943521594686,0.0,0.0,0.0,0.0,0.0,0.0,2.3255813953488373,0.0,0.0,0.0,0.0,0.0,0.0,0.0,0.0,0.0,0.0,0.0
pics,0.0,0.0,0.0,0.0,0.0,0.0,0.0,0.0,0.0,0.0,0.0,7.4074074074074066,0.0,5.555555555555555,0.0,0.0,0.0,0.0,0.0,0.0,0.0,0.0,0.0,0.0,0.0,0.0,0.0,0.0,0.0,0.0,0.0,0.0
pics,0.0,0.0,0.0,0.0,0.0,0.0,1.282051282051282,1.282051282051282,0.0,0.0,0.0,3.8461538461538463,1.282051282051282,2.564102564102564,0.0,1.282051282051282,0.0,0.0,0.0,0.0,0.0,0.0,0.0,0.0,0.0,0.0,0.0,0.0,0.0,0.0,0.0,0.0
pics,0.0,0.0,0.0,0.0,0.0,0.0,0.0,0.0,0.0,0.0,0.0,5.88235294117647,0.0,8.823529411764707,0.0,0.0,1.4705882352941175,0.0,0.0,0.0,1.4705882352941175,0.0,0.0,0.0,0.0,0.0,0.0,0.0,0.0,0.0,0.0,0.0
pics,0.0,0.0,0.0,0.0,0.0,0.0,0.0,0.0,0.0,0.0,0.0,2.803738317757009,0.0,7.476635514018691,0.0,0.0,0.0,0.0,0.0,0.0,0.0,0.0,0.0,0.0,0.0,0.0,0.0,0.0,0.0,0.0,0.0,0.0
pics,0.0,0.0,0.0,0.0,0.0,0.0,0.0,0.0,0.0,0.0,0.0,6.7669172932330826,0.0,6.7669172932330826,0.0,0.0,0.0,0.0,0.0,0.0,0.0,0.0,0.0,0.0,0.0,0.0,0.0,0.0,0.0,0.0,0.0,0.0
gaming,0.0,0.0,0.0,0.0,0.0,0.0,0.0,0.45871559633027525,0.45871559633027525,0.0,0.0,5.5045871559633035,0.0,3.669724770642202,0.0,0.9174311926605505,0.0,0.0,0.0,0.0,0.0,0.0,0.0,0.0,0.0,0.0,0.0,0.0,0.0,0.0,0.0,0.0
pics,0.0,0.0,0.0,0.0,0.0,0.0,0.0,0.0,0.0,0.0,0.0,2.3529411764705883,0.0,3.5294117647058822,0.0,0.0,0.0,0.0,0.0,0.0,1.1764705882352942,0.0,0.0,0.0,0.0,0.0,0.0,0.0,0.0,0.0,0.0,0.0
gaming,0.0,0.0,0.0,0.0,0.0,0.0,0.0,0.0,0.0,0.0,0.0,4.25531914893617,0.0,2.127659574468085,0.0,0.0,0.0,0.0,0.0,0.0,0.0,0.0,0.0,0.0,0.0,0.0,0.0,0.0,0.0,0.0,0.0,0.0
gaming,0.0,0.0,0.0,0.0,0.0,0.0,1.4285714285714286,0.0,0.0,0.0,0.0,5.714285714285714,0.0,7.142857142857142,0.0,0.0,0.0,0.0,0.0,0.0,0.0,0.0,0.0,0.0,0.0,0.0,0.0,0.0,0.0,0.0,0.0,0.0
gaming,0.0,0.0,0.0,0.0,0.0,0.0,0.0,1.0309278350515463,1.0309278350515463,0.0,0.0,2.0618556701030926,0.0,2.0618556701030926,0.0,0.0,0.0,0.0,0.0,0.0,1.0309278350515463,0.0,0.0,0.0,0.0,0.0,0.0,0.0,0.0,0.0,0.0,0.0
gaming,0.0,0.0,0.0,0.0,0.0,0.0,0.0,0.0,0.0,0.0,0.0,5.88235294117647,0.0,1.9607843137254901,0.0,0.0,0.0,0.0,0.0,0.0,0.0,0.0,0.0,0.0,0.0,0.0,0.0,0.0,0.0,0.0,0.0,0.0
leagueoflegends,0.0,0.0,0.0,0.0,0.0,0.0,0.0,0.5988023952095809,2.3952095808383236,0.0,0.0,8.383233532934131,0.0,7.18562874251497,0.0,0.0,0.0,0.0,0.0,0.0,0.5988023952095809,0.0,0.0,0.0,0.0,0.0,0.0,0.0,0.0,0.0,0.0,0.0
AdviceAnimals,0.0,0.0,0.0,0.0,0.0,0.0,0.0,0.0,1.5228426395939088,0.0,0.0,6.091370558375635,0.0,6.598984771573605,0.0,0.5076142131979695,0.0,0.0,0.0,0.0,0.5076142131979695,0.0,0.0,0.0,0.0,0.0,0.0,0.0,0.0,0.0,0.0,0.0
AdviceAnimals,0.0,0.0,0.0,1.5267175572519083,0.0,0.0,0.0,0.0,0.0,0.0,0.0,3.0534351145038165,0.0,7.633587786259542,0.0,0.0,0.0,0.0,0.0,0.0,2.2900763358778624,0.0,0.0,0.0,0.0,0.0,0.0,0.0,0.0,0.0,0.0,0.0
AdviceAnimals,0.0,0.0,0.0,0.0,0.48543689320388345,0.0,0.0,4.854368932038835,4.368932038834951,0.9708737864077669,0.0,7.281553398058252,0.0,5.825242718446602,0.0,0.0,0.0,0.0,0.0,0.0,0.48543689320388345,0.0,0.48543689320388345,0.0,0.48543689320388345,0.0,0.0,0.0,0.0,0.0,0.0,0.0
AdviceAnimals,0.0,0.0,0.0,0.0,0.0,0.0,0.0,2.0618556701030926,2.0618556701030926,0.0,0.0,1.0309278350515463,0.0,5.154639175257731,0.0,0.0,0.0,0.0,0.0,0.0,0.0,0.0,0.0,0.0,0.0,0.0,0.0,0.0,0.0,0.0,0.0,0.0
politics,0.0,0.0,0.0,0.0,0.0,0.0,0.0,0.0,0.0,0.0,0.0,4.23728813559322,0.847457627118644,4.23728813559322,0.0,0.0,0.0,0.0,0.0,0.0,0.0,0.0,0.0,0.0,0.0,0.0,0.0,0.0,0.0,0.0,0.0,0.0
funny,0.0,0.0,0.0,0.0,0.0,0.0,0.0,0.0,0.0,0.0,0.0,1.4084507042253522,0.0,4.225352112676056,0.0,0.0,0.0,0.0,0.0,0.0,0.0,0.0,0.0,0.0,0.0,0.0,0.0,0.0,0.0,0.0,0.0,0.0
funny,0.0,0.0,0.0,0.0,0.0,0.0,0.0,1.2987012987012987,0.974025974025974,0.0,0.0,4.545454545454546,0.0,5.51948051948052,0.0,0.3246753246753247,0.0,0.0,0.0,0.0,0.0,0.0,0.0,0.0,0.3246753246753247,0.0,0.0,0.0,0.0,0.0,0.0,0.0
funny,0.0,0.0,0.0,0.0,0.0,0.0,0.0,0.0,0.0,0.0,0.0,0.0,0.0,8.333333333333332,0.0,0.0,0.0,0.0,0.0,0.0,0.0,0.0,0.0,0.0,0.0,0.0,0.0,0.0,0.0,0.0,0.0,0.0
leagueoflegends,0.0,0.0,0.0,0.0,1.8292682926829267,0.0,0.0,0.6097560975609756,0.6097560975609756,0.0,0.0,4.878048780487805,0.0,3.9634146341463414,3.6585365853658534,0.0,0.0,0.0,0.0,0.9146341463414633,0.6097560975609756,0.0,0.0,0.0,0.0,0.0,0.0,0.0,0.0,0.0,0.0,0.0
explainlikeimfive,0.0,0.0,0.0,0.0,0.0,0.0,1.3333333333333335,0.0,0.0,0.0,0.0,5.333333333333334,0.0,6.666666666666667,0.0,0.0,0.0,0.0,0.0,0.0,0.0,0.0,0.0,0.0,0.0,0.0,0.0,0.0,0.0,0.0,0.0,0.0
pics,0.5747126436781609,0.0,0.0,0.0,0.0,0.0,0.0,0.5747126436781609,0.5747126436781609,0.0,0.0,2.2988505747126435,0.0,4.597701149425287,0.0,0.0,0.0,0.0,0.0,0.0,0.0,0.0,0.0,0.0,0.0,0.0,0.0,0.0,0.0,0.0,0.0,0.0
pics,0.33003300330033003,0.0,0.0,0.0,0.0,0.16501650165016502,0.0,0.33003300330033003,0.33003300330033003,0.0,0.0,3.3003300330033,0.0,4.785478547854786,0.0,0.0,0.33003300330033003,0.0,0.0,0.0,0.16501650165016502,0.0,0.0,0.0,0.0,0.0,0.0,0.0,0.0,0.0,0.0,0.0
AdviceAnimals,0.0,0.0,0.0,0.0,0.0,0.0,0.0,0.0,0.0,0.0,0.0,3.3333333333333335,0.0,3.3333333333333335,0.0,0.0,0.0,0.0,0.0,0.0,0.0,0.0,0.0,0.0,0.0,0.0,0.0,0.0,0.0,0.0,0.0,0.0
pics,0.0,0.0,0.0,0.0,0.0,0.0,0.0,0.0,0.0,0.0,0.0,0.0,0.0,5.555555555555555,0.0,0.0,0.0,0.0,0.0,0.0,0.0,0.0,0.0,0.0,0.0,0.0,0.0,0.0,0.0,0.0,0.0,0.0
AdviceAnimals,0.0,0.0,0.0,0.0,0.0,0.0,0.45662100456621,0.45662100456621,0.45662100456621,0.0,0.0,1.36986301369863,0.0,5.0228310502283104,0.0,0.0,0.0,0.0,0.0,0.0,0.91324200913242,0.0,0.0,0.0,0.0,0.0,0.0,0.0,0.0,0.0,0.0,0.0
AdviceAnimals,0.0,0.0,0.0,0.0,0.0,0.0,0.0,1.8867924528301887,1.8867924528301887,0.0,0.0,7.547169811320755,0.0,5.660377358490567,0.0,0.0,0.0,0.0,0.0,0.0,0.0,0.0,0.0,0.0,0.0,0.0,0.0,0.0,0.0,0.0,0.0,0.0
leagueoflegends,0.0,0.0,0.0,0.0,0.0,0.0,0.0,0.2967359050445104,0.2967359050445104,0.0,0.0,0.5934718100890208,0.0,5.341246290801187,0.0,1.1869436201780417,0.0,0.0,0.0,0.0,0.0,0.0,0.0,0.0,0.0,0.0,0.0,0.0,0.0,0.0,0.0,0.0
leagueoflegends,0.0,0.0,0.0,0.0,0.0,0.0,0.0,1.4084507042253522,1.4084507042253522,0.0,0.0,3.5211267605633805,1.4084507042253522,2.112676056338028,0.0,0.0,0.0,0.0,0.0,0.0,0.0,0.0,0.0,0.0,0.0,0.0,0.0,0.0,0.0,0.0,0.0,0.0
AdviceAnimals,0.0,0.0,0.0,0.0,0.0,0.0,0.0,0.0,0.0,0.0,0.0,4.761904761904762,0.0,3.1746031746031744,0.0,0.0,0.0,0.0,0.0,0.0,0.0,0.0,0.0,0.0,0.0,0.0,0.0,0.0,0.0,0.0,0.0,0.0
leagueoflegends,0.0,0.0,0.0,0.0,0.0,0.0,0.0,0.2824858757062147,0.2824858757062147,0.0,0.0,7.627118644067797,0.0,2.5423728813559325,0.0,0.0,0.0,0.0,0.0,0.0,0.2824858757062147,0.0,0.0,0.0,0.0,0.0,0.0,0.0,0.0,0.0,0.0,0.0
todayilearned,0.0,0.0,0.0,0.0,0.0,0.0,0.0,0.49019607843137253,0.49019607843137253,0.0,0.0,0.49019607843137253,0.0,5.88235294117647,0.0,0.49019607843137253,0.0,0.0,0.0,0.0,1.4705882352941175,0.0,0.0,0.0,0.0,0.0,0.0,0.0,0.0,0.0,0.0,0.0
AdviceAnimals,0.0,0.0,0.0,0.0,0.0,0.0,0.7462686567164178,1.4925373134328357,1.4925373134328357,0.0,0.0,4.477611940298507,0.0,4.477611940298507,0.0,0.0,0.0,0.0,0.0,0.0,0.0,0.0,0.0,0.0,0.0,0.0,0.0,0.0,0.0,0.0,0.0,0.0
gaming,0.0,0.0,0.0,0.0,0.0,0.0,0.0,0.7042253521126761,0.7042253521126761,0.0,0.0,6.338028169014084,0.0,3.5211267605633805,0.0,0.0,0.0,0.0,0.0,0.0,0.7042253521126761,0.0,0.0,0.0,0.0,0.0,0.0,0.0,0.0,0.0,0.0,0.0
AdviceAnimals,0.0,0.0,0.0,0.0,0.0,0.0,0.0,0.7575757575757576,0.7575757575757576,0.0,0.0,9.090909090909092,0.0,6.0606060606060606,0.0,0.0,0.0,0.0,0.0,0.0,0.0,0.0,0.0,0.0,0.0,0.0,0.0,0.0,0.0,0.0,0.0,0.0
gaming,0.0,0.0,0.0,0.0,0.0,0.0,0.0,0.0,0.0,0.0,0.0,1.25,0.0,3.75,0.0,1.25,0.0,0.0,0.0,0.0,0.0,0.0,0.0,0.0,0.0,0.0,0.0,0.0,0.0,0.0,0.0,0.0
gaming,0.0,0.0,0.0,0.0,0.0,0.0,0.0,0.0,0.0,0.0,0.0,1.282051282051282,0.0,3.8461538461538463,0.0,1.282051282051282,0.0,0.0,0.0,0.0,0.0,0.0,0.0,0.0,0.0,0.0,0.0,0.0,0.0,0.0,0.0,0.0
AdviceAnimals,0.0,0.0,0.0,0.0,0.0,0.0,0.0,0.45662100456621,0.45662100456621,0.0,0.0,6.392694063926941,0.0,3.65296803652968,0.0,0.45662100456621,0.0,0.45662100456621,0.0,0.91324200913242,0.45662100456621,0.0,0.0,0.0,0.0,0.0,0.0,0.0,0.0,0.0,0.0,0.0
funny,4.761904761904762,0.0,0.0,0.0,0.0,0.0,0.0,0.0,0.0,0.0,0.0,4.761904761904762,0.0,4.761904761904762,0.0,0.0,0.0,0.0,0.0,0.0,4.761904761904762,0.0,0.0,0.0,0.0,0.0,0.0,0.0,0.0,0.0,0.0,0.0
funny,0.0,0.0,0.0,0.0,0.0,0.0,0.0,0.0,0.0,0.0,0.0,1.2987012987012987,0.0,3.116883116883117,0.0,0.0,0.0,0.0,0.0,0.0,0.2597402597402597,0.0,0.0,0.0,0.0,0.0,0.0,0.0,0.0,0.0,0.0,0.0
AdviceAnimals,0.0,0.0,0.0,0.0,0.0,0.0,0.0,0.0,0.0,0.0,0.0,0.0,0.0,3.8461538461538463,0.0,0.0,0.0,0.0,0.0,0.0,0.0,0.0,0.0,0.0,0.0,0.0,0.0,0.0,0.0,0.0,0.0,0.0
AdviceAnimals,0.0,0.0,0.0,0.0,0.0,0.0,0.0,0.5154639175257731,0.5154639175257731,0.0,0.0,1.5463917525773196,0.0,6.185567010309279,0.0,0.0,0.0,0.0,0.0,0.0,0.0,0.0,0.5154639175257731,0.0,0.5154639175257731,0.0,0.0,0.0,0.0,0.0,0.0,0.0
AdviceAnimals,0.0,0.0,0.0,0.0,0.0,0.0,0.0,0.0,0.0,0.0,0.0,6.7164179104477615,0.0,5.223880597014925,0.0,0.0,0.0,0.0,0.0,0.0,0.0,0.0,0.0,0.0,0.0,0.0,0.0,0.0,0.0,0.0,0.0,0.0
AdviceAnimals,0.0,0.0,0.0,0.0,0.0,0.0,0.0,0.0,0.0,0.0,0.0,6.6115702479338845,0.0,4.132231404958678,0.0,0.8264462809917356,0.0,0.0,0.0,0.0,0.8264462809917356,0.0,0.0,0.0,0.0,0.0,0.0,0.0,0.0,0.0,0.0,0.0
AdviceAnimals,0.0,0.0,0.0,0.0,0.0,0.0,0.5037783375314862,0.2518891687657431,0.2518891687657431,0.0,0.0,6.54911838790932,0.0,4.534005037783375,0.0,0.5037783375314862,0.2518891687657431,0.0,0.0,0.2518891687657431,1.2594458438287155,0.0,0.0,0.0,0.0,0.0,0.0,0.0,0.0,0.0,0.0,0.0
leagueoflegends,0.0,0.0,0.0,0.0,0.0,0.0,0.0,0.0,0.0,0.0,0.0,1.6666666666666667,0.0,1.6666666666666667,0.0,0.0,0.0,0.0,0.0,0.0,0.0,0.0,0.0,0.0,0.0,0.0,0.0,0.0,0.0,0.0,0.0,0.0
politics,0.0,0.0,0.0,0.0,0.0,0.0,0.0,0.0,0.0,0.0,0.0,1.3157894736842104,0.0,3.9473684210526314,0.0,0.0,0.0,0.0,0.0,0.0,0.0,0.0,0.0,0.0,0.0,0.0,0.0,0.0,0.0,0.0,0.0,0.0
pics,0.0,0.0,0.0,0.0,0.0,0.0,0.0,0.0,0.0,0.0,0.0,1.282051282051282,0.0,6.41025641025641,0.0,0.0,0.0,0.0,0.0,0.0,0.0,0.0,0.0,0.0,0.0,0.0,0.0,0.0,0.0,0.0,0.0,0.0
todayilearned,0.0,0.0,0.0,0.0,0.5050505050505051,0.0,0.0,0.5050505050505051,0.5050505050505051,0.0,0.0,1.0101010101010102,0.0,4.545454545454546,0.0,1.0101010101010102,0.0,0.0,0.0,1.0101010101010102,0.0,0.0,0.0,0.0,0.0,0.0,0.0,0.0,0.0,0.0,0.0,0.0
AdviceAnimals,0.0,0.0,0.0,0.0,0.0,0.0,0.0,0.7936507936507936,0.7936507936507936,0.0,0.0,5.555555555555555,0.0,2.380952380952381,0.0,0.0,0.0,0.0,0.0,0.0,0.7936507936507936,0.0,0.0,0.0,0.0,0.0,0.0,0.0,0.0,0.0,0.0,0.0
AdviceAnimals,0.0,0.0,0.0,0.0,0.0,0.0,0.0,0.0,0.0,0.0,0.0,9.574468085106384,0.0,6.382978723404255,0.0,0.0,0.0,0.0,0.0,0.0,0.0,0.0,0.0,0.0,0.0,0.0,0.0,0.0,0.0,0.0,0.0,0.0
AdviceAnimals,0.0,0.0,0.0,0.0,0.0,0.0,0.0,0.0,0.0,0.0,0.0,4.123711340206185,0.0,5.154639175257731,0.0,0.0,0.0,0.0,0.0,0.0,0.0,0.0,0.0,0.0,0.0,0.0,0.0,0.0,0.0,0.0,0.0,0.0
AdviceAnimals,0.0,0.0,0.0,0.0,0.0,0.0,0.0,0.851063829787234,0.851063829787234,0.0,0.0,6.382978723404255,0.0,1.276595744680851,0.0,0.425531914893617,0.0,0.0,0.0,0.0,0.0,0.0,0.0,0.0,0.0,0.0,0.0,0.0,0.0,0.0,0.0,0.0
AdviceAnimals,0.0,0.0,0.0,0.0,0.0,0.0,0.0,0.0,0.0,0.0,0.0,3.3333333333333335,0.0,3.3333333333333335,0.8333333333333334,1.25,0.0,0.0,0.0,0.0,0.8333333333333334,0.0,0.0,0.0,0.0,0.0,0.0,0.0,0.0,0.0,0.0,0.0
todayilearned,0.0,0.0,0.0,0.0,0.0,0.0,0.0,0.0,0.0,0.0,0.0,7.4074074074074066,0.0,4.938271604938271,0.0,0.0,0.0,0.0,0.0,0.0,0.0,0.0,0.0,0.0,0.0,0.0,0.0,0.0,0.0,0.0,0.0,0.0
leagueoflegends,0.0,0.0,0.0,0.0,0.0,0.0,0.0,0.0,0.0,0.0,0.0,3.8461538461538463,0.0,0.0,0.0,0.0,0.0,0.0,0.0,0.0,0.0,0.0,0.0,0.0,0.0,0.0,0.0,0.0,0.0,0.0,0.0,0.0
leagueoflegends,0.0,0.0,0.0,0.0,0.0,0.0,0.0,0.0,0.0,0.0,0.0,6.363636363636363,0.0,6.363636363636363,0.0,0.9090909090909091,0.0,0.0,0.0,0.0,0.0,0.0,0.0,0.0,0.0,0.0,0.0,0.0,0.0,0.0,0.0,0.0
funny,0.0,0.0,0.0,0.0,0.0,0.0,0.0,0.0,0.0,0.0,0.0,7.216494845360824,0.0,4.123711340206185,0.0,0.0,0.0,0.0,0.0,0.0,0.0,0.0,0.0,0.0,0.0,0.0,0.0,0.0,0.0,0.0,0.0,0.0
todayilearned,0.0,0.0,0.0,0.0,0.0,0.0,0.0,2.0746887966804977,2.0746887966804977,0.0,0.0,4.979253112033195,0.0,5.809128630705394,0.0,0.0,0.0,0.0,0.0,0.0,0.0,0.0,0.0,0.0,0.0,0.0,0.0,0.0,0.0,0.0,0.0,0.0
gaming,0.0,0.0,0.0,0.0,0.0,0.0,0.0,0.0,0.0,0.0,0.0,7.59493670886076,0.0,2.5316455696202533,0.0,0.0,0.0,0.0,0.0,0.0,0.0,0.0,0.0,0.0,0.0,0.0,0.0,0.0,0.0,0.0,0.0,0.0
leagueoflegends,0.0,0.0,0.0,0.0,0.0,0.0,0.0,0.0,0.0,0.0,0.0,8.16326530612245,0.0,5.1020408163265305,1.0204081632653061,0.0,0.0,0.0,0.0,0.0,0.0,0.0,0.0,0.0,0.0,0.0,0.0,0.0,0.0,0.0,0.0,0.0
funny,0.0,0.0,0.0,0.0,0.0,0.0,0.0,0.0,0.0,0.0,0.0,4.545454545454546,0.0,4.545454545454546,0.0,0.0,0.0,0.0,0.0,0.0,0.0,0.0,0.0,0.0,0.0,0.0,0.0,0.0,0.0,0.0,0.0,0.0
explainlikeimfive,0.0,0.0,0.0,0.0,0.0,0.0,0.0,0.8695652173913043,0.8695652173913043,0.0,0.0,5.217391304347826,0.0,2.608695652173913,0.0,0.43478260869565216,0.43478260869565216,0.0,0.0,0.0,0.0,0.0,0.0,0.0,0.0,0.0,0.0,0.0,0.0,0.0,0.0,0.0
explainlikeimfive,0.0,0.0,0.0,0.0,1.2345679012345678,0.0,0.0,0.0,0.0,0.0,0.0,3.7037037037037033,0.0,8.641975308641975,0.0,0.0,0.0,0.0,0.0,0.0,0.0,0.0,0.0,0.0,0.0,0.0,0.0,0.0,0.0,0.0,0.0,0.0
AdviceAnimals,0.0,0.0,0.0,0.0,0.0,0.0,0.0,0.7092198581560284,0.7092198581560284,0.0,0.0,2.8368794326241136,0.0,4.964539007092199,0.0,0.0,0.0,0.0,0.0,0.0,0.0,0.0,0.0,0.0,0.0,0.0,0.0,0.0,0.0,0.0,0.0,0.0
AdviceAnimals,0.0,0.0,0.0,0.0,0.0,0.0,0.0,0.0,0.0,0.0,0.0,5.128205128205128,0.0,6.41025641025641,0.0,0.0,0.0,0.0,0.0,0.0,0.0,0.0,0.0,0.0,0.0,0.0,0.0,0.0,0.0,0.0,0.0,0.0
explainlikeimfive,0.0,0.0,0.0,0.0,0.34662045060658575,0.0,0.0,0.17331022530329288,0.17331022530329288,0.0,0.0,4.679376083188909,0.0,4.506065857885615,0.0,0.17331022530329288,0.0,0.0,0.0,0.0,0.0,0.0,0.0,0.0,0.0,0.0,0.0,0.0,0.0,0.0,0.0,0.0
gaming,0.0,0.0,0.0,0.0,4.444444444444445,0.0,0.0,2.2222222222222223,2.2222222222222223,0.0,0.0,8.88888888888889,0.0,2.2222222222222223,0.0,2.2222222222222223,0.0,0.0,0.0,0.0,2.2222222222222223,0.0,0.0,0.0,0.0,0.0,0.0,0.0,0.0,0.0,0.0,0.0
AdviceAnimals,0.0,0.0,0.0,0.0,0.0,0.0,0.0,0.0,0.0,0.0,0.0,20.0,0.0,0.0,0.0,0.0,0.0,0.0,0.0,0.0,0.0,0.0,0.0,0.0,0.0,0.0,0.0,0.0,0.0,0.0,0.0,0.0
AdviceAnimals,0.0,0.0,0.0,0.0,0.0,0.0,0.0,0.0,0.0,0.0,0.0,0.0,0.0,0.0,0.0,0.0,0.0,0.0,0.0,0.0,0.0,0.0,0.0,0.0,0.0,0.0,0.0,0.0,0.0,0.0,0.0,0.0
todayilearned,0.0,0.0,0.0,0.0,0.0,0.0,0.6172839506172839,2.4691358024691357,2.4691358024691357,0.0,0.0,7.4074074074074066,0.0,4.320987654320987,0.0,0.0,0.0,0.0,0.0,0.0,0.0,0.0,0.0,0.0,0.0,0.0,0.0,0.0,0.0,0.0,0.0,0.0
leagueoflegends,0.0,0.0,0.0,0.0,0.0,0.0,0.0,0.0,0.0,0.0,0.0,1.8518518518518516,0.0,3.7037037037037033,0.0,0.0,0.0,0.0,0.0,0.0,0.0,0.0,0.0,0.0,0.0,0.0,0.0,0.0,0.0,0.0,0.0,0.0
politics,0.0,0.0,0.0,0.0,0.0,0.0,2.127659574468085,0.0,0.0,0.0,0.0,4.25531914893617,0.0,8.51063829787234,0.0,0.0,0.0,0.0,0.0,0.0,0.0,0.0,0.0,0.0,0.0,0.0,0.0,0.0,0.0,0.0,0.0,0.0
leagueoflegends,0.0,0.0,0.0,0.0,0.0,0.0,0.0,0.7220216606498195,0.7220216606498195,0.0,0.0,4.693140794223827,0.0,5.054151624548736,0.0,0.0,0.0,0.0,0.0,0.0,0.0,0.0,0.0,0.0,0.0,0.0,0.0,0.0,0.0,0.0,0.0,0.0
leagueoflegends,0.0,0.0,0.0,0.0,0.0,0.0,0.0,0.0,0.0,0.0,0.0,3.571428571428571,0.0,7.142857142857142,0.0,0.0,0.0,0.0,0.0,0.0,0.0,0.0,0.0,0.0,0.0,0.0,0.0,0.0,0.0,0.0,0.0,0.0
AdviceAnimals,0.0,0.0,0.0,0.0,0.0,0.0,0.0,0.0,0.0,0.0,0.0,0.8130081300813009,0.0,6.504065040650407,0.8130081300813009,0.0,0.0,0.0,0.0,1.6260162601626018,0.0,0.0,0.0,0.0,0.0,0.0,0.0,0.0,0.0,0.0,0.0,0.0
funny,0.0,0.0,0.0,0.0,0.0,0.0,0.0,0.6211180124223602,0.6211180124223602,0.0,0.0,7.453416149068323,0.0,4.3478260869565215,0.0,0.0,0.0,0.0,0.0,0.0,0.0,0.0,0.0,0.0,0.0,0.0,0.0,0.0,0.0,0.0,0.0,0.0
leagueoflegends,0.0,0.0,0.0,0.0,0.0,0.0,0.0,0.0,0.0,0.0,0.0,3.7383177570093453,0.0,4.672897196261682,0.0,0.0,0.0,0.0,0.0,0.0,0.0,0.0,0.0,0.0,0.0,0.0,0.0,0.0,0.0,0.0,0.0,0.0
funny,0.0,0.0,3.7037037037037033,0.0,0.0,0.0,0.0,0.0,0.0,0.0,0.0,7.4074074074074066,0.0,7.4074074074074066,0.0,0.0,0.0,0.0,0.0,0.0,0.0,0.0,0.0,0.0,0.0,0.0,0.0,0.0,0.0,0.0,0.0,0.0
funny,0.0,0.0,0.0,0.0,0.0,0.0,0.0,3.076923076923077,4.615384615384616,0.0,0.0,6.153846153846154,1.5384615384615385,4.615384615384616,0.0,1.5384615384615385,0.0,0.0,0.0,0.0,0.0,0.0,0.0,0.0,0.0,0.0,0.0,0.0,0.0,0.0,0.0,0.0
funny,0.0,0.0,0.0,0.0,0.0,0.0,0.0,0.0,0.0,0.0,0.0,5.555555555555555,0.0,5.555555555555555,0.0,0.0,0.0,0.0,0.0,0.0,0.0,0.0,0.0,0.0,0.0,0.0,0.0,0.0,0.0,0.0,0.0,0.0
AdviceAnimals,0.0,0.0,0.0,0.0,0.0,0.0,0.7352941176470588,1.4705882352941175,1.4705882352941175,0.0,0.0,4.411764705882353,0.0,6.61764705882353,0.0,0.0,0.0,0.0,0.0,0.0,0.7352941176470588,0.0,0.0,0.0,0.0,0.0,0.0,0.0,0.0,0.0,0.0,0.0
explainlikeimfive,0.0,0.0,0.0,0.0,0.0,0.0,0.0,0.0,0.0,0.0,0.0,4.571428571428571,0.0,6.2857142857142865,0.0,0.0,0.0,0.0,0.0,0.0,0.0,0.0,0.0,0.0,0.0,0.0,0.0,0.0,0.0,0.0,0.0,0.0
explainlikeimfive,3.125,0.0,0.0,0.0,0.0,0.0,0.0,0.0,0.0,0.0,0.0,0.0,0.0,12.5,0.0,0.0,0.0,0.0,0.0,0.0,0.0,0.0,0.0,0.0,0.0,0.0,0.0,0.0,0.0,0.0,0.0,0.0
leagueoflegends,0.0,0.0,0.0,0.0,0.0,0.0,0.0,0.0,0.0,0.0,0.0,4.166666666666666,0.0,4.166666666666666,0.0,0.0,0.0,0.0,0.0,0.0,0.0,0.0,0.0,0.0,0.0,0.0,0.0,0.0,0.0,0.0,0.0,0.0
AdviceAnimals,0.0,0.0,0.0,0.0,0.0,0.0,0.0,0.0,0.0,0.0,0.0,0.0,0.0,0.0,0.0,0.0,0.0,0.0,0.0,0.0,0.0,0.0,0.0,0.0,0.0,0.0,0.0,0.0,0.0,0.0,0.0,0.0
AdviceAnimals,0.0,0.0,0.0,0.0,0.0,0.0,0.0,0.0,0.0,0.0,0.0,0.0,0.0,2.631578947368421,0.0,0.0,0.0,0.0,0.0,0.0,2.631578947368421,0.0,0.0,0.0,0.0,0.0,0.0,0.0,0.0,0.0,0.0,0.0
AdviceAnimals,0.0,0.0,0.0,0.0,0.0,0.0,0.0,0.0,0.0,0.0,0.0,0.0,0.0,0.0,0.0,0.0,0.0,0.0,0.0,0.0,0.0,0.0,0.0,0.0,0.0,0.0,0.0,0.0,0.0,0.0,0.0,0.0
AdviceAnimals,0.0,0.0,0.0,0.0,0.0,0.0,0.0,0.3058103975535168,0.3058103975535168,0.0,0.0,6.422018348623854,0.0,4.587155963302752,0.0,0.9174311926605505,0.6116207951070336,0.0,0.0,0.0,0.0,0.0,0.0,0.0,0.0,0.0,0.0,0.0,0.0,0.0,0.0,0.0
leagueoflegends,0.5405405405405406,0.0,0.0,0.0,0.0,0.0,0.0,1.0810810810810811,1.0810810810810811,0.0,0.0,4.324324324324325,0.0,4.324324324324325,0.0,0.0,0.0,0.0,0.0,0.0,1.0810810810810811,0.0,0.0,0.0,0.0,0.0,0.0,0.0,0.0,0.0,0.0,0.0
leagueoflegends,0.0,0.0,0.0,0.0,0.0,0.0,0.0,1.0101010101010102,1.0101010101010102,0.0,0.0,7.07070707070707,0.0,2.0202020202020203,0.0,0.0,0.0,0.0,0.0,1.0101010101010102,0.0,0.0,0.0,0.0,0.0,0.0,0.5050505050505051,0.0,0.0,0.0,0.0,0.0
gaming,0.0,0.0,0.0,0.0,0.0,0.0,0.0,0.8620689655172413,0.8620689655172413,0.0,0.0,2.586206896551724,0.0,5.172413793103448,0.0,0.0,0.0,0.0,0.0,0.0,0.0,0.0,0.0,0.0,0.0,0.0,0.0,0.0,0.0,0.0,0.0,0.0
gaming,3.6036036036036037,0.0,0.0,0.0,0.0,0.0,0.0,0.0,0.0,0.0,0.0,8.108108108108109,0.0,3.6036036036036037,0.0,0.0,0.0,0.0,0.0,0.0,0.9009009009009009,0.0,0.0,0.0,0.0,0.0,0.0,0.0,0.0,0.0,0.0,0.0
AdviceAnimals,0.0,0.0,0.0,0.0,0.0,0.0,0.0,0.0,0.0,0.0,0.0,3.954802259887006,0.0,5.649717514124294,0.0,0.0,0.0,0.0,0.0,0.0,1.1299435028248588,0.0,0.0,0.0,0.0,0.0,0.0,0.0,0.0,0.0,0.0,0.0
funny,0.0,0.0,0.0,0.0,0.0,0.0,0.0,0.0,0.0,0.0,0.0,4.705882352941177,0.0,3.5294117647058822,0.0,1.1764705882352942,0.0,0.0,0.0,0.0,0.0,0.0,0.0,0.0,0.0,0.0,0.0,0.0,0.0,0.0,0.0,0.0
funny,0.0,0.0,0.0,0.0,0.0,0.0,0.0,0.0,0.0,0.0,0.0,6.25,0.0,2.5,0.0,0.0,0.0,0.0,0.0,0.0,0.0,0.0,0.0,0.0,0.0,0.0,0.0,0.0,0.0,0.0,0.0,0.0
funny,0.0,0.0,0.0,0.6802721088435374,0.6802721088435374,0.0,0.0,0.0,0.0,0.0,0.0,1.3605442176870748,0.0,6.802721088435375,0.0,0.0,0.0,0.0,0.0,0.0,0.0,0.0,0.0,0.0,0.0,0.0,0.0,0.0,0.0,0.0,0.0,0.0
gaming,0.0,0.0,0.0,0.0,0.0,0.0,0.0,0.0,0.0,0.0,0.0,14.285714285714285,0.0,3.896103896103896,0.0,0.0,0.0,0.0,0.0,0.0,0.0,0.0,0.0,0.0,0.0,0.0,0.0,0.0,0.0,0.0,0.0,0.0
gaming,0.0,0.0,0.0,0.9900990099009901,1.9801980198019802,0.0,0.0,0.0,0.0,0.0,0.0,1.9801980198019802,0.0,3.9603960396039604,0.0,0.49504950495049505,0.0,0.0,1.4851485148514851,0.0,0.49504950495049505,0.0,0.0,0.0,0.0,0.0,0.0,0.0,0.0,0.0,0.0,0.0
leagueoflegends,0.0,0.0,0.0,0.0,0.0,0.0,0.0,0.0,0.0,0.0,0.0,5.769230769230769,0.0,3.8461538461538463,0.0,0.0,0.0,0.0,0.0,0.0,0.0,0.0,0.0,0.0,0.0,0.0,0.0,0.0,0.0,0.0,0.0,0.0
AdviceAnimals,0.0,0.0,0.0,0.0,0.0,0.0,0.0,0.0,0.0,0.0,0.0,0.0,0.0,5.555555555555555,0.0,0.0,0.0,0.0,0.0,0.0,0.0,0.0,0.0,0.0,0.0,0.0,0.0,0.0,0.0,0.0,0.0,0.0
AdviceAnimals,0.7352941176470588,0.0,0.7352941176470588,0.0,0.0,0.0,0.0,0.3676470588235294,0.3676470588235294,0.0,0.0,0.3676470588235294,0.0,6.985294117647059,0.0,0.3676470588235294,0.0,0.0,0.0,0.0,0.3676470588235294,0.0,0.0,0.0,0.0,0.0,0.0,0.0,0.0,0.0,0.0,0.0
AdviceAnimals,0.0,0.0,0.0,0.0,0.0,0.0,0.0,0.0,0.0,0.0,0.0,5.982905982905983,0.0,6.837606837606838,0.0,0.0,0.0,0.0,0.0,0.0,0.0,0.0,0.0,0.0,0.0,0.0,0.0,0.0,0.0,0.0,0.0,0.0
AdviceAnimals,0.0,0.0,0.0,0.0,0.0,0.0,0.0,0.0,0.0,0.0,0.0,1.9607843137254901,0.0,3.9215686274509802,0.0,0.0,0.0,0.0,0.0,0.0,1.9607843137254901,0.0,0.0,0.0,0.0,0.0,0.0,0.0,0.0,0.0,0.0,0.0
AdviceAnimals,0.0,0.0,0.0,0.0,0.0,0.0,0.0,1.3245033112582782,1.3245033112582782,0.0,0.0,5.298013245033113,0.0,3.9735099337748347,0.0,0.0,0.0,0.0,0.0,0.0,0.6622516556291391,0.0,0.0,0.0,0.0,0.0,0.0,0.0,0.0,0.0,0.0,0.0
AdviceAnimals,0.0,0.0,0.0,0.0,0.0,0.0,0.0,0.6535947712418301,1.3071895424836601,0.0,0.0,5.228758169934641,0.0,6.535947712418301,0.0,0.6535947712418301,0.0,0.0,0.0,0.0,0.0,0.0,0.6535947712418301,0.0,0.6535947712418301,0.0,0.0,0.0,0.0,0.0,0.0,0.0
pics,0.0,0.0,0.0,0.0,0.0,0.0,0.0,0.0,0.0,0.0,0.0,4.705882352941177,0.0,4.705882352941177,0.0,0.0,0.0,0.0,0.0,0.0,0.0,0.0,0.0,0.0,0.0,0.0,0.0,0.0,0.0,0.0,0.0,0.0
gaming,0.0,0.0,0.0,0.0,0.0,0.0,0.0,0.5780346820809248,0.5780346820809248,0.0,0.0,4.624277456647398,0.0,4.624277456647398,0.0,0.0,0.0,0.0,0.0,0.0,0.5780346820809248,0.0,0.0,0.0,0.0,0.0,0.0,0.0,0.0,0.0,0.0,0.0
gaming,0.0,0.0,0.0,0.0,0.0,1.9607843137254901,0.0,0.0,0.0,0.0,0.0,0.9803921568627451,0.0,4.901960784313726,0.0,0.0,0.0,0.0,0.0,0.0,0.0,0.0,0.0,0.0,0.0,0.0,0.0,0.0,0.0,0.0,0.0,0.0
gaming,0.0,0.0,0.0,0.0,0.0,0.0,0.0,1.1494252873563218,1.1494252873563218,0.0,0.0,2.2988505747126435,0.0,6.896551724137931,0.0,0.0,0.0,0.0,0.0,0.0,0.0,0.0,0.0,0.0,0.0,0.0,0.0,0.0,0.0,0.0,0.0,0.0
gaming,0.0,0.0,0.0,0.0,0.0,0.0,0.0,1.5432098765432098,0.9259259259259258,0.0,0.0,7.4074074074074066,0.0,4.320987654320987,0.0,0.0,0.0,0.0,0.0,0.0,1.2345679012345678,0.0,0.30864197530864196,0.0,0.30864197530864196,0.0,0.0,0.0,0.0,0.0,0.0,0.0
explainlikeimfive,0.0,0.0,0.0,0.0,0.0,0.0,0.0,0.9803921568627451,0.9803921568627451,0.0,0.0,6.372549019607843,0.0,3.9215686274509802,0.0,0.0,0.0,0.0,0.0,0.0,0.0,0.0,0.0,0.0,0.0,0.0,0.0,0.0,0.0,0.0,0.0,0.0
explainlikeimfive,0.0,0.0,0.0,0.0,0.0,0.0,0.0,2.4390243902439024,2.4390243902439024,0.0,0.0,2.4390243902439024,0.0,2.4390243902439024,0.0,0.0,0.0,0.0,0.0,0.0,0.0,0.0,0.0,0.0,0.0,0.0,0.0,0.0,0.0,0.0,0.0,0.0
politics,0.0,0.0,0.0,0.0,0.0,0.0,0.0,1.7857142857142856,1.7857142857142856,0.0,0.0,0.0,0.0,5.357142857142857,0.0,0.0,0.0,0.0,0.0,0.0,0.8928571428571428,0.0,0.0,0.0,0.0,0.0,0.0,0.0,0.0,0.0,0.0,0.0
politics,0.0,0.0,0.0,0.0,0.0,0.0,0.11001100110011,0.22002200220022,0.22002200220022,0.0,0.0,3.6303630363036308,0.0,3.6303630363036308,0.0,0.11001100110011,0.11001100110011,0.0,0.0,0.0,0.0,0.0,0.0,0.0,0.0,0.0,0.0,0.0,0.0,0.0,0.0,0.0
politics,0.0,0.0,0.0,0.0,0.0,0.0,0.1148105625717566,0.1148105625717566,0.1148105625717566,0.0,0.0,3.6739380022962114,0.0,3.6739380022962114,0.0,0.0,0.1148105625717566,0.0,0.0,0.0,0.0,0.0,0.0,0.0,0.0,0.0,0.0,0.0,0.0,0.0,0.0,0.0
todayilearned,0.0,0.0,0.0,0.0,0.0,0.0,0.5747126436781609,0.0,0.0,0.0,0.0,5.172413793103448,0.0,5.747126436781609,0.0,0.5747126436781609,0.0,0.0,0.0,0.0,0.0,0.0,0.0,0.0,0.0,0.0,0.0,0.0,0.0,0.0,0.0,0.0
todayilearned,0.0,0.0,0.0,0.0,0.0,0.0,3.389830508474576,0.0,0.0,0.0,0.0,3.389830508474576,0.0,8.47457627118644,0.0,0.0,0.0,0.0,0.0,0.0,0.0,0.0,0.0,0.0,0.0,0.0,0.0,0.0,0.0,0.0,0.0,0.0
todayilearned,1.094890510948905,0.0,0.0,0.0,0.0,0.0,0.24330900243309003,0.24330900243309003,0.12165450121654502,0.0,0.0,1.4598540145985401,0.0,8.637469586374696,0.0,1.70316301703163,0.0,0.0,0.0,0.0,0.36496350364963503,0.0,0.12165450121654502,0.0,0.12165450121654502,0.0,0.0,0.0,0.0,0.0,0.0,0.0
todayilearned,0.5698005698005698,0.0,0.0,0.0,0.5698005698005698,0.0,0.0,0.8547008547008548,0.5698005698005698,0.0,0.0,2.849002849002849,0.0,3.7037037037037033,0.0,0.5698005698005698,0.0,0.0,0.0,0.0,0.2849002849002849,0.0,0.0,0.0,0.0,0.0,0.0,0.0,0.0,0.0,0.0,0.0
todayilearned,0.0,0.0,0.0,0.0,0.0,0.0,0.0,0.0,0.0,0.0,0.0,0.0,0.0,7.142857142857142,0.0,0.0,0.0,0.0,0.0,0.0,0.0,0.0,0.0,0.0,0.0,0.0,0.0,0.0,0.0,0.0,0.0,0.0
todayilearned,0.0,0.0,0.0,0.0,0.0,0.0,0.0,0.0,0.0,0.0,0.0,8.695652173913043,0.0,6.521739130434782,0.0,0.0,0.0,0.0,0.0,0.0,0.0,0.0,0.0,0.0,0.0,0.0,0.0,0.0,0.0,0.0,0.0,0.0
todayilearned,0.0,0.0,0.0,0.0,0.0,0.0,0.0,0.7936507936507936,0.3968253968253968,0.0,0.0,3.571428571428571,0.0,6.746031746031746,0.0,0.0,0.0,0.0,0.0,0.3968253968253968,0.0,0.0,0.3968253968253968,0.0,0.3968253968253968,0.0,0.0,0.0,0.0,0.0,0.0,0.0
todayilearned,0.6802721088435374,0.0,0.0,0.0,0.0,0.0,0.6802721088435374,0.6802721088435374,0.6802721088435374,0.0,0.0,0.0,0.0,6.122448979591836,0.0,0.0,0.0,0.0,0.0,0.0,0.6802721088435374,0.0,0.0,0.0,0.0,0.0,0.0,0.0,0.0,0.0,0.0,0.0
leagueoflegends,0.0,0.0,0.0,0.0,0.0,0.0,0.0,2.4691358024691357,2.4691358024691357,1.2345679012345678,0.0,1.2345679012345678,0.0,6.172839506172839,0.0,0.0,0.0,0.0,0.0,0.0,0.0,0.0,0.0,0.0,0.0,0.0,0.0,0.0,0.0,0.0,0.0,0.0
pics,1.0309278350515463,0.0,0.0,0.0,0.0,0.0,0.0,0.0,0.0,0.0,0.0,3.0927835051546393,0.0,5.154639175257731,0.0,0.0,0.0,0.0,0.0,0.0,0.0,0.0,0.0,0.0,0.0,0.0,0.0,0.0,0.0,0.0,0.0,0.0
AdviceAnimals,0.30864197530864196,0.0,0.0,0.0,0.0,0.0,0.0,0.30864197530864196,0.30864197530864196,0.0,0.0,1.2345679012345678,0.9259259259259258,4.938271604938271,0.0,0.0,0.0,0.0,0.0,0.0,0.6172839506172839,0.0,0.0,0.0,0.0,0.0,0.0,0.0,0.0,0.0,0.0,0.0
AdviceAnimals,0.0,0.0,0.0,0.0,1.4388489208633095,0.0,0.0,0.0,0.0,0.0,0.0,4.676258992805756,0.0,6.115107913669065,0.0,0.0,0.0,0.0,0.0,1.7985611510791366,1.079136690647482,0.0,0.0,0.0,0.0,0.0,0.0,0.0,0.0,0.0,0.0,0.0
AdviceAnimals,0.0,0.0,0.0,0.0,0.0,0.0,0.0,0.0,0.0,0.0,0.0,0.0,0.0,4.0,0.0,0.0,0.0,0.0,0.0,0.0,1.3333333333333335,0.0,0.0,0.0,0.0,0.0,0.0,0.0,0.0,0.0,0.0,0.0
AdviceAnimals,0.0,0.0,0.0,0.0,0.0,0.0,0.0,0.0,0.0,0.0,0.0,2.380952380952381,0.0,2.380952380952381,0.0,0.5952380952380952,0.0,0.0,0.0,0.0,1.7857142857142856,0.0,0.0,0.0,0.0,0.0,0.0,0.0,0.0,0.0,0.0,0.0
politics,0.0,0.0,0.0,0.0,1.1235955056179776,0.0,0.0,1.1235955056179776,1.1235955056179776,0.0,0.0,3.3707865168539324,0.0,2.247191011235955,0.0,0.0,0.0,0.0,0.0,0.0,0.0,0.0,0.0,0.0,0.0,0.0,0.0,0.0,0.0,0.0,0.0,0.0
leagueoflegends,0.0,0.0,0.0,0.0,0.0,0.0,0.0,1.3793103448275863,1.3793103448275863,0.0,0.0,6.896551724137931,0.0,3.4482758620689653,0.0,0.0,0.0,0.0,0.0,0.0,0.0,0.0,0.0,0.0,0.0,0.0,0.0,0.0,0.0,0.0,0.0,0.0
AdviceAnimals,0.0,0.0,0.0,0.0,0.0,0.0,0.0,1.639344262295082,1.639344262295082,0.0,0.0,0.0,0.0,8.19672131147541,0.0,0.0,0.0,0.0,0.0,0.0,0.0,0.0,0.0,0.0,0.0,0.0,0.0,0.0,0.0,0.0,0.0,0.0
AdviceAnimals,0.0,0.0,0.5535055350553505,0.0,0.9225092250922509,0.0,0.0,0.5535055350553505,0.5535055350553505,0.0,0.0,2.3985239852398523,0.0,6.088560885608856,0.0,0.0,0.0,0.0,0.0,0.9225092250922509,0.7380073800738007,0.0,0.0,0.0,0.0,0.0,0.0,0.0,0.0,0.0,0.0,0.0
AdviceAnimals,0.0,0.0,0.0,1.8518518518518516,0.0,0.0,0.0,0.0,0.0,0.0,0.0,7.4074074074074066,0.0,5.555555555555555,0.0,0.0,0.0,0.0,0.0,0.0,0.0,0.0,0.0,0.0,0.0,0.0,0.0,0.0,0.0,0.0,0.0,0.0
gaming,0.0,0.0,0.0,0.0,0.0,0.0,0.0,0.0,0.0,0.0,0.0,3.125,0.0,2.34375,0.0,0.0,0.0,0.0,0.0,0.0,0.0,0.0,0.0,0.0,0.0,0.0,0.0,0.0,0.0,0.0,0.0,0.0
todayilearned,0.0,0.0,0.0,0.0,0.0,0.0,0.0,0.0,0.0,0.0,0.0,8.16326530612245,0.0,7.142857142857142,0.0,0.0,0.0,0.0,0.0,0.0,2.0408163265306123,0.0,0.0,0.0,0.0,0.0,0.0,0.0,0.0,0.0,0.0,0.0
todayilearned,0.0,0.0,0.0,0.0,0.0,0.0,0.0,0.4424778761061947,0.4424778761061947,0.0,0.0,3.5398230088495577,0.0,3.982300884955752,0.0,0.0,0.0,0.0,0.0,0.0,0.0,0.0,0.0,0.0,0.0,0.0,0.0,0.0,0.0,0.0,0.0,0.0
todayilearned,0.7594936708860759,0.0,0.0,3.0379746835443036,0.0,0.25316455696202533,0.0,1.5189873417721518,1.5189873417721518,0.0,0.0,3.79746835443038,0.7594936708860759,5.063291139240507,0.0,0.25316455696202533,0.0,0.0,0.0,0.0,0.0,0.0,0.0,0.0,0.0,0.0,0.0,0.0,0.0,0.0,0.0,0.0
AdviceAnimals,0.0,0.0,0.0,0.0,0.0,0.0,0.0,0.0,0.0,0.0,0.0,2.9850746268656714,0.0,4.477611940298507,0.0,0.0,0.0,0.0,0.0,0.0,0.0,0.0,0.0,0.0,0.0,0.0,0.0,0.0,0.0,0.0,0.0,0.0
funny,0.0,0.0,0.0,0.0,0.0,0.0,0.0,0.49261083743842365,0.49261083743842365,0.0,0.0,9.852216748768473,0.0,2.955665024630542,0.0,0.0,0.0,0.0,0.0,0.0,0.49261083743842365,0.0,0.0,0.0,0.0,0.0,0.0,0.0,0.0,0.0,0.0,0.0
funny,1.1494252873563218,0.0,0.0,0.0,0.0,0.0,0.0,0.0,0.0,0.0,0.0,1.1494252873563218,0.0,4.597701149425287,0.0,0.0,0.0,0.0,0.0,0.0,0.0,0.0,0.0,0.0,0.0,0.0,0.0,0.0,0.0,0.0,0.0,0.0
pics,0.0,0.0,0.0,0.0,0.0,0.0,0.0,0.0,0.0,0.0,0.0,0.7246376811594203,0.0,5.797101449275362,0.0,0.0,0.0,0.0,0.0,0.0,0.0,0.0,0.0,0.0,0.0,0.0,0.0,0.0,0.0,0.0,0.0,0.0
politics,0.0,0.0,0.0,0.0,0.0,0.0,0.0,0.7751937984496124,0.7751937984496124,0.0,0.0,0.0,2.3255813953488373,5.426356589147287,0.0,0.7751937984496124,0.0,0.0,0.0,0.0,0.0,0.0,0.0,0.0,0.0,0.0,0.0,0.0,0.0,0.0,0.0,0.0
politics,0.0,0.0,0.0,6.0109289617486334,0.0,0.0,0.0,0.546448087431694,0.546448087431694,0.0,0.0,8.19672131147541,1.092896174863388,7.103825136612022,0.0,0.0,0.0,0.0,0.0,0.0,1.639344262295082,0.0,0.0,0.0,0.0,0.0,0.0,0.0,0.0,0.0,0.0,0.0
politics,0.0,0.0,0.0,0.0,0.0,1.2658227848101267,0.0,1.2658227848101267,1.2658227848101267,0.0,0.0,3.79746835443038,0.0,5.063291139240507,0.0,0.0,0.0,0.0,0.0,0.0,0.0,0.0,0.0,0.0,0.0,0.0,0.0,0.0,0.0,0.0,0.0,0.0
politics,0.0,0.0,0.0,0.0,0.0,0.0,0.4716981132075472,0.9433962264150944,0.9433962264150944,0.0,0.0,8.018867924528301,0.0,5.188679245283019,0.0,0.0,0.4716981132075472,0.0,0.0,0.0,0.0,0.0,0.0,0.0,0.0,0.0,0.0,0.0,0.0,0.0,0.0,0.0
politics,0.0,0.0,0.0,0.0,0.6896551724137931,0.0,0.0,1.3793103448275863,1.3793103448275863,0.0,0.0,4.827586206896552,0.0,4.137931034482759,0.0,0.0,0.0,0.0,0.0,0.0,0.0,0.0,0.0,0.0,0.0,0.0,0.0,0.0,0.0,0.0,0.0,0.0
politics,0.0,0.0,0.0,0.0,0.0,0.0,0.0,0.0,0.0,0.0,0.0,4.705882352941177,0.0,5.176470588235294,0.0,0.2352941176470588,0.0,0.0,0.0,0.0,0.2352941176470588,0.0,0.0,0.0,0.0,0.0,0.0,0.0,0.0,0.0,0.0,0.0
politics,0.0,0.0,0.0,2.797202797202797,1.3986013986013985,0.0,0.0,0.6993006993006993,0.6993006993006993,0.0,0.0,4.545454545454546,2.797202797202797,5.594405594405594,0.0,0.34965034965034963,0.0,0.0,0.0,0.0,0.0,0.0,0.0,0.0,0.0,0.0,0.0,0.0,0.0,0.0,0.0,0.0
politics,0.0,0.0,0.0,0.0,0.0,0.0,0.0,0.23255813953488372,0.23255813953488372,0.0,0.0,3.953488372093023,0.0,3.7209302325581395,0.0,0.0,0.0,0.0,0.0,0.0,0.9302325581395349,0.0,0.0,0.0,0.0,0.0,0.0,0.0,0.0,0.0,0.0,0.0
pics,0.0,0.0,0.0,0.0,0.0,0.0,0.641025641025641,1.282051282051282,1.282051282051282,0.0,0.0,3.205128205128205,0.0,3.205128205128205,0.0,0.0,0.0,0.0,0.0,0.0,0.0,0.0,0.0,0.0,0.0,0.0,0.0,0.0,0.0,0.0,0.0,0.0
pics,0.0,0.0,0.0,0.0,0.0,0.0,0.0,0.6711409395973155,0.6711409395973155,0.0,0.0,5.369127516778524,0.0,4.697986577181208,0.0,0.6711409395973155,0.0,0.0,0.0,0.0,0.0,0.0,0.0,0.0,0.0,0.0,0.0,0.0,0.0,0.0,0.0,0.0
pics,0.0,0.0,0.0,0.0,0.0,0.0,0.423728813559322,0.423728813559322,0.423728813559322,0.0,0.0,4.661016949152542,0.0,5.932203389830509,0.0,0.0,0.0,0.0,0.0,0.0,0.0,0.0,0.0,0.0,0.0,0.0,0.0,0.0,0.0,0.0,0.0,0.0
pics,0.0,0.0,0.0,0.0,0.0,0.0,1.1673151750972763,1.556420233463035,1.556420233463035,0.0,0.0,7.003891050583658,0.0,3.8910505836575875,0.0,0.0,0.38910505836575876,0.0,0.0,0.0,0.0,0.0,0.0,0.0,0.0,0.0,0.0,0.0,0.0,0.0,0.0,0.0
pics,0.0,0.0,0.0,0.0,0.0,0.0,0.0,0.6024096385542169,0.6024096385542169,0.0,0.0,1.2048192771084338,0.0,7.83132530120482,0.0,0.0,0.0,0.0,0.0,0.0,0.0,0.0,0.0,0.0,0.0,0.0,0.0,0.0,0.0,0.0,0.0,0.0
pics,0.0,0.0,0.0,0.0,0.0,0.0,0.0,1.4925373134328357,1.4925373134328357,0.0,0.0,0.9950248756218906,0.0,5.472636815920398,0.0,0.0,0.0,0.0,0.0,0.0,0.0,0.0,0.0,0.0,0.0,0.0,0.0,0.0,0.0,0.0,0.0,0.4975124378109453
pics,0.0,0.0,0.0,0.0,0.0,0.0,0.0,0.4464285714285714,0.4464285714285714,0.0,0.0,4.017857142857143,0.0,4.464285714285714,0.0,0.0,0.0,0.0,0.0,0.0,0.0,0.0,0.0,0.0,0.0,0.0,0.0,0.0,0.0,0.0,0.0,0.0
gaming,0.19047619047619047,0.0,0.0,0.0,0.0,0.0,0.19047619047619047,0.38095238095238093,0.38095238095238093,0.0,0.0,4.571428571428571,0.0,4.190476190476191,0.0,0.0,0.19047619047619047,0.0,0.0,0.0,0.19047619047619047,0.0,0.0,0.0,0.0,0.0,0.0,0.0,0.0,0.0,0.0,0.0
gaming,1.8567639257294428,0.0,0.0,0.0,0.0,0.0,0.0,0.0,0.0,0.0,0.0,9.814323607427056,1.0610079575596816,5.305039787798409,0.0,0.0,0.7957559681697612,0.0,0.0,1.5915119363395225,0.2652519893899204,0.0,0.0,0.0,0.0,0.0,0.0,0.0,0.0,0.0,0.0,0.0
politics,0.0,0.0,0.0,0.0,0.0,0.0,0.0,0.0,0.0,0.0,0.0,1.1627906976744187,0.0,3.488372093023256,0.0,0.0,0.0,0.0,0.0,0.0,1.1627906976744187,0.0,0.0,0.0,0.0,0.0,0.0,0.0,0.0,0.0,0.0,0.0
politics,0.0,0.0,0.0,0.0,0.0,0.0,1.3333333333333335,1.3333333333333335,1.3333333333333335,0.0,0.0,4.0,0.0,4.0,0.0,0.0,0.0,0.0,0.0,0.0,0.0,0.0,0.0,0.0,0.0,0.0,0.0,0.0,0.0,0.0,0.0,0.0
leagueoflegends,0.0,0.0,0.0,0.0,0.0,0.0,0.0,1.1627906976744187,1.1627906976744187,0.0,0.0,3.488372093023256,0.0,3.488372093023256,0.0,0.0,0.0,0.0,0.0,0.0,1.1627906976744187,0.0,0.0,0.0,0.0,0.0,0.0,0.0,0.0,0.0,0.0,0.0
AdviceAnimals,0.0,0.0,0.0,0.0,0.0,0.0,0.0,0.0,0.0,0.0,0.0,6.049822064056939,0.0,6.583629893238434,0.0,0.0,0.0,0.0,0.0,0.0,0.1779359430604982,0.0,0.0,0.0,0.0,0.0,0.0,0.0,0.0,0.0,0.0,0.0
AdviceAnimals,0.0,0.0,0.0,0.0,0.0,0.0,0.0,0.3597122302158274,0.3597122302158274,0.0,0.0,1.7985611510791366,0.3597122302158274,6.474820143884892,0.0,0.0,0.0,0.0,0.0,0.0,0.0,0.0,0.0,0.0,0.0,0.0,0.0,0.0,0.0,0.0,0.0,0.0
AdviceAnimals,0.0,0.0,0.0,0.0,0.0,0.0,0.0,0.0,0.0,0.0,0.0,2.9069767441860463,0.0,4.651162790697675,0.0,0.5813953488372093,0.0,0.0,0.0,0.0,0.0,0.0,0.0,0.0,0.0,0.0,0.0,0.0,0.0,0.0,0.0,0.0
AdviceAnimals,0.0,0.0,0.0,0.0,0.0,0.0,0.0,0.0,0.0,0.0,0.0,5.319148936170213,0.0,6.382978723404255,0.0,0.0,0.0,0.0,0.0,0.0,0.0,0.0,0.0,0.0,0.0,0.0,0.0,0.0,0.0,0.0,0.0,0.0
AdviceAnimals,0.0,0.0,0.0,0.0,0.0,0.0,0.0,0.0,0.0,0.0,0.0,8.791208791208792,0.0,5.4945054945054945,0.0,0.0,0.0,0.0,0.0,0.0,0.0,0.0,0.0,0.0,0.0,0.0,0.0,0.0,0.0,0.0,0.0,0.0
AdviceAnimals,0.11947431302270012,0.0,0.0,0.0,0.0,0.0,0.0,0.35842293906810035,0.5973715651135006,0.0,0.0,5.615292712066906,0.0,4.4205495818399045,0.0,0.23894862604540024,0.0,0.0,0.0,0.0,0.23894862604540024,0.0,0.0,0.0,0.0,0.0,0.0,0.0,0.0,0.0,0.0,0.0
AdviceAnimals,0.0,0.0,0.0,0.0,0.0,0.0,0.0,1.7857142857142856,1.7857142857142856,0.0,0.0,6.071428571428571,0.0,5.0,0.0,0.0,0.0,0.0,0.0,0.0,0.0,0.0,0.0,0.0,0.0,0.0,0.0,0.0,0.0,0.0,0.0,0.0
todayilearned,0.0,0.0,0.0,0.0,0.0,0.0,0.0,3.205128205128205,2.564102564102564,0.0,0.0,3.8461538461538463,0.0,3.205128205128205,0.0,0.0,0.641025641025641,0.0,0.0,0.0,0.0,0.0,0.641025641025641,0.0,0.641025641025641,0.0,0.0,0.0,0.0,0.0,0.0,0.0
todayilearned,1.550387596899225,0.0,0.0,0.0,0.0,0.0,0.0,0.0,0.0,0.0,0.0,3.875968992248062,0.0,2.3255813953488373,0.0,0.0,0.0,0.0,0.0,0.0,0.0,0.0,0.0,0.0,0.0,0.0,0.0,0.0,0.0,0.0,0.0,0.0
todayilearned,0.0,0.0,0.0,0.0,0.0,0.0,0.0,1.0752688172043012,1.0752688172043012,0.0,0.0,3.225806451612903,0.0,3.225806451612903,0.0,0.0,0.0,0.0,0.0,0.0,0.0,0.0,0.0,0.0,0.0,0.0,0.0,0.0,0.0,0.0,0.0,0.0
pics,0.0,0.0,0.0,0.0,0.0,0.0,0.0,0.0,0.0,0.0,0.0,1.2738853503184715,0.0,5.095541401273886,0.0,0.0,0.0,0.0,0.0,0.0,0.0,0.0,0.0,0.0,0.0,0.0,0.0,0.0,0.0,0.0,0.0,0.0
gaming,0.0,0.0,0.0,0.0,0.0,0.0,0.0,2.054794520547945,2.054794520547945,0.0,0.0,3.4246575342465753,0.0,7.534246575342466,0.0,0.0,0.0,0.0,0.0,0.0,0.0,0.0,0.0,0.0,0.0,0.0,0.0,0.0,0.0,0.0,0.0,0.0
explainlikeimfive,0.0,0.0,0.0,0.0,0.0,0.0,0.0,0.0,0.0,0.0,0.0,5.813953488372093,0.0,5.813953488372093,0.0,0.0,0.0,0.0,0.0,0.0,0.0,0.0,0.0,0.0,0.0,0.0,0.0,0.0,0.0,0.0,0.0,0.0
AdviceAnimals,0.0,0.0,0.0,0.0,0.0,0.0,0.0,0.0,0.0,0.0,0.0,1.9230769230769231,0.0,5.769230769230769,0.0,0.0,1.9230769230769231,0.0,0.0,0.0,0.0,0.0,0.0,0.0,0.0,0.0,0.0,0.0,0.0,0.0,0.0,0.0
AdviceAnimals,0.0,0.0,0.0,0.0,0.0,0.0,0.0,0.0,0.0,0.0,0.0,4.3478260869565215,0.0,2.1739130434782608,0.0,0.0,0.0,0.0,0.0,0.0,0.0,0.0,0.0,0.0,0.0,0.0,0.0,0.0,0.0,0.0,0.0,0.0
atheism,0.0,0.0,0.0,0.0,0.0,0.0,0.0,1.6901408450704223,1.6901408450704223,0.0,0.0,7.605633802816901,0.0,4.225352112676056,0.0,0.5633802816901409,0.8450704225352111,0.0,0.0,0.0,0.5633802816901409,0.0,0.0,0.0,0.0,0.0,0.0,0.0,0.0,0.0,0.0,0.0
funny,0.0,0.0,0.0,0.0,0.0,0.0,0.0,0.0,0.0,0.0,0.0,7.228915662650602,0.0,6.024096385542169,0.0,0.0,0.0,0.0,0.0,0.0,1.2048192771084338,0.0,0.0,0.0,0.0,0.0,0.0,0.0,0.0,0.0,0.0,0.0
leagueoflegends,0.0,0.0,0.0,0.0,0.0,0.0,0.0,1.282051282051282,1.282051282051282,0.0,0.0,6.41025641025641,1.282051282051282,3.8461538461538463,0.0,0.0,0.0,0.0,0.0,0.0,0.0,0.0,0.0,0.0,0.0,0.0,0.0,0.0,0.0,0.0,0.0,0.0
funny,0.0,0.0,0.0,0.0,0.0,0.0,0.0,0.546448087431694,0.546448087431694,1.092896174863388,0.0,3.825136612021858,1.092896174863388,3.278688524590164,0.0,0.0,0.0,0.0,0.0,0.0,0.546448087431694,0.0,0.0,0.0,0.0,0.0,0.0,0.0,0.0,0.0,0.0,0.0
funny,0.0,0.0,0.0,0.0,0.0,0.0,0.2949852507374631,0.8849557522123894,0.8849557522123894,0.0,0.0,6.489675516224189,0.0,5.3097345132743365,0.0,0.0,0.0,0.0,0.0,0.0,0.0,0.0,0.0,0.0,0.0,0.0,0.0,0.0,0.0,0.0,0.0,0.0
gaming,0.0,0.0,0.0,0.0,0.0,0.0,0.0,0.9009009009009009,0.9009009009009009,0.0,0.0,0.0,3.6036036036036037,0.9009009009009009,0.0,0.0,0.0,0.0,0.0,0.0,0.0,0.0,0.0,0.0,0.0,0.0,0.0,0.0,0.0,0.0,0.0,0.0
funny,0.0,0.0,0.0,0.0,0.0,0.0,0.0,0.0,0.0,0.0,0.0,3.389830508474576,0.0,1.694915254237288,0.0,0.0,0.0,0.0,0.0,0.0,0.0,0.0,0.0,0.0,0.0,0.0,0.0,0.0,0.0,0.0,0.0,0.0
funny,0.0,0.0,0.0,0.0,0.0,0.0,0.0,0.0,0.0,0.0,0.0,5.263157894736842,0.0,5.263157894736842,0.0,0.0,0.0,0.0,0.0,0.0,0.0,0.0,0.0,0.0,0.0,0.0,0.0,0.0,0.0,0.0,0.0,0.0
pics,0.0,0.0,0.0,0.0,0.0,0.0,0.0,0.0,0.0,0.0,0.0,4.294478527607362,0.0,4.294478527607362,0.0,0.6134969325153374,0.0,0.0,0.0,0.0,0.0,0.0,0.0,0.0,0.0,0.0,0.0,0.0,0.0,0.0,0.0,0.0
AdviceAnimals,0.0,0.0,0.0,0.0,0.0,0.0,0.0,1.6666666666666667,1.6666666666666667,0.0,0.0,5.0,0.0,8.333333333333332,0.0,0.0,0.0,0.0,0.0,0.0,0.0,0.0,0.0,0.0,0.0,0.0,0.0,0.0,0.0,0.0,0.0,0.0
AdviceAnimals,1.7543859649122806,0.0,0.0,0.0,0.0,0.0,0.0,2.1929824561403506,2.1929824561403506,0.0,0.0,3.508771929824561,0.0,3.508771929824561,0.0,0.0,0.0,0.0,0.0,0.0,1.7543859649122806,0.0,0.0,0.0,0.0,0.0,0.0,0.0,0.0,0.0,0.0,0.0
leagueoflegends,0.0,0.0,0.0,0.0,0.0,0.0,0.0,0.0,0.0,0.0,0.0,3.64741641337386,0.0,4.25531914893617,0.0,0.0,0.0,0.0,0.0,0.911854103343465,0.0,0.0,0.0,0.0,0.0,0.0,0.0,0.0,0.0,0.0,0.0,0.0
funny,0.0,0.0,0.0,0.0,0.0,0.0,0.0,0.0,0.0,0.0,0.0,5.982905982905983,0.0,9.401709401709402,0.0,0.8547008547008548,0.8547008547008548,0.0,0.0,0.0,0.0,0.0,0.0,0.0,0.0,0.0,0.0,0.0,0.0,0.0,0.0,0.0
explainlikeimfive,0.0,0.0,0.0,2.3636363636363638,0.9090909090909091,0.0,0.0,1.6363636363636365,1.6363636363636365,0.18181818181818182,0.0,4.181818181818182,0.18181818181818182,3.4545454545454546,0.0,0.0,0.0,0.0,0.18181818181818182,0.0,0.36363636363636365,0.0,0.0,0.0,0.0,0.0,0.0,0.0,0.0,0.0,0.0,0.0
AdviceAnimals,0.0,0.0,0.0,0.0,0.0,0.0,0.0,0.0,0.0,0.0,0.0,2.083333333333333,0.0,6.25,0.0,2.083333333333333,0.0,0.0,0.0,0.0,0.0,0.0,0.0,0.0,0.0,0.0,0.0,0.0,0.0,0.0,0.0,0.0
AdviceAnimals,0.0,0.0,0.0,0.0,0.0,0.0,0.0,0.0,0.0,0.0,0.0,0.0,0.0,3.571428571428571,0.0,0.0,0.0,0.0,0.0,0.0,0.8928571428571428,0.0,0.0,0.0,0.0,0.0,0.0,0.0,0.0,0.0,0.0,0.0
AdviceAnimals,0.0,0.0,0.0,0.0,0.0,0.0,0.0,0.5555555555555556,0.5555555555555556,0.0,0.0,5.555555555555555,0.0,3.888888888888889,0.0,0.0,0.0,0.0,0.0,0.0,0.5555555555555556,0.0,0.0,0.0,0.0,0.0,0.0,0.0,0.0,0.0,0.0,0.0
AdviceAnimals,0.0,0.0,0.0,0.0,0.0,0.0,0.0,0.0,0.0,0.0,0.0,3.508771929824561,0.0,3.508771929824561,0.0,0.5847953216374269,0.0,0.0,0.0,0.0,0.5847953216374269,0.0,0.0,0.0,0.0,0.0,0.0,0.0,0.0,0.0,0.0,0.0
AdviceAnimals,0.0,0.0,0.0,0.0,0.0,0.0,0.0,0.0,0.0,0.0,0.0,5.0,0.0,6.666666666666667,0.0,0.0,0.0,0.0,0.0,0.0,0.0,0.0,0.0,0.0,0.0,0.0,0.0,0.0,0.0,0.0,0.0,0.0
AdviceAnimals,0.0,0.0,0.0,0.0,0.0,1.7857142857142856,0.0,1.1904761904761905,1.1904761904761905,0.0,0.0,5.357142857142857,0.0,4.166666666666666,0.0,0.0,0.0,0.0,0.0,0.0,0.0,0.0,0.0,0.0,0.0,0.0,0.0,0.0,0.0,0.0,0.0,0.0
AdviceAnimals,0.0,0.0,0.0,0.0,0.0,0.0,0.0,0.7490636704119851,0.7490636704119851,0.0,0.0,4.119850187265917,0.0,4.868913857677903,0.0,0.0,0.0,0.0,0.0,0.0,0.37453183520599254,0.0,0.0,0.0,0.0,0.0,0.0,0.0,0.0,0.0,0.0,0.0
AdviceAnimals,0.0,0.0,0.0,0.0,0.0,0.0,0.0,0.0,0.0,0.0,0.0,1.36986301369863,1.36986301369863,4.10958904109589,0.0,0.0,0.0,0.0,0.0,0.0,0.0,0.0,0.0,0.0,0.0,0.0,0.0,0.0,0.0,0.0,0.0,0.0
pics,0.0,0.0,0.0,0.0,0.0,0.0,0.0,0.5291005291005291,0.5291005291005291,0.0,0.0,6.878306878306878,0.0,5.291005291005291,0.0,0.5291005291005291,0.0,0.0,0.0,0.0,0.0,0.0,0.0,0.0,0.0,0.0,0.0,0.0,0.0,0.0,0.0,0.0
funny,0.0,0.0,0.0,0.0,0.0,0.0,0.0,0.0,0.0,0.0,0.0,0.7936507936507936,0.0,4.761904761904762,0.0,0.0,0.0,0.0,0.0,0.0,0.0,0.0,0.0,0.0,0.0,0.0,0.0,0.0,0.0,0.0,0.0,0.0
funny,0.0,0.0,0.0,0.0,0.0,0.0,0.0,2.793296089385475,2.5139664804469275,0.0,0.0,10.614525139664805,0.0,3.6312849162011176,0.0,0.5586592178770949,0.0,0.0,0.0,0.0,0.0,0.0,0.0,0.0,0.0,0.0,0.0,0.0,0.27932960893854747,0.0,0.27932960893854747,0.0
explainlikeimfive,0.0,0.0,0.0,0.0,1.6,0.0,0.0,0.0,0.0,0.0,0.0,1.6,0.0,4.8,0.0,0.0,0.0,0.0,0.0,0.0,0.0,0.0,0.0,0.0,0.0,0.0,0.0,0.0,0.0,0.0,0.0,0.0
AdviceAnimals,0.0,0.0,0.0,0.0,0.0,0.0,0.0,0.6802721088435374,0.6802721088435374,0.0,0.0,3.4013605442176873,0.0,6.122448979591836,0.0,0.0,0.0,0.0,0.0,0.0,0.0,0.0,0.0,0.0,0.0,0.0,0.0,0.0,0.0,0.0,0.0,0.0
AdviceAnimals,0.0,0.0,0.0,0.0,0.0,0.0,0.0,0.0,0.0,0.0,0.0,3.6717062634989204,0.0,6.047516198704104,0.0,0.0,0.0,0.0,0.0,0.0,0.0,0.0,0.0,0.0,0.0,0.0,0.0,0.0,0.0,0.0,0.0,0.0
AdviceAnimals,0.0,0.0,0.0,0.0,0.0,0.0,0.0,1.680672268907563,1.680672268907563,0.0,0.0,2.941176470588235,0.0,6.302521008403361,0.0,0.0,0.0,0.0,0.0,0.0,0.0,0.0,0.0,0.0,0.0,0.0,0.0,0.0,0.0,0.0,0.0,0.0
gaming,0.0,0.0,0.0,0.0,0.0,0.0,0.0,0.8547008547008548,0.8547008547008548,0.0,0.0,5.128205128205128,0.0,4.700854700854701,0.0,0.0,0.0,0.0,0.0,0.0,0.0,0.0,0.0,0.0,0.0,0.0,0.0,0.0,0.0,0.0,0.0,0.0
explainlikeimfive,0.0,0.0,0.0,0.0,0.0,0.0,0.0,0.9345794392523363,0.9345794392523363,0.0,0.0,4.672897196261682,0.0,4.205607476635514,0.0,0.0,0.0,0.0,0.0,0.0,0.0,0.0,0.0,0.0,0.0,0.0,0.0,0.0,0.0,0.0,0.0,0.0
politics,0.0,0.0,0.0,0.0,0.0,0.0,0.0,0.0,0.0,0.0,0.0,5.769230769230769,0.0,5.769230769230769,0.0,0.0,0.0,0.0,0.0,0.0,0.0,0.0,0.0,0.0,0.0,0.0,0.0,0.0,0.0,0.0,0.0,0.0
gaming,0.0,0.0,0.0,0.0,0.0,0.0,0.0,0.0,0.0,0.0,0.0,0.0,0.0,5.357142857142857,0.0,0.0,0.0,0.0,0.0,0.0,0.0,0.0,0.0,0.0,0.0,0.0,0.0,0.0,0.0,0.0,0.0,0.0
gaming,0.0,0.0,0.0,0.0,0.5263157894736842,0.0,0.0,2.1052631578947367,2.1052631578947367,0.0,0.0,9.473684210526317,0.0,2.631578947368421,0.0,0.0,0.0,0.0,0.0,0.0,0.0,0.0,0.0,0.0,0.0,0.0,0.0,0.0,0.0,0.0,0.0,0.0
gaming,0.0,0.0,0.0,0.0,0.0,0.0,0.0,1.342281879194631,1.342281879194631,0.0,0.0,3.3557046979865772,0.0,3.3557046979865772,0.0,0.0,0.0,0.0,0.0,0.0,0.0,0.0,0.0,0.0,0.0,0.0,0.0,0.0,0.0,0.0,0.0,0.0
gaming,0.0,0.0,0.0,0.0,0.591715976331361,0.0,0.0,0.591715976331361,0.591715976331361,0.2958579881656805,0.0,7.6923076923076925,0.0,6.508875739644971,0.0,0.0,0.0,0.0,0.0,0.0,0.0,0.0,0.0,0.0,0.0,0.0,0.0,0.0,0.0,0.0,0.0,0.0
gaming,0.0,0.0,0.0,0.0,0.0,0.0,0.0,1.8867924528301887,1.8867924528301887,0.0,0.0,7.547169811320755,0.0,3.7735849056603774,0.0,0.0,0.0,0.0,0.0,0.0,0.0,0.0,0.0,0.0,0.0,0.0,0.0,0.0,0.0,0.0,0.0,0.0
gaming,0.0,0.0,0.0,0.0,0.0,0.0,0.0,0.0,0.0,0.0,0.0,7.766990291262135,0.0,4.854368932038835,0.0,0.0,0.0,0.0,0.0,0.0,0.0,0.0,0.0,0.0,0.0,0.0,0.0,0.0,0.0,0.0,0.0,0.0
funny,0.0,0.0,0.0,0.0,0.0,0.0,0.0,0.0,0.0,0.0,0.0,3.061224489795918,0.0,7.142857142857142,0.0,0.0,0.0,0.0,0.0,0.0,0.0,0.0,0.0,0.0,0.0,0.0,0.0,0.0,0.0,0.0,0.0,0.0
atheism,0.0,0.0,0.0,0.0,0.0,0.0,0.0,0.0,0.0,0.0,0.0,9.090909090909092,0.0,5.05050505050505,0.0,0.0,0.0,0.0,0.0,0.0,0.0,0.0,0.0,0.0,0.0,0.0,0.0,0.0,0.0,0.0,0.0,0.0
AdviceAnimals,0.0,0.0,0.0,0.0,0.0,0.0,1.5873015873015872,3.1746031746031744,0.0,0.0,0.0,3.1746031746031744,0.0,4.761904761904762,0.0,0.0,0.0,0.0,0.0,0.0,0.0,0.0,1.5873015873015872,0.0,1.5873015873015872,0.0,0.0,0.0,0.0,0.0,0.0,0.0
todayilearned,0.0,0.0,0.0,0.0,1.1363636363636365,0.0,0.0,0.0,0.0,0.0,0.0,9.090909090909092,0.0,5.681818181818182,2.272727272727273,0.0,0.0,0.0,0.0,0.0,0.0,0.0,0.0,0.0,0.0,0.0,0.0,0.0,0.0,0.0,0.0,0.0
todayilearned,0.0,0.0,0.0,0.0,0.0,0.0,0.0,0.8,0.8,0.0,0.0,0.0,0.8,2.4,0.0,0.0,0.0,0.0,0.0,0.0,0.0,0.0,0.0,0.0,0.0,0.0,0.0,0.0,0.0,0.0,0.0,0.0
explainlikeimfive,0.0,0.0,0.0,0.0,0.0,0.0,0.0,0.0,0.0,0.0,0.0,2.0408163265306123,0.0,4.081632653061225,0.0,0.0,0.0,0.0,0.0,0.0,0.0,0.0,0.0,0.0,0.0,0.0,0.0,0.0,0.0,0.0,0.0,0.0
AdviceAnimals,0.0,0.0,0.0,0.0,0.0,0.0,0.0,0.0,0.0,0.0,0.0,5.142857142857142,0.0,0.0,0.0,0.0,0.0,0.0,0.0,0.0,1.7142857142857144,0.0,0.0,0.0,0.0,0.0,0.0,0.0,0.0,0.0,0.0,0.0
AdviceAnimals,0.0,0.0,0.0,0.0,0.0,0.0,0.0,0.0,0.0,0.0,0.0,9.051724137931034,0.0,4.741379310344827,0.0,0.0,0.0,0.0,0.0,0.0,0.43103448275862066,0.0,0.0,0.0,0.0,0.0,0.0,0.0,0.0,0.0,0.0,0.0
AdviceAnimals,0.0,0.0,0.0,0.0,0.0,0.0,0.0,1.7391304347826086,3.0434782608695654,0.0,0.0,9.130434782608695,0.0,5.6521739130434785,0.0,0.43478260869565216,0.0,0.0,0.0,0.0,0.43478260869565216,0.0,0.0,0.0,0.0,0.0,0.0,0.0,0.0,0.0,0.0,0.0
AdviceAnimals,0.0,0.0,0.0,0.0,0.0,0.0,0.0,0.9478672985781991,2.3696682464454977,0.0,0.0,7.109004739336493,0.0,6.161137440758294,0.0,0.47393364928909953,0.0,0.0,0.0,0.0,0.47393364928909953,0.0,0.0,0.0,0.0,0.0,0.0,0.0,0.0,0.0,0.0,0.0
AdviceAnimals,0.0,0.0,0.0,0.0,0.0,0.0,0.0,0.9478672985781991,2.3696682464454977,0.0,0.0,7.109004739336493,0.0,6.161137440758294,0.0,0.47393364928909953,0.0,0.0,0.0,0.0,0.47393364928909953,0.0,0.0,0.0,0.0,0.0,0.0,0.0,0.0,0.0,0.0,0.0
AdviceAnimals,0.0,0.0,0.0,0.0,0.0,0.0,0.0,0.0,0.0,0.0,0.0,0.0,0.0,2.5,0.0,0.0,0.0,0.0,0.0,0.0,0.0,0.0,0.0,0.0,0.0,0.0,0.0,0.0,0.0,0.0,0.0,0.0
gaming,0.0,0.0,0.0,0.0,0.7042253521126761,0.0,0.7042253521126761,0.7042253521126761,0.7042253521126761,0.0,0.0,2.8169014084507045,0.0,3.5211267605633805,0.0,0.0,0.0,0.0,0.0,0.0,0.0,0.0,0.0,0.0,0.0,0.0,0.0,0.0,0.0,0.0,0.0,0.0
gaming,0.0,0.0,0.0,0.0,0.0,0.0,0.0,0.6060606060606061,0.6060606060606061,0.0,0.0,1.8181818181818181,0.0,4.242424242424243,0.0,0.0,0.0,0.0,0.0,0.0,0.0,0.0,0.0,0.0,0.0,0.0,0.0,0.0,0.0,0.0,0.0,0.0
gaming,0.0,0.0,0.0,0.0,0.0,0.0,0.9615384615384616,0.0,0.0,0.0,0.0,1.9230769230769231,0.0,3.8461538461538463,0.0,0.0,0.0,0.0,0.0,0.0,0.0,0.0,0.0,0.0,0.0,0.0,0.0,0.0,0.0,0.0,0.0,0.0
funny,0.0,0.0,0.0,0.0,0.0,0.0,0.0,0.8130081300813009,0.8130081300813009,0.0,0.0,1.6260162601626018,0.0,5.691056910569105,0.0,0.0,0.0,0.0,0.0,0.0,0.0,0.0,0.0,0.0,0.0,0.0,0.0,0.0,0.0,0.0,0.0,0.0
funny,0.0,0.0,0.0,0.0,0.0,0.0,0.0,0.0,0.0,0.0,0.0,6.535947712418301,0.0,6.535947712418301,0.0,0.0,0.0,0.0,0.0,0.0,0.0,0.0,0.0,0.0,0.0,0.0,0.0,0.0,0.0,0.0,0.0,0.0
leagueoflegends,0.0,0.0,0.0,0.0,0.0,0.0,0.0,0.0,0.0,0.0,0.0,3.1578947368421053,0.0,5.263157894736842,0.0,0.0,0.0,0.0,0.0,0.0,0.0,0.0,0.0,0.0,0.0,0.0,0.0,0.0,0.0,0.0,0.0,0.0
AdviceAnimals,0.0,0.0,0.0,0.0,0.0,0.0,0.0,0.7462686567164178,0.7462686567164178,0.0,0.0,5.223880597014925,0.0,1.4925373134328357,0.0,0.0,0.0,0.0,0.0,0.0,2.9850746268656714,0.0,0.0,0.0,0.0,0.0,0.0,0.0,0.0,0.0,0.0,0.0
atheism,0.0,0.0,0.0,0.0,0.0,0.0,0.0,0.9302325581395349,0.9302325581395349,0.0,0.46511627906976744,3.255813953488372,0.0,5.116279069767442,0.0,0.0,0.0,0.0,0.0,0.0,0.0,0.0,0.0,0.0,0.0,0.0,0.0,0.0,0.0,0.0,0.0,0.0
explainlikeimfive,0.0,0.0,0.0,0.0,0.0,0.0,0.0,0.0,0.0,0.0,0.0,0.6514657980456027,0.0,4.88599348534202,0.0,0.32573289902280134,0.0,0.0,0.0,0.0,0.6514657980456027,0.0,0.0,0.0,0.0,0.0,0.0,0.0,0.0,0.0,0.0,0.0
gaming,0.0,0.0,0.0,0.0,0.0,0.0,0.5586592178770949,1.1173184357541899,1.1173184357541899,0.0,0.0,2.793296089385475,0.0,3.910614525139665,0.0,0.0,0.0,0.0,0.0,0.0,0.0,0.0,0.0,0.0,0.0,0.0,0.0,0.0,0.0,0.0,0.0,0.0
AdviceAnimals,0.0,0.0,0.0,0.0,0.0,0.0,0.0,1.1627906976744187,1.1627906976744187,0.0,0.0,8.13953488372093,0.0,5.813953488372093,0.0,0.0,0.0,0.0,0.0,0.0,0.0,0.0,0.0,0.0,0.0,0.0,0.0,0.0,0.0,0.0,0.0,0.0
funny,0.0,0.0,0.0,0.0,0.0,0.0,0.0,1.4388489208633095,1.4388489208633095,0.0,0.0,7.913669064748201,0.0,4.316546762589928,0.0,0.0,0.0,0.0,0.0,0.0,0.0,0.0,0.0,0.0,0.0,0.0,0.0,0.0,0.0,0.0,0.0,0.0
leagueoflegends,0.0,0.0,0.0,0.0,0.0,0.0,0.0,0.5514705882352942,0.5514705882352942,0.0,0.0,6.25,0.7352941176470588,5.514705882352941,0.0,0.0,0.0,0.0,0.0,0.0,0.3676470588235294,0.0,0.0,0.0,0.0,0.0,0.0,0.0,0.0,0.0,0.0,0.0
explainlikeimfive,0.0,0.0,0.0,0.0,0.0,0.0,0.0,0.0,0.0,0.0,0.0,8.080808080808081,0.0,5.05050505050505,0.0,0.0,0.0,0.0,0.0,0.0,0.0,0.0,0.0,0.0,0.0,0.0,0.0,0.0,0.0,0.0,0.0,0.0
AdviceAnimals,0.0,0.0,0.0,0.0,0.0,0.0,0.0,0.0,0.0,0.0,0.0,2.4691358024691357,0.0,6.172839506172839,0.0,0.0,0.0,0.0,0.0,0.0,1.2345679012345678,0.0,0.0,0.0,0.0,0.0,0.0,0.0,0.0,0.0,0.0,0.0
leagueoflegends,0.0,0.0,0.0,0.0,0.0,0.0,0.0,1.2903225806451613,1.2903225806451613,0.0,0.0,6.451612903225806,0.0,3.225806451612903,0.0,0.6451612903225806,0.0,0.0,0.0,0.0,0.0,0.0,0.6451612903225806,0.0,0.6451612903225806,0.0,0.0,0.0,0.0,0.0,0.0,0.0
leagueoflegends,0.0,0.0,0.0,0.0,0.0,0.0,0.0,0.0,0.0,0.0,0.0,2.097902097902098,0.0,4.195804195804196,0.0,0.0,0.0,0.0,0.0,0.0,0.0,0.0,0.0,0.0,0.0,0.0,0.0,0.0,0.0,0.0,0.0,0.0
AdviceAnimals,0.0,0.0,0.0,0.0,0.0,0.0,0.0,1.694915254237288,1.694915254237288,0.0,0.0,0.0,0.0,6.779661016949152,0.0,0.0,0.0,0.0,0.0,0.0,0.0,0.0,0.0,0.0,0.0,0.0,0.0,0.0,0.0,0.0,0.0,0.0
AdviceAnimals,0.0,0.0,0.0,0.0,0.0,0.0,0.5405405405405406,1.0810810810810811,1.0810810810810811,0.0,0.0,2.1621621621621623,0.0,4.324324324324325,0.0,0.0,0.0,0.0,0.0,0.0,0.0,0.0,0.5405405405405406,0.0,0.5405405405405406,0.0,0.0,0.0,0.0,0.0,0.0,0.0
funny,0.0,0.0,0.0,0.0,0.0,0.0,0.0,0.0,0.0,0.0,0.0,4.285714285714286,0.0,11.428571428571429,0.0,0.0,0.0,0.0,0.0,0.0,0.0,0.0,0.0,0.0,0.0,0.0,0.0,0.0,0.0,0.0,0.0,0.0
AdviceAnimals,0.19646365422396855,0.0,0.0,0.0,0.0,0.0,0.0,0.3929273084479371,0.3929273084479371,0.0,0.0,2.161100196463654,0.0,5.697445972495088,0.0,0.0,0.0,0.0,0.0,0.0,0.0,0.0,0.0,0.0,0.0,0.0,0.0,0.0,0.0,0.0,0.0,0.0
leagueoflegends,0.0,0.0,0.0,0.0,0.0,0.0,0.0,1.4492753623188406,1.4492753623188406,0.0,0.0,6.521739130434782,0.0,2.898550724637681,0.0,0.7246376811594203,0.0,0.0,0.0,0.0,0.0,0.0,0.0,0.0,0.0,0.0,0.0,0.0,0.0,0.0,0.0,0.0
AdviceAnimals,0.0,0.0,0.0,0.0,0.0,0.0,0.0,0.0,0.0,0.0,0.0,0.6896551724137931,0.0,2.7586206896551726,0.0,0.0,0.0,0.0,0.0,0.0,0.0,0.0,0.0,0.0,0.0,0.0,0.0,0.0,0.0,0.0,0.0,0.0
atheism,0.43478260869565216,0.0,0.0,0.0,0.0,0.0,0.0,0.43478260869565216,1.3043478260869565,0.0,0.0,3.91304347826087,0.0,6.956521739130435,0.0,0.8695652173913043,0.43478260869565216,0.0,0.0,0.43478260869565216,0.43478260869565216,0.0,0.0,0.0,0.0,0.0,0.0,0.0,0.0,0.0,0.0,0.0
AdviceAnimals,2.2222222222222223,0.0,0.0,0.0,0.0,0.0,0.0,0.7407407407407408,0.7407407407407408,0.0,0.0,8.88888888888889,0.7407407407407408,7.4074074074074066,0.0,0.0,0.0,0.0,0.0,0.0,0.0,0.0,0.0,0.0,0.0,0.0,0.0,0.0,0.0,0.0,0.0,0.0
AdviceAnimals,0.0,0.0,0.0,0.0,0.0,0.0,0.0,0.0,0.0,0.0,0.0,0.0,0.0,0.0,0.0,3.125,0.0,0.0,0.0,0.0,3.125,0.0,0.0,0.0,0.0,0.0,0.0,0.0,0.0,0.0,0.0,0.0
atheism,0.0,0.0,0.0,0.0,0.6191950464396285,0.0,0.0,0.6191950464396285,0.6191950464396285,0.0,0.0,4.953560371517028,0.30959752321981426,5.88235294117647,0.0,0.0,0.0,0.0,0.0,1.238390092879257,0.6191950464396285,0.0,0.0,0.0,0.0,0.0,0.0,0.0,0.0,0.0,0.0,0.0
AdviceAnimals,0.0,0.0,0.0,0.0,0.0,0.0,0.0,1.4285714285714286,1.4285714285714286,0.0,0.0,1.4285714285714286,0.0,2.857142857142857,0.0,0.0,0.0,0.0,0.0,0.0,0.0,0.0,0.0,0.0,0.0,0.0,0.0,0.0,0.0,0.0,0.0,0.0
explainlikeimfive,0.0,0.0,0.0,0.0,0.0,0.0,0.0,0.0,0.0,0.0,0.0,0.0,0.0,8.823529411764707,0.0,0.0,0.0,0.0,0.0,0.0,0.0,0.0,0.0,0.0,0.0,0.0,0.0,0.0,0.0,0.0,0.0,0.0
AdviceAnimals,0.0,0.0,0.0,0.0,0.0,0.0,0.0,0.0,0.0,0.0,0.0,0.7407407407407408,0.0,3.7037037037037033,0.0,0.0,0.0,0.0,0.0,0.0,0.0,0.0,0.0,0.0,0.0,0.0,0.0,0.0,0.0,0.0,0.0,0.0
explainlikeimfive,0.0,0.0,0.0,0.0,0.0,0.0,0.0,0.5970149253731344,0.5970149253731344,0.0,0.0,0.5970149253731344,5.3731343283582085,3.582089552238806,0.0,0.0,0.0,0.0,0.0,0.0,0.0,0.0,0.0,0.0,0.0,0.0,0.0,0.0,0.0,0.0,0.0,0.0
AdviceAnimals,0.0,0.0,0.0,0.0,0.0,0.0,0.0,0.0,0.0,0.0,0.0,3.75,0.0,5.0,0.0,0.0,0.0,0.0,0.0,0.0,0.0,0.0,0.0,0.0,0.0,0.0,0.0,0.0,0.0,0.0,0.0,0.0
AdviceAnimals,0.0,0.0,0.0,0.0,0.0,0.0,0.0,0.0,0.0,0.0,0.0,0.7352941176470588,0.0,4.411764705882353,0.0,0.7352941176470588,0.0,0.0,0.0,0.0,0.0,0.0,0.0,0.0,0.0,0.0,0.0,0.0,0.0,0.0,0.0,0.0
funny,0.0,0.0,0.0,0.4608294930875576,0.0,0.0,0.0,0.0,2.3041474654377883,0.0,0.0,0.4608294930875576,0.0,4.6082949308755765,0.0,0.0,0.0,0.0,0.0,0.0,0.0,0.0,0.0,0.0,0.0,0.0,0.0,0.0,0.0,0.0,0.0,0.0
explainlikeimfive,0.0,0.0,0.0,0.0,0.0,0.0,0.0,2.4096385542168677,2.4096385542168677,0.0,0.0,6.024096385542169,0.0,4.819277108433735,0.0,0.0,0.0,0.0,0.0,0.0,0.0,0.0,0.0,0.0,0.0,0.0,0.0,0.0,0.0,0.0,0.0,0.0
AdviceAnimals,0.0,0.0,0.0,0.0,0.0,0.0,0.0,1.6366612111292964,1.6366612111292964,0.0,0.0,3.436988543371522,0.32733224222585927,4.091653027823241,0.0,0.4909983633387889,1.1456628477905073,0.0,0.0,0.0,0.16366612111292964,0.0,0.0,0.0,0.0,0.0,0.0,0.0,0.0,0.0,0.0,0.0
pics,0.0,0.0,0.0,0.0,0.0,0.0,0.0,0.0,0.0,0.0,0.0,4.444444444444445,0.0,4.444444444444445,0.0,0.0,0.0,0.0,0.0,0.0,0.0,0.0,0.0,0.0,0.0,0.0,0.0,0.0,0.0,0.0,0.0,0.0
funny,0.0,0.0,0.0,0.0,0.0,0.0,0.0,0.0,2.083333333333333,0.0,0.0,12.5,0.0,5.208333333333334,0.0,3.125,0.0,0.0,0.0,0.0,0.0,0.0,0.0,0.0,0.0,0.0,0.0,0.0,0.0,0.0,0.0,0.0
explainlikeimfive,0.5649717514124294,0.0,0.0,0.0,0.0,0.0,0.0,2.2598870056497176,2.2598870056497176,0.0,0.0,8.47457627118644,0.0,4.519774011299435,1.1299435028248588,0.5649717514124294,0.0,0.0,0.0,0.0,0.5649717514124294,0.0,0.0,0.0,0.0,0.0,0.0,0.0,0.0,0.0,0.0,0.0
AdviceAnimals,0.0,0.0,0.0,0.0,0.0,0.0,0.0,0.38314176245210724,0.38314176245210724,0.0,0.0,4.21455938697318,0.38314176245210724,5.363984674329502,0.0,0.0,1.1494252873563218,0.0,0.0,0.0,0.0,0.0,0.0,0.0,0.0,0.0,0.0,0.0,0.0,0.0,0.0,0.0
atheism,0.0,0.0,0.0,0.0,0.0,0.0,0.0,0.0,0.0,0.0,0.0,6.25,0.0,5.729166666666666,0.0,0.0,0.0,0.0,0.0,0.0,0.0,0.0,0.0,0.0,0.0,0.0,0.0,0.0,0.0,0.0,0.0,0.0
AdviceAnimals,0.0,0.0,0.0,0.0,0.0,0.0,0.0,0.0,0.0,0.0,0.0,0.0,2.73972602739726,4.10958904109589,0.0,0.0,0.0,0.0,0.0,0.0,0.0,0.0,0.0,0.0,0.0,0.0,0.0,0.0,0.0,0.0,0.0,0.0
explainlikeimfive,0.0,0.0,0.0,0.0,0.0,0.0,0.0,0.0,0.0,0.0,0.0,3.614457831325301,0.0,6.024096385542169,0.0,0.0,0.0,0.0,0.0,0.0,0.0,0.0,0.0,0.0,0.0,0.0,0.0,0.0,0.0,0.0,0.0,0.0
funny,0.0,0.0,0.0,0.0,0.0,0.0,0.0,0.0,0.0,0.0,0.0,8.441558441558442,0.0,5.194805194805195,0.0,0.6493506493506493,0.6493506493506493,0.0,0.0,0.6493506493506493,0.0,0.0,0.0,0.0,0.0,0.0,0.0,0.0,0.0,0.0,0.0,0.0
funny,10.81081081081081,0.0,0.0,0.0,0.0,0.0,0.0,0.0,0.0,0.0,0.0,1.3513513513513513,0.0,1.3513513513513513,0.0,0.0,0.0,0.0,0.0,0.0,0.0,0.0,0.0,0.0,0.0,0.0,0.0,0.0,0.0,0.0,0.0,0.0
leagueoflegends,0.0,0.0,0.0,0.0,0.0,0.0,0.0,0.0,0.0,0.0,0.0,0.0,0.0,7.042253521126761,0.0,0.0,0.0,0.0,0.0,0.0,0.0,0.0,0.0,0.0,0.0,0.0,0.0,0.0,0.0,0.0,0.0,0.0
AdviceAnimals,0.0,0.0,0.0,0.0,0.0,0.0,0.0,0.0,0.0,0.0,0.0,9.433962264150944,0.0,4.716981132075472,0.0,0.9433962264150944,0.0,0.0,0.0,0.0,0.0,0.0,0.0,0.0,0.0,0.0,0.0,0.0,0.0,0.0,0.0,0.0
AdviceAnimals,0.0,0.0,0.0,0.0,0.0,0.0,0.0,0.0,0.0,0.0,0.0,5.161290322580645,0.0,5.806451612903226,0.0,0.0,0.0,0.0,0.0,0.0,0.0,0.0,0.0,0.0,0.0,0.0,0.0,0.0,0.0,0.0,0.0,0.0
AdviceAnimals,0.0,0.0,0.0,0.0,0.0,0.0,1.9230769230769231,0.0,0.0,0.0,0.0,5.769230769230769,0.0,2.8846153846153846,0.0,0.0,0.0,0.0,0.0,0.0,3.8461538461538463,0.0,0.0,0.0,0.0,0.0,0.0,0.0,0.0,0.0,0.0,0.0
AdviceAnimals,0.0,0.0,0.0,0.0,0.0,0.0,0.0,0.0,0.0,0.0,0.0,3.7914691943127963,0.0,5.687203791469194,0.0,0.0,0.0,0.0,0.0,0.0,0.47393364928909953,0.0,0.0,0.0,0.0,0.0,0.0,0.0,0.0,0.0,0.0,0.0
AdviceAnimals,0.0,0.0,0.0,0.0,0.0,0.0,0.0,0.4761904761904762,0.4761904761904762,0.0,0.0,0.9523809523809524,0.0,2.857142857142857,0.0,0.0,0.0,0.0,0.0,0.0,0.0,0.0,0.0,0.0,0.0,0.0,0.0,0.0,0.0,0.0,0.0,0.0
gaming,0.0,0.0,0.0,0.0,0.0,0.0,0.0,1.2903225806451613,1.2903225806451613,0.0,0.0,2.5806451612903225,0.0,3.870967741935484,0.0,0.6451612903225806,0.0,0.0,0.0,0.0,0.0,0.0,0.0,0.0,0.0,0.0,0.0,0.0,0.0,0.0,0.0,0.0
AdviceAnimals,0.0,0.0,0.0,0.0,0.0,0.0,0.0,1.8867924528301887,1.8867924528301887,0.0,0.0,7.547169811320755,0.0,5.660377358490567,0.0,0.0,0.0,0.0,0.0,0.0,0.0,0.0,0.0,0.0,0.0,0.0,0.0,0.0,0.0,0.0,0.0,0.0
AdviceAnimals,0.0,0.0,0.0,0.0,0.0,0.0,0.0,0.0,0.0,0.0,0.0,3.79746835443038,0.0,6.329113924050633,0.0,0.0,0.0,0.0,0.0,0.0,0.0,0.0,0.0,0.0,0.0,0.0,0.0,0.0,0.0,0.0,0.0,0.0
funny,0.0,0.0,0.0,0.0,0.0,0.0,0.0,0.0,0.0,0.0,0.0,6.25,0.0,4.166666666666666,0.0,0.0,0.0,0.0,0.0,0.0,0.0,0.0,0.0,0.0,0.0,0.0,0.0,0.0,0.0,0.0,0.0,0.0
funny,0.0,0.0,0.0,0.0,0.0,0.0,0.0,0.0,0.0,0.0,0.0,5.825242718446602,0.0,5.825242718446602,0.0,0.0,0.0,0.0,0.0,0.0,0.9708737864077669,0.0,0.0,0.0,0.0,0.0,0.0,0.0,0.0,0.0,0.0,0.0
explainlikeimfive,0.0,0.0,0.0,0.0,0.0,0.0,0.0,0.0,0.0,0.0,0.0,6.666666666666667,0.0,3.3333333333333335,0.0,0.0,0.0,0.0,0.0,0.0,3.3333333333333335,0.0,0.0,0.0,0.0,0.0,0.0,0.0,0.0,0.0,0.0,0.0
explainlikeimfive,0.0,0.0,0.0,0.0,0.0,0.0,0.0,1.098901098901099,1.098901098901099,0.0,0.0,3.296703296703297,0.0,6.593406593406594,0.0,0.0,0.0,0.0,0.0,0.0,0.0,0.0,0.0,0.0,0.0,0.0,0.0,0.0,0.0,0.0,0.0,0.0
explainlikeimfive,0.0,0.0,0.0,0.0,0.0,0.0,0.0,0.5988023952095809,0.5988023952095809,0.0,0.0,1.7964071856287425,0.0,4.790419161676647,0.0,0.0,0.0,0.0,0.0,0.0,0.0,0.0,0.0,0.0,0.0,0.0,0.0,0.0,0.0,0.0,0.0,0.0
explainlikeimfive,0.0,0.0,0.0,0.0,0.0,0.0,0.0,0.0,0.0,0.0,0.0,3.571428571428571,0.0,5.51948051948052,0.0,0.0,0.0,0.0,0.0,0.0,0.3246753246753247,0.0,0.0,0.0,0.0,0.0,0.0,0.0,0.0,0.0,0.0,0.0
explainlikeimfive,0.0,0.0,0.0,0.0,0.0,0.0,0.0,0.0,0.0,0.0,0.0,4.635761589403973,0.0,3.9735099337748347,0.0,0.0,0.0,0.0,0.0,0.0,0.0,0.0,0.0,0.0,0.0,0.0,0.0,0.0,0.0,0.0,0.0,0.0
explainlikeimfive,0.6072874493927125,0.0,0.0,0.0,0.0,0.0,0.0,0.4048582995951417,1.417004048582996,0.0,0.0,6.275303643724696,0.8097165991902834,2.42914979757085,0.0,0.20242914979757085,0.4048582995951417,0.0,0.0,0.0,0.0,0.0,0.0,0.0,0.0,0.0,0.0,0.0,0.0,0.0,0.0,0.0
explainlikeimfive,0.0,0.0,0.0,0.0,0.0,0.0,0.0,2.6785714285714284,2.6785714285714284,0.0,0.0,8.035714285714286,0.0,2.6785714285714284,0.0,0.0,0.0,0.0,0.0,0.0,0.8928571428571428,0.0,0.0,0.0,0.0,0.0,0.0,0.0,0.0,0.0,0.0,0.0
leagueoflegends,0.0,0.0,0.0,0.0,0.0,0.0,0.0,0.0,0.0,0.0,0.0,6.428571428571428,0.0,1.4285714285714286,0.0,0.0,5.0,0.0,0.0,0.0,0.0,0.0,0.0,0.0,0.0,0.0,0.0,0.0,0.0,0.0,0.0,0.0
todayilearned,0.0,0.0,0.0,0.0,0.0,0.0,0.0,2.0,2.0,0.0,0.0,4.0,0.0,2.0,0.0,0.0,0.0,0.0,0.0,0.0,0.0,0.0,0.0,0.0,0.0,0.0,0.0,0.0,0.0,0.0,0.0,0.0
explainlikeimfive,0.0,0.0,0.0,0.0,0.0,0.0,0.0,0.0,0.0,0.0,0.0,7.8125,0.0,6.25,0.0,0.0,0.0,0.0,0.0,0.0,0.0,0.0,0.0,0.0,0.0,0.0,0.0,0.0,0.0,0.0,0.0,0.0
pics,0.0,0.0,0.0,0.0,0.0,0.0,0.0,1.0526315789473684,1.0526315789473684,0.0,0.0,12.631578947368421,0.0,4.2105263157894735,0.0,0.0,0.0,0.0,0.0,0.0,1.0526315789473684,0.0,0.0,0.0,0.0,0.0,0.0,0.0,0.0,0.0,0.0,0.0
leagueoflegends,0.0,0.0,0.0,0.0,0.0,0.0,0.0,0.0,0.0,0.0,0.0,1.5625,0.0,6.25,0.0,0.0,0.0,0.0,0.0,0.0,0.0,0.0,0.0,0.0,0.0,0.0,0.0,0.0,0.0,0.0,0.0,0.0
leagueoflegends,0.0,0.0,0.0,0.0,0.0,0.0,0.0,0.0,0.0,0.0,0.0,2.5,0.0,6.25,0.0,0.0,0.0,0.0,0.0,0.0,0.0,0.0,0.0,0.0,0.0,0.0,0.0,0.0,0.0,0.0,0.0,0.0
funny,0.0,0.0,0.0,0.0,0.0,0.0,0.0,0.0,0.0,0.0,0.0,9.333333333333334,0.4444444444444444,3.111111111111111,0.0,0.0,0.0,0.0,0.0,0.0,0.4444444444444444,0.0,0.0,0.0,0.0,0.0,0.0,0.0,0.0,0.0,0.0,0.0
funny,0.0,0.0,0.0,0.0,0.0,0.0,0.0,0.6160164271047228,0.6160164271047228,0.0,0.0,2.6694045174537986,0.0,4.1067761806981515,0.0,0.0,0.0,0.0,0.0,0.0,0.20533880903490762,0.0,0.0,0.0,0.0,0.0,0.0,0.0,0.0,0.0,0.0,0.0
funny,0.0,0.0,0.0,0.0,0.0,0.0,0.0,1.0309278350515463,0.0,0.0,0.0,4.123711340206185,0.0,5.154639175257731,0.0,0.0,2.0618556701030926,0.0,0.0,0.0,0.0,0.0,1.0309278350515463,0.0,1.0309278350515463,0.0,0.0,0.0,0.0,0.0,0.0,0.0
funny,0.0,0.0,0.0,0.0,0.0,0.0,0.0,0.0,0.0,0.0,0.0,4.716981132075472,0.0,1.8867924528301887,0.0,0.0,0.0,0.0,0.0,0.0,0.0,0.0,0.0,0.0,0.0,0.0,0.0,0.0,0.0,0.0,0.0,0.0
funny,0.8797653958944283,0.0,0.0,0.0,0.0,0.0,0.0,0.2932551319648094,0.2932551319648094,0.0,0.0,3.225806451612903,0.0,3.812316715542522,0.0,0.8797653958944283,0.0,0.0,0.0,0.8797653958944283,0.5865102639296188,0.0,0.0,0.0,0.0,0.0,0.0,0.0,0.0,0.0,0.0,0.0
funny,0.0,0.0,0.0,0.0,0.0,0.0,1.694915254237288,0.0,0.0,0.0,0.0,4.23728813559322,1.694915254237288,5.084745762711865,0.0,0.0,0.0,0.0,0.0,0.0,0.847457627118644,0.0,0.0,0.0,0.0,0.0,0.0,0.0,0.0,0.0,0.0,0.0
funny,0.0,0.0,0.0,0.0,0.0,0.0,0.0,0.6451612903225806,1.935483870967742,0.0,0.0,1.2903225806451613,0.0,6.451612903225806,0.0,0.6451612903225806,0.0,0.0,0.0,0.0,0.0,0.0,0.0,0.0,0.0,0.0,0.0,0.0,0.0,0.0,0.0,0.0
funny,0.0,0.0,0.0,0.0,0.0,0.0,0.0,3.0837004405286343,2.2026431718061676,0.0,0.0,6.167400881057269,0.0,2.643171806167401,0.0,0.881057268722467,0.881057268722467,0.0,0.0,0.0,0.0,0.0,0.4405286343612335,0.0,0.4405286343612335,0.0,0.0,0.0,0.0,0.0,0.0,0.0
explainlikeimfive,0.0,0.0,0.0,0.0,0.0,0.0,0.0,0.0,0.0,0.0,0.0,5.769230769230769,0.0,5.769230769230769,0.0,0.0,0.0,0.0,0.0,0.0,0.0,0.0,0.0,0.0,0.0,0.0,0.0,0.0,0.0,0.0,0.0,0.0
explainlikeimfive,0.0,0.0,0.0,0.0,0.0,0.0,0.0,0.0,0.0,0.0,0.0,0.28169014084507044,0.0,5.633802816901409,0.0,0.28169014084507044,0.0,0.0,0.0,0.0,0.0,0.0,0.0,0.0,0.0,0.0,0.0,0.0,0.0,0.0,0.0,0.0
explainlikeimfive,0.11025358324145534,0.0,0.0,0.0,0.0,0.0,0.0,0.2205071664829107,0.2205071664829107,0.0,0.0,7.2767364939360535,0.2205071664829107,4.5203969128996695,0.0,0.11025358324145534,0.11025358324145534,0.0,0.0,0.0,0.11025358324145534,0.0,0.0,0.0,0.0,0.0,0.0,0.0,0.0,0.0,0.0,0.0
explainlikeimfive,0.0,0.0,0.0,0.0,0.0,0.0,0.0,0.3875968992248062,0.3875968992248062,0.0,0.0,4.651162790697675,0.0,5.038759689922481,0.0,0.0,0.0,0.0,0.0,0.0,0.0,0.0,0.0,0.0,0.0,0.0,0.0,0.0,0.0,0.0,0.0,0.0
explainlikeimfive,0.0,0.0,0.0,0.0,0.0,0.0,0.0,0.0,0.0,0.0,0.0,4.878048780487805,0.0,2.4390243902439024,0.0,0.0,0.0,0.0,0.0,0.0,0.0,0.0,0.0,0.0,0.0,0.0,0.0,0.0,0.0,0.0,0.0,0.0
explainlikeimfive,0.0,0.0,0.0,0.0,0.0,0.0,0.6825938566552902,0.0,0.0,0.0,0.0,4.778156996587031,0.0,5.802047781569966,0.0,0.0,0.0,0.0,0.0,0.0,0.0,0.0,0.0,0.0,0.0,0.0,0.0,0.0,0.0,0.0,0.0,0.0
explainlikeimfive,0.0,0.0,0.0,0.0,0.0,0.0,0.0,2.73972602739726,2.73972602739726,0.0,0.0,3.4246575342465753,0.0,2.73972602739726,0.0,0.0,0.0,0.0,0.0,0.0,0.684931506849315,0.0,0.0,0.0,0.0,0.0,0.0,0.0,0.0,0.0,0.0,0.0
explainlikeimfive,0.0,0.0,0.0,0.0,0.0,0.0,0.0,1.0389610389610389,1.2987012987012987,0.0,0.0,6.753246753246753,0.0,6.233766233766234,0.0,0.7792207792207793,0.0,0.0,0.2597402597402597,0.0,0.0,0.0,0.0,0.0,0.0,0.0,0.0,0.0,0.0,0.0,0.0,0.0
explainlikeimfive,0.0,0.0,0.0,0.0,0.0,0.0,0.0,2.380952380952381,2.380952380952381,0.0,0.0,6.349206349206349,0.0,3.1746031746031744,0.0,0.0,0.0,0.0,0.0,0.0,0.0,0.0,0.0,0.0,0.0,0.0,0.0,0.0,0.0,0.0,0.0,0.0
explainlikeimfive,0.0,0.0,0.0,0.0,0.0,0.0,0.6993006993006993,0.6993006993006993,0.6993006993006993,0.0,0.0,2.097902097902098,0.0,3.4965034965034967,0.0,0.0,0.0,0.0,0.0,0.0,0.0,0.0,0.0,0.0,0.0,0.0,0.0,0.0,0.0,0.0,0.0,0.0
explainlikeimfive,0.0,0.0,0.0,0.0,0.0,0.0,0.0,0.7434944237918215,0.7434944237918215,0.0,0.0,4.83271375464684,0.0,4.4609665427509295,0.0,0.0,0.37174721189591076,0.0,0.0,0.0,1.486988847583643,0.0,0.0,0.0,0.0,0.0,0.0,0.0,0.0,0.0,0.0,0.0
gaming,0.0,0.0,0.0,0.0,0.0,0.0,0.0,0.9900990099009901,0.9900990099009901,0.0,0.0,2.9702970297029703,0.0,4.9504950495049505,0.0,0.0,0.0,0.0,0.0,0.0,0.0,0.0,0.0,0.0,0.0,0.0,0.0,0.0,0.0,0.0,0.0,0.0
explainlikeimfive,0.0,0.0,0.0,0.0,0.0,0.0,0.0,0.0,0.0,0.0,0.0,3.056768558951965,0.0,3.9301310043668125,0.0,0.0,0.0,0.0,0.0,0.0,0.0,0.0,0.0,0.0,0.0,0.0,0.0,0.0,0.0,0.0,0.0,0.0
leagueoflegends,0.0,0.0,0.0,0.0,0.0,0.0,1.1111111111111112,1.1111111111111112,1.1111111111111112,0.0,0.0,5.555555555555555,0.0,2.2222222222222223,0.0,0.0,0.0,0.0,0.0,0.0,0.0,0.0,0.0,0.0,0.0,0.0,0.0,0.0,0.0,0.0,0.0,0.0
AdviceAnimals,0.8620689655172413,0.0,0.0,0.0,0.8620689655172413,0.0,0.0,1.7241379310344827,1.7241379310344827,0.0,0.0,3.4482758620689653,0.0,6.896551724137931,0.0,0.0,0.0,0.0,0.0,0.0,1.7241379310344827,0.0,0.0,0.0,0.0,0.0,0.0,0.0,0.0,0.0,0.0,0.0
atheism,0.0,0.0,0.0,0.0,0.0,0.0,0.0,0.0,0.0,0.0,0.0,2.1621621621621623,0.0,4.324324324324325,0.0,0.0,0.0,0.0,0.0,0.0,0.5405405405405406,0.0,0.0,0.0,0.0,0.0,0.0,0.0,0.0,0.0,0.0,0.0
AdviceAnimals,0.0,0.0,0.0,0.0,0.0,0.0,1.9047619047619049,3.8095238095238098,1.9047619047619049,1.9047619047619049,0.0,6.666666666666667,0.0,4.761904761904762,0.0,1.9047619047619049,0.0,0.0,0.0,0.0,0.0,0.0,3.8095238095238098,0.0,4.761904761904762,0.0,0.0,0.0,0.0,0.0,0.0,0.0
leagueoflegends,0.0,0.0,0.0,0.0,0.0,0.0,0.0,0.0,0.0,0.0,0.0,2.840909090909091,0.0,3.4090909090909087,0.0,0.0,0.0,0.0,0.0,0.0,0.0,0.0,0.0,0.0,0.0,0.0,0.0,0.0,0.0,0.0,0.0,0.0
explainlikeimfive,0.0,0.0,0.0,0.0,0.78125,0.0,0.0,0.0,0.0,0.0,0.0,2.34375,0.0,8.59375,0.0,0.0,0.0,0.0,0.0,0.0,0.0,0.0,0.0,0.0,0.0,0.0,0.0,0.0,0.0,0.0,0.0,0.0
atheism,0.0,0.0,0.0,0.0,0.0,0.0,0.0,0.0,0.0,0.0,0.0,3.4482758620689653,0.0,5.172413793103448,0.0,0.0,0.0,0.0,0.0,0.0,1.293103448275862,0.0,0.0,0.0,0.0,0.0,0.0,0.0,0.0,0.0,0.0,0.0
explainlikeimfive,0.0,0.0,0.9009009009009009,0.0,0.0,0.0,5.405405405405405,2.7027027027027026,2.7027027027027026,0.0,0.0,5.405405405405405,0.0,5.405405405405405,0.0,0.9009009009009009,0.0,0.0,0.0,0.0,0.0,0.0,0.0,0.0,0.0,0.0,0.0,0.0,0.0,0.0,0.0,0.0
leagueoflegends,0.0,0.0,0.0,0.0,0.0,0.0,0.0,0.0,0.0,0.0,0.0,8.588957055214724,0.0,4.9079754601226995,0.0,0.6134969325153374,0.0,0.0,0.0,0.0,0.0,0.0,0.0,0.0,0.0,0.0,0.0,0.0,0.0,0.0,0.0,0.0
atheism,0.0,0.0,0.0,0.0,0.0,0.0,1.0582010582010581,0.5291005291005291,0.5291005291005291,0.0,0.0,5.82010582010582,0.0,7.936507936507936,0.0,0.0,0.0,0.0,0.0,0.0,0.0,0.0,0.5291005291005291,0.0,0.5291005291005291,0.0,0.0,0.0,0.0,0.0,0.0,0.0
atheism,0.0,0.0,0.0,0.0,0.0,0.0,0.0,0.0,0.0,0.0,0.0,0.5434782608695652,0.0,4.3478260869565215,0.0,0.0,0.0,0.0,0.0,0.0,0.0,0.0,0.0,0.0,0.0,0.0,0.0,0.0,0.0,0.0,0.0,0.0
atheism,0.0,0.0,0.0,0.0,0.0,0.0,0.0,0.966183574879227,0.966183574879227,0.0,0.0,2.4154589371980677,0.4830917874396135,3.864734299516908,0.0,0.4830917874396135,0.0,0.0,0.0,0.0,0.0,0.0,0.0,0.0,0.0,0.0,0.0,0.0,0.0,0.0,0.0,0.0
atheism,0.0,0.0,0.0,0.0,0.0,0.0,0.0,0.0,0.0,0.0,0.0,1.4705882352941175,0.0,4.411764705882353,0.0,0.0,0.0,0.0,0.0,0.0,0.0,0.0,0.0,0.0,0.0,0.0,0.0,0.0,0.0,0.0,0.0,0.0
explainlikeimfive,0.0,0.0,0.0,0.0,0.0,0.0,0.0,6.25,0.0,0.0,0.0,6.25,0.0,0.0,0.0,0.0,0.0,0.0,0.0,0.0,0.0,0.0,6.25,0.0,6.25,0.0,0.0,0.0,0.0,0.0,0.0,0.0
AdviceAnimals,1.1363636363636365,0.0,2.6515151515151514,0.0,0.0,0.3787878787878788,0.0,0.3787878787878788,0.3787878787878788,0.0,0.0,4.166666666666666,0.0,6.8181818181818175,0.0,0.0,0.0,0.0,0.0,0.0,1.1363636363636365,0.0,0.0,0.0,0.0,0.0,0.0,0.0,0.0,0.0,0.0,0.0
leagueoflegends,0.0,0.0,0.0,0.0,0.0,0.0,0.0,0.0,0.0,0.0,0.0,3.896103896103896,0.0,4.545454545454546,0.0,0.0,0.0,0.0,0.0,0.0,0.0,0.0,0.0,0.0,0.0,0.0,0.0,0.0,0.0,0.0,0.0,0.0
todayilearned,0.0,0.0,0.0,0.0,0.0,0.0,0.0,0.0,0.0,0.0,0.0,2.4,0.0,9.6,0.0,0.0,0.0,0.0,0.0,0.0,1.2,0.0,0.0,0.0,0.0,0.0,0.0,0.0,0.0,0.0,0.0,0.0
funny,0.0,0.0,0.0,0.0,0.0,0.0,1.3888888888888888,0.0,0.0,0.0,0.0,2.7777777777777777,0.0,5.555555555555555,0.0,0.0,0.0,0.0,0.0,0.0,0.0,0.0,0.0,0.0,0.0,0.0,0.0,0.0,0.0,0.0,0.0,0.0
AdviceAnimals,0.0,0.0,0.0,0.0,0.0,0.0,0.0,0.0,0.0,0.0,0.0,4.651162790697675,0.0,4.651162790697675,0.0,0.0,0.0,0.0,0.0,0.0,0.0,0.0,0.0,0.0,0.0,0.0,0.0,0.0,0.0,0.0,0.0,0.0
gaming,0.0,0.0,0.0,0.0,0.0,0.0,0.0,0.0,0.0,0.0,0.0,12.5,0.0,0.0,0.0,0.0,0.0,0.0,0.0,0.0,12.5,0.0,0.0,0.0,0.0,0.0,0.0,0.0,0.0,0.0,0.0,0.0
funny,0.0,0.0,0.0,0.0,0.0,0.0,0.0,6.779661016949152,5.084745762711865,0.0,0.0,6.779661016949152,0.0,8.47457627118644,0.0,0.0,0.0,0.0,0.0,0.0,0.0,0.0,0.0,0.0,0.0,0.0,0.0,0.0,0.0,0.0,1.694915254237288,0.0
leagueoflegends,0.0,0.0,0.0,0.0,0.0,0.0,0.0,0.8771929824561403,0.8771929824561403,0.0,0.0,8.771929824561402,0.0,3.508771929824561,0.0,0.0,0.0,0.0,0.0,0.0,0.8771929824561403,0.0,0.0,0.0,0.0,0.0,0.0,0.0,0.0,0.0,0.0,0.0
leagueoflegends,0.0,0.0,0.0,0.0,0.0,0.0,0.0,0.0,0.0,0.0,0.0,2.73972602739726,0.0,6.8493150684931505,0.0,0.0,0.0,0.0,0.0,0.0,0.0,0.0,0.0,0.0,0.0,0.0,0.0,0.0,0.0,0.0,0.0,0.0
explainlikeimfive,0.0,0.0,0.0,0.0,0.0,0.0,0.0,0.78125,0.0,0.0,0.0,4.6875,0.0,4.6875,0.0,0.0,0.78125,0.0,0.0,0.78125,0.0,0.0,0.78125,0.0,0.78125,0.0,0.0,0.0,0.0,0.0,0.0,0.0
explainlikeimfive,0.0,0.0,0.0,0.0,0.0,0.0,0.0,0.0,0.0,0.0,0.0,3.278688524590164,0.0,6.557377049180328,0.0,0.0,0.0,0.0,0.0,0.0,0.0,0.0,0.0,0.0,0.0,0.0,0.0,0.0,0.0,0.0,0.0,0.0
AdviceAnimals,0.8547008547008548,0.0,0.0,0.0,0.0,0.0,0.0,0.8547008547008548,0.8547008547008548,0.0,0.0,6.837606837606838,0.0,9.401709401709402,0.0,0.0,0.0,0.0,0.0,0.0,0.0,0.0,0.0,0.0,0.0,0.0,0.0,0.0,0.0,0.0,0.0,0.0
AdviceAnimals,0.0,0.0,0.0,0.0,0.0,0.0,0.0,0.6369426751592357,0.6369426751592357,0.0,0.0,7.006369426751593,0.0,8.280254777070063,0.0,0.0,0.6369426751592357,0.0,0.0,0.0,0.0,0.0,0.0,0.0,0.0,0.0,0.0,0.0,0.0,0.0,0.0,0.0
politics,0.0,0.0,0.0,0.0,0.0,0.0,0.0,0.0,0.0,0.0,0.0,4.6875,0.0,4.6875,0.0,0.0,0.0,0.0,0.0,0.0,0.0,0.0,0.0,0.0,0.0,0.0,0.0,0.0,0.0,0.0,0.0,0.0
gaming,0.0,0.0,0.0,0.0,0.0,0.0,0.0,0.6756756756756757,0.6756756756756757,0.0,0.0,6.756756756756757,0.0,6.081081081081082,0.0,0.6756756756756757,0.0,0.0,0.0,0.0,0.0,0.0,0.0,0.0,0.0,0.0,0.0,0.0,0.0,0.0,0.0,0.0
funny,0.0,0.0,0.0,0.0,0.0,0.0,0.0,0.0,0.0,0.0,0.0,6.8493150684931505,0.0,5.47945205479452,0.0,0.0,0.0,0.0,0.0,1.36986301369863,0.0,0.0,0.0,0.0,0.0,0.0,0.0,0.0,0.0,0.0,0.0,0.0
leagueoflegends,0.0,0.0,0.0,0.0,0.0,0.0,0.0,0.0,0.0,0.0,0.0,2.7777777777777777,0.0,2.7777777777777777,0.0,2.7777777777777777,0.0,0.0,0.0,0.0,0.0,0.0,0.0,0.0,0.0,0.0,0.0,0.0,0.0,0.0,0.0,0.0
funny,0.0,0.0,0.0,0.0,0.0,0.0,0.0,0.0,0.0,0.0,0.0,1.3333333333333335,0.0,5.333333333333334,0.0,0.0,0.0,0.0,0.0,0.0,0.0,0.0,0.0,0.0,0.0,0.0,0.0,0.0,0.0,0.0,0.0,0.0
funny,0.0,0.0,0.0,0.0,0.0,0.0,0.0,0.975609756097561,0.975609756097561,0.0,0.0,8.780487804878048,0.0,3.902439024390244,0.0,0.0,0.0,0.0,0.0,0.0,0.0,0.0,0.0,0.0,0.0,0.0,0.0,0.0,0.0,0.0,0.0,0.0
funny,0.0,0.0,0.0,0.0,0.0,0.0,0.0,0.0,0.0,0.0,0.0,1.0416666666666665,0.0,6.25,0.0,0.0,0.0,0.0,0.0,0.0,0.0,0.0,0.0,0.0,0.0,0.0,0.0,0.0,0.0,0.0,0.0,0.0
funny,0.0,0.0,0.0,0.0,0.0,0.0,0.0,0.0,0.0,0.0,0.0,25.0,0.0,0.0,0.0,0.0,0.0,0.0,0.0,0.0,0.0,0.0,0.0,0.0,0.0,0.0,0.0,0.0,0.0,0.0,0.0,0.0
explainlikeimfive,0.0,0.0,0.0,0.0,0.0,0.0,0.0,0.0,0.0,0.0,0.0,7.894736842105263,0.0,5.263157894736842,0.0,0.0,0.0,0.0,0.0,0.0,0.0,0.0,0.0,0.0,0.0,0.0,0.0,0.0,0.0,0.0,0.0,0.0
funny,0.0,0.0,0.0,0.0,0.0,0.0,0.0,0.0,0.0,0.0,0.0,1.0638297872340425,0.0,6.382978723404255,0.0,0.0,0.0,0.0,0.0,0.0,0.0,0.0,0.0,0.0,0.0,0.0,0.0,0.0,0.0,0.0,0.0,0.0
funny,0.0,0.0,0.0,0.0,0.0,0.0,0.0,0.5847953216374269,0.5847953216374269,0.0,0.0,0.0,0.0,7.017543859649122,0.0,0.0,0.0,0.0,0.0,0.0,0.0,0.0,0.0,0.0,0.0,0.0,0.0,0.0,0.0,0.0,0.0,0.0
funny,0.0,0.0,0.0,0.0,0.0,0.0,0.0,0.0,0.0,0.0,0.0,9.090909090909092,0.0,5.454545454545454,0.0,0.0,0.0,0.0,0.0,0.0,0.0,0.0,0.0,0.0,0.0,0.0,0.0,0.0,0.0,0.0,0.0,0.0
pics,0.0,0.0,0.0,0.0,0.0,0.0,0.0,0.0,0.0,0.0,0.0,0.0,0.0,6.382978723404255,0.0,0.0,0.0,0.0,0.0,0.0,0.0,0.0,0.0,0.0,0.0,0.0,0.0,0.0,0.0,0.0,0.0,0.0
pics,0.0,0.0,0.0,0.0,0.0,0.0,0.0,0.0,0.0,0.0,0.0,0.0,0.0,10.0,0.0,0.0,0.0,0.0,0.0,0.0,0.0,0.0,0.0,0.0,0.0,0.0,0.0,0.0,0.0,0.0,0.0,0.0
pics,0.0,0.0,0.0,0.0,0.0,0.0,0.0,0.0,0.0,0.0,0.0,2.631578947368421,0.0,5.263157894736842,0.0,0.0,0.0,0.0,0.0,0.0,0.0,0.0,0.0,0.0,0.0,0.0,0.0,0.0,0.0,0.0,0.0,0.0
AdviceAnimals,0.4784688995215311,0.0,0.0,0.4784688995215311,0.0,0.9569377990430622,0.0,0.0,0.0,0.0,0.0,4.30622009569378,0.0,3.827751196172249,0.0,0.4784688995215311,0.0,0.0,0.0,0.0,0.0,0.0,0.0,0.0,0.0,0.0,0.0,0.0,0.0,0.0,0.0,0.0
AdviceAnimals,0.0,0.0,0.0,0.0,0.0,0.0,0.0,2.2222222222222223,2.2222222222222223,0.0,0.0,0.0,0.0,5.0,0.0,0.0,0.0,0.0,0.0,0.0,0.0,0.0,0.0,0.0,0.0,0.0,0.0,0.0,0.0,0.0,0.0,0.0
explainlikeimfive,0.0,0.0,0.0,0.0,0.0,0.0,0.45871559633027525,0.0,0.0,0.0,0.0,4.587155963302752,0.0,6.8807339449541285,0.0,0.0,0.0,0.0,0.0,0.0,0.0,0.0,0.0,0.0,0.0,0.0,0.0,0.0,0.0,0.0,0.0,0.0
funny,0.0,0.0,0.0,0.0,0.0,0.0,0.0,0.0,0.0,0.0,0.0,2.5,0.0,5.0,0.0,0.0,0.0,0.0,0.0,0.0,0.0,0.0,0.0,0.0,0.0,0.0,0.0,0.0,0.0,0.0,0.0,0.0
funny,0.0,0.0,0.0,0.0,0.0,0.0,0.0,0.398406374501992,0.398406374501992,0.0,0.13280212483399734,0.398406374501992,0.0,3.5856573705179287,0.0,0.0,0.0,0.0,0.0,0.0,0.0,0.0,0.0,0.0,0.0,0.0,0.0,0.0,0.0,0.0,0.0,0.0
AdviceAnimals,0.0,0.0,0.0,0.0,0.0,0.0,0.0,0.0,0.0,0.0,0.0,2.8301886792452833,0.0,7.547169811320755,0.0,0.0,0.0,0.0,0.0,0.0,0.0,0.0,0.0,0.0,0.0,0.0,0.0,0.0,0.0,0.0,0.0,0.0
gaming,0.0,0.0,0.0,0.0,0.6329113924050633,0.0,0.0,0.0,0.0,0.0,0.0,1.2658227848101267,0.0,8.860759493670885,0.0,0.0,0.0,0.0,0.0,0.0,0.0,0.0,0.0,0.0,0.0,0.0,0.0,0.0,0.0,0.0,0.0,0.0
gaming,0.0,0.0,0.0,0.0,0.0,0.0,0.0,0.0,0.0,0.0,0.0,4.651162790697675,0.0,4.651162790697675,0.0,2.3255813953488373,0.0,0.0,0.0,0.0,0.0,0.0,0.0,0.0,0.0,0.0,0.0,0.0,0.0,0.0,0.0,0.0
gaming,0.0,0.0,0.0,0.0,0.0,0.0,0.0,1.3333333333333335,1.3333333333333335,0.0,0.0,4.333333333333334,0.6666666666666667,4.333333333333334,0.0,0.0,0.33333333333333337,0.0,0.0,0.0,0.33333333333333337,0.0,0.0,0.0,0.0,0.0,0.0,0.0,0.0,0.0,0.0,0.0
gaming,0.42462845010615713,0.0,0.0,0.0,0.0,0.0,0.0,0.6369426751592357,0.6369426751592357,0.0,0.0,4.777070063694268,0.0,4.670912951167728,0.0,0.10615711252653928,0.0,0.0,0.0,0.0,0.0,0.0,0.0,0.0,0.0,0.0,0.0,0.0,0.0,0.0,0.0,0.0
politics,0.0,0.0,0.0,0.0,0.0,0.0,0.0,1.5625,0.0,0.0,0.0,3.125,0.0,1.5625,0.0,0.0,0.0,0.0,0.0,0.0,1.5625,0.0,1.5625,0.0,1.5625,0.0,0.0,0.0,0.0,0.0,0.0,0.0
politics,0.0,0.0,0.0,0.0,0.0,0.0,0.0,1.6304347826086956,1.6304347826086956,0.0,0.0,5.978260869565218,0.5434782608695652,4.3478260869565215,0.0,0.0,0.0,0.0,0.0,0.0,0.0,0.0,0.0,0.0,0.0,0.0,0.0,0.0,0.0,0.0,0.0,0.0
leagueoflegends,0.12285012285012285,0.0,0.0,0.0,0.0,0.0,0.0,0.85995085995086,0.85995085995086,0.0,0.0,6.019656019656019,0.0,5.159705159705159,0.0,0.0,0.0,0.0,0.0,0.36855036855036855,0.6142506142506142,0.0,0.0,0.0,0.0,0.0,0.0,0.0,0.0,0.0,0.0,0.0
funny,0.0,0.0,0.0,0.0,0.0,0.0,0.0,0.0,0.0,0.0,0.0,1.4925373134328357,0.0,5.970149253731343,0.0,0.0,1.4925373134328357,0.0,0.0,0.0,0.0,0.0,0.0,0.0,0.0,0.0,0.0,0.0,0.0,0.0,0.0,0.0
leagueoflegends,0.0,0.0,0.0,0.0,0.0,0.0,4.081632653061225,0.0,0.0,0.0,0.0,6.122448979591836,0.0,2.0408163265306123,0.0,0.0,0.0,0.0,0.0,0.0,0.0,0.0,0.0,0.0,0.0,0.0,0.0,0.0,0.0,0.0,0.0,0.0
funny,4.166666666666666,0.0,0.0,0.0,0.0,0.0,0.0,0.0,0.0,0.0,0.0,4.861111111111112,0.0,4.166666666666666,0.0,0.0,0.0,0.0,0.0,0.0,0.0,0.0,0.0,0.0,0.0,0.0,0.0,0.0,0.0,0.0,0.0,0.0
AdviceAnimals,0.0,0.0,0.0,0.0,0.0,0.0,0.0,0.0,0.0,0.0,0.0,6.0606060606060606,0.0,4.545454545454546,0.0,0.0,0.0,0.0,0.0,0.0,0.0,0.0,0.0,0.0,0.0,0.0,0.0,0.0,0.0,0.0,0.0,0.0
gaming,3.125,0.0,0.0,0.0,0.78125,0.0,0.0,0.0,0.0,0.0,0.0,2.34375,0.0,5.46875,0.0,0.0,0.78125,0.0,0.0,0.0,0.0,0.0,0.0,0.0,0.0,0.0,0.0,0.0,0.0,0.0,0.0,0.0
gaming,0.0,0.0,0.0,0.0,0.0,0.0,0.0,0.0,0.0,0.0,0.0,2.8169014084507045,0.0,8.450704225352112,0.0,0.0,0.0,0.0,0.0,0.0,0.0,0.0,0.0,0.0,0.0,0.0,0.0,0.0,0.0,0.0,0.0,0.0
leagueoflegends,0.0,0.0,0.0,0.0,0.3105590062111801,0.0,0.0,0.3105590062111801,0.3105590062111801,0.0,0.0,2.484472049689441,0.0,4.037267080745342,0.0,0.0,0.0,0.3105590062111801,0.0,0.0,1.8633540372670807,0.0,0.0,0.0,0.0,0.0,0.0,0.0,0.0,0.0,0.0,0.0
leagueoflegends,0.0,0.0,0.0,0.0,0.0,0.0,0.0,3.571428571428571,3.571428571428571,0.0,0.0,3.571428571428571,0.0,10.714285714285714,0.0,0.0,0.0,0.0,0.0,0.0,1.7857142857142856,0.0,0.0,0.0,0.0,0.0,0.0,0.0,0.0,0.0,0.0,0.0
leagueoflegends,0.0,0.0,0.0,0.0,0.0,0.0,0.0,0.0,0.0,0.0,0.0,2.2900763358778624,0.0,4.580152671755725,0.0,0.0,0.0,0.0,0.0,0.0,0.7633587786259541,0.0,0.0,0.0,0.0,0.0,0.0,0.0,0.0,0.0,0.0,0.0
leagueoflegends,0.0,0.0,0.0,0.0,0.0,0.0,0.0,0.0,0.0,0.0,0.0,2.127659574468085,0.0,4.964539007092199,0.0,0.0,0.0,0.0,0.0,0.0,0.7092198581560284,0.0,0.0,0.0,0.0,0.0,0.0,0.0,0.0,0.0,0.0,0.0
leagueoflegends,0.0,0.0,0.0,0.0,0.0,0.0,0.0,0.0,0.0,0.0,0.0,5.88235294117647,0.0,2.941176470588235,0.0,0.0,0.0,0.0,0.0,0.0,0.0,0.0,0.0,0.0,0.0,0.0,0.0,0.0,0.0,0.0,0.0,0.0
leagueoflegends,0.0,0.0,0.0,0.0,0.0,0.0,0.0,1.4705882352941175,0.7352941176470588,0.0,0.0,4.411764705882353,0.0,2.941176470588235,0.0,0.7352941176470588,0.0,0.0,0.0,0.0,0.0,0.0,0.0,0.0,0.0,0.0,0.0,0.0,0.0,0.0,0.0,0.0
explainlikeimfive,0.0,0.0,0.0,0.0,0.0,0.0,0.0,0.0,0.0,0.0,0.0,5.063291139240507,0.0,3.1645569620253164,0.0,0.0,0.0,0.0,0.0,0.0,0.0,0.0,0.0,0.0,0.0,0.0,0.0,0.0,0.0,0.0,0.0,0.0
gaming,0.0,0.0,0.0,0.0,0.0,0.0,0.0,1.2915129151291513,0.9225092250922509,0.0,0.0,6.273062730627306,0.0,5.350553505535055,0.0,0.0,0.0,0.0,0.0,0.0,0.5535055350553505,0.0,0.36900369003690037,0.0,0.36900369003690037,0.0,0.0,0.0,0.0,0.0,0.0,0.0
gaming,0.0,0.0,0.0,0.0,0.0,0.0,0.0,0.0,0.0,0.0,0.0,4.6875,0.0,5.729166666666666,0.0,0.0,0.0,0.0,0.0,0.0,0.5208333333333333,0.0,0.0,0.0,0.0,0.0,0.0,0.0,0.0,0.0,0.0,0.0
todayilearned,0.0,0.0,0.0,0.0,0.0,0.0,0.9803921568627451,0.9803921568627451,0.9803921568627451,0.0,0.0,1.9607843137254901,0.0,3.9215686274509802,0.0,0.0,0.0,0.0,0.0,0.0,0.9803921568627451,0.0,0.0,0.0,0.0,0.0,0.0,0.0,0.0,0.0,0.0,0.0
todayilearned,0.0,0.0,0.0,0.0,0.0,0.0,0.0,0.0,0.0,0.0,0.0,2.479338842975207,0.0,4.958677685950414,0.0,0.0,0.0,0.0,0.0,0.0,0.0,0.0,0.0,0.0,0.0,0.0,0.0,0.0,0.0,0.0,0.0,0.0
leagueoflegends,0.0,0.0,0.0,0.0,0.0,0.0,0.0,0.5747126436781609,0.0,0.0,0.0,5.172413793103448,0.0,5.747126436781609,0.0,0.0,0.0,0.0,0.0,0.0,0.0,0.0,0.0,0.0,0.0,0.0,0.0,0.0,0.0,0.0,0.0,0.0
pics,0.0,0.0,0.0,0.0,0.0,0.0,0.0,0.7194244604316548,0.7194244604316548,0.0,0.0,5.755395683453238,0.0,4.316546762589928,0.0,1.4388489208633095,0.0,0.0,0.0,0.0,0.7194244604316548,0.0,0.0,0.0,0.0,0.0,0.0,0.0,0.0,0.0,0.0,0.0
explainlikeimfive,0.0,0.0,0.0,0.0,0.0,0.0,0.0,1.006711409395973,0.6711409395973155,0.0,0.0,6.0402684563758395,0.16778523489932887,3.523489932885906,0.0,0.5033557046979865,0.16778523489932887,0.0,0.0,1.006711409395973,0.0,0.0,1.006711409395973,0.0,1.006711409395973,0.0,0.0,0.0,0.0,0.0,0.0,0.0
explainlikeimfive,0.0,0.0,0.0,0.0,0.0,0.0,0.5128205128205128,2.051282051282051,1.0256410256410255,0.0,0.0,2.051282051282051,0.0,6.666666666666667,0.0,0.0,0.0,0.0,0.0,0.0,0.0,0.0,1.0256410256410255,0.0,1.0256410256410255,0.0,0.0,0.0,0.0,0.0,0.0,0.0
funny,0.5361930294906166,0.0,0.0,0.0,0.0,0.0,0.0,0.2680965147453083,0.0,0.0,0.0,4.825737265415549,0.0,8.579088471849866,0.0,0.2680965147453083,0.0,0.0,0.0,0.0,0.2680965147453083,0.0,0.2680965147453083,0.0,0.2680965147453083,0.0,0.0,0.0,0.0,0.0,0.0,0.0
leagueoflegends,0.0,0.0,0.0,0.0,0.0,0.0,0.0,0.0,0.0,0.0,0.0,6.185567010309279,0.5154639175257731,7.216494845360824,0.0,0.0,0.0,0.0,0.0,0.0,0.5154639175257731,0.0,0.0,0.0,0.0,0.0,0.0,0.0,0.0,0.0,0.0,0.0
leagueoflegends,0.0,0.0,0.0,0.0,0.0,0.0,0.0,0.0,0.0,0.0,0.0,2.247191011235955,0.0,5.617977528089887,0.0,0.0,0.0,0.0,0.0,0.0,0.0,0.0,0.0,0.0,0.0,0.0,0.0,0.0,0.0,0.0,0.0,0.0
leagueoflegends,0.0,0.0,0.0,0.0,0.0,0.0,0.0,0.0,0.0,0.0,0.0,0.0,0.0,7.6923076923076925,0.0,0.0,0.0,0.0,0.0,0.0,0.0,0.0,0.0,0.0,0.0,0.0,0.0,0.0,0.0,0.0,0.0,0.0
leagueoflegends,0.0,0.0,0.0,0.0,0.0,0.0,0.0,0.0,0.0,0.0,0.0,5.47945205479452,0.0,2.73972602739726,0.0,1.36986301369863,0.0,0.0,0.0,0.0,3.1963470319634704,0.0,0.0,0.0,0.0,0.0,0.0,0.0,0.0,0.0,0.0,0.0
funny,0.0,0.0,0.0,0.0,0.0,0.0,0.0,0.0,0.0,0.0,0.0,0.0,0.0,4.166666666666666,0.0,0.0,0.0,0.0,0.0,0.0,0.0,0.0,0.0,0.0,0.0,0.0,0.0,0.0,0.0,0.0,0.0,0.0
leagueoflegends,0.0,0.0,0.0,0.0,0.0,0.0,0.48543689320388345,1.4563106796116505,1.9417475728155338,0.0,0.0,0.9708737864077669,0.0,4.854368932038835,0.0,0.9708737864077669,0.48543689320388345,0.0,0.0,0.0,0.0,0.0,0.0,0.0,0.0,0.0,0.0,0.0,0.0,0.0,0.0,0.0
leagueoflegends,0.0,0.0,0.0,0.0,3.79746835443038,0.0,0.0,0.0,0.0,0.0,0.0,1.2658227848101267,0.0,6.329113924050633,0.0,0.0,0.0,0.0,0.0,0.0,0.0,0.0,0.0,0.0,0.0,0.0,0.0,0.0,0.0,0.0,0.0,0.0
leagueoflegends,0.0,0.0,0.0,0.0,0.0,0.0,0.0,0.0,0.0,0.0,0.0,0.0,0.0,3.9603960396039604,0.0,0.0,0.0,0.0,0.0,0.0,0.0,0.0,0.0,0.0,0.0,0.0,0.0,0.0,0.0,0.0,0.0,0.0
leagueoflegends,0.0,0.0,0.0,0.0,0.0,0.0,0.0,0.0,0.0,0.0,0.0,4.149377593360995,0.0,3.7344398340248963,0.0,0.0,0.0,0.0,0.0,0.0,0.0,0.0,0.0,0.0,0.0,0.0,0.0,0.0,0.0,0.0,0.0,0.0
leagueoflegends,0.0,0.0,0.0,0.0,0.0,0.684931506849315,0.0,0.0,0.0,0.0,0.0,5.47945205479452,0.684931506849315,3.4246575342465753,0.0,0.0,0.0,0.0,0.0,0.0,0.684931506849315,0.0,0.0,0.0,0.0,0.0,0.0,0.0,0.0,0.0,0.0,0.0
funny,0.881057268722467,0.0,0.0,0.0,0.0,0.0,0.22026431718061676,0.6607929515418502,0.6607929515418502,0.0,0.0,2.8634361233480177,0.22026431718061676,5.506607929515418,0.0,0.22026431718061676,0.0,0.0,0.0,0.0,0.4405286343612335,0.0,0.0,0.0,0.0,0.4405286343612335,0.0,0.0,0.0,0.0,0.0,0.0
todayilearned,0.0,0.0,0.0,0.0,0.0,0.0,0.0,0.0,0.0,0.0,0.0,2.4096385542168677,0.0,4.819277108433735,0.0,0.0,0.0,0.0,0.0,0.0,0.0,0.0,0.0,0.0,0.0,0.0,0.0,0.0,0.0,0.0,0.0,0.0
todayilearned,0.0,0.0,0.0,0.0,0.0,0.0,0.0,0.0,0.0,0.0,0.0,8.130081300813007,0.0,7.317073170731707,0.0,0.0,0.0,0.0,0.0,0.0,0.0,0.0,0.0,0.0,0.0,0.0,0.0,0.0,0.0,0.0,0.0,0.0
todayilearned,0.0,0.0,0.0,0.0,0.0,0.0,0.0,0.0,0.0,0.0,0.0,5.555555555555555,0.0,5.555555555555555,0.0,0.0,0.0,0.0,0.0,0.0,0.0,0.0,0.0,0.0,0.0,0.0,0.0,0.0,0.0,0.0,0.0,0.0
AdviceAnimals,0.0,0.0,0.0,0.0,0.0,0.0,0.0,0.0,0.0,0.0,0.0,4.093567251461988,0.0,8.187134502923977,0.0,0.5847953216374269,0.0,0.0,0.0,0.0,0.0,0.0,0.0,0.0,0.0,0.0,0.0,0.0,0.0,0.0,0.0,0.0
AdviceAnimals,0.0,0.0,0.0,0.0,0.0,0.0,0.0,0.4878048780487805,0.4878048780487805,0.0,0.0,1.4634146341463417,0.0,1.951219512195122,0.0,0.0,0.0,0.0,0.0,0.0,0.4878048780487805,0.4878048780487805,0.0,0.0,0.0,0.0,0.0,0.0,0.0,0.0,0.0,0.0
funny,0.0,0.0,0.0,0.0,0.0,0.0,0.0,0.0,0.0,0.0,0.0,3.4482758620689653,0.0,5.172413793103448,0.0,0.0,0.0,0.0,0.0,0.8620689655172413,0.0,0.0,0.0,0.0,0.0,0.0,0.0,0.0,0.0,0.0,0.0,0.0
leagueoflegends,0.0,0.0,0.0,0.0,0.0,0.0,0.0,0.0,0.0,0.0,0.0,4.123711340206185,0.0,3.436426116838488,0.0,0.0,0.0,0.0,0.0,0.0,0.0,0.0,0.0,0.0,0.0,0.0,0.0,0.0,0.0,0.0,0.0,0.0
explainlikeimfive,0.0,0.0,0.0,0.0,0.0,0.0,0.0,2.380952380952381,2.380952380952381,0.0,0.0,2.380952380952381,2.380952380952381,4.761904761904762,0.0,0.0,0.0,0.0,0.0,0.0,0.0,0.0,0.0,0.0,0.0,0.0,0.0,0.0,0.0,0.0,0.0,0.0
AdviceAnimals,0.0,0.0,0.0,0.0,0.0,0.0,0.0,0.6993006993006993,0.6993006993006993,0.0,0.0,2.097902097902098,0.0,5.594405594405594,0.0,0.0,0.0,0.0,0.0,0.0,3.4965034965034967,0.0,0.0,0.0,0.0,0.0,0.0,0.0,0.0,0.0,0.0,0.0
leagueoflegends,0.0,0.0,0.0,0.0,0.0,0.0,0.0,0.0,0.0,0.0,0.0,2.18978102189781,0.0,4.37956204379562,0.0,0.0,0.0,0.0,0.0,0.0,0.0,0.0,0.0,0.0,0.0,0.0,0.0,0.0,0.0,0.0,0.0,0.0
gaming,0.0,0.0,0.0,0.0,0.0,0.0,0.0,0.0,0.0,0.0,0.0,3.508771929824561,0.0,3.508771929824561,0.0,0.0,0.0,0.0,0.0,0.0,0.0,0.0,0.0,0.0,0.0,0.0,0.0,0.0,0.0,0.0,0.0,0.0
AdviceAnimals,0.0,0.0,0.0,0.0,0.0,0.0,0.0,0.0,0.0,0.0,0.0,8.152173913043478,0.0,4.891304347826087,0.0,0.0,0.0,0.0,0.0,0.0,0.0,0.0,0.0,0.0,0.0,0.0,0.0,0.0,0.0,0.0,0.0,0.0
leagueoflegends,0.0,0.0,0.0,0.0,0.0,0.0,0.0,0.0,0.0,0.0,0.0,2.3952095808383236,0.0,3.592814371257485,0.0,0.0,0.0,0.0,0.0,0.0,0.0,0.0,0.0,0.0,0.0,0.0,0.0,0.0,0.0,0.0,0.0,0.0
leagueoflegends,0.0,0.0,0.0,0.0,0.0,0.0,0.0,0.0,0.0,0.0,0.0,6.763285024154589,0.0,8.212560386473431,0.0,0.4830917874396135,0.0,0.0,0.0,0.0,0.0,0.0,0.0,0.0,0.0,0.0,0.0,0.0,0.0,0.0,0.0,0.0
explainlikeimfive,0.0,0.0,0.0,0.0,0.5208333333333333,0.0,0.0,0.5208333333333333,0.5208333333333333,0.0,0.0,2.604166666666667,0.0,5.208333333333334,0.0,0.0,0.0,0.0,0.0,0.0,0.0,0.0,0.0,0.0,0.0,0.0,0.0,0.0,0.0,0.0,0.0,0.0
AdviceAnimals,0.0,0.0,0.0,0.0,0.0,0.5025125628140703,0.0,1.507537688442211,2.512562814070352,0.0,0.0,3.5175879396984926,0.0,4.522613065326634,0.0,1.0050251256281406,1.0050251256281406,0.0,0.0,0.5025125628140703,0.0,0.0,0.5025125628140703,0.0,0.5025125628140703,0.0,0.0,0.0,0.0,0.0,0.0,0.0
AdviceAnimals,0.5509641873278237,0.0,0.0,0.0,0.0,0.0,0.0,0.27548209366391185,0.27548209366391185,0.0,0.0,4.958677685950414,0.0,3.581267217630854,0.0,0.27548209366391185,0.0,0.0,0.0,0.0,0.27548209366391185,0.0,0.27548209366391185,0.0,0.27548209366391185,0.0,0.0,0.0,0.0,0.0,0.0,0.0
gaming,0.0,0.0,0.0,0.0,0.0,0.0,0.0,0.641025641025641,0.641025641025641,0.0,0.0,5.128205128205128,0.0,3.205128205128205,0.0,0.0,0.0,0.0,0.0,0.0,0.641025641025641,0.0,0.0,0.0,0.0,0.0,0.0,0.0,0.0,0.0,0.0,0.0
atheism,0.0,0.0,0.0,0.0,0.0,0.0,0.24449877750611246,0.4889975550122249,0.4889975550122249,0.0,0.0,4.156479217603912,0.0,5.134474327628362,0.0,0.0,0.0,0.0,0.0,0.0,0.0,0.0,0.0,0.0,0.0,0.0,0.0,0.0,0.0,0.0,0.0,0.0
explainlikeimfive,6.153846153846154,0.0,0.0,0.0,0.0,0.0,0.0,0.0,0.0,0.0,0.0,7.6923076923076925,0.0,1.5384615384615385,0.0,0.0,0.0,0.0,0.0,0.0,1.5384615384615385,0.0,0.0,0.0,0.0,0.0,0.0,0.0,0.0,0.0,0.0,0.0
leagueoflegends,0.0,0.0,0.0,0.0,0.0,0.0,0.0,1.9230769230769231,1.9230769230769231,0.0,0.0,1.9230769230769231,0.0,5.128205128205128,0.0,2.564102564102564,0.0,0.0,0.0,1.9230769230769231,0.0,0.0,0.0,0.0,0.0,0.0,0.0,0.0,0.0,0.0,0.0,0.0
funny,0.0,0.0,0.0,0.0,0.0,0.0,0.0,0.0,0.0,0.0,0.0,0.0,0.0,3.7037037037037033,0.0,0.0,0.0,0.0,0.0,0.0,0.0,0.0,0.0,0.0,0.0,0.0,0.0,0.0,0.0,0.0,0.0,0.0
explainlikeimfive,0.0,0.0,0.0,0.0,2.5,0.0,0.0,0.0,0.0,0.0,0.0,0.0,0.0,2.5,0.0,2.5,0.0,0.0,0.0,0.0,0.0,0.0,0.0,0.0,0.0,0.0,0.0,0.0,0.0,0.0,0.0,0.0
explainlikeimfive,0.0,0.0,0.0,0.0,0.0,0.0,0.0,0.9345794392523363,0.9345794392523363,0.0,0.0,3.7383177570093453,0.0,5.607476635514018,0.0,0.0,0.0,0.0,0.0,0.0,0.0,0.0,0.0,0.0,0.0,0.0,0.0,0.0,0.0,0.0,0.0,0.0
explainlikeimfive,0.0,0.0,0.0,0.0,5.607476635514018,0.0,0.0,0.0,0.0,0.0,0.0,5.607476635514018,0.0,8.411214953271028,0.0,0.0,0.0,0.0,0.0,0.0,0.0,0.0,0.0,0.0,0.0,0.0,0.0,0.0,0.0,0.0,0.0,0.0
explainlikeimfive,1.4336917562724014,0.0,0.0,0.0,1.4336917562724014,0.0,0.35842293906810035,2.867383512544803,2.867383512544803,0.0,0.0,4.301075268817205,0.0,5.017921146953405,0.35842293906810035,0.0,0.0,0.0,0.0,0.0,0.35842293906810035,0.0,0.0,0.0,0.0,0.0,0.0,0.0,0.0,0.0,0.0,0.0
explainlikeimfive,0.0,0.0,0.0,0.0,0.0,0.0,0.4784688995215311,1.4354066985645932,1.4354066985645932,0.0,0.0,8.133971291866029,0.0,4.30622009569378,0.0,0.0,0.0,0.0,0.0,0.0,0.4784688995215311,0.0,0.0,0.0,0.0,0.0,0.0,0.0,0.0,0.0,0.0,0.0
explainlikeimfive,0.0,0.0,0.0,0.0,0.0,0.0,0.0,1.0752688172043012,1.0752688172043012,0.0,0.0,5.376344086021505,0.0,2.1505376344086025,0.0,0.0,0.0,0.0,0.0,0.0,0.0,0.0,0.0,0.0,0.0,0.0,0.0,0.0,0.0,0.0,0.0,0.0
explainlikeimfive,0.0,0.0,0.0,0.0,0.0,0.0,0.0,0.0,0.0,0.0,0.0,2.2222222222222223,0.0,6.666666666666667,0.0,0.0,0.0,0.0,0.0,0.0,0.0,0.0,0.0,0.0,0.0,0.0,0.0,0.0,0.0,0.0,0.0,0.0
explainlikeimfive,1.2121212121212122,0.0,0.0,0.0,0.0,0.0,0.0,1.5151515151515151,1.5151515151515151,0.0,0.0,2.4242424242424243,0.0,4.242424242424243,0.0,0.9090909090909091,0.0,0.0,0.0,0.30303030303030304,0.9090909090909091,0.0,0.0,0.0,0.0,0.0,0.0,0.0,0.0,0.0,0.0,0.0
explainlikeimfive,0.0,0.0,0.0,0.0,0.0,0.0,0.0,2.1052631578947367,0.0,0.0,0.0,4.2105263157894735,0.0,6.315789473684211,0.0,0.0,0.0,0.0,0.0,0.0,0.0,0.0,1.0526315789473684,0.0,2.1052631578947367,0.0,0.0,0.0,0.0,0.0,0.0,0.0
explainlikeimfive,0.0,0.0,0.0,0.0,0.0,0.0,0.0,0.9174311926605505,0.9174311926605505,0.0,0.0,0.0,0.0,4.587155963302752,0.0,0.0,0.0,0.0,0.0,0.0,0.0,0.0,0.0,0.0,0.0,0.0,0.0,0.0,0.0,0.0,0.0,0.0
explainlikeimfive,0.0,0.0,0.0,0.0,0.6578947368421052,0.0,0.0,1.9736842105263157,0.6578947368421052,0.0,0.0,0.0,0.0,6.578947368421052,0.0,0.0,0.0,0.0,0.0,0.0,0.0,0.0,1.3157894736842104,0.0,1.3157894736842104,0.0,0.0,0.0,0.0,0.0,0.0,0.0
explainlikeimfive,0.0,0.0,0.0,0.0,3.474903474903475,0.0,0.0,1.5444015444015444,0.7722007722007722,0.0,0.0,3.474903474903475,0.0,3.861003861003861,0.0,3.861003861003861,0.0,0.0,0.0,0.0,0.0,0.0,0.7722007722007722,0.0,0.7722007722007722,0.0,0.0,0.0,0.0,0.0,0.0,0.0
explainlikeimfive,0.0,0.0,0.0,0.0,0.0,0.0,0.0,0.0,0.0,0.0,0.0,8.433734939759036,0.0,3.614457831325301,0.0,1.2048192771084338,0.0,0.0,0.0,0.0,0.0,0.0,0.0,0.0,0.0,0.0,0.0,0.0,0.0,0.0,0.0,0.0
explainlikeimfive,0.819672131147541,0.0,0.0,0.0,1.639344262295082,0.0,0.0,1.639344262295082,0.0,1.639344262295082,0.0,5.737704918032787,0.0,4.918032786885246,0.0,0.0,0.0,0.0,0.0,0.0,0.0,0.0,0.819672131147541,0.0,1.639344262295082,0.0,0.0,0.0,0.0,0.0,0.0,0.0
leagueoflegends,0.0,0.0,0.0,0.0,0.0,0.0,0.7575757575757576,0.0,0.0,0.0,0.0,4.545454545454546,0.7575757575757576,6.8181818181818175,0.0,1.5151515151515151,0.0,0.0,0.0,0.0,0.0,0.0,0.0,0.0,0.0,0.0,0.0,0.0,0.0,0.0,0.0,0.0
funny,0.0,0.0,0.0,0.0,0.0,0.0,0.0,0.0,0.0,0.0,0.0,0.0,0.0,12.5,0.0,0.0,0.0,0.0,0.0,0.0,0.0,0.0,0.0,0.0,0.0,0.0,0.0,0.0,0.0,0.0,0.0,0.0
atheism,0.0,0.0,0.0,0.0,0.0,0.0,0.0,0.9174311926605505,0.9174311926605505,0.0,0.0,2.7522935779816518,0.9174311926605505,4.587155963302752,0.0,3.669724770642202,0.0,0.0,0.0,0.0,0.0,0.0,0.0,0.0,0.0,0.0,0.0,0.0,0.0,0.0,0.0,0.0
atheism,0.0,0.0,0.0,0.0,0.0,0.0,0.0,0.7380073800738007,0.7380073800738007,0.0,0.0,5.904059040590406,0.0,4.428044280442804,0.0,0.0,0.0,0.0,0.0,0.0,0.7380073800738007,0.0,0.0,0.0,0.0,0.0,0.0,0.0,0.0,0.0,0.0,0.0
AdviceAnimals,0.0,0.0,0.0,0.0,0.0,0.0,0.0,2.0,2.0,0.0,0.0,11.5,0.0,4.0,0.0,0.0,0.0,0.0,0.0,0.0,0.0,0.0,0.5,0.0,0.5,0.0,0.0,0.0,0.0,0.0,0.0,0.0
politics,0.0,0.0,0.0,0.0,0.0,0.0,0.0,0.0,0.0,0.0,0.0,4.477611940298507,0.0,4.477611940298507,0.0,0.0,0.0,0.0,0.0,0.0,0.0,0.0,0.0,0.0,0.0,0.0,0.0,0.0,0.0,0.0,0.0,0.0
gaming,0.0,0.0,0.0,0.0,0.0,0.0,0.0,0.0,0.0,0.0,0.0,4.2105263157894735,0.0,3.1578947368421053,0.0,0.0,0.0,0.0,0.0,0.0,0.0,0.0,0.0,0.0,0.0,0.0,0.0,0.0,0.0,0.0,0.0,0.0
leagueoflegends,0.0,0.0,0.0,0.0,0.0,0.0,0.0,0.0,0.0,0.0,0.0,2.083333333333333,0.0,4.166666666666666,0.0,0.0,0.0,0.0,0.0,0.0,0.0,0.0,0.0,0.0,0.0,0.0,0.0,0.0,0.0,0.0,0.0,0.0
explainlikeimfive,0.0,0.0,0.0,0.0,0.0,0.0,0.0,0.7677543186180422,0.7677543186180422,0.0,0.0,4.798464491362764,0.19193857965451055,4.414587332053743,0.0,0.0,0.0,0.0,0.0,0.0,0.0,0.0,0.0,0.0,0.0,0.0,0.0,0.0,0.0,0.0,0.0,0.0
leagueoflegends,0.0,0.0,0.0,0.0,0.9803921568627451,0.0,0.0,1.9607843137254901,1.9607843137254901,0.0,0.0,4.901960784313726,0.0,5.88235294117647,0.0,0.9803921568627451,0.0,0.0,0.0,0.0,0.0,0.0,0.0,0.0,0.0,0.0,0.0,0.0,0.0,0.0,0.0,0.0
funny,0.0,0.0,0.0,0.0,0.0,0.0,0.0,0.0,0.0,0.0,0.0,4.430379746835443,0.0,5.69620253164557,0.0,0.0,0.0,0.0,0.0,0.0,0.0,0.0,0.0,0.0,0.0,0.0,0.0,0.0,0.0,0.0,0.0,0.0
pics,0.0,0.0,0.0,0.0,0.0,0.0,0.0,0.0,0.0,0.0,0.0,3.6363636363636362,0.0,7.2727272727272725,0.0,0.0,0.0,0.0,0.0,0.0,0.0,0.0,0.0,0.0,0.0,0.0,0.0,0.0,0.0,0.0,0.0,0.0
gaming,0.0,0.0,0.0,0.0,0.0,0.0,0.0,1.834862385321101,1.834862385321101,0.0,0.0,0.0,0.0,5.5045871559633035,0.0,0.0,0.0,0.0,0.0,0.0,0.0,0.0,0.0,0.0,0.0,0.0,0.0,0.0,0.0,0.0,0.0,0.0
explainlikeimfive,0.0,0.0,0.0,0.0,0.0,0.0,0.0,0.0,0.0,0.0,0.0,3.937007874015748,0.0,4.724409448818897,0.0,0.0,0.0,0.0,0.0,0.0,0.0,0.0,0.0,0.0,0.0,0.0,0.0,0.0,0.0,0.0,0.0,0.0
leagueoflegends,0.0,0.0,0.0,0.0,0.4032258064516129,0.0,0.0,0.4032258064516129,1.6129032258064515,0.0,0.0,4.838709677419355,0.0,3.6290322580645165,0.0,1.2096774193548387,0.0,0.0,0.0,0.0,0.4032258064516129,0.0,0.0,0.0,0.0,0.0,0.0,0.0,0.0,0.0,0.0,0.0
leagueoflegends,0.0,0.0,0.0,0.0,0.19083969465648853,0.0,0.0,0.38167938931297707,0.38167938931297707,0.0,0.0,0.9541984732824428,0.0,3.435114503816794,0.0,0.0,0.0,0.0,0.0,0.0,0.0,0.0,0.0,0.0,0.0,0.0,0.0,0.0,0.0,0.0,0.0,0.0
leagueoflegends,0.0,0.0,0.0,0.0,0.0,0.0,0.0,0.0,0.0,0.0,0.0,7.627118644067797,0.0,5.932203389830509,0.0,0.0,0.0,0.0,0.0,0.0,0.0,0.0,0.0,0.0,0.0,0.0,0.0,0.0,0.0,0.0,0.0,0.0
leagueoflegends,0.0,0.0,0.0,0.0,1.1494252873563218,0.0,0.0,0.0,0.0,0.0,0.0,8.045977011494253,0.0,4.597701149425287,0.0,0.0,0.0,0.0,0.0,0.0,1.1494252873563218,0.0,0.0,0.0,0.0,0.0,0.0,0.0,0.0,0.0,0.0,0.0
leagueoflegends,0.0,0.0,0.0,0.0,0.0,0.0,0.0,1.1627906976744187,1.1627906976744187,0.0,0.0,3.488372093023256,0.0,3.488372093023256,0.0,0.0,0.0,0.0,0.0,0.0,0.0,0.0,0.0,0.0,0.0,0.0,0.0,0.0,0.0,0.0,0.0,0.0
AdviceAnimals,0.7407407407407408,0.0,0.0,0.0,0.0,0.0,0.0,0.3703703703703704,0.3703703703703704,0.0,0.0,2.5925925925925926,0.0,4.074074074074074,0.0,0.0,0.0,0.0,0.0,0.0,0.0,0.0,0.0,0.0,0.0,0.0,0.0,0.0,0.0,0.0,0.0,0.0
explainlikeimfive,0.0,0.0,0.0,0.0,0.0,0.0,0.0,0.0,0.0,0.0,0.0,4.918032786885246,0.0,4.098360655737705,0.0,0.0,0.0,0.0,0.0,0.0,0.0,0.0,0.0,0.0,0.0,0.0,0.0,0.0,0.0,0.0,0.0,0.0
gaming,0.0,0.0,0.0,0.0,0.0,0.0,0.0,1.1111111111111112,0.0,0.0,0.0,2.2222222222222223,3.3333333333333335,3.3333333333333335,0.0,0.0,0.0,0.0,0.0,0.0,0.0,0.0,0.0,0.0,0.0,0.0,0.0,0.0,0.0,0.0,0.0,0.0
funny,0.0,0.0,0.0,0.0,0.0,0.0,0.0,0.0,0.0,0.0,0.0,2.2988505747126435,0.0,5.747126436781609,0.0,0.0,0.0,0.0,0.0,0.0,0.0,0.0,0.0,0.0,0.0,0.0,0.0,0.0,0.0,0.0,0.0,0.0
leagueoflegends,0.0,0.0,0.0,0.0,0.0,0.0,0.0,0.7633587786259541,0.7633587786259541,0.0,0.0,6.870229007633588,0.0,3.816793893129771,0.0,0.0,0.0,0.0,0.0,0.0,0.0,0.0,0.0,0.0,0.0,0.0,0.0,0.0,0.0,0.0,0.0,0.0
gaming,0.0,0.0,0.0,0.0,0.0,0.0,0.0,0.0,0.0,0.0,0.0,1.282051282051282,0.0,7.051282051282051,0.0,0.0,0.0,0.0,0.0,0.0,0.0,0.0,0.0,0.0,0.0,0.0,0.0,0.0,0.0,0.0,0.0,0.0
funny,0.0,0.0,0.0,0.0,0.0,0.0,0.0,0.0,0.0,0.0,0.0,3.896103896103896,0.0,6.493506493506493,0.0,0.0,0.0,0.0,0.0,0.0,0.6493506493506493,0.0,0.0,0.0,0.0,0.0,0.0,0.0,0.0,0.0,0.0,0.0
leagueoflegends,0.0,0.0,0.0,0.0,0.0,0.0,0.0,2.2222222222222223,2.2222222222222223,0.0,0.0,2.2222222222222223,0.0,0.0,0.0,0.0,0.0,0.0,0.0,0.0,0.0,0.0,0.0,0.0,0.0,0.0,0.0,0.0,0.0,0.0,0.0,0.0
atheism,0.0,0.0,0.0,0.0,0.0,0.0,0.0,3.8461538461538463,2.564102564102564,0.0,0.0,1.282051282051282,0.0,3.8461538461538463,0.0,0.0,0.0,0.0,0.0,0.0,0.0,0.0,0.0,0.0,0.0,0.0,0.0,0.0,0.0,0.0,0.0,0.0
atheism,1.3029315960912053,0.0,0.0,0.0,0.0,0.0,0.0,0.9771986970684038,0.9771986970684038,0.0,0.0,2.9315960912052117,1.6286644951140066,4.5602605863192185,0.0,0.0,0.0,0.0,0.0,0.0,0.0,0.0,0.0,0.0,0.0,0.0,0.0,0.0,0.0,0.0,0.0,0.0
leagueoflegends,0.0,0.0,0.0,0.0,0.0,0.0,0.0,0.8849557522123894,0.8849557522123894,0.0,0.0,9.734513274336283,0.0,0.8849557522123894,0.0,0.0,0.8849557522123894,0.0,0.0,0.0,0.8849557522123894,0.0,0.0,0.0,0.0,0.0,0.0,0.0,0.0,0.0,0.0,0.0
gaming,0.3472222222222222,0.0,0.0,0.0,0.0,0.0,0.0,1.7361111111111112,1.7361111111111112,0.0,0.0,5.902777777777778,0.0,4.861111111111112,0.0,0.6944444444444444,0.3472222222222222,0.0,0.0,0.0,0.6944444444444444,0.0,0.0,0.0,0.0,0.0,0.0,0.0,0.0,0.0,0.0,0.0
gaming,0.0,0.0,0.0,0.0,0.0,0.0,0.0,0.0,0.0,0.0,0.0,4.411764705882353,0.0,1.4705882352941175,0.0,0.0,0.0,0.0,0.0,0.0,0.0,0.0,0.0,0.0,0.0,0.0,0.0,0.0,0.0,0.0,0.0,0.0
explainlikeimfive,0.0,0.0,0.0,0.5714285714285714,1.1428571428571428,0.0,0.0,0.5714285714285714,0.5714285714285714,0.0,0.0,4.571428571428571,0.5714285714285714,4.0,0.0,0.5714285714285714,0.5714285714285714,0.0,0.0,0.0,0.0,0.0,0.0,0.0,0.0,0.0,0.0,0.0,0.0,0.0,0.0,0.0
atheism,0.0,0.0,0.0,0.0,0.0,0.0,0.5617977528089888,1.6853932584269662,1.6853932584269662,0.0,0.0,2.247191011235955,0.0,2.247191011235955,0.0,0.0,0.0,0.0,0.0,0.0,0.0,0.0,0.0,0.0,0.0,0.0,0.0,0.0,0.0,0.0,0.0,0.0
leagueoflegends,0.0,0.0,0.0,0.0,0.0,0.0,0.0,0.0,0.0,0.0,0.0,2.564102564102564,0.0,2.564102564102564,0.0,0.0,0.0,0.0,0.0,0.0,0.0,0.0,0.0,0.0,0.0,0.0,0.0,0.0,0.0,0.0,0.0,0.0
leagueoflegends,0.0,0.0,0.0,0.0,0.0,0.0,0.0,0.0,0.0,0.0,0.0,5.952380952380952,0.0,3.571428571428571,0.0,1.1904761904761905,0.0,0.0,0.0,0.0,0.0,0.0,0.0,0.0,0.0,0.0,0.0,0.0,0.0,0.0,0.0,0.0
leagueoflegends,0.0,0.0,0.0,0.0,0.0,0.0,0.0,0.0,0.0,0.0,0.0,8.333333333333332,0.0,5.555555555555555,0.0,0.0,0.0,0.0,0.0,0.0,0.0,0.0,0.0,0.0,0.0,0.0,0.0,0.0,0.0,0.0,0.0,0.0
explainlikeimfive,0.09487666034155598,0.0,0.0,0.0,0.09487666034155598,0.0,0.0,0.8538899430740038,0.9487666034155597,0.09487666034155598,0.0,3.6053130929791273,0.0,5.218216318785579,0.0,0.2846299810246679,0.0,0.0,0.09487666034155598,0.0,0.18975332068311196,0.0,0.09487666034155598,0.0,0.09487666034155598,0.0,0.0,0.0,0.0,0.0,0.0,0.0
explainlikeimfive,0.0,0.0,0.0,0.0,0.0,0.0,0.0,1.7751479289940828,1.7751479289940828,0.0,0.0,3.5502958579881656,0.0,1.183431952662722,0.0,0.0,0.591715976331361,0.0,0.0,0.0,0.0,0.0,0.0,0.0,0.0,0.0,0.0,0.0,0.0,0.0,0.0,0.0
explainlikeimfive,0.0,0.0,0.0,2.7777777777777777,0.0,0.0,0.0,2.7777777777777777,2.7777777777777777,0.0,0.0,2.7777777777777777,0.0,4.861111111111112,0.0,0.0,0.0,0.0,0.0,0.0,0.0,0.0,0.0,0.0,0.0,0.0,0.0,0.0,0.0,0.0,0.0,0.0
todayilearned,0.0,0.0,0.0,0.5988023952095809,0.0,0.0,0.0,0.5988023952095809,0.5988023952095809,0.0,0.0,3.592814371257485,0.0,5.389221556886228,0.0,0.0,0.0,0.0,0.0,0.0,0.0,0.0,0.0,0.0,0.0,0.0,0.0,0.0,0.0,0.0,0.0,0.0
AdviceAnimals,0.0,0.0,0.0,0.0,0.0,0.0,0.0,0.0,0.0,0.0,0.0,7.6923076923076925,0.0,9.615384615384617,0.0,0.0,0.0,0.0,0.0,0.0,0.0,0.0,0.0,0.0,0.0,0.0,0.0,0.0,0.0,0.0,0.0,0.0
AdviceAnimals,0.0,0.0,0.0,0.0,0.0,0.0,0.0,0.0,0.0,0.0,0.0,5.1020408163265305,0.0,3.061224489795918,0.0,0.0,0.0,0.0,0.0,0.0,0.0,0.0,0.0,0.0,0.0,0.0,0.0,0.0,0.0,0.0,0.0,0.0
leagueoflegends,0.0,0.0,0.0,0.0,0.0,0.0,0.0,0.0,1.36986301369863,0.0,0.0,6.8493150684931505,0.0,1.36986301369863,1.36986301369863,4.10958904109589,0.0,0.0,0.0,0.0,1.36986301369863,0.0,0.0,0.0,0.0,0.0,0.0,0.0,0.0,0.0,0.0,0.0
gaming,0.0,0.0,0.0,0.0,0.0,0.0,0.0,0.0,0.0,0.0,0.0,2.3529411764705883,0.0,5.88235294117647,0.0,0.0,0.0,0.0,0.0,0.0,0.0,0.0,0.0,0.0,0.0,0.0,0.0,0.0,0.0,0.0,0.0,0.0
funny,0.0,0.0,0.0,0.0,0.0,0.0,0.0,1.0869565217391304,1.0869565217391304,0.0,0.0,6.521739130434782,0.0,3.260869565217391,0.0,0.0,0.0,0.0,0.0,0.0,0.0,0.0,0.0,0.0,0.0,0.0,0.0,0.0,0.0,0.0,0.0,0.0
leagueoflegends,0.0,0.0,0.0,0.0,0.0,0.0,0.0,0.7518796992481203,0.7518796992481203,0.7518796992481203,0.0,5.263157894736842,0.0,8.270676691729323,0.0,0.0,0.0,0.0,0.0,0.0,0.0,0.0,0.0,0.0,0.0,0.0,0.0,0.0,0.0,0.0,0.0,0.0
funny,0.0,0.0,0.0,0.0,0.0,0.0,0.0,0.0,0.0,0.0,0.0,0.0,0.0,4.225352112676056,0.0,0.0,0.0,0.0,0.0,0.0,2.8169014084507045,0.0,0.0,0.0,0.0,0.0,0.0,0.0,0.0,0.0,0.0,0.0
todayilearned,0.0,0.0,0.0,0.0,0.0,0.0,0.0,0.8264462809917356,0.8264462809917356,0.0,0.0,4.958677685950414,0.8264462809917356,4.958677685950414,0.0,0.0,0.0,0.0,0.0,0.0,0.0,0.0,0.0,0.0,0.0,0.0,0.0,0.0,0.0,0.0,0.0,0.0
AdviceAnimals,0.0,0.0,0.0,0.0,0.0,0.0,0.0,0.0,0.0,0.0,0.0,4.132231404958678,0.0,3.3057851239669422,0.0,0.0,0.0,0.0,0.0,0.0,1.6528925619834711,0.0,0.0,0.0,0.0,0.0,0.0,0.0,0.0,0.0,0.0,0.0
todayilearned,0.0,0.0,0.0,0.0,0.0,0.0,0.0,0.0,0.0,0.0,0.0,3.125,0.0,6.25,0.0,0.0,0.0,0.0,0.0,0.0,0.0,0.0,0.0,0.0,0.0,0.0,0.0,0.0,0.0,0.0,0.0,0.0
explainlikeimfive,0.0,0.0,0.0,0.0,0.0,0.0,0.0,1.2048192771084338,1.2048192771084338,0.0,0.0,4.819277108433735,0.0,4.819277108433735,0.0,0.0,0.0,0.0,0.0,0.0,0.0,0.0,0.0,0.0,0.0,0.0,0.0,0.0,0.0,0.0,0.0,0.0
pics,0.0,0.0,0.0,0.0,0.0,0.0,0.0,1.3043478260869565,1.3043478260869565,0.0,0.0,5.6521739130434785,0.0,3.91304347826087,0.0,0.0,0.0,0.0,0.0,0.0,0.0,0.0,0.0,0.0,0.0,0.0,0.0,0.0,0.0,0.0,0.0,0.0
pics,0.0,0.0,0.0,0.0,0.0,0.0,0.0,0.0,0.0,0.0,0.0,0.0,0.0,4.761904761904762,0.0,0.0,0.0,0.0,0.0,0.0,4.761904761904762,0.0,0.0,0.0,0.0,0.0,0.0,0.0,0.0,0.0,0.0,0.0
explainlikeimfive,0.234192037470726,0.0,0.0,0.0,0.702576112412178,0.0,0.0,0.936768149882904,0.936768149882904,0.0,0.0,4.918032786885246,0.0,3.747072599531616,0.0,0.0,0.0,0.0,0.0,0.0,0.0,0.0,0.0,0.0,0.0,0.0,0.0,0.0,0.0,0.0,0.0,0.0
gaming,0.0,0.0,0.0,0.0,0.0,0.0,0.0,0.6993006993006993,0.6993006993006993,0.0,0.0,4.895104895104895,0.0,5.594405594405594,0.0,0.0,0.6993006993006993,0.0,0.0,0.0,0.6993006993006993,0.0,0.0,0.0,0.0,0.0,0.0,0.0,0.0,0.0,0.0,0.0
leagueoflegends,0.0,0.0,0.0,0.0,0.9433962264150944,0.0,0.0,0.0,0.0,0.0,0.0,0.0,0.0,5.660377358490567,0.0,0.0,0.0,0.0,0.0,0.0,0.0,0.0,0.0,0.0,0.0,0.0,0.0,0.0,0.0,0.0,0.0,0.0
leagueoflegends,0.0,0.0,0.0,0.0,0.0,0.0,0.0,0.0,0.0,0.0,0.0,5.084745762711865,0.0,5.084745762711865,0.0,0.0,0.0,0.0,0.0,0.0,0.0,0.0,0.0,0.0,0.0,0.0,0.0,0.0,0.0,0.0,0.0,0.0
leagueoflegends,0.0,0.0,0.0,0.0,0.0,0.0,0.0,0.0,0.0,0.0,0.0,0.0,0.0,0.0,0.0,0.0,0.0,0.0,0.0,0.0,0.0,0.0,0.0,0.0,0.0,0.0,0.0,0.0,0.0,0.0,0.0,0.0
funny,0.0,0.0,0.0,0.0,0.0,0.0,0.0,0.0,0.0,0.0,0.0,2.0,0.0,6.0,0.0,0.0,0.0,0.0,0.0,0.0,0.0,0.0,0.0,0.0,0.0,0.0,0.0,0.0,0.0,0.0,0.0,0.0
funny,0.0,0.0,0.0,0.0,0.6896551724137931,0.0,0.6896551724137931,0.6896551724137931,0.6896551724137931,0.0,0.0,0.6896551724137931,0.0,2.7586206896551726,0.0,0.0,1.3793103448275863,0.0,0.0,0.0,0.0,0.0,0.0,0.0,0.0,0.0,0.0,0.0,0.0,0.0,0.0,0.0
funny,0.0,0.0,0.0,0.0,0.0,0.0,0.0,2.380952380952381,2.380952380952381,0.0,0.0,3.1746031746031744,0.0,3.1746031746031744,0.0,1.5873015873015872,0.0,0.0,0.0,0.0,0.0,0.0,0.0,0.0,0.0,0.0,0.0,0.0,0.0,0.0,0.0,0.0
funny,0.0,0.0,0.0,0.0,0.0,0.0,0.0,0.0,0.0,0.0,0.0,5.0,0.0,7.5,0.0,0.0,0.0,0.0,0.0,0.0,0.0,0.0,0.0,0.0,0.0,0.0,0.0,0.0,0.0,0.0,0.0,0.0
explainlikeimfive,0.0,0.0,0.0,0.0,0.0,0.0,0.0,0.9090909090909091,1.3636363636363635,0.0,0.0,5.909090909090909,0.0,3.1818181818181817,0.0,0.9090909090909091,0.45454545454545453,0.0,0.0,0.0,0.45454545454545453,0.0,0.0,0.0,0.0,0.0,0.0,0.0,0.0,0.0,0.0,0.0
explainlikeimfive,0.0,0.0,0.0,0.0,0.0,0.0,0.0,0.8771929824561403,0.8771929824561403,0.0,0.0,0.0,0.0,6.140350877192982,0.0,0.0,0.0,0.0,0.0,0.0,0.0,0.0,0.0,0.0,0.0,0.0,0.0,0.0,0.0,0.0,0.0,0.0
explainlikeimfive,0.0,0.0,0.0,0.0,2.272727272727273,0.0,0.0,0.0,0.0,0.0,0.0,13.636363636363635,0.0,2.272727272727273,0.0,0.0,0.0,0.0,0.0,0.0,0.0,0.0,0.0,0.0,0.0,0.0,0.0,0.0,0.0,0.0,0.0,0.0
pics,0.0,0.0,0.0,0.0,0.0,0.0,0.0,0.0,0.0,0.0,0.0,5.82010582010582,0.0,5.291005291005291,0.0,0.0,0.0,0.0,0.0,0.0,0.0,0.0,0.0,0.0,0.0,0.0,0.0,0.0,0.0,0.0,0.0,0.0
pics,0.0,0.0,0.0,0.0,0.0,0.0,0.0,0.5714285714285714,0.5714285714285714,0.0,0.0,5.142857142857142,0.0,5.142857142857142,0.0,0.5714285714285714,0.0,0.0,0.0,0.0,0.0,0.0,0.0,0.0,0.0,0.0,0.0,0.0,0.0,0.0,0.0,0.0
explainlikeimfive,0.36231884057971014,0.0,0.0,0.0,0.0,0.0,0.7246376811594203,0.7246376811594203,0.7246376811594203,0.0,0.0,2.536231884057971,0.7246376811594203,3.985507246376811,0.0,0.36231884057971014,0.0,0.0,0.0,0.0,1.0869565217391304,0.0,0.0,0.0,0.0,0.0,0.0,0.0,0.0,0.0,0.0,0.0
todayilearned,0.0,0.0,0.0,0.0,1.4705882352941175,0.0,0.0,0.0,0.0,0.0,0.0,2.941176470588235,0.0,7.352941176470589,0.0,0.7352941176470588,0.7352941176470588,0.0,0.0,0.0,0.0,0.0,0.0,0.0,0.0,0.0,0.0,0.0,0.0,0.0,0.0,0.0
todayilearned,0.0,0.0,0.0,0.0,0.0,0.0,0.0,0.0,0.0,0.0,0.0,1.5873015873015872,0.0,3.1746031746031744,0.0,0.0,0.0,0.0,0.0,1.5873015873015872,0.0,0.0,0.0,0.0,0.0,0.0,0.0,0.0,0.0,0.0,0.0,0.0
pics,0.0,0.0,0.0,0.0,0.0,0.0,0.0,1.7241379310344827,1.7241379310344827,0.0,0.0,1.7241379310344827,0.0,1.7241379310344827,0.0,0.0,0.0,0.0,0.0,0.0,0.0,0.0,0.0,0.0,0.0,0.0,0.0,0.0,0.0,0.0,0.0,0.0
funny,0.0,0.0,0.0,0.0,0.0,0.0,0.0,0.5952380952380952,0.5952380952380952,0.0,0.0,8.928571428571429,0.0,5.357142857142857,0.0,0.0,0.0,0.0,0.0,0.0,0.0,0.0,0.0,0.0,0.0,0.0,0.0,0.0,0.0,0.0,0.0,0.0
funny,0.0,0.0,0.0,0.0,0.0,0.0,0.0,0.0,0.0,0.0,0.0,0.0,0.0,4.166666666666666,0.0,0.0,0.0,0.0,0.0,0.0,12.5,0.0,0.0,0.0,0.0,0.0,0.0,0.0,0.0,0.0,0.0,0.0
gaming,0.0,0.0,0.0,0.0,0.0,0.0,0.0,0.0,0.0,0.0,0.0,6.25,0.0,12.5,0.0,0.0,0.0,0.0,0.0,0.0,0.0,0.0,0.0,0.0,0.0,0.0,0.0,0.0,0.0,0.0,0.0,0.0
gaming,0.0,0.0,0.0,0.0,0.0,0.0,0.0,1.384083044982699,1.384083044982699,0.0,0.0,6.920415224913495,0.34602076124567477,2.768166089965398,0.0,0.0,0.0,0.0,0.0,0.0,0.6920415224913495,0.0,0.0,0.0,0.0,0.0,0.0,0.0,0.0,0.0,0.0,0.0
todayilearned,0.0,0.0,0.4098360655737705,0.0,0.0,0.0,0.0,4.098360655737705,3.6885245901639343,0.0,0.0,4.918032786885246,0.0,5.327868852459016,0.0,0.4098360655737705,0.0,0.4098360655737705,0.0,4.508196721311475,0.0,0.0,2.8688524590163933,0.0,2.8688524590163933,0.0,0.0,0.0,0.0,0.0,0.0,0.0
leagueoflegends,0.0,0.0,0.0,0.0,0.0,0.0,0.0,0.0,0.0,0.0,0.0,1.3157894736842104,0.0,5.263157894736842,0.0,0.0,0.0,0.0,0.0,0.0,2.631578947368421,0.0,0.0,0.0,0.0,0.0,0.0,0.0,0.0,0.0,0.0,0.0
explainlikeimfive,0.3676470588235294,0.0,0.0,0.0,0.0,0.0,0.3676470588235294,0.3676470588235294,0.3676470588235294,0.0,0.0,3.6764705882352944,0.3676470588235294,6.985294117647059,0.0,0.0,0.0,0.0,0.0,0.0,0.7352941176470588,0.0,0.0,0.0,0.0,0.0,0.0,0.0,0.0,0.0,0.0,0.0
pics,1.282051282051282,0.0,0.0,1.282051282051282,0.0,0.0,0.0,0.0,0.0,0.0,0.0,3.8461538461538463,0.0,6.41025641025641,0.0,0.641025641025641,0.0,0.0,0.0,0.0,0.0,0.0,0.0,0.0,0.0,0.0,0.0,0.0,0.0,0.0,0.0,0.0
AdviceAnimals,1.3333333333333335,0.0,0.0,0.0,0.0,0.0,0.0,0.0,0.0,0.0,0.0,2.666666666666667,0.0,4.0,0.0,0.0,0.0,0.0,0.0,0.0,0.0,0.0,0.0,0.0,0.0,0.0,0.0,0.0,0.0,0.0,0.0,0.0
leagueoflegends,0.0,0.0,0.0,0.0,0.0,0.0,0.0,0.0,0.0,0.0,0.0,0.7407407407407408,0.0,7.4074074074074066,0.0,0.0,0.0,0.0,0.0,0.0,0.0,0.0,0.0,0.0,0.0,0.0,0.0,0.0,0.0,0.0,0.0,0.0
leagueoflegends,0.8,0.0,0.0,0.0,0.0,0.0,0.0,0.0,0.0,0.0,0.0,0.0,0.8,3.2,0.0,0.0,0.0,0.0,0.0,0.0,0.0,0.0,0.0,0.0,0.0,0.0,0.0,0.0,0.0,0.0,0.0,0.0
AdviceAnimals,0.0,0.0,0.0,0.0,0.0,0.0,0.0,0.0,0.0,0.0,0.0,4.375,0.0,6.875000000000001,0.0,0.0,0.0,0.0,0.0,0.0,0.0,0.0,0.0,0.0,0.0,0.0,0.0,0.0,0.0,0.0,0.0,0.0
explainlikeimfive,0.0,0.0,0.0,0.0,0.0,0.0,0.0,1.3986013986013985,1.3986013986013985,0.0,0.0,1.3986013986013985,0.0,6.293706293706294,0.0,0.0,0.0,0.0,0.0,0.0,0.0,0.0,0.0,0.0,0.0,0.0,0.0,0.0,0.0,0.0,0.0,0.0
explainlikeimfive,0.0,0.0,0.0,0.0,0.0,0.0,0.0,2.547770700636943,2.229299363057325,0.0,0.0,2.547770700636943,0.0,5.414012738853503,0.0,0.0,0.0,0.0,0.0,0.0,0.0,0.0,0.0,0.0,0.0,0.0,0.0,0.0,0.0,0.0,0.0,0.0
explainlikeimfive,0.17452006980802792,0.0,0.0,0.0,0.0,0.0,0.0,1.2216404886561953,1.2216404886561953,0.0,0.0,2.094240837696335,0.17452006980802792,4.363001745200698,0.0,0.17452006980802792,0.0,0.0,0.0,1.3961605584642234,0.6980802792321117,0.0,0.17452006980802792,0.0,0.17452006980802792,0.0,0.0,0.0,0.0,0.0,0.0,0.0
AdviceAnimals,0.14104372355430184,0.0,0.0,0.0,0.0,0.0,0.2820874471086037,0.0,0.0,0.0,0.0,3.5260930888575457,0.0,5.6417489421720735,0.0,0.0,0.0,0.0,0.0,0.14104372355430184,0.0,0.0,0.0,0.0,0.0,0.0,0.0,0.0,0.0,0.0,0.0,0.0
AdviceAnimals,0.0,0.0,0.0,0.0,0.0,0.0,0.0,0.0,0.0,0.0,0.0,10.344827586206897,0.0,0.0,0.0,0.0,0.0,0.0,0.0,0.0,6.896551724137931,0.0,0.0,0.0,0.0,0.0,0.0,0.0,0.0,0.0,0.0,0.0
AdviceAnimals,0.0,0.0,0.0,0.0,0.0,0.0,0.0,0.27548209366391185,0.27548209366391185,0.0,0.0,4.958677685950414,0.0,2.7548209366391188,0.0,0.0,0.0,0.0,0.0,0.0,0.27548209366391185,0.0,0.0,0.0,0.0,0.0,0.0,0.0,0.0,0.0,0.0,0.0
AdviceAnimals,0.0,0.0,0.0,0.0,0.0,0.0,0.17857142857142858,0.17857142857142858,0.17857142857142858,0.0,0.0,5.0,1.25,4.107142857142857,0.17857142857142858,0.17857142857142858,0.17857142857142858,0.0,0.0,0.35714285714285715,0.17857142857142858,0.0,0.35714285714285715,0.0,0.35714285714285715,0.0,0.0,0.0,0.0,0.0,0.0,0.0
explainlikeimfive,0.0,0.0,0.0,0.0,0.0,0.0,0.0,2.4193548387096775,2.4193548387096775,0.0,0.0,7.258064516129033,0.0,6.451612903225806,0.0,0.0,0.0,0.0,0.0,0.0,0.0,0.0,0.0,0.0,0.0,0.0,0.0,0.0,0.0,0.0,0.0,0.0
funny,0.0,0.0,0.0,0.0,0.0,0.0,0.0,0.0,0.0,0.0,0.0,6.382978723404255,0.0,2.127659574468085,0.0,2.127659574468085,0.0,0.0,0.0,0.0,0.0,0.0,0.0,0.0,0.0,0.0,0.0,0.0,0.0,0.0,0.0,0.0
funny,1.7543859649122806,0.0,0.0,0.0,0.0,0.0,0.0,0.0,0.0,0.0,0.0,3.508771929824561,0.0,5.263157894736842,0.0,0.0,0.0,0.0,0.0,0.0,0.0,0.0,0.0,0.0,0.0,0.0,0.0,0.0,0.0,0.0,0.0,0.0
explainlikeimfive,0.0,0.0,0.0,0.0,0.0,0.0,0.0,0.4716981132075472,0.4716981132075472,0.0,0.0,4.245283018867925,0.0,4.716981132075472,0.0,0.0,0.0,0.0,0.0,0.0,0.0,0.0,0.0,0.0,0.0,0.0,0.0,0.0,0.0,0.0,0.0,0.0
todayilearned,0.0,0.0,0.0,0.0,0.0,0.0,0.0,0.0,0.0,0.0,0.0,9.558823529411764,0.0,5.88235294117647,0.0,0.0,0.0,0.0,0.0,0.0,0.0,0.0,0.0,0.0,0.0,0.0,0.0,0.0,0.0,0.0,0.0,0.0
explainlikeimfive,0.0,0.0,0.0,0.0,0.0,0.0,0.641025641025641,1.282051282051282,1.282051282051282,0.0,0.0,5.128205128205128,0.0,4.487179487179487,0.0,0.0,0.0,0.0,0.0,0.0,0.0,0.0,0.0,0.0,0.0,0.0,0.0,0.0,0.0,0.0,0.0,0.0
leagueoflegends,0.0,0.0,0.0,0.0,0.0,0.0,0.0,2.0408163265306123,1.0204081632653061,0.0,0.0,3.061224489795918,0.0,4.081632653061225,0.0,2.0408163265306123,1.0204081632653061,0.0,0.0,0.0,0.0,0.0,0.0,0.0,0.0,0.0,0.0,0.0,0.0,0.0,0.0,0.0
AdviceAnimals,0.0,0.0,0.0,0.0,0.0,0.0,0.9174311926605505,1.3761467889908259,1.3761467889908259,0.0,0.0,7.79816513761468,0.9174311926605505,3.669724770642202,0.0,0.0,0.0,0.0,0.0,0.0,0.0,0.0,0.0,0.0,0.0,0.0,0.0,0.0,0.0,0.0,0.0,0.0
AdviceAnimals,0.0,0.0,0.0,0.0,0.0,0.0,0.0,0.0,0.0,0.0,0.0,2.4096385542168677,0.0,7.228915662650602,0.0,0.0,0.0,0.0,0.0,0.0,0.0,0.0,0.0,0.0,0.0,0.0,0.0,0.0,0.0,0.0,0.0,0.0
explainlikeimfive,0.0,0.0,0.0,0.0,0.0,0.0,0.0,2.2222222222222223,2.2222222222222223,0.0,0.0,0.0,2.2222222222222223,4.444444444444445,0.0,0.0,0.0,0.0,0.0,0.0,0.0,0.0,0.0,0.0,0.0,0.0,0.0,0.0,0.0,0.0,0.0,0.0
explainlikeimfive,0.0,0.0,0.0,0.0,0.0,0.0,0.0,1.7857142857142856,1.7857142857142856,0.0,0.0,2.976190476190476,0.0,5.357142857142857,0.0,0.0,0.0,0.0,0.0,0.0,0.0,0.0,0.0,0.0,0.0,0.0,0.0,0.0,0.0,0.0,0.0,0.0
funny,0.0,0.0,0.0,0.0,0.0,0.0,0.0,0.4166666666666667,0.4166666666666667,0.0,0.0,6.458333333333334,0.0,3.3333333333333335,0.0,0.4166666666666667,0.0,0.0,0.0,0.0,0.0,0.0,0.0,0.0,0.0,0.0,0.0,0.0,0.0,0.0,0.0,0.0
todayilearned,0.0,0.0,0.0,0.0,0.0,0.1941747572815534,0.0,0.5825242718446602,0.1941747572815534,0.0,0.0,2.1359223300970873,0.0,2.524271844660194,0.0,0.0,0.0,0.0,0.0,0.0,1.3592233009708738,0.0,0.3883495145631068,0.0,0.3883495145631068,0.0,0.0,0.0,0.0,0.0,0.0,0.0
todayilearned,0.0,0.0,0.0,0.4484304932735426,0.0,0.0,0.2242152466367713,0.2242152466367713,0.2242152466367713,0.0,0.0,3.811659192825112,0.0,6.278026905829597,0.0,0.0,0.0,0.0,0.0,0.0,0.672645739910314,0.0,0.0,0.0,0.0,0.0,0.0,0.0,0.0,0.0,0.0,0.0
explainlikeimfive,0.0,0.0,0.0,0.0,0.0,0.0,0.0,0.0,0.0,0.0,0.0,5.1020408163265305,0.0,6.122448979591836,0.0,0.0,0.0,0.0,0.0,0.0,0.0,0.0,0.0,0.0,0.0,0.0,0.0,0.0,0.0,0.0,0.0,0.0
explainlikeimfive,0.0,0.0,0.0,0.0,0.0,0.0,0.0,0.0,0.0,0.0,0.0,16.0,0.0,4.0,0.0,0.0,0.0,0.0,0.0,0.0,0.0,0.0,0.0,0.0,0.0,0.0,0.0,0.0,0.0,0.0,0.0,0.0
leagueoflegends,0.0,0.0,0.0,0.0,0.0,0.0,0.0,1.6348773841961852,1.6348773841961852,0.0,0.0,6.811989100817439,0.0,4.632152588555858,0.0,0.0,0.0,0.0,0.0,0.0,0.0,0.0,0.0,0.0,0.0,0.0,0.0,0.0,0.0,0.0,0.0,0.0
AdviceAnimals,0.0,0.0,0.0,0.0,0.0,0.0,0.0,0.0,0.0,0.0,0.0,3.0303030303030303,1.5151515151515151,4.545454545454546,0.0,1.5151515151515151,0.0,0.0,0.0,0.0,0.0,0.0,0.0,0.0,0.0,0.0,0.0,0.0,0.0,0.0,0.0,0.0
leagueoflegends,0.0,0.0,0.0,0.0,0.0,0.0,0.0,0.0,0.0,0.0,0.0,3.0303030303030303,0.0,12.121212121212121,0.0,0.0,0.0,0.0,0.0,0.0,0.0,0.0,0.0,0.0,0.0,0.0,0.0,0.0,0.0,0.0,0.0,0.0
explainlikeimfive,0.0,0.0,0.0,4.979253112033195,0.0,0.0,0.0,0.0,0.0,0.0,0.0,9.54356846473029,0.0,8.71369294605809,0.0,0.4149377593360996,0.0,0.0,0.0,0.0,0.0,0.0,0.0,0.0,0.0,0.0,0.0,0.0,0.0,0.0,0.0,0.0
leagueoflegends,0.0,0.0,1.5625,0.0,0.0,0.0,0.0,0.0,0.0,0.0,0.0,7.8125,0.0,4.6875,0.0,0.0,0.0,0.0,0.0,0.0,0.0,0.0,0.0,0.0,0.0,0.0,0.0,0.0,0.0,0.0,0.0,0.0
explainlikeimfive,0.0,0.0,0.0,0.0,0.0,0.0,0.0,0.0,0.0,0.0,0.0,3.9473684210526314,1.3157894736842104,3.9473684210526314,0.0,0.0,0.0,0.0,0.0,0.0,0.0,0.0,0.0,0.0,0.0,0.0,0.0,0.0,0.0,0.0,0.0,0.0
pics,0.0,0.0,0.0,0.0,0.0,0.0,0.0,0.43668122270742354,0.43668122270742354,0.0,0.0,4.8034934497816595,0.0,4.8034934497816595,0.0,0.0,0.0,0.0,0.0,0.0,0.0,0.0,0.0,0.0,0.0,0.0,0.0,0.0,0.0,0.0,0.0,0.0
explainlikeimfive,0.0,0.0,0.0,0.0,0.0,0.0,0.0,0.79155672823219,0.2638522427440633,0.0,0.0,6.068601583113456,0.2638522427440633,2.638522427440633,0.0,0.5277044854881267,0.0,0.0,0.0,0.0,0.2638522427440633,0.0,0.5277044854881267,0.0,0.5277044854881267,0.0,0.0,0.0,0.0,0.0,0.0,0.0
explainlikeimfive,0.0,0.0,0.0,0.0,0.0,0.0,0.0,0.0,0.0,0.0,0.0,1.639344262295082,0.0,4.918032786885246,0.0,1.639344262295082,0.0,0.0,0.0,0.0,0.0,0.0,0.0,0.0,0.0,0.0,0.0,0.0,0.0,0.0,0.0,0.0
AdviceAnimals,0.0,0.0,0.0,0.0,0.0,0.0,0.0,0.0,0.0,0.0,0.0,5.88235294117647,0.0,8.823529411764707,0.0,0.0,0.0,0.0,0.0,0.0,0.0,0.0,0.0,0.0,0.0,0.0,0.0,0.0,0.0,0.0,0.0,0.0
explainlikeimfive,0.0,0.0,0.0,0.0,0.0,0.0,0.07230657989877079,0.6507592190889371,0.28922631959508316,0.0,0.0,4.6999276934201015,0.0,3.759942154736081,0.0,0.43383947939262474,0.21691973969631237,0.0,0.0,0.0,0.0,0.0,0.5061460592913956,0.0,0.5061460592913956,0.0,0.0,0.0,0.0,0.0,0.0,0.0
pics,0.0,0.0,0.0,0.0,0.0,0.0,0.0,0.0,0.0,0.0,0.0,0.0,0.0,4.3478260869565215,0.0,0.0,0.0,0.0,0.0,0.0,0.0,0.0,0.0,0.0,0.0,0.0,0.0,0.0,0.0,0.0,0.0,0.0
atheism,0.0,0.0,0.0,0.0,0.0,0.0,0.0,0.0,0.0,0.0,0.0,1.5625,0.0,6.25,0.0,0.0,0.0,0.0,0.0,0.0,0.0,0.0,0.0,0.0,0.0,0.0,0.0,0.0,0.0,0.0,0.0,0.0
atheism,0.0,0.0,0.0,0.0,0.0,0.0,0.0,4.3478260869565215,4.3478260869565215,0.0,0.0,8.695652173913043,0.0,8.695652173913043,0.0,0.0,0.0,0.0,0.0,0.0,0.0,0.0,0.0,0.0,0.0,0.0,0.0,0.0,0.0,0.0,0.0,0.0
leagueoflegends,0.0,0.0,0.0,0.0,2.0408163265306123,0.0,0.0,2.0408163265306123,2.0408163265306123,0.0,0.0,0.0,0.0,4.081632653061225,0.0,0.0,0.0,0.0,0.0,0.0,0.0,0.0,0.0,0.0,0.0,0.0,0.0,0.0,0.0,0.0,0.0,0.0
politics,0.0,0.0,0.0,0.0,0.0,0.0,0.0,0.0,0.0,0.0,0.0,4.301075268817205,0.0,9.67741935483871,0.0,1.0752688172043012,0.0,0.0,0.0,0.0,2.1505376344086025,0.0,0.0,0.0,0.0,0.0,0.0,0.0,0.0,0.0,0.0,0.0
leagueoflegends,0.0,0.0,0.0,0.0,0.0,0.0,0.0,0.8620689655172413,0.8620689655172413,0.0,0.0,1.7241379310344827,0.0,3.4482758620689653,0.0,0.8620689655172413,0.0,0.0,0.0,0.0,0.0,0.0,0.0,0.0,0.0,0.0,0.0,0.0,0.0,0.0,0.0,0.0
leagueoflegends,0.0,0.0,0.0,0.0,0.0,0.0,0.0,2.5,2.5,0.0,0.0,3.75,0.0,3.75,0.0,0.0,0.0,0.0,0.0,0.0,0.0,0.0,0.0,0.0,0.0,0.0,0.0,0.0,0.0,0.0,0.0,0.0
explainlikeimfive,0.0,0.0,0.0,0.0,0.0,0.0,0.0,0.0,0.0,0.0,0.0,1.2658227848101267,0.0,6.329113924050633,0.0,0.0,0.0,0.0,0.0,0.0,0.0,0.0,0.0,0.0,0.0,0.0,0.0,0.0,0.0,0.0,0.0,0.0
todayilearned,0.0,0.0,0.0,0.0,0.0,0.0,0.0,0.0,0.0,0.0,0.0,0.0,0.0,4.081632653061225,0.0,0.0,0.0,0.0,0.0,0.0,0.0,0.0,0.0,0.0,0.0,0.0,0.0,0.0,0.0,0.0,0.0,0.0
todayilearned,0.0,0.0,0.0,0.0,0.0,0.0,0.0,0.0,0.0,0.0,0.0,4.529616724738676,0.0,5.2264808362369335,0.0,0.0,0.0,0.0,0.0,0.0,0.0,0.0,0.0,0.0,0.0,0.0,0.0,0.0,0.0,0.0,0.0,0.0
todayilearned,0.0,0.0,0.0,0.0,0.0,0.0,2.272727272727273,0.0,0.0,0.0,0.0,2.272727272727273,0.0,2.272727272727273,2.272727272727273,0.0,0.0,0.0,0.0,0.0,0.0,0.0,0.0,0.0,0.0,0.0,0.0,0.0,0.0,0.0,0.0,0.0
todayilearned,0.0,0.0,0.0,0.0,0.0,0.0,0.0,0.0,0.0,0.0,0.0,0.8695652173913043,0.0,6.086956521739131,0.0,0.0,0.0,0.0,0.0,0.0,0.0,0.0,0.0,0.0,0.0,0.0,0.0,0.0,0.0,0.0,0.0,0.0
todayilearned,0.0,0.0,0.0,0.0,0.0,0.0,0.0,1.639344262295082,0.819672131147541,0.0,0.0,0.0,0.0,3.278688524590164,0.0,0.819672131147541,0.0,0.0,0.0,0.0,1.639344262295082,0.0,0.0,0.0,0.0,0.0,0.0,0.0,0.0,0.0,0.0,0.0
leagueoflegends,0.0,0.0,0.0,0.0,0.0,0.0,0.0,0.0,0.0,0.0,0.0,1.7391304347826086,0.0,8.695652173913043,0.0,0.8695652173913043,0.0,0.0,0.0,0.0,0.8695652173913043,0.0,0.0,0.0,0.0,0.0,0.0,0.0,0.0,0.0,0.0,0.0
funny,0.0,0.0,0.0,0.0,0.0,0.0,0.0,0.0,0.0,0.0,0.0,6.666666666666667,0.0,5.333333333333334,0.0,0.0,0.0,0.0,0.0,0.0,0.0,0.0,0.0,0.0,0.0,0.0,0.0,0.0,0.0,0.0,0.0,0.0
funny,0.0,0.0,0.0,0.0,0.0,0.0,0.0,2.2222222222222223,2.2222222222222223,0.0,0.0,2.2222222222222223,0.0,4.444444444444445,0.0,0.0,0.0,0.0,0.0,0.0,0.0,0.0,0.0,0.0,0.0,0.0,0.0,0.0,0.0,0.0,0.0,0.0
funny,0.0,0.0,0.0,0.0,0.0,0.0,0.0,0.6451612903225806,0.6451612903225806,0.0,0.0,3.870967741935484,0.0,5.806451612903226,0.0,0.6451612903225806,0.0,0.0,0.0,0.0,0.0,0.0,0.0,0.0,0.0,0.0,0.0,0.0,0.0,0.0,0.0,0.0
funny,0.0,0.0,0.0,0.0,0.0,0.0,0.0,0.8064516129032258,0.8064516129032258,0.0,0.0,0.0,0.0,5.64516129032258,0.0,0.0,0.0,0.0,0.0,0.0,0.0,0.0,0.0,0.0,0.0,0.0,0.0,0.0,0.0,0.0,0.0,0.0
explainlikeimfive,0.0,0.0,0.0,0.0,0.0,0.0,0.0,0.0,0.0,0.0,0.0,1.1111111111111112,0.0,3.3333333333333335,0.0,0.0,0.0,0.0,0.0,0.0,0.0,0.0,0.0,0.0,0.0,0.0,0.0,0.0,0.0,0.0,0.0,0.0
explainlikeimfive,0.0,0.0,0.0,5.555555555555555,0.0,0.0,0.0,0.0,0.0,0.0,0.0,4.62962962962963,0.0,9.25925925925926,0.0,0.0,0.0,0.0,0.0,0.0,0.0,0.0,0.0,0.0,0.0,0.0,0.0,0.0,0.0,0.0,0.0,0.0
explainlikeimfive,0.0,0.0,0.0,0.0,0.0,0.0,0.0,0.6024096385542169,0.6024096385542169,0.0,0.0,3.614457831325301,0.0,5.421686746987952,0.0,0.0,0.0,0.0,0.0,0.0,0.0,0.0,0.0,0.0,0.0,0.0,0.0,0.0,0.0,0.0,0.0,0.0
explainlikeimfive,0.0,0.0,0.0,0.7299270072992701,0.0,0.0,0.0,0.0,0.0,0.0,2.5547445255474455,2.18978102189781,0.0,7.664233576642336,0.0,0.0,0.0,0.0,0.0,0.0,0.0,0.0,0.0,0.0,0.0,0.0,0.0,0.0,0.0,0.0,0.0,0.0
atheism,0.0,0.0,0.0,0.0,0.0,0.0,0.0,0.0,0.3134796238244514,0.0,0.0,4.38871473354232,0.0,3.4482758620689653,0.0,0.6269592476489028,0.3134796238244514,0.0,0.0,0.0,1.2539184952978055,0.0,0.0,0.0,0.0,0.0,0.0,0.0,0.0,0.0,0.0,0.0
atheism,0.0,0.0,0.0,0.0,0.0,0.0,0.0,0.0,0.0,0.0,0.0,8.498583569405099,0.0,3.6827195467422094,0.0,0.0,0.0,0.0,0.0,0.0,0.0,0.0,0.0,0.0,0.0,0.0,0.0,0.0,0.0,0.0,0.0,0.0
explainlikeimfive,0.0,0.0,0.0,0.0,0.0,0.0,0.0,0.0,0.0,0.0,0.0,3.3333333333333335,0.0,4.444444444444445,0.0,0.0,0.0,0.0,0.0,0.0,0.0,0.0,0.0,0.0,0.0,0.0,0.0,0.0,0.0,0.0,0.0,0.0
explainlikeimfive,0.0,0.0,0.0,0.0,0.0,0.0,0.5970149253731344,0.5970149253731344,0.2985074626865672,0.0,0.0,4.776119402985075,0.0,4.776119402985075,0.2985074626865672,0.0,0.0,0.0,0.0,0.0,0.2985074626865672,0.0,0.0,0.0,0.0,0.0,0.0,0.0,0.0,0.0,0.0,0.0
explainlikeimfive,0.0,0.0,0.0,0.0,0.0,0.0,0.9541984732824428,0.5725190839694656,0.5725190839694656,0.0,0.0,1.717557251908397,0.7633587786259541,5.7251908396946565,0.0,0.5725190839694656,0.0,0.0,0.0,0.0,0.0,0.0,0.0,0.0,0.0,0.0,0.0,0.0,0.0,0.0,0.0,0.0
politics,0.0,0.0,0.0,0.0,0.0,0.0,0.0,0.0,0.0,0.0,0.0,4.081632653061225,0.0,5.1020408163265305,0.0,0.0,0.0,0.0,0.0,0.0,0.0,0.0,0.0,0.0,0.0,0.0,0.0,0.0,0.0,0.0,0.0,0.0
politics,0.0,0.0,0.0,0.0,0.0,0.0,0.0,0.6369426751592357,1.2738853503184715,0.0,0.0,8.280254777070063,0.0,3.821656050955414,0.0,0.6369426751592357,0.0,0.0,0.0,0.0,0.0,0.0,0.0,0.0,0.0,0.0,0.0,0.0,0.0,0.0,0.0,0.0
leagueoflegends,0.0,0.0,0.0,0.0,0.0,0.0,0.0,0.26455026455026454,0.26455026455026454,0.0,0.0,2.380952380952381,0.0,5.82010582010582,0.0,0.0,0.0,0.0,0.0,0.0,0.0,0.0,0.0,0.0,0.0,0.0,0.0,0.0,0.0,0.0,0.0,0.0
atheism,0.0,0.0,0.0,0.0,0.0,0.0,0.0,0.0,0.0,0.0,0.0,3.7037037037037033,0.0,6.172839506172839,0.0,0.0,0.0,0.0,0.0,0.0,0.0,0.0,0.0,0.0,0.0,0.0,0.0,0.0,0.0,0.0,0.0,0.0
AdviceAnimals,0.0,0.0,0.0,0.0,0.0,0.0,0.0,0.8771929824561403,0.8771929824561403,0.0,0.0,5.263157894736842,0.0,5.701754385964912,0.0,0.0,0.0,0.0,0.0,0.0,0.43859649122807015,0.0,0.0,0.0,0.0,0.0,0.0,0.0,0.0,0.0,0.0,0.0
AdviceAnimals,0.0,0.0,0.0,0.0,0.0,0.0,0.0,1.2269938650306749,1.2269938650306749,0.0,0.0,1.8404907975460123,0.0,6.134969325153374,0.0,0.0,0.0,0.0,0.0,0.0,0.0,0.0,0.0,0.0,0.0,0.0,0.0,0.0,0.0,0.0,0.0,0.0
AdviceAnimals,0.0,0.0,0.0,0.0,0.0,0.0,0.0,0.0,1.7241379310344827,0.0,0.0,0.0,0.0,5.172413793103448,0.0,3.4482758620689653,0.0,0.0,0.0,0.0,0.0,0.0,0.0,0.0,0.0,0.0,0.0,0.0,0.0,0.0,0.0,0.0
atheism,0.0,0.0,0.0,0.0,0.0,0.0,0.0,0.6349206349206349,0.6349206349206349,0.0,0.0,4.444444444444445,0.0,4.444444444444445,0.0,0.0,0.0,0.0,0.0,0.0,0.0,0.0,0.0,0.0,0.0,0.0,0.0,0.0,0.0,0.0,0.0,0.0
funny,0.0,0.0,0.0,0.0,0.0,0.0,0.0,0.0,0.0,0.0,0.0,4.23728813559322,0.0,5.932203389830509,0.0,0.0,0.0,0.0,0.0,0.0,0.0,0.0,0.0,0.0,0.0,0.0,0.0,0.0,0.0,0.0,0.0,0.0
gaming,0.0,0.0,0.0,0.0,0.0,0.0,0.9090909090909091,0.0,0.0,0.0,0.0,2.727272727272727,0.0,6.363636363636363,0.0,0.0,0.0,0.0,0.0,0.0,0.9090909090909091,0.0,0.0,0.0,0.0,0.0,0.0,0.0,0.0,0.0,0.0,0.0
pics,0.0,0.0,0.0,0.0,0.0,0.0,0.0,0.0,0.0,0.0,0.0,5.063291139240507,0.0,6.329113924050633,0.0,0.0,0.0,0.0,0.0,0.0,0.0,0.0,0.0,0.0,0.0,0.0,0.0,0.0,0.0,0.0,0.0,0.0
gaming,0.0,0.0,0.0,0.0,0.0,0.0,1.25,0.0,0.0,0.0,0.0,0.0,0.0,5.0,0.0,0.0,0.0,0.0,0.0,0.0,0.0,0.0,0.0,0.0,0.0,0.0,0.0,0.0,0.0,0.0,0.0,0.0
pics,0.0,0.0,0.0,0.0,0.0,0.0,0.0,0.0,0.0,0.0,0.0,2.7027027027027026,0.0,4.72972972972973,0.0,0.0,0.6756756756756757,0.0,0.0,0.0,0.0,0.0,0.0,0.0,0.0,0.0,0.0,0.0,0.0,0.0,0.0,0.0
pics,0.0,0.0,0.0,0.0,0.0,0.0,0.0,1.1976047904191618,1.1976047904191618,0.0,0.0,8.383233532934131,0.0,2.9940119760479043,0.0,0.0,0.0,0.0,0.0,0.0,0.0,0.0,0.0,0.0,0.0,0.0,0.0,0.0,0.0,0.0,0.0,0.0
pics,0.0,0.0,0.0,0.0,0.0,0.0,0.0,0.0,1.098901098901099,0.0,0.0,3.296703296703297,0.0,6.043956043956044,0.0,0.0,0.0,0.0,0.0,0.0,0.0,0.0,0.0,0.0,0.0,0.0,0.0,0.0,0.0,0.0,0.0,0.0
explainlikeimfive,0.0,0.0,0.0,2.1052631578947367,0.0,0.0,0.0,0.0,0.0,0.0,0.0,2.1052631578947367,0.0,7.368421052631578,0.0,0.0,0.0,0.0,0.0,0.0,0.0,0.0,0.0,0.0,0.0,0.0,0.0,0.0,0.0,0.0,0.0,0.0
explainlikeimfive,0.0,0.0,0.0,0.0,0.0,0.0,0.0,0.0,0.0,0.0,0.0,0.0,0.0,6.25,0.0,0.0,0.0,0.0,0.0,0.0,0.0,0.0,0.0,0.0,0.0,0.0,0.0,0.0,0.0,0.0,0.0,0.0
explainlikeimfive,0.0,0.0,0.0,0.0,0.0,0.0,0.0,0.6711409395973155,0.0,0.0,0.0,3.3557046979865772,0.0,8.053691275167784,0.0,0.6711409395973155,0.0,0.0,0.0,0.0,0.6711409395973155,0.0,0.6711409395973155,0.0,0.6711409395973155,0.0,0.0,0.0,0.0,0.0,0.0,0.0
leagueoflegends,0.0,0.0,0.0,0.0,0.0,0.0,0.0,0.0,0.0,0.0,0.0,3.7735849056603774,0.0,1.8867924528301887,0.0,0.0,0.0,0.0,0.0,0.0,0.0,0.0,0.0,0.0,0.0,0.0,0.0,0.0,0.0,0.0,0.0,0.0
todayilearned,0.0,0.0,0.0,0.0,0.0,0.0,0.0,0.0,0.0,0.0,0.0,0.0,0.0,7.6923076923076925,0.0,0.0,0.0,0.0,0.0,0.0,0.0,0.0,0.0,0.0,0.0,0.0,0.0,0.0,0.0,0.0,0.0,0.0
todayilearned,0.0,0.0,0.0,0.0,0.0,0.0,0.0,2.11864406779661,2.11864406779661,0.0,0.0,8.050847457627118,1.2711864406779663,1.694915254237288,0.0,0.423728813559322,0.0,0.0,0.0,0.0,0.0,0.0,0.423728813559322,0.0,0.423728813559322,0.0,0.0,0.0,0.0,0.0,0.0,0.0
leagueoflegends,0.0,0.0,0.0,0.0,0.0,0.0,0.0,0.0,0.0,0.0,0.0,7.6923076923076925,0.0,7.6923076923076925,0.0,0.0,0.0,0.0,0.0,0.0,7.6923076923076925,0.0,0.0,0.0,0.0,0.0,0.0,0.0,0.0,0.0,0.0,0.0
leagueoflegends,0.0,0.0,0.0,0.0,0.0,0.0,0.0,0.0,0.0,0.0,0.0,6.593406593406594,0.0,5.4945054945054945,0.0,0.0,0.0,0.0,0.0,0.0,1.098901098901099,0.0,0.0,0.0,0.0,0.0,0.0,0.0,0.0,0.0,0.0,0.0
leagueoflegends,0.0,0.0,0.0,0.0,0.0,0.0,0.0,0.0,0.0,0.0,0.0,3.4482758620689653,0.0,5.172413793103448,0.0,0.0,0.0,0.0,0.0,0.0,0.0,0.0,0.0,0.0,0.0,0.0,0.0,0.0,0.0,0.0,0.0,0.0
funny,0.0,0.0,0.0,0.0,0.0,0.0,0.0,0.0,0.0,0.0,0.0,5.607476635514018,0.0,5.607476635514018,0.0,0.9345794392523363,0.0,0.0,0.0,0.0,0.9345794392523363,0.0,0.0,0.0,0.0,0.0,0.0,0.0,0.0,0.0,0.0,0.0
explainlikeimfive,0.0,0.0,0.0,0.0,0.0,0.0,0.0,0.0,0.0,0.0,0.0,1.7857142857142856,0.0,5.357142857142857,0.0,0.0,0.0,0.0,0.0,0.0,1.7857142857142856,0.0,0.0,0.0,0.0,0.0,0.0,0.0,0.0,0.0,0.0,0.0
leagueoflegends,0.0,0.0,0.0,0.0,0.0,0.0,0.8130081300813009,0.0,0.0,0.0,0.0,1.6260162601626018,0.0,4.878048780487805,0.0,1.6260162601626018,0.0,0.0,0.0,0.0,0.0,0.0,0.0,0.0,0.0,0.0,0.0,0.0,0.0,0.0,0.0,0.0
leagueoflegends,0.0,0.0,0.0,0.0,0.0,0.0,0.0,0.0,0.0,0.0,0.0,2.2222222222222223,0.0,3.3333333333333335,0.0,0.0,0.0,0.0,0.0,0.0,2.2222222222222223,0.0,0.0,0.0,0.0,0.0,0.0,0.0,0.0,0.0,0.0,0.0
leagueoflegends,0.0,0.0,0.0,0.0,0.0,0.0,0.0,0.0,0.0,0.0,0.0,0.0,0.0,11.11111111111111,0.0,0.0,0.0,0.0,0.0,0.0,0.0,0.0,0.0,0.0,0.0,0.0,0.0,0.0,0.0,0.0,0.0,0.0
leagueoflegends,0.0,0.0,0.0,0.0,0.0,0.0,0.0,1.25,1.25,0.0,0.0,2.5,0.0,3.75,0.0,0.0,1.25,0.0,0.0,0.0,0.0,0.0,0.0,0.0,0.0,0.0,0.0,0.0,0.0,0.0,0.0,0.0
leagueoflegends,0.5376344086021506,0.0,0.0,0.0,0.0,0.0,0.0,0.0,0.0,0.0,0.0,1.6129032258064515,0.0,5.376344086021505,0.0,0.5376344086021506,0.0,0.0,0.0,0.0,1.0752688172043012,0.0,0.0,0.0,0.0,0.0,0.0,0.0,0.0,0.0,0.0,0.0
todayilearned,0.0,0.0,0.0,0.0,0.0,0.0,0.0,0.0,0.0,0.0,0.0,3.614457831325301,0.0,4.819277108433735,0.0,0.0,1.2048192771084338,0.0,0.0,0.0,0.0,0.0,0.0,0.0,0.0,0.0,0.0,0.0,0.0,0.0,0.0,0.0
funny,0.0,0.0,0.0,0.0,0.0,0.9433962264150944,0.0,1.8867924528301887,1.8867924528301887,0.0,0.0,3.7735849056603774,0.0,6.60377358490566,0.0,0.0,0.0,0.0,0.0,0.0,0.0,0.0,0.0,0.0,0.0,0.0,0.0,0.0,0.0,0.0,0.0,0.0
funny,0.0,0.0,0.0,0.0,0.0,0.0,0.0,0.0,0.0,0.0,0.0,4.761904761904762,0.0,3.896103896103896,0.0,0.4329004329004329,0.0,0.0,0.0,0.0,0.8658008658008658,0.0,0.0,0.0,0.0,0.0,0.0,0.0,0.0,0.0,0.0,0.0
explainlikeimfive,0.0,0.0,0.0,0.0,0.0,0.0,0.0,0.0,0.0,0.0,0.0,2.127659574468085,0.0,6.382978723404255,0.0,0.0,0.0,0.0,0.0,0.0,0.0,0.0,0.0,0.0,0.0,0.0,0.0,0.0,0.0,0.0,0.0,0.0
leagueoflegends,0.0,0.0,0.0,0.0,1.9662921348314606,0.2808988764044944,0.0,2.247191011235955,2.247191011235955,0.0,0.0,2.247191011235955,0.0,0.8426966292134831,0.0,0.2808988764044944,1.1235955056179776,0.0,0.0,0.0,0.0,0.0,0.0,0.0,0.0,0.0,0.0,0.0,0.0,0.0,0.0,0.0
leagueoflegends,0.7633587786259541,0.0,0.0,0.0,0.7633587786259541,0.0,0.0,0.7633587786259541,0.7633587786259541,0.0,0.0,0.0,0.0,6.870229007633588,0.0,0.0,0.0,0.0,0.0,0.0,0.7633587786259541,0.0,0.0,0.0,0.0,0.0,0.0,0.0,0.0,0.0,0.0,0.0
leagueoflegends,0.0,0.0,0.0,0.0,0.0,0.0,0.0,0.0,0.0,2.5,0.0,2.5,0.0,5.0,0.0,0.0,0.0,0.0,0.0,0.0,0.0,0.0,0.0,0.0,0.0,0.0,0.0,0.0,0.0,0.0,0.0,0.0
AdviceAnimals,0.0,0.0,0.0,0.0,0.0,0.0,0.0,0.0,0.0,0.0,0.0,7.766990291262135,0.0,5.825242718446602,0.0,0.0,0.0,0.0,0.0,0.0,0.0,0.0,0.0,0.0,0.0,0.0,0.0,0.0,0.0,0.0,0.0,0.0
pics,0.3558718861209964,0.0,0.0,0.0,0.0,0.0,0.0,0.0,0.0,0.0,0.0,6.049822064056939,0.0,1.7793594306049825,0.0,0.3558718861209964,0.7117437722419928,0.0,0.0,0.0,0.0,0.0,0.0,0.0,0.0,0.0,0.0,0.0,0.0,0.0,0.0,0.0
atheism,0.4306632213608958,0.0,0.0,0.0,0.08613264427217916,0.0,0.0,0.7751937984496124,0.7751937984496124,0.0,0.0,5.770887166236004,1.119724375538329,3.273040482342808,0.0,0.2583979328165375,0.0,0.0,0.0,0.0,0.17226528854435832,0.0,0.0,0.0,0.0,0.0,0.0,0.0,0.0,0.0,0.0,0.0
atheism,0.0,0.0,0.0,0.0,0.4424778761061947,0.0,0.0,0.0,0.0,0.0,0.0,4.424778761061947,0.0,3.982300884955752,0.0,0.4424778761061947,0.0,0.0,0.0,0.0,0.4424778761061947,0.0,0.0,0.0,0.0,0.0,0.0,0.0,0.0,0.0,0.0,0.0
gaming,0.0,0.0,0.0,0.0,0.0,0.0,0.0,0.0,0.0,0.0,0.0,3.125,0.0,3.125,0.0,0.0,0.0,0.0,0.0,0.0,0.0,0.0,0.0,0.0,0.0,0.0,0.0,0.0,0.0,0.0,0.0,0.0
gaming,0.4728132387706856,0.0,0.0,0.0,0.0,0.0,0.9456264775413712,1.6548463356973995,1.6548463356973995,0.0,0.0,3.309692671394799,0.0,4.0189125295508275,0.0,0.2364066193853428,0.0,0.0,0.0,0.0,0.0,0.0,0.0,0.0,0.0,0.0,0.0,0.0,0.0,0.0,0.0,0.0
pics,0.0,0.0,0.0,0.0,0.0,0.0,0.0,0.0,0.0,0.0,0.0,0.0,0.0,0.0,0.0,0.0,0.0,0.0,0.0,0.0,0.0,0.0,0.0,0.0,0.0,0.0,0.0,0.0,0.0,0.0,0.0,0.0
gaming,0.0,0.0,0.0,0.0,0.0,0.0,0.0,0.7462686567164178,0.7462686567164178,0.0,0.0,4.477611940298507,0.0,2.9850746268656714,0.0,0.0,0.7462686567164178,0.0,0.0,0.0,0.7462686567164178,0.0,0.0,0.0,0.0,0.0,0.0,0.0,0.0,0.0,0.0,0.0
pics,0.0,0.0,0.0,0.0,0.5555555555555556,0.0,0.5555555555555556,1.1111111111111112,0.0,0.0,0.0,0.5555555555555556,0.0,2.2222222222222223,0.0,0.0,0.0,0.0,0.0,0.0,1.1111111111111112,0.0,1.1111111111111112,0.0,1.1111111111111112,0.0,0.0,0.0,0.0,0.0,0.0,0.0
atheism,0.0,0.0,0.0,0.0,0.0,0.0,0.0,1.639344262295082,1.639344262295082,0.0,0.0,4.918032786885246,0.0,1.639344262295082,0.0,8.19672131147541,4.918032786885246,0.0,0.0,6.557377049180328,0.0,0.0,0.0,0.0,0.0,0.0,0.0,0.0,0.0,0.0,0.0,0.0
politics,0.0,0.0,0.0,0.0,0.0,0.0,0.0,0.0,0.0,0.0,0.0,3.1746031746031744,0.0,4.761904761904762,0.0,0.0,0.0,0.0,0.0,0.0,0.0,0.0,0.0,0.0,0.0,0.0,0.0,0.0,0.0,0.0,0.0,0.0
politics,0.0,0.0,0.0,0.0,0.0,0.0,0.0,0.0,0.0,0.0,0.0,2.5316455696202533,0.0,4.219409282700422,0.0,0.0,0.42194092827004215,0.0,0.0,0.0,0.0,0.0,0.0,0.0,0.0,0.0,0.0,0.0,0.0,0.0,0.0,0.0
gaming,0.0,0.0,0.0,0.0,0.0,0.0,0.0,0.0,0.0,0.0,0.0,5.263157894736842,0.0,5.263157894736842,0.0,0.0,0.0,0.0,0.0,0.0,0.0,0.8771929824561403,0.0,0.0,0.0,0.0,0.0,0.0,0.0,0.0,0.0,0.0
atheism,0.0,0.0,0.0,0.0,0.0,0.0,0.0,0.0,0.0,0.0,0.0,2.857142857142857,0.0,2.857142857142857,0.0,2.857142857142857,0.0,0.0,0.0,0.0,0.0,0.0,0.0,0.0,0.0,0.0,0.0,0.0,0.0,0.0,0.0,0.0
todayilearned,0.0,0.0,0.0,0.0,0.0,0.0,0.0,0.0,0.0,0.0,0.0,20.0,0.0,0.0,0.0,0.0,0.0,0.0,0.0,0.0,0.0,0.0,0.0,0.0,0.0,0.0,0.0,0.0,0.0,0.0,0.0,0.0
atheism,0.0,0.0,0.0,0.0,0.0,0.0,0.0,0.0,0.0,0.0,0.0,0.0,0.0,20.0,0.0,0.0,0.0,0.0,0.0,0.0,0.0,0.0,0.0,0.0,0.0,0.0,0.0,0.0,0.0,0.0,0.0,0.0
pics,0.0,0.0,0.0,0.0,0.0,0.0,0.16611295681063123,0.33222591362126247,0.33222591362126247,0.0,0.0,6.976744186046512,0.0,4.817275747508306,0.0,0.0,0.0,0.0,0.0,0.0,0.0,0.0,0.0,0.0,0.0,0.0,0.0,0.0,0.0,0.0,0.0,0.0
politics,0.0,0.0,0.0,0.0,0.0,0.0,0.0,0.5,0.5,0.0,0.0,4.5,0.0,4.5,0.0,0.0,0.0,0.0,0.0,0.0,0.5,0.0,0.0,0.0,0.0,0.0,0.0,0.0,0.0,0.0,0.0,0.0
pics,11.428571428571429,0.0,0.0,0.0,0.0,0.0,0.0,0.0,0.0,0.0,0.0,2.857142857142857,0.0,1.4285714285714286,0.0,0.0,0.0,0.0,0.0,0.0,0.0,0.0,0.0,0.0,0.0,0.0,0.0,0.0,0.0,0.0,0.0,0.0
pics,0.0,0.0,0.0,0.19685039370078738,0.0,0.5905511811023622,0.0,0.7874015748031495,0.5905511811023622,0.0,0.0,3.740157480314961,0.0,4.330708661417323,0.0,0.39370078740157477,0.0,0.0,0.0,0.0,0.0,0.0,0.0,0.0,0.0,0.0,0.0,0.0,0.0,0.0,0.0,0.0
politics,0.0,0.0,0.0,0.0,0.0,0.0,0.0,0.6134969325153374,0.3067484662576687,0.0,0.0,4.601226993865031,0.0,2.147239263803681,0.0,0.0,0.0,0.0,0.0,0.0,0.6134969325153374,0.0,0.3067484662576687,0.0,0.3067484662576687,0.0,0.0,0.0,0.0,0.0,0.0,0.0
gaming,0.0,0.0,0.0,0.0,0.0,0.0,0.0,1.0638297872340425,1.0638297872340425,0.0,0.0,4.25531914893617,0.5319148936170213,6.382978723404255,0.0,0.5319148936170213,0.0,0.0,0.0,0.0,0.0,0.0,0.0,0.0,0.0,0.0,0.0,0.0,0.0,0.0,0.0,0.0
gaming,0.0,0.0,0.0,0.0,0.0,2.127659574468085,0.0,2.127659574468085,0.0,0.0,0.0,2.127659574468085,0.0,2.127659574468085,0.0,0.0,0.0,0.0,0.0,2.127659574468085,0.0,0.0,0.0,0.0,2.127659574468085,0.0,0.0,0.0,0.0,0.0,0.0,0.0
atheism,0.0,0.0,0.0,0.0,0.0,0.0,0.0,1.675977653631285,1.675977653631285,0.0,0.0,2.2346368715083798,0.0,7.262569832402235,0.0,1.675977653631285,1.1173184357541899,0.0,0.0,0.0,0.0,0.0,0.0,0.0,0.0,0.0,0.0,0.0,0.0,0.0,0.0,0.0
gaming,0.0,0.0,0.0,0.0,0.0,0.0,0.0,0.9925558312655087,0.24813895781637718,0.0,0.0,5.707196029776675,0.9925558312655087,4.218362282878412,0.0,0.49627791563275436,0.0,0.0,0.0,0.0,0.0,0.0,1.7369727047146404,0.0,1.7369727047146404,0.0,0.24813895781637718,0.0,0.0,0.0,0.0,0.0
politics,0.0,0.0,0.0,0.0,0.0,0.0,0.0,0.0,0.0,0.0,0.0,4.848484848484849,0.0,2.4242424242424243,0.0,0.0,0.0,0.0,0.0,0.0,0.6060606060606061,0.0,0.0,0.0,0.0,0.0,0.0,0.0,0.0,0.0,0.0,0.0
politics,0.4424778761061947,0.0,0.0,0.0,0.0,0.0,0.0,0.0,0.0,0.0,0.0,7.964601769911504,0.0,5.3097345132743365,0.0,0.0,0.0,0.0,0.0,0.0,0.8849557522123894,0.0,0.0,0.0,0.0,0.0,0.0,0.0,0.0,0.0,0.0,0.0
atheism,0.0,0.0,0.0,0.0,0.0,0.0,0.0,0.6734006734006733,0.6734006734006733,0.0,0.0,1.6835016835016834,0.0,4.040404040404041,0.0,0.0,0.0,0.0,0.0,0.0,0.0,0.0,0.0,0.0,0.0,0.0,0.0,0.0,0.0,0.0,0.0,0.0
atheism,0.0,0.0,0.0,0.0,0.0,0.0,0.0,0.0,0.0,0.0,0.0,5.472636815920398,0.0,4.477611940298507,0.0,0.4975124378109453,0.0,0.0,0.9950248756218906,0.0,0.0,0.0,0.0,0.0,0.0,0.0,0.0,0.0,0.0,0.0,0.0,0.0
atheism,0.0,0.0,0.0,0.0,0.0,0.0,0.0,0.38314176245210724,0.38314176245210724,0.0,0.0,4.980842911877394,0.0,4.21455938697318,0.0,0.38314176245210724,0.38314176245210724,0.0,0.0,0.0,0.38314176245210724,0.0,0.0,0.0,0.0,0.0,0.0,0.0,0.0,0.0,0.0,0.0
politics,0.0,0.0,0.0,0.0,0.0,0.20242914979757085,1.0121457489878543,0.20242914979757085,0.20242914979757085,0.0,0.0,3.8461538461538463,0.0,6.680161943319838,0.0,0.0,0.0,0.0,0.0,0.0,0.0,0.0,0.0,0.0,0.0,0.0,0.0,0.0,0.0,0.0,0.0,0.0
gaming,0.0,0.0,0.0,0.0,0.0,0.0,0.0,0.0,0.0,0.0,0.0,5.833333333333333,0.0,5.833333333333333,0.0,0.0,0.0,0.0,0.0,0.0,0.0,0.0,0.0,0.0,0.0,0.0,0.0,0.0,0.0,0.0,0.0,0.0
gaming,0.0,0.0,0.0,0.0,0.0,0.0,0.0,0.0,0.0,0.0,0.0,3.4090909090909087,0.0,3.4090909090909087,0.0,0.0,0.0,0.0,0.0,0.0,0.0,0.0,0.0,0.0,0.0,0.0,0.0,0.0,0.0,0.0,0.0,0.0
politics,0.0,0.0,0.0,0.0,0.0,0.0,0.0,0.0,0.0,0.0,0.0,4.938271604938271,0.0,1.2345679012345678,0.0,0.0,0.0,0.0,0.0,0.0,0.0,0.0,0.0,0.0,0.0,0.0,0.0,0.0,0.0,0.0,0.0,0.0
politics,0.0,0.0,0.0,0.0,0.0,0.0,0.0,0.0,0.0,0.0,0.0,0.0,0.0,0.0,0.0,0.0,0.0,0.0,0.0,0.0,0.0,0.0,0.0,0.0,0.0,0.0,0.0,0.0,0.0,0.0,0.0,0.0
pics,0.0,0.0,0.0,0.0,0.0,0.0,0.0,0.46728971962616817,0.46728971962616817,0.0,0.0,0.46728971962616817,0.0,7.476635514018691,0.0,0.46728971962616817,0.0,0.0,0.0,0.0,0.0,0.0,0.0,0.0,0.0,0.0,0.0,0.0,0.0,0.0,0.0,0.0
pics,4.761904761904762,0.0,0.0,0.0,0.0,0.0,0.0,0.0,0.0,0.0,0.0,4.761904761904762,0.0,0.0,0.0,0.0,0.0,0.0,0.0,0.0,9.523809523809524,0.0,0.0,0.0,0.0,0.0,0.0,0.0,0.0,0.0,0.0,0.0
pics,0.0,0.0,0.0,0.0,0.0,0.0,0.0,0.0,0.0,0.0,0.0,2.564102564102564,0.0,3.8461538461538463,0.0,0.0,0.0,0.0,0.0,0.0,0.0,0.0,0.0,0.0,0.0,0.0,0.0,0.0,0.0,0.0,0.0,0.0
pics,0.0,0.0,0.0,0.0,0.0,0.0,1.1363636363636365,0.0,0.0,0.0,0.0,2.272727272727273,0.0,5.681818181818182,0.0,0.0,0.0,0.0,0.0,0.0,0.0,0.0,0.0,0.0,0.0,0.0,0.0,0.0,0.0,0.0,0.0,0.0
pics,0.0,0.0,0.0,0.0,0.0,0.0,3.4482758620689653,0.0,0.0,0.0,0.0,10.344827586206897,0.0,6.896551724137931,0.0,0.0,0.0,0.0,0.0,0.0,3.4482758620689653,0.0,0.0,0.0,0.0,0.0,0.0,0.0,0.0,0.0,0.0,0.0
pics,0.0,0.0,0.0,0.0,0.0,0.0,0.0,0.5376344086021506,0.0,0.0,0.0,4.301075268817205,0.0,5.913978494623656,0.0,0.0,0.0,0.0,0.0,0.0,0.0,0.0,0.5376344086021506,0.0,0.5376344086021506,0.0,0.0,0.0,0.0,0.0,0.0,0.0
pics,0.0,0.0,0.0,0.0,0.0,0.0,0.0,0.7425742574257426,0.7425742574257426,0.0,0.0,6.683168316831684,0.0,5.693069306930694,0.0,0.24752475247524752,0.0,0.0,0.0,0.0,0.24752475247524752,0.0,0.0,0.0,0.0,0.0,0.0,0.0,0.0,0.0,0.0,0.0
politics,0.0,0.0,0.0,0.0,0.0,0.0,0.0,0.0,0.0,0.0,0.0,4.545454545454546,0.0,9.090909090909092,0.0,0.0,0.0,0.0,0.0,0.0,0.0,0.0,0.0,0.0,0.0,0.0,0.0,0.0,0.0,0.0,0.0,0.0
gaming,0.7194244604316548,0.0,0.0,0.0,0.0,0.0,0.7194244604316548,0.0,0.0,0.0,0.0,8.633093525179856,0.0,4.316546762589928,0.0,1.4388489208633095,0.0,0.0,0.0,0.0,0.0,0.0,0.0,0.0,0.0,0.0,0.0,0.0,0.0,0.0,0.0,0.0
gaming,0.628930817610063,0.0,0.0,0.0,0.0,0.0,0.0,0.0,0.0,0.0,0.0,2.515723270440252,0.0,3.7735849056603774,0.0,0.0,0.0,0.0,0.0,0.0,1.8867924528301887,0.0,0.0,0.0,0.0,0.0,0.0,0.0,0.0,0.0,0.0,0.0
gaming,0.0,0.0,0.0,0.0,0.0,0.0,0.0,0.0,0.0,0.0,0.0,1.2195121951219512,0.0,3.6585365853658534,0.0,0.0,0.0,0.0,0.0,0.0,1.2195121951219512,0.0,0.0,0.0,0.0,0.0,0.0,0.0,0.0,0.0,0.0,0.0
pics,0.0,0.0,0.0,0.9433962264150944,0.0,0.0,0.0,0.0,0.9433962264150944,0.0,0.0,12.264150943396226,0.0,7.547169811320755,0.0,0.9433962264150944,0.0,0.0,0.0,0.0,0.0,0.0,0.0,0.0,0.0,0.0,0.0,0.0,0.0,0.0,0.0,0.0
politics,0.9950248756218906,0.0,0.0,0.0,0.0,0.0,0.0,0.9950248756218906,0.0,0.0,0.0,2.9850746268656714,0.0,4.477611940298507,0.0,0.0,0.0,0.0,0.0,0.0,0.4975124378109453,0.0,0.9950248756218906,0.0,0.9950248756218906,0.0,0.0,0.0,0.0,0.0,0.0,0.0
gaming,0.0,0.0,0.0,0.0,0.0,0.5025125628140703,0.0,0.5025125628140703,0.5025125628140703,0.0,0.0,3.5175879396984926,0.0,6.030150753768844,0.0,0.0,0.0,0.0,0.0,0.0,0.0,0.0,0.0,0.0,0.0,0.0,0.0,0.0,0.0,0.0,0.0,0.0
atheism,0.0,0.0,0.0,0.0,0.8064516129032258,0.0,0.0,0.0,0.0,0.0,0.0,4.838709677419355,0.0,3.225806451612903,0.0,0.8064516129032258,0.0,0.0,0.0,0.0,0.0,0.0,0.0,0.0,0.0,0.0,0.0,0.0,0.0,0.0,0.0,0.0
gaming,0.0,0.0,0.0,0.0,0.0,0.0,1.25,0.0,0.0,0.0,0.0,7.5,0.0,3.75,0.0,1.25,0.0,0.0,1.25,0.0,0.0,0.0,0.0,0.0,0.0,0.0,0.0,0.0,0.0,0.0,0.0,0.0
atheism,0.0,0.0,0.0,0.0,0.0,0.0,0.0,0.0,0.0,0.0,0.0,3.0303030303030303,0.0,6.0606060606060606,0.0,0.0,0.0,0.0,0.0,0.0,1.5151515151515151,0.0,0.0,0.0,0.0,0.0,0.0,0.0,0.0,0.0,0.0,0.0
atheism,0.5208333333333333,0.0,0.0,0.0,0.5208333333333333,0.0,0.0,0.5208333333333333,0.5208333333333333,0.0,0.0,6.770833333333333,0.0,5.729166666666666,0.0,0.0,0.0,0.0,0.0,0.0,0.0,0.0,0.0,0.0,0.0,0.0,0.0,0.0,0.0,0.0,0.0,0.0
pics,1.0101010101010102,0.0,0.0,0.0,0.0,0.0,0.0,0.0,0.0,0.0,0.0,4.040404040404041,0.0,6.0606060606060606,0.0,0.0,1.0101010101010102,0.0,0.0,0.0,0.0,0.0,0.0,0.0,0.0,0.0,0.0,0.0,0.0,0.0,0.0,0.0
gaming,0.0,0.0,0.0,0.0,0.0,0.0,0.0,0.0,0.0,0.0,0.0,3.076923076923077,0.0,1.5384615384615385,0.0,0.0,0.0,0.0,0.0,0.0,3.076923076923077,0.0,0.0,0.0,0.0,0.0,0.0,0.0,0.0,0.0,0.0,0.0
todayilearned,0.0,0.0,0.0,0.0,0.0,0.0,0.0,1.3157894736842104,1.3157894736842104,0.0,0.0,3.9473684210526314,0.6578947368421052,5.921052631578947,0.6578947368421052,0.0,0.0,0.0,0.0,0.6578947368421052,4.605263157894736,0.0,0.0,0.0,0.0,0.0,0.0,0.0,0.0,0.0,0.0,0.0
atheism,0.0,0.0,0.0,0.0,0.0,0.0,0.0,1.6736401673640167,1.6736401673640167,0.0,0.0,6.694560669456067,0.0,2.510460251046025,0.0,0.8368200836820083,0.0,0.0,0.0,0.0,0.0,0.0,0.0,0.0,0.0,0.0,0.0,0.0,0.0,0.0,0.0,0.0
politics,0.0,0.0,0.0,0.0,0.0,0.0,0.0,0.0,0.0,0.0,0.0,3.829787234042553,2.553191489361702,3.404255319148936,0.0,0.851063829787234,0.0,0.0,0.0,0.0,0.425531914893617,0.0,0.0,0.0,0.0,0.0,0.0,0.0,0.0,0.0,0.0,0.0
politics,0.0,0.0,0.0,0.0,0.0,0.0,0.0,0.0,0.0,0.0,0.0,4.301075268817205,0.0,5.376344086021505,0.0,0.0,0.0,0.0,0.0,0.0,0.0,0.0,0.0,0.0,0.0,0.0,0.0,0.0,0.0,0.0,0.0,0.0
politics,0.0,0.0,0.0,0.0,0.0,0.0,0.0,0.0,0.0,0.0,0.0,5.9405940594059405,0.0,3.9603960396039604,0.0,0.0,0.0,0.0,0.0,0.0,0.0,0.0,0.0,0.0,0.0,0.0,0.0,0.0,0.0,0.0,0.0,0.0
pics,0.0,0.0,0.0,0.0,0.0,0.0,0.0,0.0,0.0,0.0,0.0,4.938271604938271,0.0,6.172839506172839,0.0,0.0,0.0,0.0,0.0,0.0,0.0,0.0,0.0,0.0,0.0,0.0,0.0,0.0,0.0,0.0,0.0,0.0
pics,0.0,0.0,0.0,0.0,0.0,0.0,0.0,0.5681818181818182,0.5681818181818182,0.0,0.0,6.8181818181818175,0.0,3.4090909090909087,0.0,0.5681818181818182,0.0,0.0,0.0,0.0,0.0,0.0,0.0,0.0,0.0,0.0,0.0,0.0,0.0,0.0,0.0,0.0
atheism,0.0,0.0,0.0,0.0,0.0,0.0,0.0,0.0,0.0,0.0,0.0,3.225806451612903,0.0,4.838709677419355,0.0,0.0,0.0,0.0,0.0,0.0,0.0,0.0,0.0,0.0,0.0,0.0,0.0,0.0,0.0,0.0,0.0,0.0
leagueoflegends,0.0,0.0,0.0,0.0,0.0,0.0,0.0,0.5376344086021506,0.5376344086021506,0.0,0.0,5.376344086021505,0.0,4.838709677419355,0.0,0.0,0.5376344086021506,0.0,0.0,0.0,0.0,0.0,0.0,0.0,0.0,0.0,0.0,0.0,0.0,0.0,0.0,0.0
leagueoflegends,0.0,0.0,0.0,0.0,0.0,0.0,0.273224043715847,0.273224043715847,0.273224043715847,0.0,0.0,4.644808743169399,1.366120218579235,3.278688524590164,0.0,0.0,0.273224043715847,0.0,0.0,0.0,0.273224043715847,0.0,0.0,0.0,0.0,0.0,0.0,0.0,0.0,0.0,0.0,0.0
pics,0.0,0.0,0.0,0.0,0.0,0.0,0.0,0.0,4.651162790697675,0.0,0.0,4.651162790697675,0.0,4.651162790697675,0.0,0.0,0.0,0.0,0.0,0.0,0.0,0.0,0.0,0.0,0.0,0.0,0.0,0.0,0.0,0.0,0.0,0.0
leagueoflegends,0.0,0.0,0.0,0.0,0.0,0.0,0.0,1.9920318725099602,1.9920318725099602,0.0,0.0,7.968127490039841,0.0,5.179282868525896,0.0,0.0,0.0,0.0,0.0,0.0,0.0,0.0,0.0,0.0,0.0,0.0,0.0,0.0,0.0,0.0,0.0,0.0
gaming,0.0,0.0,0.0,0.0,2.11864406779661,0.0,0.0,0.423728813559322,0.423728813559322,0.0,0.0,2.9661016949152543,0.0,2.9661016949152543,0.0,0.423728813559322,0.0,0.0,0.0,0.0,0.0,0.0,0.0,0.0,0.0,0.0,0.0,0.0,0.0,0.0,0.0,0.0
atheism,0.0,0.0,0.0,0.0,0.0,0.0,0.0,0.0,0.0,0.0,0.0,2.5,0.0,5.0,0.0,0.0,0.0,0.0,0.0,0.0,0.0,0.0,0.0,0.0,0.0,0.0,0.0,0.0,0.0,0.0,0.0,0.0
AdviceAnimals,0.0,0.0,0.0,0.0,0.0,0.0,0.0,0.0,0.0,0.0,0.0,0.0,0.0,4.166666666666666,0.0,0.0,0.0,0.0,0.0,0.0,0.0,1.6666666666666667,0.0,0.0,0.0,0.0,0.0,0.0,0.0,0.0,0.0,0.0
pics,0.0,0.0,0.0,0.0,0.0,0.0,0.0,0.0,0.0,0.0,0.0,4.545454545454546,0.0,4.545454545454546,0.0,0.0,0.0,0.0,0.0,0.0,0.0,0.0,0.0,0.0,0.0,0.0,0.0,0.0,0.0,0.0,0.0,0.0
politics,0.0,0.0,0.0,2.0930232558139537,0.9302325581395349,0.0,1.3953488372093024,0.23255813953488372,0.23255813953488372,0.0,0.0,6.744186046511628,0.0,3.255813953488372,0.0,0.0,0.23255813953488372,0.0,0.0,0.0,0.23255813953488372,0.0,0.0,0.0,0.0,0.0,0.0,0.0,0.0,0.0,0.0,0.0
atheism,0.0,0.0,0.0,0.0,0.0,0.0,0.0,0.0,0.0,0.0,0.0,5.263157894736842,0.0,0.0,0.0,0.0,0.0,0.0,0.0,0.0,0.0,0.0,0.0,0.0,0.0,0.0,0.0,0.0,0.0,0.0,0.0,0.0
leagueoflegends,0.0,0.0,0.0,0.0,0.0,0.0,0.0,0.7547169811320755,0.7547169811320755,0.0,0.0,2.6415094339622645,0.0,3.7735849056603774,0.0,0.0,0.0,0.0,0.0,0.0,0.37735849056603776,0.0,0.0,0.0,0.0,0.0,0.0,0.0,0.0,0.0,0.0,0.0
gaming,0.0,0.0,0.0,0.0,0.0,0.0,0.0,0.5747126436781609,0.5747126436781609,0.0,0.0,6.321839080459771,0.0,4.022988505747127,0.0,0.0,0.0,0.0,0.0,0.0,0.0,0.0,0.0,0.0,0.0,0.0,0.0,0.0,0.0,0.0,0.0,0.0
atheism,0.0,0.0,0.0,0.0,0.0,0.0,0.0,0.0,0.0,0.0,0.0,1.8518518518518516,0.0,4.62962962962963,0.0,0.0,0.0,0.0,0.0,0.0,0.0,0.0,0.0,0.0,0.0,0.0,0.0,0.0,0.0,0.0,0.0,0.0
leagueoflegends,0.0,0.0,0.0,0.0,0.0,0.0,0.0,0.0,0.0,0.0,0.0,6.122448979591836,0.0,7.142857142857142,0.0,0.0,0.0,0.0,0.0,0.0,0.0,0.0,0.0,0.0,0.0,0.0,0.0,0.0,0.0,0.0,0.0,0.0
leagueoflegends,0.0,0.0,0.0,0.0,0.7246376811594203,0.0,0.0,0.7246376811594203,0.7246376811594203,0.0,0.0,9.420289855072465,0.0,4.3478260869565215,0.0,0.0,0.0,0.0,0.0,0.0,0.0,0.0,0.0,0.0,0.0,0.0,0.0,0.0,0.0,0.0,0.0,0.0
leagueoflegends,0.0,0.0,0.0,0.0,0.0,0.0,0.0,0.0,0.0,0.0,0.0,0.0,0.0,6.557377049180328,0.0,0.0,0.0,0.0,0.0,0.0,0.0,0.0,0.0,0.0,0.0,0.0,0.0,0.0,0.0,0.0,0.0,0.0
pics,2.3255813953488373,0.0,0.0,0.0,0.0,0.0,2.3255813953488373,0.0,0.0,0.0,0.0,2.3255813953488373,0.0,4.651162790697675,0.0,9.30232558139535,0.0,0.0,0.0,0.0,2.3255813953488373,0.0,0.0,0.0,0.0,0.0,0.0,0.0,0.0,0.0,0.0,0.0
funny,0.0,0.0,0.0,0.0,0.0,0.0,0.0,4.3478260869565215,0.0,0.0,0.0,8.695652173913043,0.0,4.3478260869565215,0.0,4.3478260869565215,0.0,0.0,0.0,0.0,4.3478260869565215,0.0,0.0,0.0,4.3478260869565215,0.0,0.0,0.0,0.0,0.0,0.0,0.0
funny,0.0,0.0,0.0,0.0,0.0,0.0,0.0,0.0,0.0,0.0,0.0,0.0,0.0,8.333333333333332,0.0,0.0,0.0,0.0,0.0,0.0,0.0,0.0,0.0,0.0,0.0,0.0,0.0,0.0,0.0,0.0,0.0,0.0
atheism,11.11111111111111,0.0,0.0,0.0,0.0,0.0,0.0,0.0,11.11111111111111,0.0,0.0,11.11111111111111,0.0,11.11111111111111,0.0,11.11111111111111,0.0,0.0,0.0,0.0,0.0,0.0,0.0,0.0,0.0,0.0,0.0,0.0,0.0,0.0,0.0,0.0
atheism,0.0,0.0,0.0,0.0,0.0,0.0,0.0,0.0,0.0,0.0,0.0,3.6363636363636362,1.8181818181818181,7.2727272727272725,0.0,0.0,0.0,0.0,0.0,0.0,0.0,0.0,0.0,0.0,0.0,0.0,0.0,0.0,0.0,0.0,0.0,0.0
pics,0.0,0.0,0.0,0.0,0.0,0.0,1.4705882352941175,0.0,0.0,0.0,0.0,5.88235294117647,0.0,2.941176470588235,0.0,1.4705882352941175,0.0,0.0,0.0,0.0,0.0,0.0,0.0,0.0,0.0,0.0,0.0,0.0,0.0,0.0,0.0,0.0
pics,0.0,0.0,0.0,0.0,0.0,0.0,0.0,0.0,0.0,0.0,0.0,8.287292817679557,0.0,6.629834254143646,0.0,0.0,0.0,0.0,0.0,0.0,0.0,0.0,0.0,0.0,0.0,0.0,0.0,0.0,0.0,0.0,0.0,0.0
gaming,0.0,0.0,0.0,0.0,0.0,0.0,0.0,1.1811023622047243,1.1811023622047243,0.0,0.0,0.7874015748031495,0.0,4.330708661417323,0.0,0.0,0.39370078740157477,0.0,0.0,0.0,0.0,0.0,0.0,0.0,0.0,0.0,0.0,0.0,0.0,0.0,0.0,0.0
funny,0.0,0.0,0.0,0.0,0.0,0.0,0.0,0.0,0.0,0.0,0.0,19.230769230769234,0.0,19.230769230769234,0.0,0.0,0.0,0.0,0.0,0.0,0.0,0.0,0.0,0.0,0.0,0.0,0.0,0.0,0.0,0.0,0.0,0.0
leagueoflegends,0.0,0.0,0.0,0.0,0.0,0.0,0.0,0.6756756756756757,0.6756756756756757,0.0,0.0,2.027027027027027,0.0,6.081081081081082,0.0,0.0,0.0,0.0,0.0,0.0,0.0,0.0,0.0,0.0,0.0,0.0,0.0,0.0,0.0,0.0,0.0,0.0
leagueoflegends,0.0,0.0,0.0,0.0,0.0,0.0,0.0,0.2962962962962963,1.037037037037037,0.0,0.0,5.9259259259259265,0.0,4.0,0.0,0.2962962962962963,0.0,0.0,0.2962962962962963,0.0,0.2962962962962963,0.0,0.0,0.0,0.0,0.0,0.0,0.0,0.0,0.0,0.0,0.0
gaming,0.2695417789757413,0.0,0.0,0.0,0.0,0.0,0.0,0.2695417789757413,0.2695417789757413,0.0,0.0,5.929919137466308,0.0,3.5040431266846364,0.0,0.2695417789757413,0.0,0.0,0.0,0.0,1.3477088948787064,0.0,0.0,0.0,0.0,0.0,0.0,0.0,0.0,0.0,0.0,0.0
atheism,0.3194888178913738,0.0,0.0,0.0,0.0,0.0,0.0,0.3194888178913738,0.3194888178913738,0.0,0.0,11.182108626198083,0.0,4.15335463258786,0.0,0.0,0.0,0.0,0.0,0.0,0.0,0.0,0.0,0.0,0.0,0.0,0.0,0.0,0.0,0.0,0.0,0.0
todayilearned,2.083333333333333,0.0,0.0,0.0,0.0,0.0,0.0,0.0,0.0,0.0,0.0,1.0416666666666665,0.0,6.25,0.0,0.0,0.0,0.0,0.0,0.0,1.0416666666666665,0.0,0.0,0.0,0.0,0.0,0.0,0.0,0.0,0.0,0.0,0.0
pics,0.0,0.0,0.0,0.0,0.0,0.0,0.0,0.0,0.0,0.0,0.0,8.16326530612245,0.0,4.081632653061225,0.0,0.0,0.0,0.0,0.0,0.0,0.0,0.0,0.0,0.0,0.0,0.0,0.0,0.0,0.0,0.0,0.0,0.0
pics,0.0,0.0,0.0,0.0,0.0,0.0,0.0,2.191780821917808,2.191780821917808,0.0,0.0,4.931506849315069,0.547945205479452,5.47945205479452,0.0,0.0,0.0,0.0,0.0,0.0,0.0,0.0,0.0,0.0,0.0,0.0,0.0,0.0,0.0,0.0,0.0,0.0
AdviceAnimals,0.0,0.0,0.0,0.0,0.0,0.0,0.0,0.6211180124223602,0.6211180124223602,0.0,0.0,6.211180124223603,0.0,3.1055900621118013,0.0,0.0,0.0,0.0,0.0,0.0,0.0,0.0,0.0,0.0,0.0,0.0,0.0,0.0,0.0,0.0,0.0,0.0
todayilearned,0.35211267605633806,0.0,0.0,0.0,0.0,0.0,0.0,0.35211267605633806,0.35211267605633806,0.0,0.0,7.394366197183098,0.0,3.873239436619718,0.0,0.35211267605633806,0.0,0.0,0.0,0.0,0.35211267605633806,0.0,0.0,0.0,0.0,0.0,0.0,0.0,0.0,0.0,0.0,0.0
politics,0.0,0.0,0.0,0.0,0.0,0.0,0.0,2.2222222222222223,0.0,0.0,0.0,3.3333333333333335,0.0,3.3333333333333335,0.0,0.0,0.0,0.0,0.0,0.0,0.0,0.0,2.2222222222222223,0.0,2.2222222222222223,0.0,0.0,0.0,0.0,0.0,0.0,0.0
politics,0.0,0.0,0.0,0.0,0.0,0.0,0.0,4.166666666666666,0.0,0.0,0.0,0.0,0.0,4.166666666666666,0.0,0.0,0.0,0.0,0.0,0.0,0.0,0.0,4.166666666666666,0.0,4.166666666666666,0.0,0.0,0.0,0.0,0.0,0.0,0.0
politics,0.0,0.0,0.0,0.0,0.0,0.0,0.0,0.0,0.0,0.0,0.0,4.411764705882353,0.0,5.88235294117647,0.0,0.0,0.0,0.0,0.0,0.0,0.0,0.0,0.0,0.0,0.0,0.0,0.0,0.0,0.0,0.0,0.0,0.0
todayilearned,0.0,0.0,0.0,0.0,0.0,0.0,0.0,3.205128205128205,3.205128205128205,0.0,0.0,0.641025641025641,0.0,4.487179487179487,0.0,0.0,0.0,0.0,0.0,0.0,0.641025641025641,0.0,0.0,0.0,0.0,0.0,0.0,0.0,0.0,0.0,0.0,0.0
todayilearned,0.0,0.0,0.0,0.0,0.0,0.0,0.0,2.631578947368421,2.631578947368421,0.0,0.0,5.263157894736842,0.0,4.605263157894736,0.0,0.6578947368421052,0.6578947368421052,0.0,0.0,0.0,0.0,0.0,0.6578947368421052,0.0,0.6578947368421052,0.0,0.0,0.0,0.0,0.0,0.0,0.0
todayilearned,0.0,0.0,0.0,0.0,0.0,0.0,0.0,0.0,0.0,0.0,0.0,5.376344086021505,0.0,5.376344086021505,0.0,0.0,0.0,0.0,0.0,0.0,0.0,0.0,0.0,0.0,0.0,0.0,0.0,0.0,0.0,0.0,0.0,0.0
pics,0.0,0.0,0.0,0.0,0.0,0.0,0.9708737864077669,0.0,0.0,0.0,0.0,2.912621359223301,0.0,4.854368932038835,0.0,0.0,0.0,0.0,0.0,0.0,0.0,0.0,0.0,0.0,0.0,0.0,0.0,0.0,0.0,0.0,0.0,0.0
pics,0.0,0.0,0.0,0.0,0.0,0.0,0.0,0.0,0.0,0.0,0.0,6.666666666666667,0.0,6.666666666666667,0.0,0.0,0.0,0.0,0.0,0.0,0.0,0.0,0.0,0.0,0.0,0.0,0.0,0.0,0.0,0.0,0.0,0.0
todayilearned,0.0,0.0,0.0,0.0,0.0,0.0,0.0,0.0,0.0,0.0,0.0,0.0,0.0,5.88235294117647,0.0,0.0,0.0,0.0,0.0,0.0,0.0,0.0,0.0,0.0,0.0,0.0,0.0,0.0,0.0,0.0,0.0,0.0
leagueoflegends,0.0,0.0,0.0,0.0,0.0,0.0,0.0,0.0,0.0,0.0,0.3105590062111801,5.900621118012422,1.2422360248447204,7.763975155279502,0.0,0.0,0.0,0.0,0.0,0.9316770186335404,0.0,0.0,0.0,0.0,0.0,0.0,0.0,0.0,0.0,0.0,0.0,0.0
leagueoflegends,0.0,0.0,0.0,0.0,0.0,0.0,0.0,0.0,0.0,0.0,0.0,1.9736842105263157,0.0,4.605263157894736,0.0,0.0,0.0,0.0,0.0,0.0,0.0,0.0,0.0,0.0,0.0,0.0,0.0,0.0,0.0,0.0,0.0,0.0
atheism,0.0,0.0,0.0,0.0,0.0,0.0,2.564102564102564,0.0,0.0,0.0,0.0,10.256410256410255,0.0,12.82051282051282,0.0,0.0,0.0,0.0,0.0,0.0,0.0,0.0,0.0,0.0,0.0,0.0,0.0,0.0,0.0,0.0,0.0,0.0
pics,0.0,0.0,0.0,0.0,0.0,0.0,0.0,0.0,0.0,0.0,0.0,50.0,0.0,0.0,0.0,0.0,0.0,0.0,0.0,0.0,0.0,0.0,0.0,0.0,0.0,0.0,0.0,0.0,0.0,0.0,0.0,0.0
atheism,0.0,0.0,0.0,0.0,0.0,0.0,0.0,0.5714285714285714,0.5714285714285714,0.0,0.0,2.857142857142857,0.0,4.571428571428571,0.0,0.0,0.0,0.0,0.0,0.0,0.0,0.0,0.0,0.0,0.0,0.0,0.0,0.0,0.0,0.0,0.0,0.0
leagueoflegends,2.4,0.0,0.0,0.0,0.0,0.0,0.0,0.0,0.0,0.0,0.0,7.199999999999999,1.6,2.4,0.0,3.2,0.0,0.0,0.0,0.0,0.0,0.0,0.0,0.0,0.0,0.0,0.0,0.0,0.0,0.0,0.0,0.0
gaming,0.0,0.0,0.0,0.0,0.0,0.0,0.0,2.0408163265306123,2.0408163265306123,0.0,0.0,4.081632653061225,0.0,4.081632653061225,0.0,0.0,0.0,0.0,0.0,0.0,0.0,0.0,0.0,0.0,0.0,0.0,0.0,0.0,0.0,0.0,0.0,0.0
gaming,0.0,0.0,0.0,0.0,0.0,0.0,0.0,1.0471204188481675,1.0471204188481675,0.0,0.0,3.1413612565445024,0.5235602094240838,5.7591623036649215,0.0,0.0,0.0,0.0,0.0,0.0,0.0,0.0,0.0,0.0,0.0,0.0,0.0,0.0,0.0,0.0,0.0,0.0
gaming,0.0,0.0,0.0,0.0,0.0,0.0,0.0,3.8095238095238098,3.8095238095238098,0.0,0.0,1.9047619047619049,0.0,4.761904761904762,0.0,0.0,0.0,0.0,0.0,0.0,0.0,0.0,0.0,0.0,0.0,0.0,0.0,0.0,0.0,0.0,0.0,0.0
gaming,0.0,0.0,0.0,0.0,0.0,0.0,0.0,1.282051282051282,1.282051282051282,0.0,2.564102564102564,3.8461538461538463,0.0,6.41025641025641,0.0,1.282051282051282,0.0,0.0,2.564102564102564,0.0,0.0,0.0,0.0,0.0,0.0,0.0,0.0,0.0,0.0,0.0,0.0,0.0
gaming,0.0,0.0,0.0,0.0,0.0,0.0,0.0,1.639344262295082,1.639344262295082,0.0,0.0,4.918032786885246,0.0,4.918032786885246,0.0,0.0,0.0,0.0,0.0,0.0,1.639344262295082,0.0,0.0,0.0,0.0,0.0,0.0,0.0,0.0,0.0,0.0,0.0
todayilearned,0.0,0.0,0.0,0.0,0.0,0.0,0.0,0.0,0.0,0.0,0.0,2.0408163265306123,0.0,8.16326530612245,0.0,0.0,0.0,0.0,0.0,0.0,0.0,0.0,0.0,0.0,0.0,0.0,0.0,0.0,0.0,0.0,0.0,0.0
gaming,0.0,0.0,0.0,0.0,0.0,0.0,0.0,0.0,0.0,0.0,0.0,3.225806451612903,0.0,6.451612903225806,0.0,0.0,0.0,0.0,0.0,0.0,0.0,0.0,0.0,0.0,0.0,0.0,0.0,0.0,0.0,0.0,0.0,0.0
gaming,0.0,0.0,0.0,0.0,0.0,0.0,0.0,0.0,0.0,0.0,0.0,7.0588235294117645,0.0,3.5294117647058822,0.0,0.0,0.0,0.0,0.0,0.0,0.5882352941176471,0.0,0.0,0.0,0.0,0.0,0.0,0.0,0.0,0.0,0.0,0.0
leagueoflegends,0.0,0.0,0.0,0.0,0.0,0.0,0.0,1.3333333333333335,1.3333333333333335,0.0,0.0,4.666666666666667,0.0,5.666666666666666,0.0,0.0,0.0,0.0,0.0,0.0,0.0,0.0,0.0,0.0,0.0,0.0,0.0,0.0,0.0,0.0,0.0,0.0
atheism,0.0,0.0,0.0,0.0,0.0,0.0,0.18450184501845018,0.9225092250922509,0.7380073800738007,0.0,0.0,2.952029520295203,0.0,3.505535055350553,0.0,0.7380073800738007,0.18450184501845018,0.0,0.0,2.029520295202952,0.5535055350553505,0.0,0.18450184501845018,0.0,0.18450184501845018,0.0,0.0,0.0,0.0,0.0,0.0,0.0
pics,0.0,0.0,0.0,0.0,0.0,0.0,0.0,0.0,0.0,0.0,0.0,2.0,0.0,6.0,0.0,0.0,0.0,0.0,0.0,0.0,0.0,0.0,0.0,0.0,0.0,0.0,0.0,0.0,0.0,0.0,0.0,0.0
pics,0.0,0.0,0.0,0.0,0.5882352941176471,0.0,0.0,0.5882352941176471,0.5882352941176471,0.0,0.0,4.117647058823529,0.0,3.5294117647058822,0.0,0.0,0.0,0.0,0.0,0.0,0.0,0.0,0.0,0.0,0.0,0.0,0.0,0.0,0.0,0.0,0.0,0.0
pics,0.0,0.0,0.0,0.0,0.0,0.0,0.0,0.0,0.0,0.0,0.0,7.317073170731707,0.0,4.878048780487805,0.0,0.0,0.0,0.0,0.0,0.0,0.0,0.0,0.0,0.0,0.0,0.0,0.0,0.0,0.0,0.0,0.0,0.0
politics,0.0,0.0,0.0,0.0,0.0,0.0,0.0,0.18050541516245489,0.18050541516245489,0.0,0.0,2.707581227436823,0.0,4.693140794223827,0.0,0.18050541516245489,0.0,0.0,0.0,0.0,0.36101083032490977,0.0,0.0,0.0,0.0,0.0,0.0,0.0,0.0,0.0,0.0,0.0
politics,0.0,0.0,0.0,0.0,0.0,0.0,0.0,0.36231884057971014,1.8115942028985508,0.0,0.0,6.521739130434782,0.0,6.159420289855073,0.0,0.0,0.0,0.0,0.0,0.0,0.0,0.0,0.0,0.0,0.0,0.0,0.0,0.0,0.0,0.0,0.0,0.0
pics,0.24390243902439024,0.0,0.0,0.0,0.0,0.0,0.0,0.4878048780487805,0.4878048780487805,0.0,0.24390243902439024,1.2195121951219512,0.0,8.536585365853659,0.0,0.0,0.0,0.0,0.4878048780487805,0.0,0.24390243902439024,0.0,0.0,0.0,0.0,0.0,0.0,0.0,0.0,0.0,0.0,0.0
gaming,1.0471204188481675,0.0,0.0,0.0,0.0,0.0,0.5235602094240838,0.0,0.0,0.0,0.0,3.1413612565445024,0.0,6.806282722513089,0.0,0.0,0.0,0.0,0.0,0.0,1.0471204188481675,0.0,0.0,0.0,0.0,0.0,0.0,0.0,0.0,0.0,0.0,0.0
todayilearned,0.0,0.0,0.0,0.0,0.0,0.0,0.0,0.5291005291005291,0.5291005291005291,0.0,0.0,6.349206349206349,0.0,5.291005291005291,0.0,0.0,0.0,0.0,0.0,0.0,0.0,0.0,0.0,0.0,0.0,0.0,0.0,0.0,0.0,0.0,0.0,0.0
todayilearned,0.0,0.0,0.0,0.0,0.0,0.0,0.0,0.0,0.0,0.0,0.0,0.0,0.0,4.0,0.0,0.0,0.0,0.0,0.0,0.0,0.0,0.0,0.0,0.0,0.0,0.0,0.0,0.0,0.0,0.0,0.0,0.0
todayilearned,0.0,0.0,0.0,0.0,0.0,0.0,0.0,0.0,0.0,0.0,0.0,2.564102564102564,0.0,0.0,0.0,0.0,0.0,0.0,0.0,0.0,2.564102564102564,0.0,0.0,0.0,0.0,0.0,0.0,0.0,0.0,0.0,0.0,0.0
todayilearned,0.0,0.0,0.0,0.0,0.0,0.0,0.0,2.127659574468085,2.127659574468085,0.0,0.0,1.0638297872340425,0.0,6.382978723404255,0.0,0.0,0.0,0.0,0.0,0.0,0.0,0.0,0.0,0.0,0.0,0.0,0.0,0.0,0.0,0.0,0.0,0.0
funny,0.0,0.0,0.0,0.0,0.0,0.0,0.0,1.0309278350515463,1.0309278350515463,0.0,0.0,4.123711340206185,0.0,2.0618556701030926,0.0,0.0,0.0,0.0,0.0,0.0,0.0,0.0,0.0,0.0,0.0,0.0,0.0,0.0,0.0,0.0,0.0,0.0
funny,0.0,0.0,0.0,0.0,0.0,0.0,0.0,0.0,0.0,0.0,0.0,6.63265306122449,0.0,7.142857142857142,0.0,0.0,0.0,0.0,0.0,0.0,0.0,0.0,0.0,0.0,0.0,0.0,0.0,0.0,0.0,0.0,0.0,0.0
politics,0.0,0.0,0.0,0.0,0.0,0.0,0.9009009009009009,0.0,0.0,0.0,0.0,2.7027027027027026,0.0,4.504504504504505,0.0,1.8018018018018018,0.0,0.0,0.0,1.8018018018018018,0.0,0.0,0.0,0.0,0.0,0.0,0.0,0.0,0.0,0.0,0.0,0.0
pics,0.0,0.0,0.0,0.0,0.0,0.0,0.0,0.0,0.0,0.0,0.0,4.0,0.0,12.0,0.0,0.0,0.0,0.0,0.0,0.0,0.0,0.0,0.0,0.0,0.0,0.0,0.0,0.0,0.0,0.0,0.0,0.0
gaming,0.0,0.0,0.0,0.0,0.0,0.0,0.0,0.8152173913043478,0.8152173913043478,0.0,0.0,6.25,0.0,4.3478260869565215,0.0,0.0,0.0,0.0,0.0,0.0,0.0,0.0,0.0,0.0,0.0,0.0,0.0,0.0,0.0,0.0,0.0,0.0
funny,0.0,0.0,0.0,0.0,0.0,0.0,0.0,0.0,0.0,0.0,0.0,2.7777777777777777,0.0,3.4722222222222223,0.0,0.0,0.0,0.0,0.0,0.0,0.0,0.0,0.0,0.0,0.0,0.0,0.0,0.0,0.0,0.0,0.0,0.0
pics,0.0,0.0,0.0,0.0,0.0,0.0,1.0752688172043012,0.0,0.0,0.0,0.0,0.0,0.0,5.376344086021505,0.0,0.0,0.0,0.0,0.0,0.0,0.0,0.0,0.0,0.0,0.0,0.0,0.0,0.0,0.0,0.0,0.0,0.0
pics,0.0,0.0,0.0,0.0,0.0,0.0,0.0,3.571428571428571,2.380952380952381,0.0,0.0,1.1904761904761905,0.0,5.952380952380952,0.0,0.0,0.0,0.0,0.0,0.0,0.0,0.0,1.1904761904761905,0.0,1.1904761904761905,0.0,0.0,0.0,0.0,0.0,0.0,0.0
gaming,0.0,0.0,0.0,0.0,0.0,0.0,0.0,1.3071895424836601,1.3071895424836601,0.0,0.0,4.57516339869281,0.0,4.57516339869281,0.0,3.2679738562091507,0.0,0.0,0.0,0.0,0.0,0.0,0.0,0.0,0.0,0.0,0.0,0.0,0.0,0.0,0.0,0.0
atheism,0.0,0.0,0.0,0.0,0.0,0.0,0.0,0.4273504273504274,0.4273504273504274,0.0,0.0,4.273504273504273,0.0,5.128205128205128,0.0,0.0,0.0,0.0,0.0,0.0,0.0,0.0,0.0,0.0,0.0,0.0,0.0,0.0,0.0,0.0,0.0,0.0
atheism,0.0,0.0,0.0,0.0,0.0,0.0,0.0,1.1933174224343674,1.1933174224343674,0.0,0.0,9.307875894988067,1.431980906921241,3.8186157517899764,0.0,0.23866348448687352,0.0,0.0,0.0,0.47732696897374705,0.23866348448687352,0.0,0.0,0.0,0.0,0.0,0.0,0.0,0.0,0.0,0.0,0.0
gaming,0.0,0.0,0.0,0.0,0.0,0.0,0.0,0.7159904534606205,0.47732696897374705,0.0,0.0,6.205250596658711,0.0,6.205250596658711,0.0,0.0,0.0,0.0,0.0,0.0,0.23866348448687352,0.0,0.23866348448687352,0.0,0.23866348448687352,0.0,0.0,0.0,0.0,0.0,0.0,0.0
gaming,0.0,0.0,0.0,0.0,0.0,0.0,0.09689922480620156,0.5813953488372093,0.5813953488372093,0.0,0.0,2.131782945736434,0.0,5.62015503875969,0.0,0.09689922480620156,0.0,0.0,0.0,0.0,0.0,0.0,0.0,0.0,0.0,0.0,0.0,0.0,0.0,0.0,0.0,0.0
gaming,0.0,0.0,0.0,0.0,0.0,0.0,0.0,0.0,0.0,0.0,0.0,1.2048192771084338,0.0,3.614457831325301,0.0,0.0,0.0,0.0,0.0,0.0,0.0,0.0,0.0,0.0,0.0,0.0,0.0,0.0,0.0,0.0,0.0,0.0
leagueoflegends,0.0,0.0,0.0,0.0,0.0,0.0,0.0,0.7722007722007722,0.7722007722007722,0.0,0.0,5.405405405405405,0.0,3.861003861003861,0.0,0.0,0.3861003861003861,0.0,0.0,0.0,0.0,0.0,0.0,0.0,0.0,0.0,0.0,0.0,0.0,0.0,0.0,0.0
leagueoflegends,0.0,0.0,0.0,0.0,0.0,0.0,0.0,0.0,0.0,0.0,0.0,2.380952380952381,0.0,3.571428571428571,0.0,0.0,0.0,0.0,0.0,0.0,0.0,0.0,0.0,0.0,0.0,0.0,0.0,0.0,0.0,0.0,0.0,0.0
leagueoflegends,0.0,0.0,0.0,0.0,0.0,0.0,0.0,0.0,0.0,0.0,0.0,4.1522491349480966,0.0,5.190311418685121,0.0,1.0380622837370241,0.0,0.0,0.0,0.0,0.0,0.0,0.0,0.0,0.0,0.0,0.0,0.0,0.0,0.0,0.0,0.0
funny,0.0,0.0,0.0,0.0,0.0,0.0,0.0,0.0,0.0,0.0,0.0,4.761904761904762,0.0,4.761904761904762,0.0,0.0,0.0,0.0,0.0,0.0,0.0,0.0,0.0,0.0,0.0,0.0,0.0,0.0,0.0,0.0,0.0,0.0
todayilearned,0.0,0.0,0.0,0.0,0.0,0.0,0.0,0.5797101449275363,0.5797101449275363,0.0,0.0,5.217391304347826,0.0,3.4782608695652173,0.0,0.0,0.0,0.0,0.0,0.0,0.0,0.0,0.0,0.0,0.0,0.0,0.0,0.0,0.0,0.0,0.0,0.0
politics,0.0,0.0,0.0,0.0,0.0,0.0,0.0,0.0,0.0,0.0,0.0,6.172839506172839,0.0,4.938271604938271,0.0,0.0,0.0,0.0,0.0,0.0,0.411522633744856,0.0,0.0,0.0,0.0,0.0,0.0,0.0,0.0,0.0,0.0,0.0
politics,0.47393364928909953,0.0,0.0,0.0,0.0,0.47393364928909953,0.47393364928909953,0.47393364928909953,0.47393364928909953,0.0,0.0,3.3175355450236967,0.0,6.161137440758294,0.0,0.47393364928909953,0.0,0.0,0.0,0.0,0.9478672985781991,0.0,0.0,0.0,0.0,0.0,0.0,0.0,0.0,0.0,0.0,0.0
atheism,0.0,0.0,0.0,0.0,0.0,0.0,0.0,0.0,0.0,2.941176470588235,0.0,2.941176470588235,0.0,0.0,0.0,2.941176470588235,0.0,0.0,0.0,0.0,2.941176470588235,0.0,0.0,0.0,0.0,0.0,0.0,0.0,0.0,0.0,0.0,0.0
gaming,0.0,0.0,0.0,0.0,0.0,0.0,1.1235955056179776,0.0,0.0,0.0,0.0,4.49438202247191,0.0,4.49438202247191,0.0,0.0,0.0,0.0,0.0,0.0,0.0,0.0,0.0,0.0,0.0,0.0,0.0,0.0,0.0,0.0,0.0,0.0
pics,0.0,0.0,0.0,0.0,0.0,0.0,0.0,4.761904761904762,0.0,0.0,0.0,1.5873015873015872,0.0,3.1746031746031744,0.0,4.761904761904762,0.0,0.0,0.0,0.0,0.0,0.0,4.761904761904762,0.0,4.761904761904762,0.0,0.0,0.0,0.0,0.0,0.0,0.0
politics,0.0,0.0,0.0,0.0,0.9375,0.0,0.0,1.25,0.9375,0.0,0.0,5.9375,0.0,2.8125,0.0,0.0,0.0,0.0,0.0,0.3125,0.625,0.0,0.3125,0.0,0.3125,0.0,0.0,0.0,0.0,0.0,0.0,0.0
leagueoflegends,0.0,0.0,0.0,0.0,0.0,0.0,0.0,1.282051282051282,1.282051282051282,0.0,0.0,1.282051282051282,0.0,3.8461538461538463,0.0,0.0,0.0,0.0,0.0,0.0,0.0,0.0,0.0,0.0,0.0,0.0,0.0,0.0,0.0,0.0,0.0,0.0
atheism,1.3793103448275863,0.0,0.0,0.0,0.0,0.0,0.0,0.0,0.0,0.0,0.0,2.0689655172413794,0.0,6.206896551724138,0.0,1.3793103448275863,0.0,0.0,0.0,0.0,0.0,0.0,0.0,0.0,0.0,0.0,0.0,0.0,0.0,0.0,0.0,0.0
atheism,0.0,0.0,0.0,0.0,0.0,0.0,0.0,1.8867924528301887,1.8867924528301887,1.8867924528301887,0.0,1.8867924528301887,0.0,7.547169811320755,0.0,0.0,1.8867924528301887,0.0,1.8867924528301887,0.0,0.0,0.0,0.0,0.0,0.0,0.0,0.0,0.0,0.0,0.0,0.0,0.0
todayilearned,0.0,0.0,0.0,0.0,0.0,0.0,0.0,0.0,0.0,0.0,0.0,5.063291139240507,0.0,3.79746835443038,0.0,1.2658227848101267,0.0,0.0,0.0,0.0,0.0,0.0,0.0,0.0,0.0,0.0,0.0,0.0,0.0,0.0,0.0,0.0
pics,0.0,0.0,0.0,0.0,0.0,0.0,0.0,0.0,0.0,0.0,0.0,5.343511450381679,0.0,4.580152671755725,0.0,0.0,0.0,0.0,0.0,0.0,0.0,0.0,0.0,0.0,0.0,0.0,0.0,0.0,0.0,0.0,0.0,0.0
leagueoflegends,0.0,0.0,0.0,0.0,0.0,0.0,0.0,0.0,0.0,0.0,2.2222222222222223,0.0,0.0,8.88888888888889,0.0,0.0,0.0,0.0,0.0,0.0,0.0,0.0,0.0,0.0,0.0,0.0,0.0,0.0,0.0,0.0,0.0,0.0
pics,0.0,0.0,0.0,0.0,0.0,0.91324200913242,0.0,0.0,0.0,0.0,0.0,4.5662100456621,0.0,6.392694063926941,0.0,0.0,0.0,0.0,0.0,0.0,1.82648401826484,0.0,0.0,0.0,0.0,0.0,0.0,0.0,0.0,0.0,0.0,0.0
gaming,0.0,0.0,0.0,0.0,0.0,0.0,0.0,1.7543859649122806,0.0,0.0,0.0,10.526315789473683,0.0,5.263157894736842,0.0,0.0,0.0,0.0,0.0,0.0,0.0,0.0,1.7543859649122806,0.0,1.7543859649122806,0.0,0.0,0.0,0.0,0.0,0.0,0.0
gaming,0.0,0.0,0.0,0.0,0.0,0.0,0.0,0.0,0.0,0.0,0.0,2.2556390977443606,0.0,6.7669172932330826,0.0,0.0,0.0,0.0,0.0,0.0,0.0,0.0,0.0,0.0,0.0,0.0,0.0,0.0,0.0,0.0,0.0,0.0
gaming,0.0,0.0,0.0,0.0,0.0,0.0,0.0,0.0,0.0,0.0,0.0,2.2222222222222223,0.0,4.444444444444445,0.0,0.0,0.0,0.0,0.0,0.0,0.0,0.0,0.0,0.0,0.0,0.0,0.0,0.0,0.0,0.0,0.0,0.0
gaming,0.18484288354898337,0.0,0.0,0.0,0.18484288354898337,0.0,0.0,0.7393715341959335,0.9242144177449169,0.0,0.0,1.6635859519408502,0.0,3.8817005545286505,0.0,1.1090573012939002,0.0,0.0,0.18484288354898337,0.0,0.18484288354898337,0.0,0.0,0.0,0.0,0.0,0.0,0.0,0.0,0.0,0.0,0.0
pics,0.0,0.0,0.0,0.0,0.0,0.0,0.0,0.0,0.0,0.0,0.0,0.0,0.0,7.6923076923076925,0.0,0.0,0.0,0.0,0.0,0.0,0.0,0.0,0.0,0.0,0.0,0.0,0.0,0.0,0.0,0.0,0.0,0.0
explainlikeimfive,0.7575757575757576,0.0,0.0,0.0,1.5151515151515151,0.0,0.0,4.545454545454546,3.787878787878788,0.0,0.7575757575757576,0.7575757575757576,0.0,3.787878787878788,0.0,0.7575757575757576,0.0,0.0,0.0,0.0,0.0,0.0,0.0,0.0,0.0,0.0,0.0,0.0,0.0,0.0,0.0,0.0
pics,0.0,0.0,0.0,0.0,0.0,0.0,0.0,0.0,0.0,0.0,0.0,6.153846153846154,0.0,6.153846153846154,0.0,0.0,0.0,0.0,0.0,0.0,0.0,0.0,0.0,0.0,0.0,0.0,0.0,0.0,0.0,0.0,0.0,0.0
funny,0.0,0.0,0.0,0.0,0.0,0.0,0.0,3.125,3.125,0.0,0.0,3.125,0.0,12.5,0.0,0.0,0.0,0.0,0.0,0.0,0.0,0.0,0.0,0.0,0.0,0.0,0.0,0.0,0.0,0.0,0.0,0.0
funny,0.0,0.0,0.0,0.0,0.0,0.0,0.0,0.0,0.0,0.0,0.0,4.285714285714286,0.0,5.0,0.0,0.7142857142857143,0.0,0.0,0.0,0.0,0.0,0.0,0.0,0.0,0.0,0.0,0.0,0.0,0.0,0.0,0.0,0.0
gaming,0.0,0.0,0.0,1.3888888888888888,0.0,0.0,0.0,0.0,0.0,0.0,0.0,9.722222222222223,0.0,8.333333333333332,0.0,0.0,0.0,0.0,0.0,0.0,1.3888888888888888,0.0,0.0,0.0,0.0,0.0,0.0,0.0,0.0,0.0,0.0,0.0
gaming,1.0869565217391304,0.0,0.0,0.0,0.0,0.0,0.0,1.0869565217391304,1.0869565217391304,0.0,0.0,5.434782608695652,0.0,6.521739130434782,0.0,0.0,0.0,0.0,0.0,0.0,0.0,0.0,0.0,0.0,0.0,0.0,0.0,0.0,0.0,0.0,0.0,0.0
gaming,0.0,0.0,0.0,0.0,0.0,2.4390243902439024,0.0,0.0,0.0,0.0,0.0,2.4390243902439024,0.0,4.878048780487805,0.0,0.0,0.0,0.0,0.0,0.0,0.0,0.0,0.0,0.0,0.0,0.0,0.0,0.0,0.0,0.0,0.0,0.0
gaming,0.0,0.0,0.0,0.0,0.0,0.0,0.0,0.0,0.0,0.0,0.0,6.956521739130435,0.0,6.956521739130435,0.0,0.0,0.0,0.0,0.0,0.0,0.0,0.0,0.0,0.0,0.0,0.0,0.0,0.0,0.0,0.0,0.0,0.0
gaming,0.0,0.0,0.0,0.0,0.0,0.0,0.0,0.0,0.0,0.0,0.0,5.555555555555555,0.0,11.11111111111111,0.0,0.0,0.0,0.0,11.11111111111111,0.0,0.0,0.0,0.0,0.0,0.0,0.0,0.0,0.0,0.0,0.0,0.0,0.0
pics,0.0,0.0,0.0,0.0,0.0,0.0,0.0,0.0,0.0,0.0,0.0,3.3707865168539324,0.0,4.49438202247191,0.0,0.0,1.1235955056179776,0.0,0.0,0.0,0.0,0.0,0.0,0.0,0.0,0.0,0.0,0.0,0.0,0.0,0.0,0.0
gaming,0.0,0.0,0.0,0.0,0.0,0.0,0.0,4.444444444444445,4.444444444444445,0.0,0.0,8.88888888888889,0.0,6.666666666666667,0.0,0.0,0.0,0.0,0.0,0.0,0.0,0.0,0.0,0.0,0.0,0.0,0.0,0.0,0.0,0.0,0.0,0.0
leagueoflegends,0.0,0.0,0.0,0.0,1.36986301369863,0.0,0.0,0.0,0.0,0.0,0.0,2.73972602739726,0.0,6.8493150684931505,0.0,0.0,0.0,0.0,0.0,0.0,0.0,0.0,0.0,0.0,0.0,0.0,0.0,0.0,0.0,0.0,0.0,0.0
politics,0.0,0.0,0.0,0.0,0.0,0.0,0.0,0.0,0.0,0.0,0.0,0.0,0.0,0.0,0.0,0.0,0.0,0.0,0.0,0.0,0.0,0.0,0.0,0.0,0.0,0.0,0.0,0.0,0.0,0.0,0.0,0.0
pics,0.43859649122807015,0.0,0.0,0.0,0.0,0.0,0.0,0.21929824561403508,1.3157894736842104,0.0,0.0,4.166666666666666,0.0,4.605263157894736,0.0,0.0,0.0,0.0,0.0,0.0,0.0,0.0,0.0,0.0,0.0,0.0,0.0,0.0,0.0,0.0,0.0,0.0
funny,0.0,0.0,0.0,0.0,0.0,0.0,0.0,0.0,0.0,0.0,0.0,3.3333333333333335,0.0,6.666666666666667,0.0,0.0,0.0,0.0,0.0,0.0,0.0,0.0,0.0,0.0,0.0,0.0,0.0,0.0,0.0,0.0,0.0,0.0
pics,0.0,0.0,0.0,0.0,0.0,0.0,0.0,0.0,0.0,0.0,0.0,4.918032786885246,0.0,6.557377049180328,0.0,0.0,0.0,0.0,0.0,0.0,0.0,0.0,0.0,0.0,0.0,0.0,0.0,0.0,0.0,0.0,0.0,0.0
atheism,0.0,0.0,0.0,0.0,0.0,0.0,0.0,0.7772020725388601,0.7772020725388601,0.0,0.0,6.994818652849741,0.0,3.3678756476683938,0.0,0.0,0.0,0.0,0.0,0.0,0.7772020725388601,0.0,0.0,0.0,0.0,0.0,0.0,0.0,0.0,0.0,0.0,0.0
gaming,0.0,0.0,0.0,0.0,0.0,0.0,0.0,0.6269592476489028,0.6269592476489028,0.0,0.0,4.702194357366771,0.0,7.523510971786834,0.0,0.0,0.0,0.0,0.0,0.0,0.0,0.0,0.0,0.0,0.0,0.0,0.0,0.0,0.0,0.0,0.0,0.0
pics,0.0,0.0,0.0,0.0,0.0,0.0,0.0,0.0,0.0,0.0,0.0,4.40251572327044,0.0,5.031446540880504,0.0,0.0,0.628930817610063,0.0,0.0,0.0,0.0,0.0,0.0,0.0,0.0,0.0,0.0,0.0,0.0,0.0,0.0,0.0
todayilearned,0.0,0.0,0.0,0.0,0.43103448275862066,0.0,0.0,1.7241379310344827,1.7241379310344827,0.0,0.0,5.603448275862069,0.0,4.310344827586207,0.0,0.0,0.0,0.0,0.0,0.0,0.43103448275862066,0.0,0.0,0.0,0.0,0.0,0.0,0.0,0.0,0.0,0.0,0.0
todayilearned,0.0,0.0,0.0,0.0,0.0,0.0,0.8830022075055187,0.22075055187637968,0.22075055187637968,0.0,0.0,5.298013245033113,0.0,2.4282560706401766,0.0,0.22075055187637968,0.22075055187637968,0.0,0.0,0.0,0.44150110375275936,0.0,0.0,0.0,0.0,0.0,0.0,0.0,0.0,0.0,0.0,0.0
todayilearned,0.0,0.0,0.0,0.0,0.0,0.0,1.4799154334038054,0.8456659619450317,0.8456659619450317,0.0,0.0,3.171247357293869,0.0,4.439746300211417,0.0,0.42283298097251587,0.0,0.0,0.0,0.0,0.42283298097251587,0.0,0.0,0.0,0.0,0.0,0.0,0.0,0.0,0.0,0.0,0.0
pics,0.0,0.0,0.0,0.0,0.0,0.0,0.0,0.0,0.0,0.0,0.0,5.88235294117647,0.0,5.88235294117647,0.0,0.0,0.0,0.0,0.0,0.0,0.0,0.0,0.0,0.0,0.0,0.0,0.0,0.0,0.0,0.0,0.0,0.0
pics,0.0,0.0,0.0,0.0,0.0,0.0,0.0,4.590163934426229,2.2950819672131146,0.0,0.0,3.934426229508197,0.0,2.9508196721311477,0.0,0.6557377049180327,0.0,0.0,0.0,0.0,0.0,0.0,2.2950819672131146,0.0,2.2950819672131146,0.0,0.0,0.0,0.0,0.0,0.0,0.0
atheism,0.0,0.0,0.0,0.0,0.0,0.0,0.0,0.0,0.0,0.0,0.0,5.555555555555555,0.0,6.666666666666667,0.0,0.0,0.0,0.0,0.0,0.0,0.0,0.0,0.0,0.0,0.0,0.0,0.0,0.0,0.0,0.0,0.0,0.0
atheism,0.0,0.0,0.0,0.0,0.0,0.0,0.0,0.0,0.0,0.0,0.0,3.864734299516908,0.966183574879227,6.763285024154589,0.0,0.0,0.4830917874396135,0.0,0.0,0.0,0.4830917874396135,0.0,0.0,0.0,0.0,0.0,0.0,0.0,0.0,0.0,0.0,0.0
atheism,0.0,0.0,0.0,0.0,0.0,0.0,2.631578947368421,2.1052631578947367,2.1052631578947367,0.0,0.0,2.631578947368421,0.0,4.2105263157894735,0.0,0.0,0.0,0.0,0.0,0.0,0.0,0.0,0.0,0.0,0.0,0.0,0.0,0.0,0.0,0.0,0.0,0.0
gaming,0.0,0.0,0.0,0.0,0.0,0.0,0.0,0.0,0.0,0.0,0.0,1.7699115044247788,0.0,4.424778761061947,0.0,0.8849557522123894,0.0,0.0,0.0,0.0,1.7699115044247788,0.0,0.0,0.0,0.0,0.0,0.0,0.0,0.0,0.0,0.0,0.0
pics,0.0,0.0,0.0,0.0,0.0,0.0,0.0,1.744186046511628,0.0,0.0,0.0,2.9069767441860463,0.0,7.55813953488372,0.0,0.0,0.0,0.0,0.0,0.5813953488372093,0.5813953488372093,0.0,1.744186046511628,0.0,1.744186046511628,0.0,0.0,0.0,0.0,0.0,0.0,0.0
todayilearned,0.3731343283582089,0.0,0.0,0.0,0.0,0.0,0.0,0.0,0.0,0.0,0.0,6.343283582089552,0.0,2.6119402985074625,0.0,0.3731343283582089,0.0,0.0,0.0,0.0,0.7462686567164178,0.0,0.3731343283582089,0.0,0.0,0.0,0.0,0.0,0.0,0.0,0.0,0.0
todayilearned,0.0,0.0,0.0,0.0,0.0,0.0,0.0,0.0,0.0,0.0,0.0,3.79746835443038,0.0,5.063291139240507,0.0,0.0,0.0,0.0,0.0,0.0,0.0,0.0,0.0,0.0,0.0,0.0,0.0,0.0,0.0,0.0,0.0,0.0
todayilearned,0.0,0.0,0.0,0.0,0.0,0.0,0.0,1.7241379310344827,1.7241379310344827,0.0,0.0,5.172413793103448,0.0,3.4482758620689653,0.0,0.0,0.0,0.0,0.0,0.0,0.0,0.0,0.0,0.0,0.0,0.0,0.0,0.0,0.0,0.0,0.0,0.0
todayilearned,0.0,0.0,0.0,0.0,0.0,0.0,1.3986013986013985,0.0,0.0,0.0,0.0,2.797202797202797,0.0,4.195804195804196,0.0,0.0,0.6993006993006993,0.0,0.0,0.0,0.0,0.0,0.0,0.0,0.0,0.0,0.0,0.0,0.0,0.0,0.0,0.0
politics,0.0,0.0,0.0,0.0,0.0,0.0,0.0,0.0,0.0,0.0,0.0,0.0,0.0,0.0,0.0,0.0,0.0,0.0,0.0,0.0,0.0,0.0,0.0,0.0,0.0,0.0,0.0,0.0,0.0,0.0,0.0,0.0
explainlikeimfive,0.0,0.0,0.0,0.0,0.0,0.0,0.0,0.0,0.0,0.0,0.0,6.25,0.0,4.861111111111112,0.0,0.0,0.0,0.0,0.0,0.0,0.0,0.0,0.0,0.0,0.0,0.0,0.0,0.0,0.0,0.0,0.0,0.0
atheism,0.0,0.0,0.0,0.0,0.0,0.0,0.0,0.8849557522123894,0.8849557522123894,0.0,0.0,6.1946902654867255,0.8849557522123894,4.867256637168142,0.0,0.4424778761061947,0.0,0.0,0.0,0.0,0.8849557522123894,0.0,0.0,0.0,0.0,0.0,0.0,0.0,0.0,0.0,0.0,0.0
atheism,0.0,0.0,0.0,0.0,0.0,0.0,0.0,0.9375,0.9375,0.0,0.0,6.5625,0.0,6.875000000000001,0.0,0.3125,0.0,0.0,0.0,0.0,0.0,0.0,0.3125,0.0,0.3125,0.0,0.0,0.0,0.0,0.0,0.0,0.0
atheism,0.0,0.0,0.0,0.0,0.0,0.0,0.0,2.4390243902439024,0.0,0.0,0.0,0.0,2.4390243902439024,2.4390243902439024,0.0,2.4390243902439024,0.0,0.0,0.0,0.0,2.4390243902439024,0.0,2.4390243902439024,0.0,2.4390243902439024,0.0,0.0,0.0,0.0,0.0,0.0,0.0
politics,0.0,0.0,0.0,0.0,0.0,0.0,0.0,0.0,0.0,0.0,0.0,5.111111111111112,0.8888888888888888,2.2222222222222223,0.0,0.2222222222222222,0.0,0.0,0.0,0.0,0.2222222222222222,0.0,0.0,0.0,0.0,0.0,0.0,0.0,0.0,0.0,0.0,0.0
leagueoflegends,1.4705882352941175,0.0,0.0,0.0,0.0,0.0,0.0,0.0,0.0,0.0,0.0,4.411764705882353,0.0,4.411764705882353,0.0,0.0,0.0,0.0,0.0,0.0,0.0,0.0,0.0,0.0,0.0,0.0,0.0,0.0,0.0,0.0,0.0,0.0
leagueoflegends,0.0,0.0,0.0,0.0,0.0,0.0,0.0,0.0,0.0,0.0,0.0,1.7241379310344827,0.0,5.172413793103448,0.0,0.0,0.0,0.0,0.0,0.0,0.0,0.0,0.0,0.0,0.0,0.0,0.0,0.0,0.0,0.0,0.0,0.0
explainlikeimfive,0.9615384615384616,0.0,0.0,0.0,0.0,0.0,0.0,1.6025641025641024,1.6025641025641024,0.0,0.0,5.448717948717949,0.0,7.051282051282051,0.0,0.641025641025641,0.0,0.0,0.0,0.0,0.0,0.0,0.0,0.0,0.0,0.0,0.0,0.0,0.0,0.0,0.0,0.0
explainlikeimfive,0.0,0.0,0.0,0.0,0.0,0.0,0.0,0.0,0.0,0.0,0.0,7.368421052631578,0.0,5.263157894736842,0.0,0.0,0.0,0.0,0.0,0.0,0.0,0.0,0.0,0.0,0.0,0.0,0.0,0.0,0.0,0.0,0.0,0.0
explainlikeimfive,0.0,0.0,0.0,0.0,0.32573289902280134,0.0,0.0,1.3029315960912053,1.3029315960912053,0.0,0.0,6.514657980456026,0.0,4.88599348534202,0.0,0.32573289902280134,0.0,0.0,0.0,0.0,0.32573289902280134,0.0,0.0,0.0,0.0,0.0,0.0,0.0,0.0,0.0,0.0,0.0
pics,0.0,0.0,0.0,0.2638522427440633,0.2638522427440633,0.0,0.0,0.5277044854881267,0.5277044854881267,0.0,0.0,5.013192612137203,0.0,3.95778364116095,0.0,0.2638522427440633,0.0,0.0,0.0,0.0,0.0,0.0,0.0,0.0,0.0,0.0,0.0,0.0,0.0,0.0,0.0,0.0
pics,0.0,0.0,0.0,0.0,0.0,0.0,0.0,0.0,0.0,0.0,0.0,2.941176470588235,0.0,8.823529411764707,0.0,0.0,0.0,0.0,0.0,0.0,0.0,0.0,0.0,0.0,0.0,0.0,0.0,0.0,0.0,0.0,0.0,0.0
politics,0.0,0.0,0.0,3.6764705882352944,0.0,0.0,0.0,1.4705882352941175,1.4705882352941175,0.0,0.0,2.941176470588235,0.0,4.411764705882353,0.0,0.7352941176470588,0.0,0.0,0.0,0.0,0.0,0.0,0.0,0.0,0.0,0.0,0.0,0.0,0.0,0.0,0.0,0.0
atheism,0.0,0.0,0.0,0.0,0.0,0.0,0.0,0.0,0.0,0.0,0.0,4.166666666666666,0.0,5.555555555555555,0.0,0.0,0.0,0.0,0.0,0.0,0.0,0.0,0.0,0.0,0.0,0.0,0.0,0.0,0.0,0.0,0.0,0.0
pics,1.5625,0.0,0.0,0.0,0.0,0.0,0.0,0.0,0.0,0.0,0.0,10.9375,0.0,3.125,0.0,1.5625,0.0,0.0,0.0,0.0,0.0,0.0,0.0,0.0,0.0,0.0,0.0,0.0,0.0,0.0,0.0,0.0
funny,0.0,0.0,0.0,0.0,0.0,0.0,0.0,0.0,0.0,0.0,0.0,4.3478260869565215,0.0,4.3478260869565215,0.0,0.0,0.0,0.0,0.0,0.0,4.3478260869565215,0.0,0.0,0.0,0.0,0.0,0.0,0.0,0.0,0.0,0.0,0.0
gaming,0.0,0.0,0.0,0.0,0.0,0.0,0.0,0.0,0.0,0.0,0.0,0.0,0.0,0.0,0.0,0.0,0.0,0.0,0.0,0.0,0.0,0.0,0.0,0.0,0.0,0.0,0.0,0.0,0.0,0.0,0.0,0.0
gaming,0.0,0.0,0.0,0.0,0.0,0.0,0.0,0.42194092827004215,1.2658227848101267,0.0,0.0,5.485232067510549,0.0,8.016877637130802,0.0,0.0,0.0,0.0,0.0,0.0,0.0,0.0,0.0,0.0,0.0,0.0,0.0,0.0,0.0,0.0,0.0,0.0
todayilearned,0.0,0.0,0.0,0.0,0.0,0.0,0.0,0.0,0.0,0.0,0.0,4.0,0.0,8.0,0.0,0.0,0.0,0.0,0.0,0.0,0.0,0.0,0.0,0.0,0.0,0.0,0.0,0.0,0.0,0.0,0.0,0.0
atheism,1.5706806282722512,0.0,0.0,0.0,0.0,0.0,0.0,0.0,0.0,0.0,0.0,3.664921465968586,0.0,5.7591623036649215,0.0,0.5235602094240838,0.0,0.0,0.0,0.0,1.0471204188481675,0.0,0.0,0.0,0.0,0.0,0.0,0.0,0.0,0.0,0.0,0.0
gaming,0.33003300330033003,0.0,0.0,0.0,0.0,0.0,0.0,0.0,0.0,0.0,0.0,3.6303630363036308,0.33003300330033003,6.270627062706271,0.0,0.0,0.0,0.0,0.0,0.0,0.0,0.0,0.0,0.0,0.0,0.0,0.0,0.0,0.0,0.0,0.0,0.0
funny,0.0,0.0,0.0,0.0,0.0,0.0,0.0,1.3605442176870748,1.3605442176870748,0.0,0.0,4.761904761904762,0.0,4.761904761904762,0.0,0.0,0.0,0.0,0.0,0.0,0.0,0.0,0.0,0.0,0.0,0.0,0.0,0.0,0.0,0.0,0.0,0.0
atheism,0.0,0.0,0.0,0.0,0.0,0.0,0.0,0.0,0.0,0.0,0.0,3.896103896103896,0.0,3.896103896103896,0.0,0.0,0.0,0.0,0.0,0.0,0.0,0.0,0.0,0.0,0.0,0.0,0.0,0.0,0.0,0.0,0.0,0.0
atheism,0.0,0.0,0.0,0.0,0.0,0.0,0.0,1.1235955056179776,1.1235955056179776,0.0,0.0,3.3707865168539324,0.0,4.49438202247191,0.0,0.0,0.0,0.0,0.0,0.0,1.1235955056179776,0.0,0.0,0.0,0.0,0.0,0.0,0.0,0.0,0.0,0.0,0.0
atheism,0.0,0.0,0.0,0.0,0.0,0.0,0.0,0.45662100456621,0.45662100456621,0.0,0.0,4.10958904109589,0.0,5.0228310502283104,0.0,0.0,0.0,0.0,0.0,0.0,0.0,0.0,0.0,0.0,0.0,0.0,0.0,0.0,0.0,0.0,0.0,0.0
politics,0.0,0.0,0.0,0.0,0.0,0.0,0.0,0.0,0.0,0.0,0.0,0.0,3.4482758620689653,6.896551724137931,0.0,0.0,0.0,0.0,0.0,0.0,0.0,0.0,0.0,0.0,0.0,0.0,0.0,0.0,0.0,0.0,0.0,0.0
atheism,0.0,0.0,0.0,0.0,1.3157894736842104,0.0,0.0,0.0,0.0,0.0,0.0,1.3157894736842104,0.0,5.263157894736842,0.0,1.3157894736842104,0.0,0.0,0.0,0.0,0.0,0.0,0.0,0.0,0.0,0.0,0.0,0.0,0.0,0.0,0.0,0.0
atheism,0.0,0.0,0.0,0.0,0.0,0.0,0.0,0.9389671361502347,0.9389671361502347,0.0,0.0,4.851330203442879,0.0,2.503912363067293,0.0,0.1564945226917058,0.0,0.0,0.0,0.0,0.0,0.0,0.0,0.0,0.0,0.0,0.0,0.0,0.0,0.0,0.0,0.0
atheism,0.0,0.0,0.0,0.0,0.0,0.0,0.0,0.0,0.0,0.0,0.0,2.7586206896551726,0.0,5.517241379310345,0.0,0.0,0.0,0.0,0.0,0.0,1.3793103448275863,0.0,0.0,0.0,0.0,0.0,0.0,0.0,0.0,0.0,0.0,0.0
atheism,0.0,0.0,0.0,0.0,0.0,0.0,0.0,0.0,0.0,0.0,0.0,0.0,0.0,4.166666666666666,0.0,0.0,0.0,0.0,0.0,0.0,0.0,0.0,0.0,0.0,0.0,0.0,0.0,0.0,0.0,0.0,0.0,0.0
politics,0.0,0.0,0.0,0.0,0.0,0.0,0.0,1.7241379310344827,1.7241379310344827,0.0,0.0,0.0,0.0,4.310344827586207,0.0,0.0,0.0,0.0,0.0,0.0,0.0,0.0,0.0,0.0,0.0,0.0,0.0,0.0,0.0,0.0,0.0,0.0
politics,0.0,0.0,0.0,0.0,0.0,0.0,0.0,0.0,0.0,0.0,0.0,2.5316455696202533,0.0,2.5316455696202533,0.0,0.0,0.0,0.0,0.0,0.0,1.2658227848101267,0.0,0.0,0.0,0.0,0.0,0.0,0.0,0.0,0.0,0.0,0.0
AdviceAnimals,0.0,0.0,1.0204081632653061,0.0,1.0204081632653061,0.0,1.0204081632653061,0.0,0.0,0.0,0.0,7.142857142857142,0.0,5.1020408163265305,0.0,0.0,0.0,0.0,0.0,0.0,0.0,0.0,0.0,0.0,0.0,0.0,0.0,0.0,0.0,0.0,0.0,0.0
AdviceAnimals,0.0,0.0,0.0,0.0,0.0,0.0,0.0,0.0,0.0,0.0,0.0,2.73972602739726,0.0,6.8493150684931505,0.0,0.0,0.0,0.0,0.0,0.0,0.0,0.0,0.0,0.0,0.0,0.0,0.0,0.0,0.0,0.0,0.0,0.0
AdviceAnimals,0.0,0.0,0.0,0.0,0.0,0.0,0.0,0.6024096385542169,0.2008032128514056,0.0,0.0,3.815261044176707,0.0,3.815261044176707,0.0,0.2008032128514056,0.2008032128514056,0.0,0.0,0.0,0.4016064257028112,0.0,0.2008032128514056,0.0,0.2008032128514056,0.0,0.0,0.0,0.0,0.0,0.0,0.0
gaming,0.0,0.0,0.0,0.0,0.0,0.0,0.0,0.0,0.0,0.0,0.0,3.4090909090909087,0.0,3.977272727272727,0.0,0.5681818181818182,0.0,0.0,0.0,0.0,0.0,0.0,0.0,0.0,0.0,0.0,0.0,0.0,0.0,0.0,0.0,0.0
gaming,0.0,0.0,0.0,0.0,0.0,0.0,0.0,0.0,0.0,0.0,0.0,4.411764705882353,0.0,2.941176470588235,0.0,0.0,0.0,0.0,0.0,0.0,0.0,0.0,0.0,0.0,0.0,0.0,0.0,0.0,0.0,0.0,0.0,0.0
funny,14.285714285714285,0.0,0.0,0.0,0.0,0.0,0.0,0.0,0.0,0.0,0.0,0.0,0.0,0.0,0.0,0.0,0.0,0.0,0.0,0.0,0.0,0.0,0.0,0.0,0.0,0.0,0.0,0.0,0.0,0.0,0.0,0.0
funny,0.0,0.0,0.0,0.0,0.0,0.0,0.0,0.0,0.0,0.0,0.0,5.357142857142857,0.0,7.142857142857142,0.0,1.7857142857142856,0.0,0.0,0.0,0.0,0.0,0.0,0.0,0.0,0.0,0.0,0.0,0.0,0.0,0.0,0.0,0.0
atheism,0.33003300330033003,0.0,0.0,0.0,0.0,0.0,0.0,0.33003300330033003,0.33003300330033003,0.0,0.0,1.3201320132013201,0.0,3.3003300330033,0.0,0.33003300330033003,0.0,0.0,0.0,0.0,1.9801980198019802,0.0,0.0,0.0,0.0,0.0,0.0,0.0,0.0,0.0,0.0,0.0
gaming,0.0,0.0,0.0,0.4149377593360996,0.0,0.0,0.0,0.8298755186721992,0.8298755186721992,0.0,0.0,6.224066390041494,0.0,2.0746887966804977,0.8298755186721992,0.0,0.0,0.0,0.0,0.0,0.0,0.0,0.0,0.0,0.0,0.0,0.0,0.0,0.0,0.0,0.0,0.0
atheism,0.14825796886582654,0.0,0.0,0.0,0.07412898443291327,0.0,0.0,0.2965159377316531,0.4447739065974796,0.0,0.0,5.559673832468495,0.07412898443291327,4.29948109710897,0.0,0.07412898443291327,0.2223869532987398,0.0,0.0,0.2223869532987398,0.2223869532987398,0.0,0.0,0.0,0.0,0.0,0.0,0.0,0.0,0.0,0.0,0.0
gaming,0.0,0.0,0.0,0.0,0.0,0.0,0.0,1.9801980198019802,1.9801980198019802,0.0,0.0,1.9801980198019802,0.0,2.9702970297029703,0.0,0.0,0.0,0.0,0.0,0.0,0.0,0.0,0.0,0.0,0.0,0.0,0.0,0.0,0.0,0.0,0.0,0.0
gaming,0.0,0.0,0.0,0.0,0.9803921568627451,0.0,0.0,0.0,0.0,0.0,0.0,6.862745098039216,0.0,5.88235294117647,0.0,0.0,0.0,0.0,0.0,0.0,0.0,0.0,0.0,0.0,0.0,0.0,0.0,0.0,0.0,0.0,0.0,0.0
gaming,0.975609756097561,0.0,0.0,0.975609756097561,0.0,0.0,0.0,0.4878048780487805,0.4878048780487805,0.0,0.0,2.9268292682926833,3.414634146341464,2.4390243902439024,0.0,0.975609756097561,0.0,0.0,0.0,0.0,0.975609756097561,0.0,0.0,0.0,0.0,0.0,0.0,0.0,0.0,0.0,0.0,0.0
gaming,0.0,0.0,0.0,0.0,0.0,0.0,0.0,0.0,0.0,0.0,0.0,2.857142857142857,0.0,5.714285714285714,0.0,0.0,0.0,0.0,0.0,0.0,0.0,0.0,0.0,0.0,0.0,0.0,0.0,0.0,0.0,0.0,0.0,0.0
gaming,0.0,0.0,0.0,0.0,0.0,0.0,0.0,1.8181818181818181,1.8181818181818181,0.0,0.0,3.6363636363636362,0.0,3.6363636363636362,0.0,0.0,0.0,0.0,0.0,0.0,0.0,0.0,0.0,0.0,0.0,0.0,0.0,0.0,0.0,0.0,0.0,0.0
gaming,0.0,0.0,0.0,0.0,0.0,0.0,0.0,0.0,0.0,0.0,0.0,4.166666666666666,0.0,8.333333333333332,0.0,0.0,0.0,0.0,0.0,0.0,0.0,0.0,0.0,0.0,0.0,0.0,0.0,0.0,0.0,0.0,0.0,0.0
gaming,0.8403361344537815,0.0,0.0,0.0,0.0,0.0,0.0,0.42016806722689076,0.42016806722689076,0.0,0.0,2.100840336134454,0.42016806722689076,2.100840336134454,0.0,0.42016806722689076,0.0,0.0,0.0,0.0,0.0,0.0,0.0,0.0,0.0,0.0,0.0,0.0,0.0,0.0,0.0,0.0
gaming,0.0,0.0,0.0,0.0,0.0,0.0,0.27472527472527475,1.9230769230769231,1.9230769230769231,0.0,0.0,5.769230769230769,0.0,4.670329670329671,0.0,0.5494505494505495,0.0,0.0,0.0,0.0,0.5494505494505495,0.0,0.0,0.0,0.0,0.0,0.0,0.0,0.0,0.0,0.0,0.0
atheism,0.0,0.0,0.0,0.0,0.0,0.0,0.0,0.625,0.625,0.0,0.0,5.625,0.625,5.0,0.0,0.0,0.0,0.0,0.0,0.0,0.0,0.0,0.0,0.0,0.0,0.0,0.0,0.0,0.0,0.0,0.0,0.0
atheism,0.0,0.0,0.0,0.0,0.0,0.0,0.0,0.0,0.0,0.0,0.0,7.8431372549019605,0.0,3.9215686274509802,0.0,0.0,0.0,0.0,0.0,0.0,0.0,0.0,0.0,0.0,0.0,0.0,0.0,0.0,0.0,0.0,0.0,0.0
atheism,0.0,0.0,0.0,0.0,0.0,0.0,0.0,3.508771929824561,3.508771929824561,0.0,0.0,1.7543859649122806,0.0,7.017543859649122,0.0,0.0,0.0,0.0,0.0,0.0,0.0,0.0,0.0,0.0,0.0,0.0,0.0,0.0,0.0,0.0,0.0,0.0
explainlikeimfive,0.0,0.0,0.0,0.0,0.0,0.0,0.0,0.0,1.2345679012345678,0.0,0.0,3.0864197530864197,0.0,4.320987654320987,0.0,0.0,0.0,0.0,0.0,0.0,0.0,0.0,0.0,0.0,0.0,0.0,0.0,0.0,0.0,0.0,0.0,0.0
politics,0.0,0.0,0.0,0.0,0.0,0.0,0.0,0.0,0.0,0.0,0.0,2.1739130434782608,0.0,7.608695652173914,0.0,0.0,0.5434782608695652,0.0,0.0,0.0,0.0,0.0,0.0,0.0,0.0,0.0,0.0,0.0,0.0,0.0,0.0,0.0
politics,0.0,0.0,0.0,0.0,0.0,0.0,2.8846153846153846,0.9615384615384616,0.9615384615384616,0.0,0.0,7.6923076923076925,0.0,3.3653846153846154,0.0,0.0,0.0,0.0,0.0,0.0,0.9615384615384616,0.0,0.0,0.0,0.0,0.0,0.0,0.0,0.0,0.0,0.0,0.0
politics,0.0,0.0,0.0,0.0,0.0,0.0,0.0,0.0,0.0,0.0,0.0,15.686274509803921,0.0,5.88235294117647,0.0,1.9607843137254901,0.0,0.0,0.0,0.0,0.0,0.0,0.0,0.0,0.0,0.0,0.0,0.0,0.0,0.0,0.0,0.0
gaming,0.0,0.0,0.0,0.0,0.0,0.0,0.0,0.0,0.0,0.0,0.0,4.166666666666666,0.0,8.333333333333332,0.0,0.0,0.0,0.0,0.0,0.0,0.0,0.0,0.0,0.0,0.0,0.0,0.0,0.0,0.0,0.0,0.0,0.0
atheism,0.0,0.0,0.0,0.0,0.0,0.0,0.0,0.0,0.0,0.0,0.0,3.7578288100208765,0.0,4.175365344467641,0.0,0.20876826722338201,0.20876826722338201,0.0,0.0,0.0,0.41753653444676403,0.0,0.0,0.0,0.0,0.0,0.0,0.0,0.0,0.0,0.0,0.0
gaming,0.0,0.0,0.0,1.7241379310344827,0.0,0.0,0.0,0.0,0.0,0.0,0.0,6.896551724137931,0.0,5.172413793103448,0.0,0.0,0.0,0.0,0.0,0.0,0.0,0.0,0.0,0.0,0.0,0.0,0.0,0.0,0.0,0.0,0.0,0.0
gaming,0.0,0.0,0.0,0.0,0.0,0.0,0.0,0.0,0.0,0.0,0.0,9.090909090909092,0.0,2.272727272727273,0.0,0.0,0.0,0.0,0.0,0.0,0.0,0.0,0.0,0.0,0.0,0.0,0.0,0.0,0.0,0.0,0.0,0.0
gaming,0.0,0.0,0.0,0.0,0.0,0.0,0.0,0.0,0.0,0.0,0.0,5.0,0.0,5.0,0.0,0.0,0.0,0.0,0.0,0.0,0.0,0.0,0.0,0.0,0.0,0.0,0.0,0.0,0.0,0.0,0.0,0.0
gaming,0.0999000999000999,0.0,0.0,0.0999000999000999,0.0,0.1998001998001998,0.3996003996003996,0.0999000999000999,0.0999000999000999,0.0,0.0,6.193806193806194,0.0,6.693306693306693,0.0,0.5994005994005994,0.0,0.0,0.0,0.0,0.0,0.0,0.0,0.0,0.0,0.0,0.0,0.0,0.0,0.0,0.0,0.0
politics,0.0,0.0,0.0,0.0,0.0,0.0,0.0,0.0,0.0,0.0,0.0,2.5974025974025974,0.0,6.493506493506493,0.0,0.0,0.0,0.0,0.0,0.0,0.0,0.0,0.0,0.0,0.0,0.0,0.0,0.0,0.0,0.0,0.0,0.0
funny,0.0,0.0,0.0,0.0,0.0,0.0,0.0,0.0,0.0,0.0,0.0,4.132231404958678,0.0,7.43801652892562,0.0,0.8264462809917356,0.0,0.0,0.0,0.0,0.8264462809917356,0.0,0.0,0.0,0.0,0.0,0.0,0.0,0.0,0.0,0.0,0.0
atheism,0.0,0.0,0.0,0.0,0.0,0.0,0.0,0.0,0.0,0.0,0.0,3.0303030303030303,0.0,3.0303030303030303,0.0,0.0,0.0,0.0,0.0,0.0,0.0,0.0,0.0,0.0,0.0,0.0,0.0,0.0,0.0,0.0,0.0,0.0
pics,0.0,0.0,0.0,0.0,0.0,0.0,0.0,0.0,0.0,0.0,0.0,2.380952380952381,0.0,2.380952380952381,0.0,2.380952380952381,0.0,0.0,0.0,0.0,9.523809523809524,0.0,0.0,0.0,0.0,0.0,0.0,0.0,0.0,0.0,0.0,0.0
AdviceAnimals,0.0,0.0,0.0,1.7467248908296942,0.43668122270742354,0.0,0.0,0.8733624454148471,0.8733624454148471,0.0,0.0,6.986899563318777,0.0,5.240174672489083,0.0,0.43668122270742354,0.0,0.0,0.0,0.0,0.0,0.0,0.0,0.0,0.0,0.0,0.0,0.0,0.0,0.0,0.0,0.0
funny,0.0,0.0,0.0,0.0,1.5625,0.0,0.0,0.0,0.0,0.0,0.0,3.125,0.0,6.25,0.0,7.8125,0.0,0.0,0.0,0.0,0.0,0.0,0.0,0.0,0.0,0.0,0.0,0.0,0.0,0.0,0.0,0.0
pics,0.0,0.0,0.0,0.0,0.0,0.0,0.0,1.1235955056179776,1.1235955056179776,0.0,0.0,10.112359550561797,0.0,4.49438202247191,0.0,0.0,0.0,0.0,0.0,0.0,1.1235955056179776,0.0,0.0,0.0,0.0,0.0,0.0,0.0,0.0,0.0,0.0,0.0
funny,0.0,0.0,0.0,0.0,0.0,0.0,0.5076142131979695,0.0,1.015228426395939,0.0,0.0,3.5532994923857872,0.0,2.030456852791878,0.0,0.5076142131979695,0.0,0.0,0.0,0.0,0.5076142131979695,0.0,0.0,0.0,0.0,0.0,0.0,0.0,0.0,0.0,0.0,0.0
funny,0.0,0.0,0.0,0.0,0.0,0.0,1.9607843137254901,0.0,0.0,0.0,0.0,0.9803921568627451,0.0,1.9607843137254901,0.0,0.0,0.0,0.0,0.0,0.0,1.9607843137254901,0.0,0.0,0.0,0.0,0.0,0.0,0.0,0.0,0.0,0.0,0.0
funny,0.0,0.0,0.0,0.0,0.0,0.0,0.0,0.0,0.0,0.0,0.0,1.7421602787456445,0.0,3.1358885017421603,0.0,0.34843205574912894,0.0,0.0,0.34843205574912894,0.0,0.6968641114982579,0.0,0.0,0.0,0.0,0.0,0.0,0.0,0.0,0.0,0.0,0.0
politics,0.0,0.0,0.0,0.0,0.0,0.0,0.0,0.7874015748031495,0.0,0.0,0.0,4.724409448818897,0.0,6.299212598425196,0.0,0.0,0.0,0.0,0.0,0.0,0.0,0.0,0.7874015748031495,0.0,0.7874015748031495,0.0,0.0,0.0,0.0,0.0,0.0,0.0
politics,0.0,0.0,0.0,0.0,0.0,0.0,0.0,0.0,0.0,0.0,0.0,4.888888888888889,0.0,6.222222222222222,0.0,0.0,0.0,0.0,0.0,0.0,0.0,0.0,0.0,0.0,0.0,0.0,0.0,0.0,0.0,0.0,0.0,0.0
atheism,0.906344410876133,0.0,0.0,0.0,0.0,0.0,0.0,0.0,0.0,0.0,0.0,3.927492447129909,0.0,4.531722054380665,0.0,0.6042296072507553,0.6042296072507553,0.0,0.0,0.0,0.0,0.0,0.0,0.0,0.0,0.0,0.0,0.0,0.0,0.0,0.0,0.0
funny,0.0,0.0,0.0,0.0,0.0,0.0,0.0,0.0,0.0,0.0,0.0,3.1446540880503147,0.0,2.515723270440252,0.0,0.0,0.0,0.0,0.0,0.0,1.257861635220126,0.0,0.0,0.0,0.0,0.0,0.0,0.0,0.0,0.0,0.0,0.0
pics,0.0,0.0,0.0,0.0,0.0,0.0,0.0,0.0,0.0,0.0,0.0,5.223880597014925,0.0,5.970149253731343,0.0,0.0,0.0,0.0,0.0,0.0,0.0,0.0,0.0,0.0,0.0,0.0,0.0,0.0,0.0,0.0,0.0,0.0
AdviceAnimals,0.819672131147541,0.0,0.0,0.0,0.0,0.819672131147541,0.0,0.819672131147541,0.819672131147541,0.0,0.0,7.377049180327869,0.0,3.278688524590164,0.0,0.819672131147541,0.0,0.0,0.0,0.0,0.0,0.0,0.0,0.0,0.0,0.0,0.0,0.0,0.0,0.0,0.0,0.0
AdviceAnimals,0.672645739910314,0.0,0.0,0.0,0.0,0.0,0.0,0.672645739910314,0.672645739910314,0.0,0.0,2.690582959641256,0.0,3.811659192825112,0.0,0.0,0.0,0.0,0.0,0.0,1.5695067264573992,0.0,0.0,0.0,0.0,0.0,0.0,0.0,0.0,0.0,0.0,0.0
atheism,0.0,0.0,0.0,0.0,0.0,0.0,0.0,0.0,0.0,0.0,0.0,4.938271604938271,0.0,4.938271604938271,0.0,0.0,0.0,0.0,0.0,0.0,0.0,0.0,0.0,0.0,0.0,0.0,0.0,0.0,0.0,0.0,0.0,0.0
gaming,0.0,0.0,0.0,0.0,0.4149377593360996,0.0,0.0,1.2448132780082988,0.8298755186721992,0.0,0.0,3.7344398340248963,0.0,3.7344398340248963,0.0,0.0,0.4149377593360996,0.0,0.0,0.0,0.0,0.0,0.4149377593360996,0.0,0.4149377593360996,0.0,0.0,0.0,0.0,0.0,0.0,0.0
gaming,0.0,0.0,0.0,0.0,0.0,0.0,0.0,0.0,0.0,0.0,0.0,5.128205128205128,0.0,2.564102564102564,0.0,0.0,0.0,0.0,0.0,0.0,0.0,0.0,0.0,0.0,0.0,0.0,0.0,0.0,0.0,0.0,0.0,0.0
atheism,0.0,0.0,0.0,0.0,0.0,0.0,0.0,1.06951871657754,1.06951871657754,0.0,0.0,4.81283422459893,0.0,4.27807486631016,0.0,0.53475935828877,0.0,0.0,0.0,0.0,0.0,0.0,0.0,0.0,0.0,0.0,0.0,0.0,0.0,0.0,0.0,0.0
atheism,0.0,0.0,0.0,0.0,0.0,0.0,0.0,0.49019607843137253,0.49019607843137253,0.0,0.0,4.411764705882353,0.0,4.901960784313726,0.0,0.49019607843137253,0.0,0.0,0.0,0.0,0.9803921568627451,0.0,0.0,0.0,0.0,0.0,0.0,0.0,0.0,0.0,0.0,0.0
funny,0.0,0.0,0.0,0.0,0.0,0.0,0.0,2.7777777777777777,0.0,0.0,0.0,0.0,0.0,2.7777777777777777,0.0,0.0,0.0,0.0,0.0,0.0,0.0,0.0,2.7777777777777777,0.0,2.7777777777777777,0.0,0.0,0.0,0.0,0.0,0.0,0.0
gaming,0.21321961620469082,0.0,0.0,0.0,0.21321961620469082,0.0,0.0,0.6396588486140725,0.6396588486140725,0.0,0.0,4.904051172707889,0.0,5.11727078891258,0.0,0.0,0.0,0.0,0.0,0.0,0.0,0.0,0.0,0.0,0.0,0.0,0.0,0.0,0.0,0.0,0.0,0.0
gaming,0.0,0.0,0.0,0.0,0.0,0.0,1.4705882352941175,0.7352941176470588,0.7352941176470588,0.0,0.0,2.941176470588235,0.0,7.352941176470589,0.0,0.0,0.0,0.0,0.0,0.0,0.0,0.0,0.0,0.0,0.0,0.0,0.0,0.0,0.0,0.0,0.0,0.0
politics,0.0,0.0,0.0,0.0,0.0,0.0,0.0,1.0101010101010102,1.0101010101010102,0.0,0.0,3.0303030303030303,0.0,4.040404040404041,0.0,0.0,0.0,0.0,0.0,0.0,2.0202020202020203,0.0,0.0,0.0,0.0,0.0,0.0,0.0,0.0,0.0,0.0,0.0
atheism,0.0,0.0,0.0,0.0,0.0,0.0,0.21598272138228944,0.4319654427645789,0.4319654427645789,0.0,0.0,3.455723542116631,0.0,4.103671706263499,0.0,0.6479481641468683,0.0,0.0,0.0,0.0,0.0,0.0,0.0,0.0,0.0,0.0,0.0,0.0,0.0,0.0,0.0,0.0
pics,0.0,0.0,0.0,0.0,0.21929824561403508,0.0,0.0,1.0964912280701753,1.5350877192982455,0.0,0.0,3.289473684210526,0.0,4.605263157894736,0.0,0.43859649122807015,0.0,0.0,0.0,0.0,0.21929824561403508,0.0,0.0,0.0,0.0,0.0,0.0,0.0,0.0,0.0,0.0,0.0
politics,0.0,0.0,0.0,0.0,0.41841004184100417,0.0,0.0,1.2552301255230125,1.2552301255230125,0.0,0.0,6.2761506276150625,0.0,4.184100418410042,0.0,0.41841004184100417,0.0,0.41841004184100417,0.0,0.0,0.41841004184100417,0.0,0.41841004184100417,0.0,0.41841004184100417,0.0,0.0,0.0,0.0,0.0,0.0,0.0
politics,0.0,0.0,0.0,0.0,0.0,0.0,0.0,0.38461538461538464,0.38461538461538464,0.0,0.0,2.6923076923076925,0.0,3.076923076923077,0.0,0.0,0.0,0.0,0.0,0.0,0.0,0.0,0.0,0.0,0.0,0.0,0.0,0.0,0.0,0.0,0.0,0.0
politics,0.0,0.0,0.0,0.0,0.0,0.0,0.0,0.0,0.0,0.0,0.0,5.923344947735192,0.0,5.2264808362369335,0.0,0.0,0.0,0.0,0.0,0.34843205574912894,0.0,0.0,0.0,0.0,0.0,0.0,0.0,0.0,0.0,0.0,0.0,0.0
politics,0.0,0.0,0.0,0.0,0.0,0.0,0.0,0.0,0.0,0.0,0.0,2.247191011235955,0.0,6.741573033707865,0.0,0.0,0.0,0.0,0.0,0.0,0.0,0.0,0.0,0.0,0.0,0.0,0.0,0.0,0.0,0.0,0.0,0.0
funny,0.0,0.0,0.0,0.0,0.0,0.0,0.0,0.0,0.0,0.0,0.0,7.6923076923076925,0.0,5.769230769230769,0.0,0.0,0.0,0.0,0.0,0.0,0.0,0.0,0.0,0.0,0.0,0.0,0.0,0.0,0.0,0.0,0.0,0.0
funny,0.0,0.0,0.0,0.0,0.0,0.0,0.0,0.0,0.0,0.0,0.0,1.9607843137254901,0.0,5.88235294117647,0.0,0.0,0.0,0.0,0.0,0.0,0.0,0.0,0.0,0.0,0.0,0.0,0.0,0.0,0.0,0.0,0.0,0.0
funny,0.0,0.0,0.0,0.0,0.0,0.0,0.0,0.0,0.0,0.0,0.0,2.3529411764705883,0.0,4.705882352941177,0.0,0.0,0.0,0.0,0.0,0.0,0.0,0.0,0.0,0.0,0.0,0.0,0.0,0.0,0.0,0.0,0.0,0.0
funny,0.0,0.0,0.0,0.0,0.0,0.0,1.25,1.25,0.0,0.0,0.0,6.25,0.0,7.5,0.0,0.0,0.0,0.0,0.0,0.0,0.0,0.0,1.25,0.0,1.25,0.0,0.0,0.0,0.0,0.0,0.0,0.0
funny,0.0,0.0,0.0,0.0,0.40816326530612246,0.0,0.0,0.40816326530612246,0.40816326530612246,0.0,0.0,6.938775510204081,0.0,6.122448979591836,0.0,0.40816326530612246,0.0,0.0,0.0,0.0,2.4489795918367347,0.0,0.0,0.0,0.0,0.0,0.0,0.0,0.0,0.0,0.0,0.0
politics,0.0,0.0,0.0,0.0,0.0,0.0,0.7462686567164178,0.0,0.0,0.0,0.0,0.0,0.0,8.208955223880597,0.0,0.0,0.0,0.0,0.0,0.0,8.208955223880597,0.0,0.0,0.0,0.0,0.0,0.0,0.0,0.0,0.0,0.0,0.0
funny,0.0,0.0,0.0,0.18018018018018017,0.0,0.0,0.0,0.9009009009009009,0.9009009009009009,0.0,0.0,5.045045045045045,0.0,5.225225225225225,0.0,0.0,0.0,0.0,0.0,0.0,0.0,0.0,0.0,0.0,0.0,0.0,0.0,0.0,0.0,0.0,0.0,0.0
gaming,0.0,0.0,0.0,0.0,2.272727272727273,0.0,0.0,2.272727272727273,2.272727272727273,0.0,0.0,0.0,0.0,4.545454545454546,0.0,0.0,0.0,0.0,0.0,0.0,0.0,0.0,0.0,0.0,0.0,0.0,0.0,0.0,0.0,0.0,0.0,0.0
gaming,0.0,0.0,0.0,0.0,0.0,0.0,0.0,0.0,0.0,0.0,0.0,3.1914893617021276,0.0,6.382978723404255,0.0,1.0638297872340425,0.0,0.0,0.0,0.0,0.0,0.0,0.0,0.0,0.0,0.0,0.0,0.0,0.0,0.0,0.0,0.0
gaming,0.0,0.0,0.0,0.0,0.0,0.0,0.0,0.0,0.0,0.0,0.0,4.918032786885246,0.0,8.19672131147541,0.0,0.0,0.0,0.0,0.0,0.0,0.0,0.0,0.0,0.0,0.0,0.0,0.0,0.0,0.0,0.0,0.0,0.0
politics,0.16260162601626016,0.0,0.0,0.3252032520325203,0.3252032520325203,0.0,0.0,0.6504065040650406,0.4878048780487805,0.0,0.0,1.951219512195122,1.3008130081300813,4.227642276422764,0.0,0.0,0.0,0.0,0.0,0.0,0.6504065040650406,0.0,0.16260162601626016,0.0,0.16260162601626016,0.0,0.0,0.0,0.0,0.0,0.0,0.0
pics,0.0,0.0,0.0,3.8461538461538463,0.0,0.0,0.0,0.0,0.0,0.0,0.0,3.8461538461538463,0.0,3.8461538461538463,0.0,0.0,0.0,0.0,0.0,0.0,0.0,0.0,0.0,0.0,0.0,0.0,0.0,0.0,0.0,0.0,0.0,0.0
atheism,0.0,0.0,0.0,0.0,0.0,0.0,2.0408163265306123,0.0,0.0,0.0,0.0,5.442176870748299,1.3605442176870748,2.7210884353741496,0.0,0.6802721088435374,0.0,0.0,0.0,0.0,0.0,0.0,0.0,0.0,0.0,0.0,0.0,0.0,0.0,0.0,0.0,0.0
funny,0.0,0.0,0.0,0.0,0.0,0.0,0.0,0.0,0.0,0.0,0.0,6.25,0.0,6.25,0.0,0.0,0.0,0.0,0.0,0.0,0.0,0.0,0.0,0.0,0.0,0.0,0.0,0.0,0.0,0.0,0.0,0.0
AdviceAnimals,0.0,0.0,0.0,0.0,0.0,0.0,0.0,2.380952380952381,2.380952380952381,0.0,0.0,8.333333333333332,0.0,5.952380952380952,0.0,0.0,0.0,0.0,0.0,0.0,0.0,0.0,0.0,0.0,0.0,0.0,0.0,0.0,0.0,0.0,0.0,0.0
atheism,0.0,0.0,0.0,0.0,0.0,0.0,0.0,0.0,0.0,0.0,0.0,4.824561403508771,0.0,4.824561403508771,0.0,0.43859649122807015,0.0,0.0,0.0,0.0,0.0,0.0,0.0,0.0,0.0,0.0,0.0,0.0,0.0,0.0,0.0,0.0
atheism,0.0,0.0,0.0,0.0,0.0,0.0,0.2680965147453083,0.2680965147453083,0.0,0.0,0.0,6.166219839142091,0.0,4.557640750670242,0.0,0.5361930294906166,0.0,0.0,0.0,0.0,0.0,0.0,0.2680965147453083,0.0,0.2680965147453083,0.0,0.0,0.0,0.0,0.0,0.0,0.0
pics,0.0,0.0,0.0,0.0,0.0,0.0,1.7857142857142856,0.0,0.0,0.0,0.0,17.857142857142858,0.0,1.7857142857142856,0.0,0.0,0.0,0.0,0.0,0.0,0.0,0.0,0.0,0.0,0.0,0.0,0.0,0.0,0.0,0.0,0.0,0.0
pics,0.0,0.0,0.0,0.0,0.0,0.0,0.0,0.30864197530864196,0.30864197530864196,0.0,0.0,4.62962962962963,0.0,5.864197530864197,0.0,0.6172839506172839,0.0,0.0,0.0,0.0,0.0,0.0,0.0,0.0,0.0,0.0,0.0,0.0,0.0,0.0,0.0,0.0
pics,0.0,0.0,0.0,0.0,0.0,0.0,0.0,0.0,0.0,0.0,0.0,6.349206349206349,0.5291005291005291,6.349206349206349,0.0,1.5873015873015872,0.0,0.0,0.0,0.0,0.5291005291005291,0.0,0.0,0.0,0.0,0.0,0.0,0.0,0.0,0.0,0.0,0.0
gaming,0.0,0.0,0.0,0.0,0.0,0.0,0.0,0.0,0.0,0.0,0.0,0.0,0.0,0.0,0.0,0.0,0.0,0.0,0.0,0.0,2.941176470588235,0.0,0.0,0.0,0.0,0.0,0.0,0.0,0.0,0.0,0.0,0.0
pics,0.0,0.0,0.0,0.0,0.0,0.0,0.0,2.586206896551724,1.7241379310344827,0.0,0.0,5.172413793103448,0.0,4.310344827586207,0.0,0.0,0.0,0.0,0.0,0.0,0.0,0.0,0.8620689655172413,0.0,0.8620689655172413,0.0,0.0,0.0,0.0,0.0,0.0,0.0
politics,0.0,0.0,0.0,0.0,0.0,0.0,2.28310502283105,1.82648401826484,1.82648401826484,0.0,0.0,9.1324200913242,0.45662100456621,4.10958904109589,0.0,0.45662100456621,0.0,0.0,0.0,0.0,0.0,0.0,0.0,0.0,0.0,0.0,0.0,0.0,0.0,0.0,0.0,0.0
politics,0.0,0.0,0.0,0.0,0.0,0.0,0.0,0.0,0.0,0.0,0.0,7.741935483870968,0.0,7.096774193548387,0.0,0.0,0.0,0.0,0.0,0.0,0.0,0.0,0.0,0.0,0.0,0.0,0.0,0.0,0.0,0.0,0.0,0.0
pics,0.0,0.0,0.0,0.0,0.0,0.0,0.0,0.0,0.0,0.0,0.0,11.11111111111111,0.0,11.11111111111111,0.0,5.555555555555555,0.0,0.0,0.0,5.555555555555555,0.0,0.0,0.0,0.0,0.0,0.0,0.0,0.0,0.0,0.0,0.0,0.0
gaming,0.0,0.0,0.0,0.0,0.0,0.0,0.0,0.0,0.0,0.0,0.0,6.25,0.0,3.125,0.0,0.0,0.0,0.0,0.0,0.0,1.5625,0.0,0.0,0.0,0.0,0.0,0.0,0.0,0.0,0.0,0.0,0.0
gaming,0.6024096385542169,0.0,0.0,0.0,0.0,0.6024096385542169,0.0,1.2048192771084338,1.2048192771084338,0.0,0.0,0.0,0.0,1.8072289156626504,0.0,0.0,0.0,0.0,0.0,0.0,0.6024096385542169,0.0,0.0,0.0,0.0,0.0,0.0,0.0,0.0,0.0,0.0,0.0
gaming,0.0,0.0,0.0,0.0,0.0,0.0,0.0,1.2903225806451613,1.2903225806451613,0.0,0.0,4.086021505376344,0.43010752688172044,3.870967741935484,0.0,0.21505376344086022,0.21505376344086022,0.0,0.0,0.0,0.43010752688172044,0.0,0.0,0.0,0.0,0.0,0.0,0.0,0.0,0.0,0.0,0.0
pics,0.0,0.0,0.0,0.0,0.0,0.0,0.0,0.0,0.0,0.0,0.0,0.0,0.0,6.8181818181818175,0.0,0.0,0.0,0.0,0.0,0.0,0.0,0.0,0.0,0.0,0.0,0.0,0.0,0.0,0.0,0.0,0.0,0.0
pics,0.0,0.0,0.0,0.0,0.0,0.0,0.0,1.9417475728155338,1.9417475728155338,0.0,0.0,3.8834951456310676,0.0,5.825242718446602,0.0,1.9417475728155338,0.0,0.0,0.0,0.0,0.0,0.0,0.0,0.0,0.0,0.0,0.0,0.0,0.0,0.0,0.0,0.0
funny,0.0,0.0,0.0,0.0,0.0,0.0,0.0,0.0,0.0,0.0,0.0,7.368421052631578,0.0,1.0526315789473684,0.0,0.0,0.0,0.0,0.0,0.0,3.1578947368421053,0.0,0.0,0.0,0.0,0.0,0.0,0.0,0.0,0.0,0.0,0.0
explainlikeimfive,0.0,0.0,0.0,0.0,0.0,0.0,0.0,0.45662100456621,0.45662100456621,0.0,0.0,8.21917808219178,0.0,5.0228310502283104,0.0,0.45662100456621,0.0,0.0,0.0,0.0,0.0,0.0,0.0,0.0,0.0,0.0,0.0,0.0,0.0,0.0,0.0,0.0
gaming,0.0,0.0,0.0,0.0,0.0,0.0,0.0,1.06951871657754,1.06951871657754,0.0,0.0,0.0,0.0,5.347593582887701,0.0,0.0,0.0,0.0,0.0,0.0,0.0,0.0,0.0,0.0,0.0,0.0,0.0,0.0,0.0,0.0,0.0,0.0
gaming,0.0,0.0,0.0,4.10958904109589,0.0,0.0,0.0,0.0,0.0,0.0,0.0,1.36986301369863,0.0,4.10958904109589,0.0,0.0,0.0,0.0,0.0,0.0,1.36986301369863,0.0,1.36986301369863,0.0,1.36986301369863,0.0,0.0,0.0,0.0,0.0,0.0,0.0
gaming,0.0,0.0,0.0,0.423728813559322,0.0,0.0,0.0,0.423728813559322,0.423728813559322,0.0,0.0,4.23728813559322,0.0,2.9661016949152543,0.423728813559322,1.2711864406779663,0.423728813559322,0.0,0.0,0.0,0.0,0.0,0.0,0.0,0.0,0.0,0.0,0.0,0.0,0.0,0.0,0.0
atheism,0.0,0.0,0.0,0.0,0.0,0.0,0.0,0.9615384615384616,0.0,0.9615384615384616,0.0,6.730769230769231,0.9615384615384616,4.807692307692308,0.0,0.0,0.0,0.0,0.0,0.0,0.0,0.0,0.9615384615384616,0.0,0.9615384615384616,0.0,0.0,0.0,0.0,0.0,0.0,0.0
atheism,0.0,0.0,0.0,0.0,0.0,0.0,0.0,1.5463917525773196,1.5463917525773196,1.5463917525773196,0.5154639175257731,3.608247422680412,0.0,3.608247422680412,0.0,1.0309278350515463,0.0,0.0,0.5154639175257731,0.5154639175257731,0.0,0.0,0.0,0.0,0.0,0.0,0.0,0.0,0.0,0.0,0.0,0.0
funny,0.0,0.0,0.0,0.0,0.0,0.0,0.0,0.0,0.0,0.0,0.0,7.246376811594203,0.0,5.797101449275362,0.0,0.0,0.0,0.0,0.0,0.0,0.0,0.0,0.0,0.0,0.0,0.0,0.0,0.0,0.0,0.0,0.0,0.0
atheism,0.0,0.0,0.0,0.0,0.0,0.0,0.0,0.0,0.0,0.0,0.0,0.8333333333333334,0.0,6.666666666666667,0.0,0.0,0.0,0.0,0.0,0.8333333333333334,0.8333333333333334,0.0,0.0,0.0,0.0,0.0,0.0,0.0,0.0,0.0,0.0,0.0
politics,0.0,0.0,0.0,0.0,0.0,0.0,0.5434782608695652,1.0869565217391304,0.5434782608695652,0.0,0.0,1.6304347826086956,0.0,4.891304347826087,0.0,0.0,0.5434782608695652,0.0,0.0,0.0,0.0,0.0,0.5434782608695652,0.0,0.5434782608695652,0.0,0.0,0.0,0.0,0.0,0.0,0.0
funny,0.0,0.0,0.0,0.0,0.0,0.0,0.0,0.0,0.0,0.0,0.0,0.0,0.0,6.666666666666667,0.0,0.0,0.0,0.0,0.0,0.0,0.0,0.0,0.0,0.0,0.0,0.0,0.0,0.0,0.0,0.0,0.0,0.0
atheism,0.0,0.0,0.0,0.0,0.0,0.0,3.278688524590164,0.0,0.0,0.0,0.0,0.0,0.0,4.918032786885246,0.0,0.0,0.0,0.0,0.0,0.0,0.0,0.0,0.0,0.0,0.0,0.0,0.0,0.0,0.0,0.0,0.0,0.0
gaming,0.0,0.0,0.0,0.0,0.0,0.0,0.0,0.0,0.0,0.0,0.0,4.411764705882353,0.0,8.823529411764707,0.0,0.0,0.0,0.0,0.0,0.0,0.0,0.0,0.0,0.0,0.0,0.0,0.0,0.0,0.0,0.0,0.0,0.0
AdviceAnimals,0.0,0.0,0.0,0.0,0.0,0.0,0.0,0.0,0.0,0.0,0.0,5.343511450381679,0.0,6.106870229007633,0.0,0.0,0.0,0.0,0.0,0.0,0.0,0.0,0.0,0.0,0.0,0.0,0.0,0.0,0.0,0.0,0.0,0.0
AdviceAnimals,0.0,0.0,0.0,0.0,0.0,0.0,0.0,1.5384615384615385,1.5384615384615385,0.0,0.0,4.615384615384616,0.0,4.615384615384616,0.0,0.0,0.0,0.0,0.0,0.0,0.7692307692307693,0.0,0.0,0.0,0.0,0.0,0.0,0.0,0.0,0.0,0.0,0.0
AdviceAnimals,0.0,0.0,0.0,0.0,0.0,0.0,0.0,0.3952569169960474,0.3952569169960474,0.0,0.0,3.557312252964427,0.0,5.928853754940711,0.0,0.0,0.0,0.0,0.0,0.0,1.185770750988142,0.0,0.0,0.0,0.0,0.0,0.0,0.0,0.0,0.0,0.0,0.0
AdviceAnimals,0.0,0.0,0.0,0.0,0.0,0.0,0.0,0.42643923240938164,0.42643923240938164,0.0,0.0,2.771855010660981,0.0,4.264392324093817,0.0,0.0,0.0,0.0,0.0,0.0,0.21321961620469082,0.0,0.0,0.0,0.0,0.0,0.0,0.0,0.0,0.0,0.0,0.0
AdviceAnimals,0.25673940949935814,0.0,0.0,0.0,0.0,0.0,0.0,0.38510911424903727,0.38510911424903727,0.0,0.0,5.006418485237484,0.25673940949935814,5.134788189987163,0.0,0.0,0.0,0.0,0.0,0.0,0.25673940949935814,0.0,0.0,0.0,0.0,0.0,0.0,0.0,0.0,0.0,0.0,0.0
atheism,0.0,0.0,0.0,0.0,0.0,0.0,0.0,0.0,0.0,0.0,0.0,5.7591623036649215,0.0,3.664921465968586,0.0,0.0,0.0,0.0,0.0,0.0,0.5235602094240838,0.0,0.0,0.0,0.0,0.0,0.0,0.0,0.0,0.0,0.0,0.0
pics,0.0,0.0,0.0,0.0,0.0,0.0,0.0,0.9433962264150944,0.9433962264150944,0.0,0.0,6.60377358490566,0.0,4.716981132075472,0.0,0.0,0.0,0.0,0.0,0.0,0.0,0.0,0.0,0.0,0.0,0.0,0.0,0.0,0.0,0.0,0.0,0.0
gaming,0.0,0.0,0.0,0.0,0.0,0.0,0.0,0.3787878787878788,0.3787878787878788,0.0,0.0,3.787878787878788,0.0,4.545454545454546,0.0,0.0,0.0,0.0,0.0,0.0,0.0,0.0,0.0,0.0,0.0,0.0,0.0,0.0,0.0,0.0,0.0,0.0
gaming,0.0,0.0,0.0,0.0,0.0,0.0,0.0,0.0,0.0,0.0,0.0,3.90625,0.0,3.90625,0.0,0.0,0.0,0.0,0.0,0.0,0.0,0.0,0.0,0.0,0.0,0.0,0.0,0.0,0.0,0.0,0.0,0.0
pics,0.0,0.0,0.0,0.0,0.7042253521126761,0.0,0.0,0.0,0.0,0.0,0.0,5.633802816901409,0.0,7.042253521126761,0.0,0.0,0.0,0.0,0.0,0.0,0.0,0.0,0.0,0.0,0.0,0.0,0.0,0.0,0.0,0.0,0.0,0.0
pics,0.0,0.0,0.0,0.0,0.0,0.0,0.0,0.0,0.0,0.0,0.0,8.633093525179856,0.0,4.316546762589928,0.0,0.0,0.0,0.0,0.0,0.0,0.0,0.0,0.0,0.0,0.0,0.0,0.0,0.0,0.0,0.0,0.0,0.0
pics,0.0,0.0,0.0,0.0,0.0,0.0,0.0,0.24213075060532688,0.24213075060532688,0.0,0.0,5.084745762711865,0.0,6.779661016949152,0.0,0.0,0.0,0.0,0.0,0.0,0.0,0.0,0.0,0.0,0.0,0.0,0.0,0.0,0.0,0.0,0.0,0.0
pics,0.6622516556291391,0.0,0.0,0.0,0.0,0.0,0.0,4.635761589403973,4.635761589403973,0.0,0.0,1.3245033112582782,0.0,3.9735099337748347,0.0,0.0,0.0,0.0,0.0,0.0,0.6622516556291391,0.0,0.0,0.0,0.0,0.0,0.0,0.0,0.0,0.0,0.0,0.0
politics,0.0,0.0,0.0,0.33783783783783783,0.0,0.0,0.0,0.33783783783783783,0.33783783783783783,0.0,0.0,5.405405405405405,0.0,5.743243243243244,0.0,0.0,0.0,0.0,0.6756756756756757,0.0,0.33783783783783783,0.0,0.0,0.0,0.0,0.0,0.0,0.0,0.0,0.0,0.0,0.0
politics,0.390625,0.0,0.0,0.0,0.0,0.0,0.390625,0.78125,0.78125,0.0,0.0,3.90625,0.78125,3.125,0.0,0.0,0.0,0.0,0.0,0.0,0.390625,0.0,0.0,0.0,0.0,0.0,0.0,0.0,0.0,0.0,0.0,0.0
AdviceAnimals,0.0,0.0,0.0,0.0,0.0,0.0,0.0,7.6923076923076925,0.0,0.0,0.0,7.6923076923076925,0.0,0.0,0.0,0.0,0.0,0.0,0.0,0.0,0.0,0.0,7.6923076923076925,0.0,7.6923076923076925,0.0,0.0,0.0,0.0,0.0,0.0,0.0
atheism,0.0,0.0,0.0,0.0,0.0,0.0,0.15432098765432098,0.0,0.0,0.0,0.0,4.938271604938271,0.0,3.5493827160493825,0.0,0.6172839506172839,0.30864197530864196,0.0,0.0,0.0,0.0,0.0,0.0,0.0,0.0,0.0,0.0,0.0,0.0,0.0,0.0,0.0
atheism,0.0,0.0,0.0,0.0,0.0,0.0,0.0,0.0,0.0,0.0,0.0,1.935483870967742,0.0,4.516129032258064,0.0,0.0,0.0,0.0,0.0,0.0,0.0,0.0,0.0,0.0,0.0,0.0,0.0,0.0,0.0,0.0,0.0,0.0
funny,0.0,0.0,0.0,0.0,0.0,0.0,0.0,0.0,0.0,0.0,0.0,3.3333333333333335,0.0,6.666666666666667,0.0,0.0,0.0,0.0,0.0,0.0,0.0,0.0,0.0,0.0,0.0,0.0,0.0,0.0,0.0,0.0,0.0,0.0
gaming,0.0,0.0,0.0,0.0,0.0,0.0,0.0,2.7027027027027026,2.7027027027027026,0.0,0.0,0.0,0.0,8.108108108108109,0.0,0.0,0.0,0.0,0.0,0.0,0.0,0.0,0.0,0.0,0.0,0.0,0.0,0.0,0.0,0.0,0.0,0.0
funny,0.0,0.0,0.0,0.0,0.0,0.0,0.0,12.5,0.0,0.0,0.0,0.0,0.0,0.0,0.0,0.0,0.0,0.0,0.0,0.0,0.0,0.0,0.0,0.0,0.0,0.0,0.0,0.0,0.0,0.0,0.0,0.0
funny,0.0,0.0,0.0,0.0,0.0,0.0,0.0,2.7027027027027026,2.7027027027027026,0.0,0.0,5.405405405405405,0.0,2.027027027027027,0.0,0.0,0.0,0.0,0.0,0.0,1.3513513513513513,0.0,0.0,0.0,0.0,0.0,0.0,0.0,0.0,0.0,0.0,0.0
funny,1.6666666666666667,0.0,0.0,0.0,0.0,0.0,0.0,0.0,0.0,0.0,0.0,2.5,0.0,4.166666666666666,0.0,0.0,0.0,0.0,0.0,0.0,2.5,0.0,0.0,0.0,0.0,0.0,0.0,0.0,0.0,0.0,0.0,0.0
funny,0.0,0.0,0.0,0.0,0.0,0.0,0.0,0.0,0.0,0.0,0.0,4.487179487179487,0.0,5.769230769230769,0.0,0.0,0.0,0.0,0.0,0.0,0.0,0.0,0.0,0.0,0.0,0.0,0.0,0.0,0.0,0.0,0.0,0.0
funny,0.0,0.0,0.0,0.0,0.0,0.0,0.0,0.0,0.0,0.0,0.0,4.6875,0.0,4.6875,0.0,0.0,0.0,0.0,0.0,0.0,0.0,0.0,0.0,0.0,0.0,0.0,0.0,0.0,0.0,0.0,0.0,0.0
funny,0.0,0.0,0.0,0.0,0.0,0.0,0.0,0.0,0.0,0.0,0.0,0.0,0.0,3.0864197530864197,0.0,0.0,0.6172839506172839,0.0,0.0,0.0,0.0,0.0,0.0,0.0,0.0,0.0,0.0,0.0,0.0,0.0,0.0,0.0
atheism,0.0,0.0,0.0,0.0,0.0,0.0,0.0,0.7751937984496124,0.7751937984496124,0.0,0.0,4.651162790697675,0.0,3.10077519379845,0.0,0.0,0.0,0.0,0.0,0.0,0.0,0.0,0.0,0.0,0.0,0.0,0.0,0.0,0.0,0.0,0.0,0.0
pics,0.0,0.0,0.0,0.0,0.0,0.0,0.5524861878453038,1.1049723756906076,1.1049723756906076,0.0,0.0,3.314917127071823,0.0,4.41988950276243,0.0,0.2762430939226519,0.0,0.0,0.0,0.0,0.2762430939226519,0.0,0.0,0.0,0.0,0.0,0.0,0.0,0.0,0.0,0.0,0.0
explainlikeimfive,0.0,0.0,0.0,0.0,0.0,0.0,0.0,0.0,0.0,0.0,0.0,2.941176470588235,0.0,3.308823529411765,0.0,0.0,0.0,0.0,0.0,0.0,0.0,0.0,0.0,0.0,0.0,0.0,0.0,0.0,0.0,0.0,0.0,0.0
funny,0.0,0.0,0.0,0.0,0.0,0.0,0.0,0.23752969121140144,0.23752969121140144,0.0,0.0,4.275534441805226,0.0,3.32541567695962,0.0,0.0,0.0,0.0,0.0,0.0,0.0,0.0,0.0,0.0,0.0,0.0,0.0,0.0,0.0,0.0,0.0,0.0
gaming,0.0,0.0,0.0,0.0,0.0,0.0,0.0,0.7614213197969544,0.7614213197969544,0.0,0.0,2.284263959390863,0.5076142131979695,4.568527918781726,0.0,0.0,0.0,0.0,0.0,0.0,0.5076142131979695,0.0,0.0,0.0,0.0,0.0,0.0,0.0,0.0,0.0,0.0,0.0
AdviceAnimals,0.6042296072507553,0.0,0.0,0.0,0.0,0.0,0.6042296072507553,0.6042296072507553,0.6042296072507553,0.0,0.0,5.740181268882175,0.0,7.552870090634441,0.0,0.3021148036253776,0.906344410876133,0.0,0.0,0.0,0.6042296072507553,0.0,0.0,0.0,0.0,0.0,0.0,0.0,0.0,0.0,0.0,0.0
funny,0.0,0.0,0.0,0.0,0.0,0.0,0.0,0.0,0.0,0.0,0.0,2.857142857142857,0.0,5.714285714285714,0.0,0.0,0.0,0.0,0.0,0.0,0.0,0.0,0.0,0.0,0.0,0.0,0.0,0.0,0.0,0.0,0.0,0.0
gaming,0.0,0.0,0.0,0.0,0.0,0.0,0.0,1.3513513513513513,1.0810810810810811,0.5405405405405406,0.0,1.6216216216216217,0.2702702702702703,3.5135135135135136,0.0,0.0,0.0,0.0,0.0,0.5405405405405406,0.0,0.0,0.2702702702702703,0.0,0.2702702702702703,0.0,0.0,0.0,0.0,0.0,0.0,0.0
gaming,0.0,0.0,0.0,0.0,0.0,0.0,0.0,1.507537688442211,1.507537688442211,0.0,0.0,8.040201005025125,0.0,3.015075376884422,0.0,0.0,0.0,0.0,0.0,0.0,0.0,0.0,0.0,0.0,0.0,0.0,0.0,0.0,0.0,0.0,0.0,0.0
pics,2.7472527472527473,0.0,0.0,0.0,0.0,0.0,0.0,0.0,0.0,0.0,0.0,2.7472527472527473,0.0,5.4945054945054945,0.0,0.0,0.0,0.0,0.0,0.0,1.098901098901099,0.0,0.0,0.0,0.0,0.0,0.0,0.0,0.0,0.0,0.0,0.0
funny,0.0,0.0,0.0,0.0,0.0,0.0,0.0,0.8403361344537815,0.8403361344537815,0.0,0.0,3.361344537815126,0.0,4.201680672268908,0.0,0.0,0.0,0.0,0.0,0.0,1.680672268907563,0.0,0.0,0.0,0.0,0.0,0.0,0.0,0.0,0.0,0.0,0.0
funny,0.0,0.0,0.0,0.0,0.0,0.0,0.0,0.0,0.0,0.0,0.0,2.083333333333333,0.0,5.208333333333334,0.0,0.0,0.0,0.0,0.0,0.0,0.0,0.0,0.0,0.0,0.0,0.0,0.0,0.0,0.0,0.0,0.0,0.0
funny,0.0,0.0,0.0,0.0,0.0,0.0,0.0,0.0,0.0,0.0,0.0,5.649717514124294,0.5649717514124294,5.084745762711865,0.0,0.0,0.0,0.0,0.0,0.0,0.0,0.0,0.0,0.0,0.0,0.0,0.0,0.0,0.0,0.0,0.0,0.0
pics,0.0,0.0,3.571428571428571,0.0,0.0,3.571428571428571,0.0,0.0,0.0,0.0,0.0,1.7857142857142856,0.0,3.571428571428571,0.0,0.0,3.571428571428571,0.0,0.0,0.0,1.7857142857142856,0.0,0.0,0.0,0.0,0.0,1.7857142857142856,0.0,0.0,0.0,0.0,0.0
gaming,0.5405405405405406,0.0,0.0,0.0,0.0,0.0,0.0,0.0,0.0,0.0,0.0,8.64864864864865,0.0,3.783783783783784,0.0,0.0,0.0,0.0,0.0,0.0,0.0,0.0,0.0,0.0,0.0,0.0,0.0,0.0,0.0,0.0,0.0,0.0
gaming,0.0,0.0,0.0,0.0,0.0,0.0,0.0,0.0,0.0,0.0,0.0,0.6756756756756757,0.0,4.72972972972973,0.0,0.0,0.0,0.0,0.0,0.0,0.0,0.0,0.0,0.0,0.0,0.0,0.0,0.0,0.0,0.0,0.0,0.0
explainlikeimfive,0.0,0.0,0.0,0.0,0.0,0.0,1.8604651162790697,2.7906976744186047,3.7209302325581395,0.0,0.0,3.7209302325581395,0.0,5.116279069767442,0.0,0.46511627906976744,0.0,0.0,0.0,0.0,0.46511627906976744,0.0,0.0,0.0,0.0,0.0,0.0,0.0,0.0,0.0,0.0,0.0
funny,0.0,0.0,0.0,0.0,0.0,0.0,0.0,0.0,0.0,0.0,0.0,0.0,0.0,5.813953488372093,0.0,0.0,0.0,0.0,0.0,0.0,0.0,0.0,0.0,0.0,0.0,0.0,0.0,0.0,0.0,0.0,0.0,0.0
atheism,0.0,0.0,0.0,0.0,0.0,0.0,0.0,0.0,0.0,0.0,0.0,3.8461538461538463,0.0,3.8461538461538463,0.0,1.282051282051282,0.0,0.0,0.0,1.282051282051282,3.8461538461538463,0.0,0.0,0.0,0.0,0.0,0.0,0.0,0.0,0.0,0.0,0.0
atheism,0.48543689320388345,0.0,0.0,0.0,0.0,0.0,0.0,0.0,0.0,0.0,0.0,5.582524271844661,0.0,4.854368932038835,0.0,0.0,0.0,0.0,0.0,0.0,0.0,0.0,0.0,0.0,0.0,0.0,0.0,0.0,0.0,0.0,0.0,0.0
pics,0.0,0.0,0.0,0.0,0.0,0.0,0.0,0.0,0.0,0.0,0.0,4.054054054054054,0.0,6.756756756756757,0.0,0.0,0.0,0.0,0.0,0.0,0.0,0.0,0.0,0.0,0.0,0.0,0.0,0.0,0.0,0.0,0.0,0.0
explainlikeimfive,0.0,0.0,0.0,0.0,0.0,0.0,0.0,0.0,0.0,0.0,0.0,3.508771929824561,0.0,4.824561403508771,0.0,0.43859649122807015,0.0,0.0,0.0,0.0,0.43859649122807015,0.0,0.0,0.0,0.0,0.0,0.0,0.0,0.0,0.0,0.0,0.0
politics,0.0,0.0,0.0,0.0,0.0,0.0,0.0,0.0,0.0,0.0,0.0,2.512562814070352,0.0,2.512562814070352,0.0,0.0,0.5025125628140703,0.0,0.0,0.0,0.0,0.0,0.0,0.0,0.0,0.0,0.0,0.0,0.0,0.0,0.0,0.0
politics,0.0,0.0,0.0,0.0,0.0,0.0,0.0,0.0,0.0,0.0,0.0,5.88235294117647,0.0,3.5294117647058822,0.0,0.0,0.0,0.0,0.0,0.0,0.0,0.0,0.0,0.0,0.0,0.0,0.0,0.0,0.0,0.0,0.0,0.0
politics,0.0,0.0,0.0,0.0,0.0,0.0,0.0,0.0,0.0,0.0,0.0,0.0,0.0,15.384615384615385,0.0,0.0,0.0,0.0,0.0,0.0,0.0,0.0,0.0,0.0,0.0,0.0,0.0,0.0,0.0,0.0,0.0,0.0
atheism,0.0,0.0,0.0,0.0,0.0,0.0,0.0,0.0,0.0,0.0,0.0,3.870967741935484,0.0,4.516129032258064,0.0,0.0,0.0,0.0,0.0,0.0,0.0,0.0,0.0,0.0,0.0,0.0,0.0,0.0,0.0,0.0,0.0,0.0
AdviceAnimals,0.0,0.0,0.0,0.0,0.0,0.0,0.0,0.0,0.0,0.0,0.0,3.2679738562091507,0.0,5.88235294117647,0.0,0.0,0.0,0.0,0.0,0.0,0.0,0.0,0.0,0.0,0.0,0.0,0.0,0.0,0.0,0.0,0.0,0.0
AdviceAnimals,0.0,0.0,0.0,0.0,0.0,0.0,0.0,0.0,0.0,0.0,0.0,0.0,0.0,9.523809523809524,0.0,0.0,0.0,0.0,0.0,0.0,0.0,0.0,0.0,0.0,0.0,0.0,0.0,0.0,0.0,0.0,0.0,0.0
AdviceAnimals,0.0,0.0,0.0,0.0,0.0,0.0,0.0,1.098901098901099,1.098901098901099,0.0,0.0,1.098901098901099,0.0,4.395604395604396,0.0,0.0,0.0,0.0,0.0,0.0,0.0,0.0,0.0,0.0,0.0,0.0,0.0,0.0,0.0,0.0,0.0,0.0
AdviceAnimals,0.0,0.0,0.0,0.0,0.0,0.0,0.0,0.0,0.0,0.0,0.0,3.7037037037037033,0.0,3.7037037037037033,0.0,3.7037037037037033,0.0,0.0,0.0,0.0,0.0,0.0,0.0,0.0,0.0,0.0,0.0,0.0,0.0,0.0,0.0,0.0
AdviceAnimals,0.0,0.0,0.0,0.0,0.0,0.0,0.0,0.0,0.0,0.0,0.0,5.769230769230769,0.0,3.8461538461538463,0.0,0.0,1.9230769230769231,0.0,0.0,0.0,0.0,0.0,0.0,0.0,0.0,0.0,0.0,0.0,0.0,0.0,0.0,0.0
AdviceAnimals,0.0,0.0,0.8097165991902834,1.214574898785425,0.0,1.214574898785425,1.214574898785425,0.4048582995951417,0.4048582995951417,0.0,0.0,6.882591093117409,0.0,4.4534412955465585,0.4048582995951417,0.0,0.8097165991902834,0.0,0.0,0.0,0.8097165991902834,0.0,0.0,0.0,0.0,0.0,0.4048582995951417,0.0,0.0,0.0,0.0,0.0
AdviceAnimals,0.0,0.0,0.0,0.0,0.0,0.0,0.0,3.571428571428571,3.571428571428571,0.0,0.0,12.5,0.0,3.571428571428571,0.0,0.0,0.0,0.0,0.0,0.0,0.0,0.0,0.0,0.0,0.0,0.0,0.0,0.0,0.0,0.0,0.0,0.0
AdviceAnimals,0.0,0.0,0.0,0.0,0.0,0.0,0.0,0.0,0.0,0.0,0.0,5.681818181818182,0.0,10.227272727272728,0.0,0.0,0.5681818181818182,0.0,0.0,0.0,0.0,0.0,0.0,0.0,0.0,0.0,0.0,0.0,0.0,0.0,0.0,0.0
AdviceAnimals,0.0,0.0,0.0,0.0,0.0,0.0,1.8518518518518516,0.0,0.0,0.0,0.0,4.166666666666666,0.0,5.555555555555555,0.0,1.8518518518518516,0.0,0.0,0.0,0.9259259259259258,1.3888888888888888,0.0,0.9259259259259258,0.0,0.9259259259259258,0.0,0.0,0.0,0.0,0.0,0.0,0.0
AdviceAnimals,0.0,0.0,0.0,0.0,0.0,0.0,0.0,0.0,0.0,0.0,0.0,4.635761589403973,0.0,5.298013245033113,0.0,0.0,0.0,0.0,0.0,0.6622516556291391,1.3245033112582782,0.0,0.6622516556291391,0.0,0.0,0.0,0.0,0.0,0.0,0.0,0.0,0.0
AdviceAnimals,0.0,0.0,0.0,0.0,0.0,0.0,0.199203187250996,0.199203187250996,0.0,0.0,0.0,6.772908366533864,0.0,5.577689243027888,0.0,0.0,0.0,0.0,0.0,0.0,0.398406374501992,0.0,0.0,0.0,0.0,0.0,0.0,0.0,0.0,0.0,0.0,0.0
pics,0.0,0.0,0.0,0.0,0.0,0.0,0.0,0.9478672985781991,0.9478672985781991,0.0,0.0,0.9478672985781991,0.0,3.7914691943127963,0.0,0.0,0.0,0.0,0.0,0.0,0.47393364928909953,0.0,0.0,0.0,0.0,0.0,0.0,0.0,0.0,0.0,0.0,0.0
pics,0.0,0.0,0.0,0.0,0.0,0.0,0.0,0.0,0.0,0.0,0.0,3.3112582781456954,0.0,6.622516556291391,0.0,0.0,0.0,0.0,0.0,0.0,1.3245033112582782,0.0,0.0,0.0,0.0,0.0,0.0,0.0,0.0,0.0,0.0,0.0
funny,0.0,0.0,0.0,0.0,0.0,0.0,0.0,0.0,0.0,0.0,0.0,1.5625,0.0,4.6875,0.0,0.0,0.0,0.0,0.0,0.0,0.0,0.0,0.0,0.0,0.0,0.0,0.0,0.0,0.0,0.0,0.0,0.0
todayilearned,0.0,0.0,0.0,0.0,0.0,0.0,0.0,0.0,0.0,0.0,0.0,2.0,0.0,4.0,0.0,0.0,0.0,0.0,0.0,0.0,0.0,0.0,0.0,0.0,0.0,0.0,0.0,0.0,0.0,0.0,0.0,0.0
funny,0.0,0.0,0.0,0.0,0.0,0.0,0.0,0.0,0.0,0.0,0.0,4.0,0.0,4.0,0.0,0.0,0.0,0.0,0.0,0.0,0.0,0.0,0.0,0.0,0.0,0.0,0.0,0.0,0.0,0.0,0.0,0.0
explainlikeimfive,0.0,0.0,0.0,0.15527950310559005,1.0869565217391304,0.0,0.0,1.0869565217391304,1.0869565217391304,0.0,0.0,4.037267080745342,0.0,4.192546583850932,0.0,0.15527950310559005,0.0,0.0,0.0,0.0,0.0,0.0,0.0,0.0,0.0,0.0,0.0,0.0,0.0,0.0,0.0,0.0
gaming,0.0,0.0,0.0,0.0,0.0,0.0,0.0,0.0,0.0,0.0,0.0,5.806451612903226,0.0,5.161290322580645,0.0,0.0,0.0,0.0,0.0,0.0,1.935483870967742,0.0,0.0,0.0,0.0,0.0,0.0,0.0,0.0,0.0,0.0,0.0
pics,0.0,0.0,0.0,0.0,0.0,0.0,0.0,5.714285714285714,1.4285714285714286,0.0,0.0,7.142857142857142,0.0,8.571428571428571,0.0,0.0,0.0,0.0,0.0,0.0,0.0,0.0,5.714285714285714,0.0,5.714285714285714,0.0,0.0,0.0,0.0,0.0,0.0,0.0
pics,0.0,0.0,0.0,0.0,0.0,0.0,0.0,0.9523809523809524,0.9523809523809524,0.0,0.0,4.761904761904762,0.0,4.761904761904762,0.0,0.0,0.0,0.0,0.0,0.0,2.857142857142857,0.0,0.0,0.0,0.0,0.0,0.0,0.0,0.0,0.0,0.0,0.0
politics,0.0,0.0,0.0,0.0,0.0,0.0,0.0,0.0,0.0,0.0,0.0,6.0728744939271255,0.0,3.2388663967611335,0.0,0.0,0.0,0.0,0.0,0.0,0.0,0.0,0.0,0.0,0.0,0.0,0.0,0.0,0.0,0.0,0.0,0.0
todayilearned,0.0,0.0,0.0,0.0,0.0,0.0,0.0,1.4285714285714286,1.4285714285714286,0.0,0.0,4.285714285714286,0.0,2.857142857142857,0.0,0.0,0.0,0.0,0.0,0.0,0.0,0.0,0.0,0.0,0.0,0.0,0.0,0.0,0.0,0.0,0.0,0.0
pics,0.0,0.0,0.0,0.0,0.4878048780487805,0.0,0.0,0.975609756097561,0.975609756097561,0.0,0.0,5.365853658536586,0.0,4.390243902439024,0.0,0.0,0.0,0.0,0.0,0.0,0.0,0.0,0.0,0.0,0.0,0.0,0.0,0.0,0.0,0.0,0.0,0.0
gaming,0.0,0.0,0.0,0.0,0.0,0.0,0.0,0.0,0.0,0.0,0.0,2.9702970297029703,0.0,2.9702970297029703,0.0,0.0,0.9900990099009901,0.0,0.0,0.0,0.0,0.0,0.0,0.0,0.0,0.0,0.0,0.0,0.0,0.0,0.0,0.0
gaming,0.0,0.0,0.0,0.0,2.9850746268656714,0.0,0.0,0.0,0.0,0.0,0.0,8.955223880597014,0.0,5.970149253731343,0.0,1.4925373134328357,0.0,0.0,0.0,0.0,0.0,0.0,0.0,0.0,0.0,0.0,0.0,0.0,0.0,0.0,0.0,0.0
AdviceAnimals,1.25,0.0,0.0,0.0,0.0,0.0,0.0,0.9375,0.9375,0.0,0.0,2.8125,0.0,5.625,0.0,0.3125,0.0,0.0,0.0,0.0,0.0,0.0,0.0,0.0,0.0,0.0,0.0,0.0,0.0,0.0,0.0,0.0
AdviceAnimals,1.257861635220126,0.0,0.0,0.0,0.0,0.0,0.0,0.9433962264150944,0.9433962264150944,0.0,0.0,2.515723270440252,0.0,5.345911949685535,0.0,0.3144654088050315,0.0,0.0,0.0,0.0,0.0,0.0,0.0,0.0,0.0,0.0,0.0,0.0,0.0,0.0,0.0,0.0
politics,0.3898635477582846,0.0,0.0,0.0,0.0,0.0,0.0,0.0,0.0,0.0,0.0,5.458089668615984,0.0,3.7037037037037033,0.0,0.0,0.3898635477582846,0.0,0.0,0.0,0.5847953216374269,0.0,0.0,0.0,0.0,0.0,0.0,0.0,0.0,0.0,0.0,0.0
politics,0.0,0.0,0.0,0.0,0.0,0.0,0.0,0.0,0.0,0.0,0.0,6.77710843373494,0.0,3.1626506024096384,0.0,0.7530120481927711,0.15060240963855423,0.0,0.0,0.6024096385542169,0.30120481927710846,0.0,0.0,0.0,0.0,0.0,0.0,0.0,0.0,0.0,0.0,0.0
politics,0.0,0.0,0.0,0.0,0.0,0.0,0.0,0.0,0.0,0.0,0.0,2.564102564102564,0.0,3.8461538461538463,0.0,0.0,0.0,0.0,0.0,0.0,0.0,0.0,0.0,0.0,0.0,0.0,0.0,0.0,0.0,0.0,0.0,0.0
politics,0.0,0.0,0.0,0.0,0.0,0.0,0.0,0.0,0.0,0.0,0.0,2.0408163265306123,0.0,6.122448979591836,0.0,0.0,0.0,0.0,0.0,0.0,0.0,0.0,0.0,0.0,0.0,0.0,0.0,0.0,0.0,0.0,0.0,0.0
politics,0.0,0.0,0.0,0.0,0.2008032128514056,0.2008032128514056,0.0,0.2008032128514056,0.2008032128514056,0.0,0.0,0.2008032128514056,0.0,7.630522088353414,0.0,0.0,0.0,0.0,0.0,0.0,0.4016064257028112,0.0,0.0,0.0,0.0,0.0,0.0,0.0,0.0,0.0,0.0,0.0
atheism,0.0,0.0,0.0,0.0,0.0,0.0,0.0,0.6535947712418301,0.6535947712418301,0.0,0.0,7.18954248366013,0.0,3.2679738562091507,0.0,0.6535947712418301,0.0,0.0,0.0,0.0,0.0,0.0,0.0,0.0,0.0,0.0,0.0,0.0,0.0,0.0,0.0,0.0
todayilearned,0.0,0.0,0.0,0.0,0.0,0.0,0.0,0.24968789013732834,0.24968789013732834,0.0,0.0,3.870162297128589,0.0,3.870162297128589,0.0,0.12484394506866417,0.0,0.0,0.0,0.0,0.6242197253433208,0.0,0.0,0.0,0.0,0.0,0.0,0.0,0.0,0.0,0.0,0.0
todayilearned,0.0,0.0,0.0,0.0,0.0,0.0,0.0,0.4662004662004662,0.4662004662004662,0.0,0.0,2.097902097902098,0.0,3.0303030303030303,0.0,0.2331002331002331,0.0,0.0,0.0,0.0,0.0,0.0,0.0,0.0,0.0,0.0,0.0,0.0,0.0,0.0,0.0,0.0
todayilearned,0.0,0.0,0.0,1.3062409288824384,0.14513788098693758,0.0,0.0,1.4513788098693758,1.3062409288824384,0.0,0.14513788098693758,2.6124818577648767,0.14513788098693758,4.78955007256894,0.0,0.0,0.0,0.0,0.0,0.0,0.43541364296081275,0.0,0.14513788098693758,0.0,0.14513788098693758,0.0,0.0,0.0,0.0,0.0,0.0,0.0
politics,0.0,0.0,0.0,0.0,0.0,0.0,0.0,1.5384615384615385,1.5384615384615385,0.0,0.0,4.615384615384616,0.0,5.641025641025641,0.0,0.0,0.0,0.0,0.0,0.0,0.0,0.0,0.0,0.0,0.0,0.0,0.0,0.0,0.0,0.0,0.0,0.0
AdviceAnimals,0.0,0.0,0.0,0.0,0.0,0.0,0.31645569620253167,0.31645569620253167,0.31645569620253167,0.0,0.0,2.848101265822785,0.0,4.113924050632911,0.0,0.0,0.0,0.0,0.0,0.0,0.31645569620253167,0.0,0.0,0.0,0.0,0.0,0.0,0.0,0.0,0.0,0.0,0.0
AdviceAnimals,0.0,0.0,0.0,0.0,0.0,0.0,0.5154639175257731,0.5154639175257731,0.5154639175257731,0.0,0.0,4.123711340206185,0.0,3.608247422680412,0.0,0.0,0.0,0.0,0.0,0.0,0.0,0.0,0.0,0.0,0.0,0.0,0.0,0.0,0.0,0.0,0.0,0.0
gaming,0.0,0.0,0.0,3.508771929824561,0.0,0.0,0.0,5.263157894736842,5.263157894736842,0.0,0.0,1.7543859649122806,1.7543859649122806,5.263157894736842,0.0,0.0,0.0,0.0,0.0,0.0,0.0,0.0,0.0,0.0,0.0,0.0,0.0,0.0,0.0,0.0,0.0,0.0
funny,0.0,0.0,0.0,0.0,0.0,0.0,0.0,0.0,0.0,0.0,0.0,0.0,0.0,16.666666666666664,0.0,0.0,0.0,0.0,0.0,0.0,0.0,0.0,0.0,0.0,0.0,0.0,0.0,0.0,0.0,0.0,0.0,0.0
funny,0.0,0.0,0.0,0.0,0.0,0.0,0.0,0.0,0.0,0.0,0.0,0.0,0.0,6.25,0.0,0.0,0.0,0.0,0.0,0.0,0.0,0.0,0.0,0.0,0.0,0.0,0.0,0.0,0.0,0.0,0.0,0.0
gaming,0.0,0.0,0.0,0.0,0.0,0.0,0.0,0.0,0.0,0.0,0.0,3.3333333333333335,0.0,3.3333333333333335,0.0,0.0,0.0,0.0,0.0,0.0,3.3333333333333335,0.0,0.0,0.0,0.0,0.0,0.0,0.0,0.0,0.0,0.0,0.0
atheism,0.0,0.0,0.0,0.0,0.0,0.0,0.0,0.0,0.0,0.0,0.0,4.3478260869565215,0.0,4.3478260869565215,0.0,0.0,0.0,0.0,0.0,0.0,2.1739130434782608,0.0,0.0,0.0,0.0,0.0,0.0,0.0,0.0,0.0,0.0,0.0
todayilearned,0.12048192771084339,0.0,0.0,0.12048192771084339,0.12048192771084339,0.0,0.0,0.6024096385542169,0.6024096385542169,0.0,0.0,5.903614457831325,0.0,3.975903614457831,0.0,0.12048192771084339,0.0,0.0,0.0,0.0,0.6024096385542169,0.0,0.0,0.0,0.0,0.0,0.0,0.0,0.0,0.0,0.0,0.0
politics,0.0,0.0,0.0,0.0,0.0,0.0,0.0,0.0,0.0,0.0,0.0,6.25,0.0,6.25,0.0,0.0,0.0,0.0,0.0,0.0,0.0,0.0,0.0,0.0,0.0,0.0,0.0,0.0,0.0,0.0,0.0,0.0
funny,0.0,0.0,0.0,0.0,0.0,0.0,0.0,1.9230769230769231,1.9230769230769231,0.0,0.0,3.8461538461538463,0.0,3.8461538461538463,0.0,0.0,0.0,0.0,0.0,0.0,0.0,0.0,0.0,0.0,0.0,0.0,0.0,0.0,0.0,0.0,0.0,0.0
explainlikeimfive,0.0,0.0,0.0,0.0,0.0,0.0,0.5952380952380952,0.2976190476190476,0.2976190476190476,0.0,0.0,4.464285714285714,0.0,4.464285714285714,0.0,0.0,0.0,0.0,0.0,0.0,0.0,0.0,0.0,0.0,0.0,0.0,0.0,0.0,0.0,0.0,0.0,0.0
atheism,0.0,0.0,0.0,0.0,0.0,0.0,0.8928571428571428,0.0,0.0,0.0,0.0,8.482142857142858,0.0,4.017857142857143,0.0,0.0,0.0,0.0,0.0,0.0,0.0,0.0,0.0,0.0,0.0,0.0,0.0,0.0,0.0,0.0,0.0,0.0
funny,0.0,0.0,0.0,0.0,0.0,0.0,0.0,0.0,0.0,0.0,0.0,0.0,0.0,10.256410256410255,0.0,0.0,0.0,0.0,0.0,0.0,0.0,0.0,0.0,0.0,0.0,0.0,0.0,0.0,0.0,0.0,0.0,0.0
pics,0.0,0.0,0.0,0.0,0.0,0.0,0.0,0.0,0.0,0.0,0.0,0.0,0.0,10.714285714285714,0.0,0.0,0.0,0.0,0.0,0.0,1.7857142857142856,0.0,0.0,0.0,0.0,0.0,0.0,0.0,0.0,0.0,0.0,0.0
politics,0.0,0.0,0.0,0.0,0.0,0.0,0.0,0.0,0.0,0.0,0.0,0.9868421052631579,0.0,4.605263157894736,0.0,0.0,0.0,0.0,0.0,0.0,0.6578947368421052,0.0,0.0,0.0,0.0,0.0,0.0,0.0,0.0,0.0,0.0,0.0
pics,0.0,0.0,0.0,0.0,0.0,0.0,0.0,0.0,0.0,0.0,0.0,0.0,0.0,7.142857142857142,0.0,0.0,0.0,0.0,0.0,0.0,0.0,0.0,0.0,0.0,0.0,0.0,0.0,0.0,0.0,0.0,0.0,0.0
pics,0.0,0.0,0.0,2.1621621621621623,0.0,0.0,0.0,0.0,0.0,0.0,0.0,1.0810810810810811,0.0,4.864864864864865,0.0,0.0,0.0,0.0,0.0,0.0,0.5405405405405406,0.0,0.0,0.0,0.0,0.0,0.0,0.0,0.0,0.0,0.0,0.0
gaming,0.0,0.0,0.0,0.0,0.0,0.0,0.0,0.31746031746031744,0.31746031746031744,0.0,0.0,4.444444444444445,0.0,6.031746031746032,0.0,0.0,0.0,0.0,0.0,0.0,0.0,0.0,0.0,0.0,0.0,0.0,0.0,0.0,0.0,0.0,0.0,0.0
gaming,0.2824858757062147,0.0,0.0,0.0,0.0,0.0,0.0,0.2824858757062147,0.2824858757062147,0.0,0.0,7.909604519774012,0.0,7.344632768361582,0.0,0.5649717514124294,0.0,0.0,0.0,0.0,0.2824858757062147,0.0,0.0,0.0,0.0,0.0,0.0,0.0,0.0,0.0,0.0,0.0
gaming,0.0,0.0,0.0,0.0,0.0,0.0,1.0416666666666665,1.0416666666666665,1.0416666666666665,0.0,0.0,4.166666666666666,0.0,7.291666666666667,0.0,0.0,0.0,0.0,0.0,0.0,1.0416666666666665,0.0,0.0,0.0,0.0,0.0,0.0,0.0,0.0,0.0,0.0,0.0
gaming,0.0,0.0,0.0,0.0,0.0,0.0,0.0,0.0,0.0,0.0,0.0,1.6129032258064515,0.0,3.225806451612903,0.0,0.0,0.0,0.0,0.0,0.0,0.0,0.0,0.0,0.0,0.0,0.0,0.0,0.0,0.0,0.0,0.0,0.0
atheism,0.9708737864077669,0.0,0.0,0.0,0.0,0.0,0.0,0.0,0.0,0.0,0.0,1.9417475728155338,0.0,7.766990291262135,0.0,0.0,0.0,0.0,0.0,0.0,0.0,0.0,0.0,0.0,0.0,0.0,0.0,0.0,0.0,0.0,0.0,0.0
atheism,0.23923444976076555,0.0,0.0,0.0,0.0,0.0,0.0,0.9569377990430622,0.7177033492822966,0.0,0.0,4.0669856459330145,0.23923444976076555,4.30622009569378,0.0,0.0,0.0,0.0,0.0,0.0,0.23923444976076555,0.0,0.23923444976076555,0.0,0.23923444976076555,0.0,0.0,0.0,0.0,0.0,0.0,0.0
pics,0.0,0.0,0.0,0.19305019305019305,0.0,0.0,0.0,0.19305019305019305,0.19305019305019305,0.0,0.0,4.826254826254826,0.0,3.2818532818532815,0.0,0.0,0.0,0.0,0.0,0.0,0.19305019305019305,0.0,0.0,0.0,0.0,0.0,0.0,0.0,0.0,0.0,0.0,0.0
pics,0.0,0.0,0.0,0.0,0.0,0.0,0.0,0.0,0.0,0.0,0.0,0.0,0.0,4.25531914893617,0.0,0.0,0.0,0.0,0.0,0.0,0.0,0.0,0.0,0.0,0.0,0.0,0.0,0.0,0.0,0.0,0.0,0.0
funny,0.0,0.0,0.0,0.0,0.0,0.0,0.0,1.1363636363636365,1.1363636363636365,0.0,0.0,2.272727272727273,0.0,6.8181818181818175,0.0,0.0,0.0,0.0,0.0,0.0,0.0,0.0,0.0,0.0,0.0,0.0,0.0,0.0,0.0,0.0,0.0,0.0
funny,0.0,0.0,0.0,0.0,0.0,0.0,0.0,0.0,0.0,0.0,0.0,1.8867924528301887,0.0,7.547169811320755,0.0,0.0,0.0,0.0,0.0,0.0,0.0,0.0,0.0,0.0,0.0,0.0,0.0,0.0,0.0,0.0,0.0,0.0
funny,0.2680965147453083,0.0,0.0,0.0,0.0,0.0,0.0,0.8042895442359249,0.8042895442359249,0.0,0.0,1.6085790884718498,0.0,4.289544235924933,0.0,0.0,0.0,0.0,0.0,0.0,0.5361930294906166,0.0,0.0,0.0,0.0,0.0,0.0,0.0,0.0,0.0,0.0,0.0
funny,0.975609756097561,0.0,0.0,0.0,0.0,0.0,0.0,0.4878048780487805,0.4878048780487805,0.0,0.0,1.951219512195122,0.0,4.390243902439024,0.0,0.4878048780487805,0.0,0.0,0.0,0.0,0.0,0.0,0.0,0.0,0.0,0.0,0.0,0.0,0.0,0.0,0.0,0.0
AdviceAnimals,0.0,0.0,0.0,0.0,0.0,0.0,0.0,0.8,0.8,0.0,0.0,1.6,0.0,3.2,0.0,0.0,0.0,0.0,0.0,0.0,0.8,0.0,0.0,0.0,0.0,0.0,0.0,0.0,0.0,0.0,0.0,0.0
explainlikeimfive,0.0,0.0,0.0,0.0,0.35335689045936397,0.0,0.0,1.0600706713780919,1.0600706713780919,0.0,0.0,2.8268551236749118,0.0,4.593639575971731,0.0,0.35335689045936397,0.0,0.0,0.0,0.0,0.0,0.0,0.0,0.0,0.0,0.0,0.0,0.0,0.0,0.0,0.0,0.0
explainlikeimfive,0.0,0.0,0.0,0.0,0.0,0.0,0.0,0.0,0.0,0.0,0.0,0.0,0.0,6.756756756756757,0.0,0.0,0.0,0.0,0.0,0.0,0.0,0.0,0.0,0.0,0.0,0.0,0.0,0.0,0.0,0.0,0.0,0.0
atheism,0.0,0.0,0.0,0.0,0.0,0.0,0.21929824561403508,3.289473684210526,2.850877192982456,0.0,0.43859649122807015,7.675438596491229,0.0,4.166666666666666,0.0,0.21929824561403508,0.0,0.0,0.43859649122807015,0.21929824561403508,0.0,0.0,0.21929824561403508,0.0,0.21929824561403508,0.0,0.0,0.0,0.0,0.0,0.0,0.0
atheism,0.0,0.0,0.0,0.0,0.0,0.0,0.0,2.5,2.5,0.0,0.0,5.0,0.0,5.0,0.0,0.0,0.0,0.0,0.0,0.0,2.5,0.0,0.0,0.0,0.0,0.0,0.0,0.0,0.0,0.0,0.0,0.0
funny,0.0,0.0,0.0,0.0,0.0,0.0,0.0,0.5494505494505495,0.5494505494505495,0.0,0.0,3.8461538461538463,0.0,2.7472527472527473,0.0,0.0,0.0,0.0,0.0,0.0,0.0,0.0,0.0,0.0,0.0,0.0,0.0,0.0,0.0,0.0,0.0,0.0
funny,0.0,0.0,0.0,0.0,0.0,0.0,0.0,0.0,0.0,0.0,0.0,7.142857142857142,0.0,5.952380952380952,0.0,0.0,0.0,0.0,0.0,0.0,0.0,0.0,0.0,0.0,0.0,0.0,0.0,0.0,0.0,0.0,0.0,0.0
todayilearned,0.0,0.0,0.0,0.0,0.0,0.0,0.0,0.0,0.0,0.0,0.0,25.0,0.0,0.0,0.0,0.0,0.0,0.0,0.0,0.0,0.0,0.0,0.0,0.0,0.0,0.0,0.0,0.0,0.0,0.0,0.0,0.0
politics,0.0,0.0,0.0,0.0,0.0,0.0,0.0,0.0,0.0,0.0,0.0,4.166666666666666,0.0,6.25,0.0,0.0,0.0,0.0,0.0,0.0,0.0,0.0,0.0,0.0,0.0,0.0,0.0,0.0,0.0,0.0,0.0,0.0
politics,0.0,0.0,0.0,0.0,0.0,0.0,0.0,0.0,0.0,0.0,0.0,3.262955854126679,0.7677543186180422,3.6468330134357005,0.0,0.0,0.0,0.0,0.0,0.0,0.5758157389635317,0.0,0.0,0.0,0.0,0.0,0.0,0.0,0.0,0.0,0.0,0.0
politics,0.0,0.0,0.0,0.0,0.0,0.0,0.0,0.0,0.0,0.0,0.0,4.8,0.0,2.4,0.0,0.8,0.8,0.0,0.0,0.0,1.6,0.0,0.0,0.0,0.0,0.0,0.0,0.0,0.0,0.0,0.0,0.0
politics,1.1235955056179776,0.0,0.0,0.0,0.0,0.0,0.0,0.0,0.0,0.0,0.0,5.617977528089887,0.0,5.617977528089887,0.0,0.0,0.0,0.0,0.0,0.0,2.247191011235955,0.0,0.0,0.0,0.0,0.0,0.0,0.0,0.0,0.0,0.0,0.0
politics,0.0,0.0,0.0,0.0,0.0,0.0,0.0,0.0,0.0,0.0,0.0,1.2422360248447204,0.0,4.968944099378882,0.0,0.0,0.0,0.0,0.0,0.0,0.0,0.0,0.0,0.0,0.0,0.0,0.0,0.0,0.0,0.0,0.0,0.0
politics,0.0,0.0,0.0,0.0,0.0,0.0,0.0,0.0,0.0,0.0,0.0,4.4609665427509295,0.0,4.83271375464684,0.0,0.0,0.0,0.0,0.0,0.0,0.37174721189591076,0.0,0.0,0.0,0.0,0.0,0.0,0.0,0.0,0.0,0.0,0.0
politics,0.0,0.0,0.0,0.0,0.0,0.0,0.0,1.9607843137254901,1.9607843137254901,0.0,0.0,1.9607843137254901,0.0,3.9215686274509802,0.0,0.0,0.0,0.0,0.0,0.0,0.0,0.0,0.0,0.0,0.0,0.0,0.0,0.0,0.0,0.0,0.0,0.0
politics,0.0,0.0,0.0,0.0,0.0,0.0,0.0,0.0,0.0,0.0,0.0,2.6865671641791042,0.0,3.582089552238806,0.0,0.2985074626865672,0.0,0.0,0.0,0.0,0.5970149253731344,0.0,0.0,0.0,0.0,0.0,0.0,0.0,0.0,0.0,0.0,0.0
politics,0.0,0.0,0.0,0.0,0.20964360587002098,0.0,0.0,0.0,0.0,0.0,0.0,3.563941299790356,0.20964360587002098,7.337526205450734,0.0,0.20964360587002098,0.20964360587002098,0.0,0.0,0.0,0.20964360587002098,0.0,0.0,0.0,0.0,0.0,0.0,0.0,0.0,0.0,0.0,0.0
gaming,0.0,0.0,0.0,0.0,0.0,0.0,0.0,0.24213075060532688,0.24213075060532688,0.0,0.0,7.506053268765134,0.0,2.663438256658596,0.0,0.7263922518159807,0.0,0.0,0.0,0.0,0.48426150121065376,0.0,0.0,0.0,0.0,0.0,0.0,0.0,0.0,0.0,0.0,0.0
AdviceAnimals,0.0,0.0,0.0,0.0,0.0,0.0,0.4098360655737705,0.819672131147541,0.819672131147541,0.0,0.0,0.819672131147541,0.0,5.327868852459016,0.0,0.0,0.0,0.0,0.0,0.0,0.0,0.0,0.0,0.0,0.0,0.0,0.0,0.0,0.0,0.0,0.0,0.0
AdviceAnimals,0.0,0.0,0.0,0.0,0.0,0.0,0.0,0.6329113924050633,0.6329113924050633,0.0,0.0,6.962025316455696,0.0,6.962025316455696,0.0,0.0,0.0,0.0,0.0,0.0,0.6329113924050633,0.0,0.0,0.0,0.0,0.0,0.0,0.0,0.0,0.0,0.0,0.0
todayilearned,0.0,0.0,0.0,0.0,0.0,0.0,0.0,1.4925373134328357,1.4925373134328357,0.0,0.0,7.462686567164178,0.0,2.9850746268656714,0.0,0.0,0.0,0.0,0.0,0.0,0.0,0.0,0.0,0.0,0.0,0.0,0.0,0.0,0.0,0.0,0.0,0.0
todayilearned,0.0,0.0,0.0,0.0,0.0,0.0,0.0,0.0,0.0,0.0,0.0,0.0,0.0,5.263157894736842,0.0,0.0,0.0,0.0,0.0,0.0,0.0,0.0,0.0,0.0,0.0,0.0,0.0,0.0,0.0,0.0,0.0,0.0
todayilearned,0.0,0.0,0.0,0.0,0.0,0.0,0.0,1.6853932584269662,1.6853932584269662,0.0,0.0,3.3707865168539324,1.6853932584269662,5.056179775280898,0.0,0.0,0.0,0.0,0.0,0.5617977528089888,0.0,0.0,0.0,0.0,0.0,0.0,0.0,0.0,0.0,0.0,0.0,0.0
funny,0.0,0.0,0.0,0.0,0.0,0.0,0.0,0.0,0.0,0.0,0.0,6.521739130434782,0.0,2.1739130434782608,0.0,0.0,0.0,0.0,0.0,0.0,0.0,0.0,0.0,0.0,0.0,0.0,0.0,0.0,0.0,0.0,0.0,0.0
gaming,0.0,0.0,0.0,0.0,0.0,0.0,0.0,0.0,0.0,0.0,0.0,3.4482758620689653,0.0,3.4482758620689653,0.0,0.0,0.0,0.0,0.0,0.0,0.0,0.0,0.0,0.0,0.0,0.0,0.0,0.0,0.0,0.0,0.0,0.0
funny,0.0,0.0,0.0,0.0,0.0,0.0,0.0,0.7246376811594203,0.7246376811594203,0.0,0.0,6.038647342995169,0.0,3.3816425120772946,0.0,0.24154589371980675,0.0,0.0,0.0,0.0,0.0,0.0,0.0,0.0,0.0,0.0,0.0,0.0,0.0,0.0,0.0,0.0
funny,0.0,0.0,0.0,0.0,0.0,0.0,0.0,0.0,0.0,0.0,0.0,4.878048780487805,0.0,2.4390243902439024,0.0,2.4390243902439024,0.0,0.0,0.0,0.0,2.4390243902439024,0.0,0.0,0.0,0.0,0.0,0.0,0.0,0.0,0.0,0.0,0.0
gaming,0.0,0.0,0.0,0.0,0.0,0.0,0.0,1.5873015873015872,1.5873015873015872,0.0,0.0,0.0,0.0,3.1746031746031744,0.0,0.0,0.0,0.0,0.0,0.0,0.0,0.0,0.0,0.0,0.0,0.0,0.0,0.0,0.0,0.0,0.0,0.0
AdviceAnimals,0.0,0.0,0.0,0.0,0.0,0.0,0.0,0.0,0.0,0.0,0.0,2.941176470588235,0.0,7.8431372549019605,0.0,0.0,0.0,0.0,0.0,0.0,0.0,0.0,0.0,0.0,0.0,0.0,0.0,0.0,0.0,0.0,0.0,0.0
AdviceAnimals,0.0,0.0,0.0,0.0,0.0,0.0,0.0,0.0,0.0,0.0,0.0,3.149606299212598,0.0,5.511811023622047,0.0,0.0,0.0,0.0,0.0,0.0,0.0,0.0,0.0,0.0,0.0,0.0,0.0,0.0,0.0,0.0,0.0,0.0
AdviceAnimals,0.0,0.0,0.0,0.0,0.0,0.0,0.0,2.1739130434782608,2.1739130434782608,0.0,0.0,2.1739130434782608,0.0,8.695652173913043,0.0,0.0,0.0,0.0,0.0,0.0,0.0,0.0,0.0,0.0,0.0,0.0,0.0,0.0,0.0,0.0,0.0,0.0
gaming,0.0,0.0,0.0,0.0,0.0,0.0,0.0,1.0204081632653061,1.0204081632653061,0.0,0.0,5.782312925170068,0.0,5.1020408163265305,0.0,0.0,0.0,0.0,0.0,0.0,0.0,0.0,0.0,0.0,0.0,0.0,0.0,0.0,0.0,0.0,0.0,0.0
funny,0.0,0.0,0.0,0.0,0.0,0.0,0.0,1.3245033112582782,1.3245033112582782,0.0,0.0,5.960264900662252,0.0,4.635761589403973,0.0,0.0,0.0,0.0,0.0,0.0,0.0,0.0,0.0,0.0,0.0,0.0,0.0,0.0,0.0,0.0,0.0,0.0
politics,0.0,0.0,0.0,0.0,0.0,0.0,0.0,0.0,0.0,0.0,0.0,0.0,0.0,8.19672131147541,0.0,0.0,0.0,0.0,0.0,0.0,0.0,0.0,0.0,0.0,0.0,0.0,0.0,0.0,0.0,0.0,0.0,0.0
gaming,0.0,0.0,0.0,0.0,0.0,0.0,0.0,0.0,0.0,0.0,0.0,3.8461538461538463,0.0,9.615384615384617,0.0,0.0,0.0,0.0,3.8461538461538463,0.0,0.0,0.0,0.0,0.0,0.0,0.0,0.0,0.0,0.0,0.0,0.0,0.0
gaming,0.0,0.0,0.0,0.0,0.0,0.0,0.0,0.0,0.0,0.0,0.0,1.680672268907563,0.0,0.0,0.0,0.0,0.0,0.0,0.0,0.0,0.0,0.0,0.0,0.0,0.0,0.0,0.0,0.0,0.0,0.0,0.0,0.0
todayilearned,0.0,0.0,0.0,0.0,0.0,0.0,0.0,0.4329004329004329,0.4329004329004329,0.0,0.0,3.896103896103896,0.0,6.493506493506493,0.0,0.0,0.0,0.0,0.0,0.0,0.0,0.0,0.0,0.0,0.0,0.0,0.0,0.0,0.0,0.0,0.0,0.0
atheism,0.0,0.0,0.0,0.0,0.0,0.0,0.0,0.628930817610063,0.628930817610063,0.0,0.0,6.289308176100629,0.0,3.7735849056603774,0.0,0.0,0.0,0.0,0.0,0.0,0.0,0.0,0.0,0.0,0.0,0.0,0.0,0.0,0.0,0.0,0.0,0.0
pics,0.7407407407407408,0.0,0.0,0.0,0.0,0.0,0.0,0.0,0.0,0.0,0.0,3.7037037037037033,0.0,4.444444444444445,0.0,0.0,0.0,0.0,0.0,0.0,1.4814814814814816,0.0,0.0,0.0,0.0,0.0,0.0,0.0,0.0,0.0,0.0,0.0
pics,0.0,0.0,0.0,0.0,0.0,0.0,0.0,0.0,0.0,0.0,0.0,5.2,0.0,3.5999999999999996,0.0,0.4,0.0,0.0,0.0,0.0,0.0,0.0,0.0,0.0,0.0,0.0,0.0,0.0,0.0,0.0,0.0,0.0
pics,0.0,0.0,0.0,0.0,0.0,0.0,0.0,0.0,0.0,0.0,0.0,2.857142857142857,0.0,4.285714285714286,0.0,0.0,0.0,0.0,0.0,0.0,0.0,0.0,0.0,0.0,0.0,0.0,0.0,0.0,0.0,0.0,0.0,0.0
pics,0.14124293785310735,0.0,0.0,0.0,0.0,0.0,0.0,1.2711864406779663,1.1299435028248588,0.0,0.0,6.3559322033898304,0.0,3.8135593220338984,0.0,0.847457627118644,0.423728813559322,0.0,0.0,0.0,0.423728813559322,0.0,0.0,0.0,0.0,0.0,0.0,0.0,0.0,0.0,0.0,0.0
funny,0.819672131147541,0.0,0.0,0.0,0.0,0.0,0.273224043715847,2.185792349726776,2.185792349726776,0.0,0.0,5.191256830601093,0.0,3.0054644808743167,0.0,0.546448087431694,0.273224043715847,0.0,0.0,0.0,0.0,0.0,3.551912568306011,0.0,3.551912568306011,0.0,0.0,0.0,0.0,0.0,0.0,0.0
politics,0.0,0.0,0.0,0.0,0.0,0.0,0.0,2.631578947368421,2.631578947368421,0.0,0.0,3.508771929824561,0.0,1.7543859649122806,0.0,0.8771929824561403,0.0,0.0,0.0,0.0,0.0,0.0,0.0,0.0,0.0,0.0,0.0,0.0,0.0,0.0,0.0,0.0
funny,0.0,0.0,0.0,0.0,0.0,0.0,0.0,0.0,0.0,0.0,0.0,0.7142857142857143,0.7142857142857143,5.714285714285714,0.0,0.0,1.4285714285714286,0.0,0.0,0.0,0.7142857142857143,0.0,0.0,0.0,0.0,0.0,0.0,0.0,0.0,0.0,0.0,0.0
funny,0.0,0.0,0.0,0.0,0.0,0.0,0.0,0.0,0.0,0.0,0.0,6.779661016949152,0.0,13.559322033898304,0.0,0.0,0.0,0.0,0.0,0.0,3.389830508474576,0.0,0.0,0.0,0.0,0.0,0.0,0.0,0.0,0.0,0.0,0.0
atheism,0.0,0.0,0.0,0.0,0.0,0.0,0.0,0.0,0.0,0.0,0.0,3.6057692307692304,0.0,4.567307692307692,0.0,0.0,0.0,0.0,0.0,0.0,1.4423076923076923,0.0,0.0,0.0,0.0,0.0,0.0,0.0,0.0,0.0,0.0,0.0
AdviceAnimals,0.0,0.0,0.0,0.0,0.0,0.0,0.0,1.0204081632653061,0.6802721088435374,0.0,0.0,5.442176870748299,0.0,4.761904761904762,0.0,0.3401360544217687,0.0,0.0,0.0,0.0,0.0,0.0,0.3401360544217687,0.0,0.3401360544217687,0.0,0.0,0.0,0.0,0.0,0.0,0.0
atheism,0.0,0.0,0.0,0.0,0.0,0.0,0.0,0.19230769230769232,0.19230769230769232,0.0,0.0,4.038461538461538,0.0,5.961538461538462,0.0,0.38461538461538464,0.0,0.0,0.0,0.0,0.576923076923077,0.0,0.0,0.0,0.0,0.0,0.0,0.0,0.0,0.0,0.0,0.0
funny,0.0,0.0,0.0,0.0,0.0,0.0,0.0,0.0,0.0,0.0,0.0,4.23728813559322,0.0,5.932203389830509,0.0,0.0,0.0,0.0,0.0,0.0,0.0,0.0,0.0,0.0,0.0,0.0,0.0,0.0,0.0,0.0,0.0,0.0
todayilearned,0.0,0.0,0.0,0.0,0.0,0.0,0.0,0.847457627118644,0.847457627118644,0.0,0.0,0.847457627118644,0.0,5.932203389830509,0.0,0.0,0.0,0.0,0.0,0.0,0.847457627118644,0.0,0.0,0.0,0.0,0.0,0.0,0.0,0.0,0.0,0.0,0.0
pics,0.0,0.0,0.0,0.0,0.0,0.0,0.0,1.0,1.0,0.0,0.0,2.0,0.0,4.0,0.0,0.0,0.0,0.0,0.0,0.0,1.0,0.0,0.0,0.0,0.0,0.0,0.0,0.0,0.0,0.0,0.0,0.0
politics,0.0,0.0,0.0,0.0,0.0,0.0,0.0,0.0,0.0,0.0,0.0,0.0,0.0,5.555555555555555,0.0,0.0,0.0,0.0,0.0,0.0,2.7777777777777777,0.0,0.0,0.0,0.0,0.0,0.0,0.0,0.0,0.0,0.0,0.0
politics,0.0,0.0,0.0,0.0,0.0,0.0,0.0,1.5432098765432098,1.5432098765432098,0.0,0.0,4.938271604938271,0.30864197530864196,2.1604938271604937,0.0,0.0,0.0,0.0,0.0,0.0,0.0,0.0,0.0,0.0,0.0,0.0,0.0,0.0,0.0,0.0,0.0,0.0
politics,0.0,0.0,0.0,0.0,0.0,0.0,0.0,0.7766990291262136,0.7766990291262136,0.0,0.0,6.407766990291262,0.0,3.1067961165048543,0.0,0.3883495145631068,0.0,0.0,0.0,0.0,0.0,0.0,0.7766990291262136,0.0,0.7766990291262136,0.0,0.0,0.0,0.0,0.0,0.0,0.0
politics,0.0,0.0,0.0,0.0,0.0,0.0,0.5376344086021506,0.6571087216248507,1.1350059737156513,0.0,0.0,4.4205495818399045,0.11947431302270012,3.763440860215054,0.0,0.4778972520908005,0.0,0.0,0.05973715651135006,0.35842293906810035,0.17921146953405018,0.0,0.23894862604540024,0.0,0.23894862604540024,0.0,0.0,0.0,0.0,0.0,0.0,0.0
funny,0.0,0.0,0.0,0.0,0.0,0.0,0.0,0.7462686567164178,0.7462686567164178,0.0,0.0,3.731343283582089,0.0,5.223880597014925,0.0,0.0,0.0,0.0,0.0,0.0,0.0,0.0,0.0,0.0,0.0,0.0,0.0,0.0,0.0,0.0,0.0,0.0
pics,0.5952380952380952,0.0,0.0,0.0,0.0,0.0,0.0,0.5952380952380952,0.5952380952380952,0.0,0.0,6.547619047619048,0.0,2.380952380952381,0.0,1.1904761904761905,0.0,0.0,0.0,0.0,0.0,0.0,0.0,0.0,0.0,0.0,0.0,0.0,0.0,0.0,0.0,0.0
politics,0.0,0.0,0.0,0.0,0.0,0.0,0.0,4.487179487179487,4.487179487179487,0.0,0.641025641025641,7.051282051282051,0.0,2.564102564102564,0.641025641025641,2.564102564102564,0.0,0.0,0.0,0.0,1.282051282051282,0.0,0.0,0.0,0.0,0.0,0.0,0.0,0.0,0.0,0.0,0.0
funny,0.0,0.0,0.0,0.0,0.0,0.0,0.0,1.9607843137254901,1.9607843137254901,0.0,0.0,4.901960784313726,0.0,5.88235294117647,0.0,0.0,0.0,0.0,0.0,0.0,0.0,0.0,0.0,0.0,0.0,0.0,0.0,0.0,0.0,0.0,0.0,0.0
AdviceAnimals,0.0,0.0,0.0,0.0,0.0,0.0,0.0,0.0,0.0,0.0,0.0,2.197802197802198,0.0,4.395604395604396,0.0,0.0,0.0,0.0,0.0,0.0,0.0,0.0,0.0,0.0,0.0,0.0,0.0,0.0,0.0,0.0,0.0,0.0
AdviceAnimals,0.0,0.0,0.0,0.0,0.0,0.0,0.0,0.0,0.0,0.0,0.0,3.488372093023256,0.0,2.3255813953488373,0.0,0.0,1.1627906976744187,0.0,0.0,0.0,0.0,0.0,0.0,0.0,0.0,0.0,0.0,0.0,0.0,0.0,0.0,0.0
AdviceAnimals,0.0,0.0,0.0,0.0,0.0,0.0,0.0,4.918032786885246,4.918032786885246,0.0,0.0,4.918032786885246,0.0,6.557377049180328,0.0,3.278688524590164,0.0,0.0,0.0,0.0,0.0,0.0,0.0,0.0,0.0,0.0,0.0,0.0,0.0,0.0,0.0,0.0
atheism,0.0,0.0,0.0,0.0,0.0,1.1904761904761905,0.0,1.1904761904761905,1.1904761904761905,0.0,0.0,3.571428571428571,0.0,3.571428571428571,0.0,1.1904761904761905,0.0,0.0,0.0,0.0,0.0,0.0,0.0,0.0,0.0,0.0,0.0,0.0,0.0,0.0,0.0,0.0
pics,0.0,0.0,0.0,0.0,0.0,0.0,0.0,6.5420560747663545,2.803738317757009,0.0,0.0,4.672897196261682,0.0,5.607476635514018,0.0,4.672897196261682,3.7383177570093453,0.9345794392523363,0.0,0.0,0.0,0.0,2.803738317757009,0.0,3.7383177570093453,0.0,0.0,0.0,0.0,0.0,0.0,0.0
gaming,2.6548672566371683,0.0,0.0,0.0,0.0,0.0,0.0,0.0,0.0,0.0,0.0,4.424778761061947,0.0,4.424778761061947,0.0,0.0,0.8849557522123894,0.0,0.0,0.0,5.3097345132743365,0.0,0.0,0.0,0.0,0.0,0.0,0.0,0.0,0.0,0.0,0.0
AdviceAnimals,0.0,0.0,0.0,0.0,0.0,0.0,0.0,0.0,0.0,0.0,0.0,0.0,0.0,7.142857142857142,0.0,0.0,0.0,0.0,0.0,0.0,0.0,0.0,0.0,0.0,0.0,0.0,0.0,0.0,0.0,0.0,0.0,0.0
atheism,0.0,0.0,0.0,0.0,0.0,0.0,0.0,0.9174311926605505,0.9174311926605505,0.0,0.0,3.669724770642202,0.9174311926605505,3.669724770642202,0.0,0.0,0.0,0.0,0.0,0.0,2.7522935779816518,0.0,0.0,0.0,0.0,0.0,0.0,0.0,0.0,0.0,0.0,0.0
atheism,0.0,0.0,0.0,0.0,0.0,0.0,0.0,0.0,0.0,0.0,0.0,3.8461538461538463,0.0,5.769230769230769,0.0,0.0,0.0,0.0,0.0,0.0,0.0,0.0,0.0,0.0,0.0,0.0,0.0,0.0,0.0,0.0,0.0,0.0
atheism,0.0,0.0,0.0,0.0,0.0,0.0,0.0,0.45662100456621,0.45662100456621,0.0,0.0,3.1963470319634704,0.0,5.0228310502283104,0.0,0.45662100456621,0.45662100456621,0.0,0.0,0.0,0.0,0.0,0.0,0.0,0.0,0.0,0.0,0.0,0.0,0.0,0.0,0.0
todayilearned,0.0,0.0,0.0,0.0,0.0,0.0,0.0,0.0,0.0,0.0,0.0,1.8315018315018317,0.0,4.761904761904762,0.0,0.0,0.0,0.0,0.0,0.0,0.0,0.0,0.0,0.0,0.0,0.0,0.0,0.0,0.0,0.0,0.0,0.0
pics,0.0,0.0,0.0,0.0,0.0,0.0,0.0,1.0869565217391304,1.0869565217391304,1.0869565217391304,0.0,11.956521739130435,0.0,5.434782608695652,0.0,0.0,0.0,0.0,0.0,0.0,0.0,0.0,0.0,0.0,0.0,0.0,0.0,0.0,0.0,0.0,0.0,0.0
pics,0.0,0.0,0.0,1.694915254237288,0.0,0.0,0.0,1.694915254237288,0.0,0.0,0.0,1.694915254237288,0.0,5.932203389830509,0.0,0.0,0.0,0.0,0.0,0.0,0.0,0.0,1.694915254237288,0.0,1.694915254237288,0.0,0.0,0.0,0.0,0.0,0.0,0.0
gaming,0.0,0.0,0.0,0.0,0.0,0.0,0.0,0.0,0.0,0.0,0.0,2.6548672566371683,0.0,4.424778761061947,0.0,0.0,0.0,0.0,0.0,0.0,2.6548672566371683,0.0,0.0,0.0,0.0,0.0,0.0,0.0,0.0,0.0,0.0,0.0
atheism,0.0,0.0,0.0,0.0,0.0,0.0,0.0,4.137931034482759,4.137931034482759,0.0,0.0,5.517241379310345,0.6896551724137931,1.3793103448275863,0.6896551724137931,0.0,0.0,0.0,0.0,0.0,2.0689655172413794,0.0,0.0,0.0,0.0,0.0,0.0,0.0,0.0,0.0,0.0,0.0
atheism,0.0,0.0,0.0,0.0,0.0,0.0,0.0,1.4598540145985401,1.4598540145985401,0.0,0.0,2.9197080291970803,0.0,4.37956204379562,0.0,0.0,0.0,0.0,0.0,0.0,0.0,0.0,0.0,0.0,0.0,0.0,0.0,0.0,0.0,0.0,0.0,0.0
atheism,0.0,0.0,0.0,0.0,0.0,0.0,1.3157894736842104,0.0,0.0,0.0,0.0,7.894736842105263,0.0,3.9473684210526314,0.0,0.0,0.0,0.0,0.0,0.0,0.0,0.0,0.0,0.0,0.0,0.0,0.0,0.0,0.0,0.0,0.0,0.0
atheism,0.0,0.0,0.0,0.0,0.0,0.0,2.1052631578947367,0.0,0.0,0.0,0.0,4.2105263157894735,0.0,5.263157894736842,0.0,0.0,0.0,0.0,0.0,0.0,1.0526315789473684,0.0,0.0,0.0,0.0,0.0,0.0,0.0,0.0,0.0,0.0,0.0
AdviceAnimals,0.0,0.0,0.0,0.0,0.0,0.0,0.0,0.8264462809917356,0.8264462809917356,0.0,0.0,2.8925619834710745,0.0,4.958677685950414,0.0,0.4132231404958678,0.0,0.0,0.0,0.0,0.0,0.0,0.0,0.0,0.0,0.0,0.0,0.0,0.0,0.0,0.0,0.0
AdviceAnimals,0.0,0.0,0.0,0.0,0.0,0.0,0.0,0.0,0.0,0.0,0.0,2.5974025974025974,0.0,5.194805194805195,0.0,0.0,0.0,0.0,0.0,0.0,0.0,0.0,0.0,0.0,0.0,0.0,0.0,0.0,0.0,0.0,0.0,0.0
AdviceAnimals,0.0,0.0,0.0,0.0,0.0,0.0,0.0,0.0,0.0,0.0,0.0,0.0,0.0,6.0,0.0,0.0,0.0,0.0,0.0,0.0,0.0,0.0,0.0,0.0,0.0,0.0,0.0,0.0,0.0,0.0,0.0,0.0
gaming,0.0,0.0,0.0,0.0,0.0,0.0,0.0,2.092050209205021,2.092050209205021,0.0,0.0,2.092050209205021,0.41841004184100417,5.857740585774058,0.0,0.0,0.0,0.0,0.0,0.0,0.0,0.0,0.0,0.0,0.0,0.0,0.0,0.0,0.0,0.0,0.0,0.0
politics,0.0,0.0,0.0,0.0,0.0,0.0,0.0,1.4925373134328357,1.4925373134328357,0.0,0.0,1.4925373134328357,0.0,2.9850746268656714,0.0,0.0,0.0,0.0,0.0,0.0,0.0,0.0,0.0,0.0,0.0,0.0,0.0,0.0,0.0,0.0,0.0,0.0
pics,0.0,0.0,0.0,0.0,0.0,0.0,0.0,1.0416666666666665,1.0416666666666665,0.0,0.0,8.854166666666668,0.0,4.6875,0.0,0.0,0.0,0.0,0.0,0.0,0.0,0.0,0.0,0.0,0.0,0.0,0.0,0.0,0.0,0.0,0.0,0.0
atheism,0.0,0.0,0.0,0.0,0.0,0.0,0.0,0.0,0.0,0.0,0.0,6.666666666666667,0.0,4.444444444444445,0.0,0.0,0.0,0.0,0.0,0.0,0.0,0.0,0.0,0.0,0.0,0.0,0.0,0.0,0.0,0.0,0.0,0.0
pics,0.0,0.0,0.0,0.0,0.0,0.0,0.0,0.0,0.0,0.0,0.0,0.9345794392523363,1.8691588785046727,4.672897196261682,0.0,0.0,0.0,0.0,0.0,0.0,0.0,0.0,0.0,0.0,0.0,0.0,0.0,0.0,0.0,0.0,0.0,0.0
AdviceAnimals,0.0,0.0,1.1764705882352942,0.0,0.0,0.0,0.0,0.0,0.0,0.0,0.0,3.5294117647058822,0.0,2.3529411764705883,0.0,0.0,0.0,0.0,0.0,0.0,0.0,0.0,0.0,0.0,0.0,0.0,0.0,0.0,0.0,0.0,0.0,0.0
AdviceAnimals,0.0,0.0,0.0,0.0,0.0,0.0,0.0,0.7352941176470588,0.7352941176470588,0.0,0.0,3.6764705882352944,0.0,5.147058823529411,0.0,0.0,0.0,0.0,0.0,0.0,0.0,0.0,0.0,0.0,0.0,0.0,0.0,0.0,0.0,0.0,0.0,0.0
todayilearned,0.0,0.0,0.0,0.0,0.0,0.0,0.0,0.0,0.0,0.0,0.0,4.761904761904762,0.0,4.761904761904762,0.0,0.0,0.0,0.0,0.0,0.0,0.0,0.0,0.0,0.0,0.0,0.0,0.0,0.0,0.0,0.0,0.0,0.0
explainlikeimfive,0.0,0.0,0.0,0.0,0.0,0.0,0.0,2.6785714285714284,2.6785714285714284,0.0,0.0,4.761904761904762,0.0,4.166666666666666,0.0,0.0,0.0,0.0,0.0,0.0,0.0,0.0,0.0,0.0,0.0,0.0,0.0,0.0,0.0,0.0,0.0,0.0
explainlikeimfive,0.333889816360601,0.0,0.0,0.8347245409015025,0.0,0.0,0.0,0.5008347245409015,0.667779632721202,1.1686143572621035,0.0,7.178631051752922,0.5008347245409015,6.010016694490818,0.0,0.5008347245409015,0.0,0.0,0.1669449081803005,0.0,0.333889816360601,0.0,0.0,0.0,0.0,0.0,0.0,0.0,0.0,0.0,0.0,0.0
explainlikeimfive,0.2824858757062147,0.0,0.0,0.0,0.0,0.0,0.5649717514124294,0.847457627118644,0.847457627118644,0.0,0.0,2.824858757062147,0.0,5.932203389830509,0.0,0.0,0.0,0.0,0.0,0.0,0.0,0.0,0.0,0.0,0.0,0.0,0.0,0.0,0.0,0.0,0.0,0.0
explainlikeimfive,0.0,0.0,0.0,0.0,0.0,0.0,0.6896551724137931,0.0,0.0,0.0,0.0,2.7586206896551726,2.0689655172413794,3.4482758620689653,0.0,0.0,0.0,0.0,0.0,0.0,0.0,0.0,0.0,0.0,0.0,0.0,0.0,0.0,0.0,0.0,0.0,0.0
pics,0.0,0.0,0.0,0.0,0.0,0.0,0.0,0.0,0.0,0.0,0.0,1.3513513513513513,0.0,6.756756756756757,0.0,0.0,0.0,0.0,0.0,0.0,0.0,0.0,0.0,0.0,0.0,0.0,0.0,0.0,0.0,0.0,0.0,0.0
politics,0.0,0.0,0.0,0.0,0.0,0.0,0.0,0.0,0.0,0.0,0.0,20.441988950276244,0.0,0.5524861878453038,0.0,0.0,0.0,0.0,0.0,0.0,1.1049723756906076,0.0,0.0,0.0,0.0,0.0,0.0,0.0,0.0,0.0,0.0,0.0
politics,0.0,0.0,0.0,0.0,0.0,0.0,0.0,0.0,0.0,0.0,0.0,4.464285714285714,0.0,6.25,0.0,0.0,0.0,0.0,0.0,0.0,0.0,0.0,0.0,0.0,0.0,0.0,0.0,0.0,0.0,0.0,0.0,0.0
politics,0.0,0.0,0.0,0.4098360655737705,0.0,0.0,0.0,0.6147540983606558,0.6147540983606558,0.0,0.0,7.581967213114754,0.0,4.098360655737705,0.0,0.4098360655737705,0.0,0.0,0.0,0.0,0.0,0.0,0.0,0.0,0.0,0.0,0.0,0.0,0.0,0.0,0.0,0.0
politics,0.0,0.0,0.0,0.0,0.6557377049180327,0.0,0.0,0.32786885245901637,0.32786885245901637,0.0,0.0,8.852459016393443,0.32786885245901637,4.590163934426229,0.0,0.0,0.0,0.0,0.0,0.0,0.0,0.0,0.0,0.0,0.0,0.0,0.0,0.0,0.0,0.0,0.0,0.0
politics,0.0,0.0,0.0,0.0,0.0,0.0,0.0,1.3513513513513513,1.3513513513513513,0.0,0.0,4.054054054054054,0.0,5.405405405405405,0.0,0.0,0.0,0.0,0.0,0.0,1.3513513513513513,0.0,0.0,0.0,0.0,0.0,0.0,0.0,0.0,0.0,0.0,0.0
gaming,0.16420361247947454,0.0,0.0,0.0,0.0,0.0,0.0,0.49261083743842365,0.49261083743842365,0.0,0.0,6.403940886699508,0.0,5.582922824302135,0.0,0.0,0.16420361247947454,0.0,0.0,0.0,0.49261083743842365,0.0,0.0,0.0,0.0,0.0,0.0,0.0,0.0,0.0,0.0,0.0
gaming,0.0,0.0,0.0,0.0,0.0,0.0,0.0,1.1111111111111112,1.1111111111111112,0.0,0.0,2.2222222222222223,0.0,2.2222222222222223,0.0,0.0,0.0,0.0,0.0,0.0,0.0,0.0,0.0,0.0,0.0,0.0,0.0,0.0,0.0,0.0,0.0,0.0
gaming,0.0,0.0,0.0,0.0,0.0,0.0,0.0,0.0,0.0,0.0,0.0,5.084745762711865,0.0,6.779661016949152,0.0,0.0,0.0,0.0,0.0,0.0,0.0,0.0,0.0,0.0,0.0,0.0,0.0,0.0,0.0,0.0,0.0,0.0
gaming,0.0,0.0,0.0,0.0,0.0,0.0,0.14619883040935672,0.14619883040935672,0.14619883040935672,0.0,0.0,2.1929824561403506,0.0,3.654970760233918,0.0,0.0,0.0,0.0,0.0,0.0,0.43859649122807015,0.0,0.0,0.0,0.0,0.0,0.0,0.0,0.0,0.0,0.0,0.0
funny,0.0,0.0,0.0,0.0,0.0,0.0,0.0,0.45662100456621,0.45662100456621,0.0,0.0,6.392694063926941,0.0,5.47945205479452,0.0,0.0,0.0,0.0,0.0,0.0,0.0,0.0,0.0,0.0,0.0,0.0,0.0,0.0,0.0,0.0,0.0,0.0
atheism,0.0,0.0,0.0,0.0,0.0,0.0,0.0,0.0,0.0,0.0,0.0,0.0,0.0,6.024096385542169,0.0,0.0,0.0,0.0,0.0,0.0,0.0,0.0,0.0,0.0,0.0,0.0,0.0,0.0,0.0,0.0,0.0,0.0
pics,0.0,0.0,0.0,0.0,0.5025125628140703,0.0,0.0,0.5025125628140703,0.5025125628140703,0.0,0.0,6.030150753768844,0.0,8.040201005025125,0.0,0.0,0.0,0.0,0.0,0.0,0.0,0.0,0.0,0.0,0.0,0.0,0.0,0.0,0.0,0.0,0.0,0.0
politics,0.0,0.0,0.0,0.0,0.0,0.0,0.0,0.0,0.0,0.0,0.0,4.6875,0.0,6.25,0.0,0.0,0.0,0.0,0.0,0.0,0.0,0.0,0.0,0.0,0.0,0.0,0.0,0.0,0.0,0.0,0.0,0.0
gaming,0.0,0.0,0.0,0.0,0.0,0.0,0.0,0.0,0.0,0.0,0.0,2.976190476190476,0.0,5.952380952380952,0.0,0.0,0.0,0.0,0.0,0.0,1.1904761904761905,0.0,0.0,0.0,0.0,0.0,0.0,0.0,0.0,0.0,0.0,0.0
gaming,0.0,0.0,0.0,0.0,0.0,0.0,1.3157894736842104,0.0,0.0,0.0,0.0,0.0,0.0,7.894736842105263,0.0,0.0,0.0,0.0,0.0,0.0,0.0,0.0,0.0,0.0,0.0,0.0,0.0,0.0,0.0,0.0,0.0,0.0
gaming,0.0,0.0,0.0,0.0,0.0,0.0,0.0,0.0,0.0,0.0,0.0,4.545454545454546,0.0,4.545454545454546,0.0,0.0,0.0,0.0,0.0,0.0,0.0,0.0,0.0,0.0,0.0,0.0,0.0,0.0,0.0,0.0,0.0,0.0
gaming,0.0,0.0,0.0,0.0,0.0,0.0,0.0,0.4761904761904762,0.4761904761904762,0.0,0.0,3.8095238095238098,0.9523809523809524,4.285714285714286,0.0,0.4761904761904762,0.0,0.0,0.0,0.0,0.0,0.0,0.0,0.0,0.0,0.0,0.0,0.0,0.0,0.0,0.0,0.0
politics,0.0,0.0,0.0,0.0,0.0,0.0,0.0,0.0,0.0,0.0,0.0,2.2900763358778624,0.0,3.0534351145038165,0.0,0.0,0.0,0.0,0.0,0.0,0.7633587786259541,0.0,0.0,0.0,0.0,0.0,0.0,0.0,0.0,0.0,0.0,0.0
politics,0.2808988764044944,0.0,0.0,0.0,0.0,0.0,0.0,0.2808988764044944,0.2808988764044944,0.0,0.0,3.3707865168539324,0.0,3.3707865168539324,0.0,0.8426966292134831,0.0,0.0,0.0,1.1235955056179776,0.8426966292134831,0.0,0.0,0.0,0.0,0.0,0.0,0.0,0.0,0.0,0.0,0.0
pics,0.9174311926605505,0.0,0.0,0.0,0.0,0.0,0.0,0.0,0.0,0.0,0.0,2.293577981651376,0.0,8.256880733944955,0.0,0.0,0.0,0.0,0.0,0.0,0.0,0.0,0.0,0.0,0.0,0.0,0.0,0.0,0.0,0.0,0.0,0.0
funny,0.0,0.0,0.0,0.0,0.0,0.0,0.0,0.0,0.0,0.0,0.0,4.545454545454546,0.0,3.0303030303030303,0.0,0.0,0.0,0.0,0.0,0.0,1.5151515151515151,0.0,0.0,0.0,0.0,0.0,0.0,0.0,0.0,0.0,0.0,0.0
pics,0.0,0.0,0.0,0.0,0.0,0.0,0.0,0.0,0.0,0.0,0.0,0.0,0.0,6.0606060606060606,0.0,0.0,0.0,0.0,0.0,3.0303030303030303,0.0,0.0,0.0,0.0,0.0,0.0,0.0,0.0,0.0,0.0,0.0,0.0
pics,0.0,0.0,0.0,0.0,0.0,0.0,0.0,0.0,0.0,0.0,0.0,3.8461538461538463,0.0,3.8461538461538463,0.0,0.0,0.0,0.0,0.0,0.0,0.0,0.0,0.0,0.0,0.0,0.0,0.0,0.0,0.0,0.0,0.0,0.0
pics,0.0,0.0,0.0,0.0,0.0,0.0,0.0,0.0,0.0,0.0,0.0,6.896551724137931,0.0,6.896551724137931,0.0,0.0,0.0,0.0,0.0,0.0,0.0,0.0,0.0,0.0,0.0,0.0,0.0,0.0,0.0,0.0,0.0,0.0
pics,0.0,0.0,0.0,0.0,0.0,0.0,0.0,1.639344262295082,0.819672131147541,0.0,0.0,2.459016393442623,0.0,4.918032786885246,0.0,0.0,0.0,0.0,0.0,0.0,0.819672131147541,0.0,0.819672131147541,0.0,0.819672131147541,0.0,0.0,0.0,0.0,0.0,0.0,0.0
pics,0.0,0.0,0.0,0.0,0.0,0.0,0.0,0.0,0.0,0.0,0.0,4.054054054054054,0.0,8.108108108108109,0.0,0.0,1.3513513513513513,0.0,0.0,0.0,0.0,0.0,0.0,0.0,0.0,0.0,0.0,0.0,0.0,0.0,0.0,0.0
todayilearned,0.0,0.0,0.0,0.0,0.0,0.0,0.0,1.8181818181818181,1.8181818181818181,0.0,0.0,1.8181818181818181,0.0,3.6363636363636362,0.0,1.8181818181818181,0.0,0.0,0.0,0.0,0.0,0.0,0.0,0.0,0.0,0.0,0.0,0.0,0.0,0.0,0.0,0.0
AdviceAnimals,0.0,0.0,0.0,0.0,0.0,0.0,0.0,0.0,0.0,0.0,0.0,12.5,0.0,3.571428571428571,0.0,0.0,0.0,0.0,0.0,0.0,0.0,0.0,0.0,0.0,0.0,0.0,0.0,0.0,0.0,0.0,0.0,0.0
gaming,0.0,0.0,0.0,0.0,0.0,0.0,0.0,0.0,0.0,0.0,0.0,5.405405405405405,0.0,5.405405405405405,0.0,0.0,0.0,0.0,0.0,0.0,0.0,0.0,0.0,0.0,0.0,0.0,0.0,0.0,0.0,0.0,0.0,0.0
gaming,0.0,0.0,0.0,0.0,0.0,0.36231884057971014,0.0,0.7246376811594203,0.7246376811594203,0.0,0.0,2.898550724637681,0.0,1.4492753623188406,0.0,0.36231884057971014,0.0,0.0,0.0,0.0,0.0,0.0,0.0,0.0,0.0,0.0,0.0,0.0,0.0,0.0,0.0,0.0
gaming,0.0,0.0,0.0,0.0,0.0,0.0,0.0,0.0,0.0,0.0,0.0,4.100946372239748,0.0,3.7854889589905363,0.0,0.31545741324921134,0.0,0.0,0.0,0.0,0.31545741324921134,0.0,0.0,0.0,0.0,0.0,0.0,0.0,0.0,0.0,0.0,0.0
gaming,0.0,0.0,0.0,0.0,0.0,0.0,0.0,2.7027027027027026,2.7027027027027026,0.0,0.0,2.7027027027027026,0.0,5.405405405405405,0.0,0.0,0.0,0.0,0.0,0.0,2.7027027027027026,0.0,0.0,0.0,0.0,0.0,0.0,0.0,0.0,0.0,0.0,0.0
gaming,0.0,0.0,0.0,0.0,0.0,0.0,0.0,0.0,0.0,0.0,0.0,4.838709677419355,0.0,1.6129032258064515,0.0,0.0,0.0,0.0,0.0,0.0,4.838709677419355,0.0,0.0,0.0,0.0,0.0,0.0,0.0,0.0,0.0,0.0,0.0
gaming,0.0,0.0,0.0,0.0,0.0,0.0,0.0,0.0,0.0,0.0,0.0,0.0,0.0,9.090909090909092,0.0,0.0,0.0,0.0,0.0,0.0,0.0,0.0,0.0,0.0,0.0,0.0,0.0,0.0,0.0,0.0,0.0,0.0
gaming,0.0,0.0,0.0,0.0,4.3478260869565215,0.0,0.0,0.0,0.0,0.0,0.0,4.3478260869565215,0.0,13.043478260869565,0.0,0.0,0.0,0.0,0.0,0.0,4.3478260869565215,0.0,0.0,0.0,0.0,0.0,0.0,0.0,0.0,0.0,0.0,0.0
atheism,0.0,0.0,0.0,0.0,0.0,0.0,0.0,7.142857142857142,0.0,0.0,0.0,0.0,0.0,0.0,0.0,0.0,0.0,0.0,0.0,0.0,0.0,0.0,0.0,0.0,7.142857142857142,0.0,0.0,0.0,0.0,0.0,0.0,0.0
AdviceAnimals,2.1505376344086025,0.0,0.0,0.0,0.0,0.0,0.0,0.0,0.0,0.0,0.0,2.1505376344086025,0.0,6.451612903225806,0.0,0.0,1.0752688172043012,0.0,0.0,0.0,1.0752688172043012,0.0,0.0,0.0,0.0,0.0,0.0,0.0,0.0,0.0,0.0,0.0
AdviceAnimals,0.0,0.0,0.0,0.0,0.0,0.0,0.0,0.0,0.0,0.0,0.0,2.7439024390243905,0.0,6.402439024390244,0.0,0.0,0.0,0.0,0.0,0.0,0.0,0.0,0.0,0.0,0.0,0.0,0.0,0.0,0.0,0.0,0.0,0.0
atheism,0.0,0.0,0.0,0.0,0.0,0.0,0.0,0.0,0.0,0.0,0.0,1.507537688442211,0.0,4.522613065326634,0.0,0.0,0.0,0.0,0.0,0.0,1.507537688442211,0.0,0.0,0.0,0.0,0.0,0.0,0.0,0.0,0.0,0.0,0.0
atheism,0.0,0.0,0.0,0.0,0.0,0.0,0.0,0.0,0.0,0.0,0.0,11.464968152866243,0.0,3.1847133757961785,0.0,0.0,0.0,0.0,0.0,0.0,0.0,0.0,0.0,0.0,0.0,0.0,0.0,0.0,0.0,0.0,0.0,0.0
AdviceAnimals,0.8333333333333334,0.0,0.0,0.0,0.0,0.0,0.0,1.6666666666666667,1.6666666666666667,0.0,0.0,4.166666666666666,0.0,4.166666666666666,0.0,0.0,0.0,0.0,0.0,0.0,0.0,0.0,0.0,0.0,0.0,0.0,0.0,0.0,0.0,0.0,0.0,0.0
AdviceAnimals,0.0,0.0,0.0,0.0,0.0,0.0,0.0,0.0,0.0,0.0,0.0,4.320987654320987,0.0,4.320987654320987,0.0,0.0,0.0,0.0,0.0,0.0,0.0,0.0,0.0,0.0,0.0,0.0,0.0,0.0,0.0,0.0,0.0,0.0
pics,0.0,0.0,0.0,0.0,0.0,0.0,0.0,1.7543859649122806,0.0,0.0,0.0,1.7543859649122806,0.0,5.263157894736842,0.0,0.0,0.0,0.0,0.0,0.0,0.0,0.0,1.7543859649122806,0.0,1.7543859649122806,0.0,0.0,0.0,0.0,0.0,0.0,0.0
pics,0.0,0.0,0.0,0.0,0.0,0.0,0.0,0.6666666666666667,0.6666666666666667,0.0,0.0,4.0,0.0,4.666666666666667,0.0,0.0,0.0,0.0,0.0,0.0,0.6666666666666667,0.0,0.0,0.0,0.0,0.0,0.0,0.0,0.0,0.0,0.0,0.0
pics,0.0,0.0,0.0,0.0,0.0,0.0,0.0,0.0,0.0,0.0,0.0,5.555555555555555,0.0,11.11111111111111,0.0,0.0,0.0,0.0,0.0,0.0,0.0,0.0,0.0,0.0,0.0,0.0,0.0,0.0,0.0,0.0,0.0,0.0
pics,0.0,0.0,0.0,0.0,0.0,0.0,0.0,1.5625,1.5625,0.0,0.0,4.6875,0.0,5.208333333333334,0.0,0.0,0.5208333333333333,0.0,0.0,0.0,0.0,0.0,0.0,0.0,0.0,0.0,0.0,0.0,0.0,0.0,0.0,0.0
politics,0.0,0.0,0.0,0.0,0.0,0.0,0.0,0.0,0.0,0.0,0.0,2.763819095477387,0.0,5.276381909547738,0.0,0.0,0.0,0.0,0.0,0.0,0.0,0.0,0.0,0.0,0.0,0.0,0.0,0.0,0.0,0.0,0.0,0.0
AdviceAnimals,0.0,0.0,0.0,0.0,0.0,0.0,0.0,0.0,0.0,0.0,0.0,3.9215686274509802,0.0,3.9215686274509802,0.0,0.0,0.0,0.0,0.0,0.0,0.0,0.0,0.0,0.0,0.0,0.0,0.0,0.0,0.0,0.0,0.0,0.0
AdviceAnimals,0.0,0.0,0.0,0.0,0.0,0.0,0.0,0.0,0.0,0.0,0.0,1.2658227848101267,1.2658227848101267,2.5316455696202533,0.0,0.0,0.0,0.0,0.0,0.0,0.0,0.0,0.0,0.0,0.0,0.0,0.0,0.0,0.0,0.0,0.0,0.0
atheism,0.0,0.0,0.0,0.0,0.0,0.0,0.0,0.0,0.0,0.0,0.0,0.0,0.0,15.0,0.0,0.0,0.0,0.0,0.0,0.0,0.0,0.0,0.0,0.0,0.0,0.0,0.0,0.0,0.0,0.0,0.0,0.0
explainlikeimfive,0.0,0.0,0.0,0.0,1.9801980198019802,0.0,0.0,0.0,0.0,0.0,0.0,4.9504950495049505,0.0,4.9504950495049505,0.0,0.0,0.0,0.0,0.0,0.0,0.0,0.0,0.0,0.0,0.0,0.0,0.0,0.0,0.0,0.0,0.0,0.0
pics,0.0,0.0,0.0,0.0,0.0,0.0,0.0,0.0,0.0,0.0,0.0,5.084745762711865,0.0,5.084745762711865,0.0,0.0,0.0,0.0,0.0,0.0,0.0,0.0,0.0,0.0,0.0,0.0,0.0,0.0,0.0,0.0,0.0,0.0
pics,0.0,0.0,0.0,0.0,0.0,0.0,0.0,0.0,0.0,0.0,0.0,3.8834951456310676,0.0,4.854368932038835,0.0,0.0,0.0,0.0,0.0,0.0,0.0,0.0,0.0,0.0,0.0,0.0,0.0,0.0,0.0,0.0,0.0,0.0
pics,0.0,0.0,0.0,0.0,0.0,0.0,0.0,0.0,0.0,0.0,0.0,4.615384615384616,0.0,6.153846153846154,0.0,0.0,0.0,0.0,0.0,0.0,0.0,0.0,0.0,0.0,0.0,0.0,0.0,0.0,0.0,0.0,0.0,0.0
politics,0.0,0.0,0.0,0.0,0.0,0.0,0.0,0.6451612903225806,0.6451612903225806,0.0,0.0,3.225806451612903,0.0,2.5806451612903225,0.0,0.0,0.0,0.0,0.0,0.0,0.0,0.0,0.0,0.0,0.0,0.0,0.0,0.0,0.0,0.0,0.0,0.0
politics,0.0,0.0,0.0,0.0,0.0,0.0,0.0,0.0,0.0,0.0,0.0,2.973977695167286,0.0,3.717472118959108,0.0,0.0,0.0,0.0,0.0,0.0,0.0,0.0,0.0,0.0,0.0,0.0,0.0,0.0,0.0,0.0,0.0,0.0
politics,0.0,0.0,0.0,0.0,0.8,0.0,0.8,0.8,0.8,0.0,0.0,5.6000000000000005,0.0,4.0,0.0,0.0,0.0,0.0,0.0,0.8,0.0,0.0,0.0,0.0,0.0,0.0,0.0,0.0,0.0,0.0,0.0,0.0
funny,0.0,0.0,0.0,0.0,0.0,0.0,0.0,0.0,0.0,0.0,0.0,0.0,0.0,11.11111111111111,0.0,0.0,0.0,0.0,0.0,0.0,0.0,0.0,0.0,0.0,0.0,0.0,0.0,0.0,0.0,0.0,0.0,0.0
todayilearned,0.0,0.0,0.0,0.0,0.0,0.0,0.0,0.0,0.0,0.0,0.0,1.9417475728155338,0.0,3.8834951456310676,0.0,0.0,0.0,0.0,0.0,0.0,0.0,0.0,0.0,0.0,0.0,0.0,0.0,0.0,0.0,0.0,0.0,0.0
todayilearned,0.0,0.0,0.0,0.0,0.0,0.0,0.0,1.6666666666666667,0.0,0.0,0.0,3.3333333333333335,0.0,5.0,0.0,1.6666666666666667,0.0,0.0,0.0,0.0,1.6666666666666667,0.0,1.6666666666666667,0.0,1.6666666666666667,0.0,0.0,0.0,0.0,0.0,0.0,0.0
atheism,0.0,0.0,0.0,0.0,0.0,0.0,0.0,0.0,0.0,0.0,0.0,4.301075268817205,0.0,3.763440860215054,0.0,1.6129032258064515,0.0,0.0,0.0,0.5376344086021506,0.0,0.0,0.0,0.0,0.0,0.0,0.0,0.0,0.0,0.0,0.0,0.0
atheism,0.0,0.0,0.0,0.0,0.0,0.0,0.0,0.0,0.0,0.0,0.0,2.9702970297029703,0.0,4.9504950495049505,0.0,0.0,0.0,0.0,0.0,0.0,0.9900990099009901,0.0,0.0,0.0,0.0,0.0,0.0,0.0,0.0,0.0,0.0,0.0
pics,0.0,0.0,0.0,0.0,0.0,0.0,0.0,3.389830508474576,3.389830508474576,0.0,0.0,6.779661016949152,0.0,6.779661016949152,0.0,0.0,0.0,0.0,0.0,0.0,0.0,0.0,0.0,0.0,0.0,0.0,0.0,0.0,0.0,0.0,0.0,0.0
pics,0.0,0.0,0.0,0.0,0.0,0.0,0.0,0.0,0.0,0.0,0.0,0.0,0.0,4.651162790697675,0.0,0.0,0.0,0.0,0.0,0.0,2.3255813953488373,0.0,0.0,0.0,0.0,0.0,0.0,0.0,0.0,0.0,0.0,0.0
funny,0.0,0.0,0.0,0.0,0.0,0.0,0.0,0.0,0.0,0.0,0.0,0.0,0.0,50.0,0.0,0.0,0.0,0.0,0.0,0.0,0.0,0.0,0.0,0.0,0.0,0.0,0.0,0.0,0.0,0.0,0.0,0.0
gaming,0.0,0.0,0.0,0.0,0.0,0.0,0.0,1.0416666666666665,1.0416666666666665,0.0,0.0,7.291666666666667,0.0,6.25,0.0,1.0416666666666665,0.0,0.0,0.0,0.0,0.0,0.0,1.0416666666666665,0.0,1.0416666666666665,0.0,0.0,0.0,0.0,0.0,0.0,0.0
AdviceAnimals,0.0,0.0,0.0,0.0,0.0,0.0,0.0,0.0,0.0,0.0,0.0,9.523809523809524,0.0,3.968253968253968,0.0,0.0,0.0,0.0,0.0,1.5873015873015872,0.0,0.0,0.0,0.0,0.0,0.0,0.0,0.0,0.0,0.0,0.0,0.0
AdviceAnimals,0.0,0.0,0.0,0.0,0.0,0.0,0.0,0.0,0.0,0.0,0.0,8.695652173913043,0.0,2.1739130434782608,0.0,0.0,0.0,0.0,0.0,0.0,0.0,0.0,0.0,0.0,0.0,0.0,0.0,0.0,0.0,0.0,0.0,0.0
atheism,0.0,0.0,0.0,0.0,0.0,0.0,4.054054054054054,1.3513513513513513,1.3513513513513513,0.0,0.0,5.405405405405405,0.0,2.7027027027027026,0.0,0.0,0.0,0.0,0.0,0.0,1.3513513513513513,0.0,0.0,0.0,0.0,0.0,0.0,0.0,0.0,0.0,0.0,0.0
atheism,0.0,0.0,0.0,0.0,0.0,0.0,0.0,0.0,0.0,0.0,0.0,5.511811023622047,0.0,3.149606299212598,0.0,0.0,0.0,0.0,0.0,0.0,0.7874015748031495,0.0,0.0,0.0,0.0,0.0,0.0,0.0,0.0,0.0,0.0,0.0
gaming,0.0,0.0,0.0,0.0,0.0,0.0,0.0,0.0,0.0,0.0,0.0,4.3478260869565215,0.0,4.3478260869565215,0.0,0.43478260869565216,0.0,0.0,0.0,0.0,0.43478260869565216,0.0,0.0,0.0,0.0,0.0,0.0,0.0,0.0,0.0,0.0,0.0
explainlikeimfive,0.0,0.0,0.0,0.0,0.0,0.0,0.0,0.0,0.0,0.0,0.0,10.526315789473683,0.0,5.263157894736842,0.0,0.0,0.0,0.0,0.0,0.0,0.0,0.0,0.0,0.0,0.0,0.0,0.0,0.0,0.0,0.0,0.0,0.0
explainlikeimfive,0.0,0.0,0.0,0.0,0.0,0.0,0.0,0.0,0.0,0.0,0.0,5.194805194805195,0.0,2.5974025974025974,0.0,0.0,0.0,0.0,0.0,0.0,1.2987012987012987,0.0,0.0,0.0,0.0,0.0,0.0,0.0,0.0,0.0,0.0,0.0
pics,0.0,0.0,0.0,0.0,0.29239766081871343,0.0,0.29239766081871343,0.29239766081871343,0.29239766081871343,0.0,0.0,2.631578947368421,0.0,3.216374269005848,0.0,0.0,0.0,0.0,0.0,0.0,1.7543859649122806,0.0,0.0,0.0,0.0,0.0,0.0,0.0,0.0,0.0,0.0,0.0
gaming,0.0,0.0,0.0,0.0,0.0,0.0,0.0,0.0,0.0,0.0,0.0,5.88235294117647,0.0,0.0,0.0,0.0,0.0,0.0,0.0,0.0,0.0,0.0,0.0,0.0,0.0,0.0,0.0,0.0,0.0,0.0,0.0,0.0
atheism,0.0,0.0,0.0,0.0,0.411522633744856,0.0,0.0,0.823045267489712,0.823045267489712,0.0,0.0,2.05761316872428,0.0,4.526748971193416,0.0,0.0,0.0,0.0,0.0,0.0,1.2345679012345678,0.0,0.0,0.0,0.0,0.0,0.0,0.0,0.0,0.0,0.0,0.0
politics,0.0,0.0,0.0,0.0,0.0,0.0,0.0,0.0,0.0,0.0,1.4705882352941175,5.88235294117647,0.0,7.352941176470589,0.0,0.0,0.0,0.0,0.0,0.0,0.0,0.0,0.0,0.0,0.0,0.0,0.0,0.0,0.0,0.0,0.0,0.0
explainlikeimfive,0.0,0.0,0.0,0.0,0.0,0.0,0.0,0.5235602094240838,0.5235602094240838,0.0,0.0,2.094240837696335,1.0471204188481675,4.712041884816754,0.0,0.5235602094240838,0.0,0.0,0.0,0.0,1.0471204188481675,0.0,0.0,0.0,0.0,0.0,0.0,0.0,0.0,0.0,0.0,0.0
atheism,0.0,0.0,0.0,0.0,0.0,0.0,0.0,2.272727272727273,0.0,2.272727272727273,0.0,4.545454545454546,0.0,6.8181818181818175,0.0,0.0,0.0,0.0,0.0,0.0,0.0,0.0,2.272727272727273,0.0,2.272727272727273,0.0,0.0,0.0,0.0,0.0,0.0,0.0
atheism,0.0,0.0,0.0,0.0,0.0,0.0,0.0,0.0,0.0,0.0,0.0,4.25531914893617,1.0638297872340425,4.25531914893617,0.0,0.0,0.0,0.0,0.0,0.0,0.0,0.0,0.0,0.0,0.0,0.0,0.0,0.0,0.0,0.0,0.0,0.0
atheism,0.0,0.0,0.0,0.0,0.0,0.0,0.0,0.53475935828877,0.53475935828877,0.0,0.0,4.27807486631016,0.53475935828877,2.6737967914438503,0.0,0.53475935828877,0.8021390374331552,0.0,0.0,0.0,1.8716577540106951,0.0,0.0,0.0,0.0,0.0,0.0,0.0,0.0,0.0,0.0,0.0
atheism,0.0,0.0,0.0,0.0,0.0,0.0,0.0,1.4545454545454546,0.7272727272727273,0.0,0.0,3.6363636363636362,0.0,4.0,0.0,0.0,0.36363636363636365,0.0,0.0,0.0,0.0,0.0,0.0,0.0,0.0,0.0,0.0,0.0,0.0,0.0,0.0,0.0
atheism,0.0,0.0,0.0,0.0,0.0,0.0,0.0,1.4084507042253522,1.4084507042253522,0.0,0.0,9.859154929577464,0.0,5.633802816901409,0.0,0.0,0.0,0.0,0.0,0.0,0.0,0.0,0.0,0.0,0.0,0.0,0.0,0.0,0.0,0.0,0.0,0.0
atheism,0.0,0.0,0.0,0.0,0.0,0.0,0.29940119760479045,0.29940119760479045,0.0,0.0,0.0,3.592814371257485,0.29940119760479045,3.592814371257485,0.0,0.0,0.29940119760479045,0.0,0.0,0.5988023952095809,0.0,0.0,1.4970059880239521,0.0,1.4970059880239521,0.0,0.0,0.0,0.0,0.0,0.0,0.0
politics,0.0,0.0,0.0,0.0,1.639344262295082,0.0,0.0,0.819672131147541,0.0,0.0,0.0,7.377049180327869,0.0,4.918032786885246,0.0,0.0,0.0,0.0,0.0,0.0,0.0,0.0,0.819672131147541,0.0,0.819672131147541,0.0,0.0,0.0,0.0,0.0,0.0,0.0
funny,0.0,0.0,0.0,0.0,0.0,0.0,0.0,0.3125,0.3125,0.0,0.0,3.75,0.0,6.25,0.0,0.0,0.0,0.0,0.0,0.0,0.0,0.0,0.0,0.0,0.0,0.0,0.0,0.0,0.0,0.0,0.0,0.0
atheism,1.1764705882352942,0.0,0.0,0.0,0.0,0.0,0.0,1.1764705882352942,1.1764705882352942,0.0,0.0,2.3529411764705883,0.0,4.705882352941177,0.0,0.0,0.0,0.0,0.0,0.0,0.0,0.0,0.0,0.0,0.0,0.0,0.0,0.0,0.0,0.0,0.0,0.0
pics,0.0,0.0,0.0,0.0,0.0,0.0,0.0,0.0,0.0,0.0,0.0,4.3478260869565215,0.0,4.3478260869565215,0.0,1.4492753623188406,0.0,0.0,0.0,0.0,0.0,0.0,0.0,0.0,0.0,0.0,0.0,0.0,0.0,0.0,0.0,0.0
pics,0.0,0.0,0.0,0.0,0.0,0.0,0.0,0.0,0.0,0.0,0.0,4.0,0.0,4.0,0.0,4.0,0.0,0.0,0.0,0.0,0.0,0.0,0.0,0.0,0.0,0.0,0.0,0.0,0.0,0.0,0.0,0.0
explainlikeimfive,0.0,0.0,0.0,0.0,0.0,0.0,0.0,0.0,0.0,0.0,0.0,7.236842105263158,0.0,5.263157894736842,0.0,0.0,0.0,0.0,0.0,0.0,0.0,0.0,0.0,0.0,0.0,0.0,0.0,0.0,0.0,0.0,0.0,0.0
explainlikeimfive,0.0,0.0,0.0,0.0,0.78125,0.0,0.78125,0.78125,0.78125,0.0,0.0,12.5,0.0,5.46875,0.0,0.0,0.0,0.0,0.0,0.0,0.0,0.0,0.0,0.0,0.0,0.0,0.0,0.0,0.0,0.0,0.0,0.0
AdviceAnimals,0.0,0.0,0.0,0.0,0.0,0.0,0.0,0.0,0.0,0.0,0.0,0.0,0.0,5.714285714285714,0.0,0.0,0.0,0.0,0.0,0.0,0.0,0.0,0.0,0.0,0.0,0.0,0.0,0.0,0.0,0.0,0.0,0.0
pics,0.0,0.0,0.0,0.0,0.0,0.0,0.0,0.0,0.0,0.0,0.0,10.0,0.0,5.517241379310345,0.0,0.0,0.0,0.0,0.0,0.0,1.0344827586206897,0.0,0.0,0.0,0.0,0.0,0.0,0.0,0.0,0.0,0.0,0.0
pics,1.3605442176870748,0.0,0.0,0.0,0.0,0.0,0.0,0.0,0.0,0.0,0.0,6.802721088435375,0.0,5.442176870748299,0.0,0.0,0.0,0.0,0.0,0.0,0.0,0.0,0.0,0.0,0.0,0.0,0.0,0.0,0.0,0.0,0.0,0.0
politics,0.0,0.0,0.0,0.0,0.0,0.0,0.0,1.2345679012345678,1.2345679012345678,0.0,0.0,1.2345679012345678,2.4691358024691357,3.7037037037037033,0.0,0.0,0.0,0.0,0.0,0.0,0.0,0.0,0.0,0.0,0.0,0.0,0.0,0.0,0.0,0.0,0.0,0.0
politics,0.0,0.0,0.0,0.0,0.0,0.0,1.1111111111111112,3.3333333333333335,3.3333333333333335,0.0,0.0,3.3333333333333335,0.0,7.777777777777778,0.0,1.1111111111111112,0.0,0.0,0.0,0.0,0.0,0.0,0.0,0.0,0.0,0.0,0.0,0.0,0.0,0.0,0.0,0.0
AdviceAnimals,0.0,0.0,0.0,0.0,0.0,0.0,0.0,0.0,0.0,0.0,0.0,4.545454545454546,0.0,0.0,0.0,0.0,0.0,0.0,0.0,0.0,0.0,0.0,0.0,0.0,0.0,0.0,0.0,0.0,0.0,0.0,0.0,0.0
gaming,0.0,0.0,0.0,0.0,0.0,0.0,0.0,0.0,0.0,0.0,0.0,1.1494252873563218,0.0,2.2988505747126435,0.0,0.0,0.0,0.0,0.0,0.0,0.0,0.0,0.0,0.0,0.0,0.0,0.0,0.0,0.0,0.0,0.0,0.0
politics,0.0,0.0,0.0,0.0,0.0,0.0,0.0,0.0,0.0,0.0,0.0,4.595588235294118,0.0,4.963235294117647,0.0,0.0,0.0,0.0,0.0,0.0,0.1838235294117647,0.0,0.0,0.0,0.0,0.0,0.0,0.0,0.0,0.0,0.0,0.0
politics,0.0,0.0,0.0,0.0,0.0,0.0,0.0,0.4,0.4,0.0,0.0,2.8000000000000003,0.0,6.0,0.0,0.0,0.0,0.0,0.0,0.0,0.4,0.0,0.0,0.0,0.0,0.0,0.0,0.0,0.0,0.0,0.0,0.0
explainlikeimfive,0.0,0.0,0.0,0.0,0.0,0.0,0.0,0.0,0.0,0.0,0.0,2.9850746268656714,0.0,4.477611940298507,0.0,0.0,0.0,0.0,0.0,0.0,0.0,0.0,0.0,0.0,0.0,0.0,0.0,0.0,0.0,0.0,0.0,0.0
atheism,0.0,0.0,0.0,0.0,0.0,0.0,1.098901098901099,0.0,0.0,0.0,0.0,4.395604395604396,0.0,4.395604395604396,0.0,0.0,0.0,0.0,0.0,0.0,0.0,0.0,0.0,0.0,0.0,0.0,0.0,0.0,0.0,0.0,0.0,0.0
explainlikeimfive,0.0,0.0,0.0,0.0,0.0,0.0,0.0,1.2711864406779663,1.2711864406779663,0.0,0.0,3.389830508474576,0.0,3.389830508474576,0.0,0.0,0.0,0.0,0.0,0.0,0.0,0.0,0.0,0.0,0.0,0.0,0.0,0.0,0.0,0.0,0.0,0.0
funny,0.0,0.0,0.0,0.0,0.0,0.0,0.0,0.0,0.0,0.0,0.0,1.9230769230769231,0.0,4.807692307692308,0.0,0.0,0.9615384615384616,0.0,0.0,0.0,0.0,0.0,0.0,0.0,0.0,0.0,0.0,0.0,0.0,0.0,0.0,0.0
funny,0.0,0.0,0.0,0.0,0.0,0.0,0.0,0.0,0.0,0.0,0.0,1.8518518518518516,0.0,5.555555555555555,0.0,0.0,0.0,0.0,0.0,0.0,0.0,0.0,0.0,0.0,0.0,0.0,0.0,0.0,0.0,0.0,0.0,0.0
pics,0.0,0.0,0.0,0.0,0.0,0.0,0.0,0.0,0.0,0.0,0.0,1.0638297872340425,0.0,4.25531914893617,0.0,0.0,0.0,0.0,0.0,0.0,0.0,0.0,0.0,0.0,0.0,0.0,0.0,0.0,0.0,0.0,0.0,0.0
funny,0.9900990099009901,0.0,0.0,0.0,0.0,0.0,0.0,9.900990099009901,0.9900990099009901,0.0,0.0,2.9702970297029703,0.0,2.9702970297029703,0.0,1.9801980198019802,0.0,0.0,0.0,0.0,0.0,0.0,11.881188118811881,0.0,10.891089108910892,0.0,0.0,0.0,0.0,0.0,0.0,0.0
todayilearned,0.0,0.0,0.0,0.0,0.0,0.0,0.0,0.0,0.0,0.0,0.0,9.375,0.0,6.25,0.0,0.0,0.0,0.0,0.0,0.0,0.0,0.0,0.0,0.0,0.0,0.0,0.0,0.0,0.0,0.0,0.0,0.0
gaming,0.0,0.0,0.0,0.0,0.0,0.0,0.0,0.0,0.0,0.0,0.0,5.555555555555555,0.0,8.333333333333332,0.0,0.0,0.0,0.0,0.0,0.0,0.0,0.0,0.0,0.0,0.0,0.0,0.0,0.0,0.0,0.0,0.0,0.0
gaming,0.0,0.0,0.0,0.0,0.0,0.0,0.0,0.0,0.0,0.0,0.0,4.545454545454546,0.0,6.0606060606060606,0.0,0.0,0.0,0.0,0.0,0.0,0.7575757575757576,0.0,0.0,0.0,0.0,0.0,0.0,0.0,0.0,0.0,0.0,0.0
pics,0.0,0.0,0.0,0.0,0.0,0.0,0.0,0.0,0.0,0.0,0.0,0.0,0.0,5.747126436781609,0.0,0.0,0.0,0.0,0.0,0.0,0.0,0.0,0.0,0.0,0.0,0.0,0.0,0.0,0.0,0.0,0.0,0.0
pics,0.0,0.0,0.0,0.0,0.0,0.0,0.0,0.0,0.0,0.0,0.0,3.2520325203252036,0.0,4.0650406504065035,0.0,0.0,0.0,0.0,0.0,0.0,0.0,0.0,0.0,0.0,0.0,0.0,0.0,0.0,0.0,0.0,0.0,0.0
politics,0.0,0.0,0.0,0.0,0.0,0.0,0.0,1.7543859649122806,0.0,0.0,0.0,3.508771929824561,0.0,3.508771929824561,0.0,3.508771929824561,0.0,0.0,0.0,0.0,0.0,0.0,0.0,0.0,0.0,0.0,0.0,0.0,0.0,0.0,0.0,0.0
politics,0.0,0.0,0.0,3.0,0.0,0.0,0.0,2.0,2.0,0.0,0.0,9.0,0.0,5.0,0.0,0.0,0.0,0.0,0.0,0.0,0.0,0.0,0.0,0.0,0.0,0.0,0.0,0.0,0.0,0.0,0.0,0.0
politics,0.0,0.0,0.0,0.0,0.0,0.0,0.0,0.0,0.0,0.0,0.0,2.623906705539359,0.0,2.9154518950437316,0.0,0.0,0.0,0.0,0.0,0.0,0.0,0.0,0.0,0.0,0.0,0.0,0.0,0.0,0.0,0.0,0.0,0.0
politics,0.0,0.0,0.0,0.0,0.0,0.0,0.0,0.0,0.0,0.0,0.0,4.814814814814815,0.0,5.185185185185185,0.0,0.0,0.0,0.0,0.0,0.0,0.3703703703703704,0.0,0.0,0.0,0.0,0.0,0.0,0.0,0.0,0.0,0.0,0.0
explainlikeimfive,0.0,0.0,0.0,0.0,0.0,0.0,0.0,0.0,0.0,0.0,0.0,3.7735849056603774,0.0,5.9748427672955975,0.0,0.3144654088050315,0.3144654088050315,0.3144654088050315,0.0,0.0,0.0,0.0,0.0,0.0,0.0,0.0,0.0,0.0,0.0,0.0,0.0,0.0
explainlikeimfive,0.0,0.0,0.0,0.0,0.0,0.0,0.0,1.5810276679841897,1.5810276679841897,0.0,0.0,7.114624505928854,0.0,3.9525691699604746,0.0,0.0,0.0,0.0,0.0,0.0,0.0,0.0,0.0,0.0,0.0,0.0,0.0,0.0,0.0,0.0,0.0,0.0
gaming,0.0,0.0,0.0,0.0,0.0,0.0,0.2631578947368421,0.7894736842105263,0.7894736842105263,0.0,0.0,3.1578947368421053,0.0,2.368421052631579,0.0,0.0,0.0,0.0,0.0,0.0,0.2631578947368421,0.0,0.0,0.0,0.0,0.0,0.0,0.0,0.0,0.0,0.0,0.0
gaming,0.0,0.0,0.0,0.0,0.0,0.0,0.0,1.3333333333333335,1.3333333333333335,0.0,0.0,6.666666666666667,0.0,4.0,0.0,0.0,0.0,0.0,0.0,0.0,0.0,0.0,0.0,0.0,0.0,0.0,0.0,0.0,0.0,0.0,0.0,0.0
AdviceAnimals,0.0,0.0,0.0,0.0,0.0,0.0,0.0,0.43859649122807015,0.43859649122807015,0.0,0.0,4.824561403508771,0.0,4.385964912280701,0.0,0.0,0.0,0.0,0.0,0.0,0.0,0.0,0.0,0.0,0.0,0.0,0.0,0.0,0.0,0.0,0.0,0.0
AdviceAnimals,0.0,0.0,0.0,0.0,0.0,0.0,0.0,0.5208333333333333,0.5208333333333333,0.0,0.0,2.604166666666667,0.0,5.208333333333334,0.0,0.0,0.0,0.0,0.0,0.0,0.5208333333333333,0.0,0.0,0.0,0.0,0.0,0.0,0.0,0.0,0.0,0.0,0.0
AdviceAnimals,0.0,0.0,0.0,0.0,0.0,0.0,0.0,0.8368200836820083,0.8368200836820083,0.0,0.0,4.602510460251046,0.0,5.02092050209205,0.0,0.41841004184100417,0.0,0.0,0.0,0.0,0.0,0.0,0.0,0.0,0.0,0.0,0.0,0.0,0.0,0.0,0.0,0.0
AdviceAnimals,0.0,0.0,0.0,0.0,0.0,0.0,0.0,0.0,0.0,0.0,0.0,4.545454545454546,0.0,4.545454545454546,0.0,0.0,0.0,0.0,0.0,0.0,0.0,0.0,0.0,0.0,0.0,0.0,0.0,0.0,0.0,0.0,0.0,0.0
AdviceAnimals,0.0,0.0,0.0,0.0,0.0,0.0,0.0,1.6129032258064515,1.6129032258064515,0.0,0.0,6.451612903225806,0.0,3.225806451612903,0.0,0.0,0.0,0.0,0.0,0.0,1.6129032258064515,0.0,0.0,0.0,0.0,0.0,0.0,0.0,0.0,0.0,0.0,0.0
funny,0.0,0.0,0.0,0.0,0.0,0.0,0.0,0.0,0.0,0.0,0.0,5.128205128205128,0.0,2.564102564102564,0.0,0.0,0.0,0.0,0.0,0.0,2.564102564102564,0.0,0.0,0.0,0.0,0.0,0.0,0.0,0.0,0.0,0.0,0.0
atheism,0.0,0.0,0.0,0.0,0.0,0.0,0.0,1.9230769230769231,1.9230769230769231,0.0,0.0,7.6923076923076925,0.0,5.769230769230769,0.0,1.9230769230769231,0.0,0.0,0.0,0.0,0.0,0.0,0.0,0.0,0.0,0.0,0.0,0.0,0.0,0.0,0.0,0.0
todayilearned,0.0,0.0,0.0,0.0,0.0,0.0,0.8064516129032258,0.8064516129032258,0.8064516129032258,0.0,0.0,1.6129032258064515,0.0,3.225806451612903,0.0,0.0,0.0,0.0,0.0,0.0,2.4193548387096775,0.0,0.0,0.0,0.0,0.0,0.0,0.0,0.0,0.0,0.0,0.0
pics,0.0,0.0,0.0,0.0,0.0,0.0,0.0,0.0,0.0,0.0,0.0,5.084745762711865,0.0,5.084745762711865,0.0,0.0,0.0,0.0,0.0,0.0,0.0,0.0,0.0,0.0,0.0,0.0,0.0,0.0,0.0,0.0,0.0,0.0
gaming,0.0,0.0,0.0,0.0,0.0,0.0,0.0,0.0,0.0,0.0,0.0,3.3333333333333335,0.5555555555555556,10.0,0.0,0.0,0.5555555555555556,0.0,0.0,0.0,0.0,0.0,0.0,0.0,0.0,0.0,0.0,0.0,0.0,0.0,0.0,0.0
AdviceAnimals,0.0,0.0,0.0,0.0,0.0,0.0,0.3225806451612903,0.3225806451612903,0.3225806451612903,0.0,0.0,5.483870967741936,0.3225806451612903,4.516129032258064,0.0,0.0,0.3225806451612903,0.0,0.0,0.0,0.6451612903225806,0.0,0.3225806451612903,0.0,0.3225806451612903,0.0,0.0,0.0,0.0,0.0,0.0,0.0
AdviceAnimals,0.7936507936507936,0.0,0.0,0.0,0.0,0.7936507936507936,0.0,0.0,0.0,0.0,0.0,3.968253968253968,0.0,3.1746031746031744,0.0,0.7936507936507936,0.0,0.0,0.0,0.0,0.0,0.0,0.0,0.0,0.0,0.0,0.0,0.0,0.0,0.0,0.0,0.0
gaming,0.0,0.0,0.0,0.0,0.0,0.0,0.0,0.4975124378109453,0.4975124378109453,0.0,0.0,2.9850746268656714,0.0,3.9800995024875623,0.0,0.0,0.0,0.0,0.0,0.0,0.0,0.0,0.0,0.0,0.0,0.0,0.0,0.0,0.0,0.0,0.0,0.0
gaming,0.0,0.0,0.0,0.0,0.0,0.0,0.0,0.0,0.0,0.0,0.0,1.910828025477707,0.0,8.9171974522293,0.0,0.0,0.0,0.0,0.0,0.0,0.6369426751592357,0.0,0.0,0.0,0.0,0.0,0.0,0.0,0.0,0.0,0.0,0.0
gaming,0.0,0.0,0.0,0.0,0.0,0.0,0.0,0.0,0.0,0.0,0.0,3.9215686274509802,0.0,3.9215686274509802,0.0,0.0,0.0,0.0,0.0,0.0,0.0,0.0,0.0,0.0,0.0,0.0,0.0,0.0,0.0,0.0,0.0,0.0
gaming,0.0,0.0,0.0,0.0,0.0,0.0,0.0,0.8264462809917356,0.8264462809917356,0.0,0.0,2.479338842975207,0.0,1.6528925619834711,0.0,0.8264462809917356,0.0,0.0,0.0,0.0,0.0,0.0,0.0,0.0,0.0,0.0,0.0,0.0,0.0,0.0,0.0,0.0
AdviceAnimals,0.0,0.0,0.0,0.0,0.0,0.0,0.0,0.0,0.0,0.0,0.0,1.9607843137254901,0.0,5.88235294117647,0.0,0.0,0.0,0.0,0.0,0.0,0.0,0.0,0.0,0.0,0.0,0.0,0.0,0.0,0.0,0.0,0.0,0.0
AdviceAnimals,0.0,0.0,0.0,0.0,0.0,0.0,0.0,0.0,0.0,0.0,0.0,3.076923076923077,0.0,6.153846153846154,0.0,0.0,0.0,0.0,0.0,0.0,0.0,0.0,0.0,0.0,0.0,0.0,0.0,0.0,0.0,0.0,0.0,0.0
AdviceAnimals,0.0,0.0,0.0,0.0,0.0,0.23201856148491878,0.0,0.23201856148491878,0.23201856148491878,0.0,0.0,4.176334106728538,0.46403712296983757,7.192575406032482,0.0,0.23201856148491878,0.0,0.0,0.0,0.0,1.6241299303944314,0.0,0.0,0.0,0.0,0.0,0.0,0.0,0.0,0.0,0.0,0.0
AdviceAnimals,0.0,0.0,0.0,0.0,0.0,0.0,0.0,0.7220216606498195,0.7220216606498195,0.0,0.0,6.4981949458483745,0.0,5.054151624548736,0.0,0.0,0.0,0.0,0.0,0.0,0.0,0.0,0.0,0.0,0.0,0.0,0.0,0.0,0.0,0.0,0.0,0.0
AdviceAnimals,0.0,0.0,0.0,0.0,0.0,0.0,0.0,0.8522727272727272,0.8522727272727272,0.0,0.0,6.25,0.0,3.4090909090909087,0.0,0.0,0.0,0.0,0.0,0.0,0.5681818181818182,0.0,0.0,0.0,0.0,0.0,0.0,0.0,0.0,0.0,0.0,0.0
AdviceAnimals,0.0,0.0,0.0,0.0,0.0,0.0,0.0,0.0,0.0,0.0,0.0,2.3255813953488373,0.0,4.651162790697675,0.0,0.0,0.0,0.0,0.0,0.0,0.0,0.0,0.0,0.0,0.0,0.0,0.0,0.0,0.0,0.0,0.0,0.0
funny,0.0,0.0,0.0,0.0,0.0,0.0,0.0,0.0,0.0,0.0,0.0,0.0,0.0,4.166666666666666,0.0,0.0,0.0,0.0,0.0,0.0,0.0,0.0,0.0,0.0,0.0,0.0,0.0,0.0,0.0,0.0,0.0,0.0
pics,0.0,0.0,0.0,0.0,0.0,0.0,0.0,0.0,0.0,0.0,0.0,3.7037037037037033,0.0,5.555555555555555,0.0,0.0,0.0,0.0,0.0,0.0,0.0,0.0,0.0,0.0,0.0,0.0,0.0,0.0,0.0,0.0,0.0,0.0
AdviceAnimals,0.12658227848101267,0.0,0.0,0.0,0.0,0.0,0.12658227848101267,0.5063291139240507,0.5063291139240507,0.0,0.0,3.9240506329113924,0.12658227848101267,4.936708860759493,0.0,0.12658227848101267,0.0,0.0,0.0,0.37974683544303794,0.0,0.0,0.0,0.0,0.0,0.0,0.0,0.0,0.0,0.0,0.0,0.0
AdviceAnimals,0.0,0.0,0.0,0.0,0.0,0.0,0.0,0.0,0.0,0.0,0.0,12.5,0.0,5.0,0.0,0.0,0.0,0.0,0.0,0.0,0.0,0.0,0.0,0.0,0.0,0.0,0.0,0.0,0.0,0.0,0.0,0.0
pics,0.0,0.0,0.0,0.0,0.0,0.0,0.0,0.7633587786259541,0.7633587786259541,0.0,0.0,1.5267175572519083,0.7633587786259541,3.0534351145038165,0.0,1.5267175572519083,0.0,0.0,0.0,0.0,0.0,0.0,0.0,0.0,0.0,0.0,0.0,0.0,0.0,0.0,0.0,0.0
funny,1.0101010101010102,0.0,0.0,0.0,0.0,0.0,0.0,0.0,0.0,0.0,0.0,0.0,0.0,5.05050505050505,0.0,0.0,1.0101010101010102,0.0,0.0,0.0,0.0,0.0,0.0,0.0,0.0,0.0,0.0,0.0,0.0,0.0,0.0,0.0
AdviceAnimals,0.0,0.0,0.0,0.0,0.0,0.0,1.0638297872340425,1.0638297872340425,0.0,0.0,0.0,2.127659574468085,0.0,9.574468085106384,0.0,1.0638297872340425,0.0,0.0,0.0,0.0,0.0,0.0,1.0638297872340425,0.0,1.0638297872340425,0.0,0.0,0.0,0.0,0.0,0.0,0.0
politics,0.0,0.0,0.0,0.0,0.0,0.847457627118644,0.0,0.423728813559322,0.423728813559322,0.0,0.0,6.3559322033898304,0.0,6.779661016949152,0.0,0.0,0.0,0.0,0.0,0.0,0.0,0.0,0.0,0.0,0.0,0.0,0.0,0.0,0.0,0.0,0.0,0.0
atheism,0.0,0.0,0.0,0.0,0.0,0.0,0.42598509052183176,0.7454739084132056,0.7454739084132056,0.0,0.0,4.898828541001065,0.9584664536741214,3.8338658146964857,0.0,0.42598509052183176,0.10649627263045794,0.0,0.0,0.21299254526091588,0.10649627263045794,0.0,0.0,0.0,0.0,0.0,0.0,0.0,0.0,0.0,0.0,0.0
funny,0.0,0.0,0.0,0.0,0.0,0.0,0.0,1.9607843137254901,1.9607843137254901,0.0,0.0,11.76470588235294,0.0,5.88235294117647,0.0,0.0,0.0,0.0,0.0,0.0,0.0,0.0,0.0,0.0,0.0,0.0,0.0,0.0,0.0,0.0,0.0,0.0
atheism,0.0,0.0,0.0,0.0,0.0,0.315955766192733,0.0,0.0,0.0,0.0,0.0,3.949447077409163,0.0,5.055292259083728,0.0,0.0,0.1579778830963665,0.0,0.0,0.0,0.47393364928909953,0.0,0.0,0.0,0.0,0.0,0.0,0.0,0.0,0.0,0.0,0.0
explainlikeimfive,0.0,0.0,0.0,0.0,0.0,0.0,0.0,1.2345679012345678,0.0,0.0,0.0,3.7037037037037033,0.0,3.7037037037037033,0.0,1.2345679012345678,0.0,0.0,0.0,0.0,0.0,0.0,0.6172839506172839,0.0,0.6172839506172839,0.0,0.0,0.0,0.0,0.0,0.0,0.0
AdviceAnimals,0.0,0.0,0.0,0.0,0.0,0.0,0.0,0.6802721088435374,0.6802721088435374,0.0,0.0,2.494331065759637,0.0,3.6281179138321997,0.0,0.0,0.0,0.0,0.0,0.0,0.6802721088435374,0.0,0.0,0.0,0.0,0.0,0.0,0.0,0.0,0.0,0.0,0.0
AdviceAnimals,0.0,0.0,0.0,0.0,0.0,0.0,0.5725190839694656,1.9083969465648856,1.9083969465648856,0.0,0.0,4.198473282442748,0.19083969465648853,2.6717557251908395,0.0,0.19083969465648853,0.0,0.0,0.0,0.0,0.0,0.0,0.0,0.0,0.0,0.0,0.0,0.0,0.0,0.0,0.0,0.0
gaming,0.0,0.0,0.0,0.0,0.0,0.0,0.0,0.0,0.0,0.0,0.0,3.4090909090909087,0.0,5.681818181818182,0.0,0.0,0.0,0.0,0.0,0.0,0.0,0.0,0.0,0.0,0.0,0.0,0.0,0.0,0.0,0.0,0.0,0.0
AdviceAnimals,0.0,0.0,0.0,0.0,0.0,0.0,0.0,0.5263157894736842,0.5263157894736842,0.0,0.0,7.368421052631578,0.0,3.1578947368421053,0.0,0.0,0.0,0.0,0.0,0.0,0.0,0.0,0.0,0.0,0.0,0.0,0.0,0.0,0.0,0.0,0.0,0.0
atheism,0.0,0.0,0.0,0.0,0.0,0.0,0.0,0.0,0.0,0.0,0.0,4.702194357366771,0.0,2.8213166144200628,0.0,0.3134796238244514,0.0,0.0,0.0,0.0,0.6269592476489028,0.0,0.0,0.0,0.0,0.0,0.0,0.0,0.0,0.0,0.0,0.0
atheism,0.0,0.0,0.0,0.0,0.0,0.0,0.0,0.0,0.0,0.0,0.0,0.628930817610063,2.515723270440252,6.289308176100629,0.0,1.8867924528301887,0.0,0.0,0.0,0.0,0.628930817610063,0.628930817610063,0.0,0.0,0.0,0.0,0.0,0.0,0.0,0.0,0.0,0.0
pics,0.0,0.0,0.0,0.0,0.0,0.0,0.0,0.0,0.0,0.0,0.0,7.042253521126761,1.4084507042253522,2.8169014084507045,0.0,0.0,0.0,0.0,0.0,0.0,0.0,0.0,0.0,0.0,0.0,0.0,0.0,0.0,0.0,0.0,0.0,0.0
atheism,2.272727272727273,0.0,0.0,0.0,0.0,0.0,0.0,0.0,0.0,0.0,0.0,9.659090909090908,0.5681818181818182,3.977272727272727,0.0,0.0,0.0,0.0,0.0,0.5681818181818182,0.0,0.0,0.0,0.0,0.0,0.0,0.0,0.0,0.0,0.0,0.0,0.0
atheism,0.0,0.0,0.0,0.0,0.0,0.0,0.0,0.0,0.0,0.0,0.0,5.88235294117647,0.0,11.76470588235294,0.0,0.0,0.0,0.0,0.0,0.0,0.0,0.0,0.0,0.0,0.0,0.0,0.0,0.0,0.0,0.0,0.0,0.0
funny,0.0,0.0,0.0,0.0,0.0,0.0,1.9230769230769231,0.0,0.0,0.0,0.0,11.538461538461538,3.8461538461538463,1.9230769230769231,0.0,0.0,0.0,0.0,0.0,0.0,0.0,0.0,0.0,0.0,0.0,0.0,0.0,0.0,0.0,0.0,0.0,0.0
funny,0.0,0.0,0.0,0.0,0.0,0.0,0.0,0.0,0.0,0.0,0.0,6.61764705882353,0.0,2.941176470588235,0.0,0.0,0.0,0.0,0.0,0.0,0.0,0.0,0.0,0.0,0.0,0.0,0.0,0.0,0.0,0.0,0.0,0.0
AdviceAnimals,0.0,0.0,0.0,0.0,0.0,0.0,0.0,0.0,0.0,0.0,0.0,0.0,0.0,3.6585365853658534,0.0,0.0,0.0,0.0,0.0,0.0,0.0,0.0,0.0,0.0,0.0,0.0,0.0,0.0,0.0,0.0,0.0,0.0
AdviceAnimals,0.4,0.0,0.0,0.0,0.0,0.0,0.0,0.4,0.4,0.0,0.0,4.8,0.0,4.3999999999999995,0.0,0.0,0.0,0.0,0.0,0.0,0.0,0.0,0.0,0.0,0.0,0.0,0.0,0.0,0.0,0.0,0.0,0.0
funny,0.0,0.0,0.0,0.0,0.0,0.0,0.0,0.9009009009009009,0.9009009009009009,0.0,0.0,5.405405405405405,0.0,4.804804804804805,0.0,0.0,0.0,0.0,0.0,0.0,0.0,0.0,0.0,0.0,0.0,0.0,0.0,0.0,0.0,0.0,0.0,0.0
pics,0.5555555555555556,0.0,0.0,1.1111111111111112,0.5555555555555556,0.0,0.0,0.5555555555555556,0.5555555555555556,0.0,0.0,5.0,0.0,3.888888888888889,0.0,0.0,0.0,0.0,0.0,0.0,0.0,0.5555555555555556,0.0,0.0,0.0,0.0,0.0,0.0,0.0,0.0,0.0,0.0
pics,0.0,0.0,0.0,0.0,0.0,0.0,0.0,0.0,0.0,0.0,0.0,0.0,0.0,0.0,0.0,0.0,0.0,0.0,0.0,0.0,0.0,0.0,0.0,0.0,0.0,0.0,0.0,0.0,0.0,0.0,0.0,0.0
funny,0.6578947368421052,0.0,0.0,0.0,0.0,0.0,0.0,0.0,0.0,0.0,0.0,5.263157894736842,0.0,3.9473684210526314,0.0,0.0,0.0,0.0,0.0,0.0,0.0,0.0,0.0,0.0,0.0,0.0,0.0,0.0,0.0,0.0,0.0,0.0
AdviceAnimals,0.0,0.0,0.0,0.0,0.0,0.0,0.0,0.628930817610063,0.628930817610063,0.0,0.0,1.257861635220126,0.0,5.031446540880504,0.0,0.0,0.0,0.0,0.0,0.0,0.0,0.0,0.0,0.0,0.0,0.0,0.0,0.0,0.0,0.0,0.0,0.0
AdviceAnimals,0.0,0.0,0.0,0.0,0.0,0.0,0.0,2.6548672566371683,2.6548672566371683,0.0,0.0,2.6548672566371683,0.0,4.424778761061947,0.0,0.0,0.0,0.0,0.0,0.0,0.0,0.0,0.0,0.0,0.0,0.0,0.0,0.0,0.0,0.0,0.0,0.0
gaming,0.0,0.0,0.0,0.0,0.0,0.0,0.0,0.0,0.0,0.0,0.0,1.1428571428571428,0.0,9.142857142857142,0.0,1.1428571428571428,2.2857142857142856,0.0,0.0,0.0,0.0,0.0,0.0,0.0,0.0,0.0,0.0,0.0,0.0,0.0,0.0,0.0
pics,0.0,0.0,0.0,0.0,0.0,0.0,0.0,5.333333333333334,5.333333333333334,0.0,0.0,2.666666666666667,0.0,2.666666666666667,0.0,0.0,0.0,0.0,0.0,0.0,0.0,0.0,0.0,0.0,0.0,0.0,0.0,0.0,0.0,0.0,0.0,0.0
funny,0.0,0.0,0.0,0.0,0.0,0.0,0.0,0.0,0.0,0.0,0.0,0.0,0.0,7.142857142857142,0.0,0.0,0.0,0.0,0.0,0.0,0.0,0.0,0.0,0.0,0.0,0.0,0.0,0.0,0.0,0.0,0.0,0.0
gaming,0.0,0.0,0.0,0.0,0.0,0.0,0.0,0.8602150537634409,0.8602150537634409,0.0,0.0,7.311827956989248,0.0,3.870967741935484,0.0,0.21505376344086022,0.21505376344086022,0.0,0.0,0.0,0.0,0.0,0.0,0.0,0.0,0.0,0.0,0.0,0.0,0.0,0.0,0.0
gaming,0.0,0.0,0.0,0.0,0.0,0.0,0.0,0.0,0.0,0.0,0.0,4.878048780487805,0.0,10.569105691056912,0.0,0.0,0.0,0.0,0.0,0.0,0.8130081300813009,0.0,0.0,0.0,0.0,0.0,0.0,0.0,0.0,0.0,0.0,0.0
funny,0.2702702702702703,0.0,0.0,0.2702702702702703,0.0,0.0,0.0,0.2702702702702703,0.2702702702702703,0.0,0.0,4.864864864864865,0.0,7.297297297297297,0.0,0.0,0.2702702702702703,0.0,0.0,0.0,0.0,0.0,0.0,0.0,0.0,0.0,0.0,0.0,0.0,0.0,0.0,0.0
funny,0.0,0.0,0.0,2.1505376344086025,0.0,0.0,0.0,0.0,0.0,0.0,0.0,1.0752688172043012,0.0,4.301075268817205,0.0,0.0,0.0,0.0,0.0,0.0,0.0,0.0,0.0,0.0,0.0,0.0,0.0,0.0,0.0,0.0,0.0,0.0
gaming,0.0,0.0,0.0,0.0,0.0,0.0,0.0,0.5376344086021506,0.5376344086021506,0.0,0.0,2.6881720430107525,0.0,8.064516129032258,0.0,0.0,0.0,0.0,0.0,0.0,0.0,0.0,0.0,0.0,0.0,0.0,0.0,0.0,0.0,0.0,0.0,0.0
AdviceAnimals,0.0,0.0,0.0,0.0,0.0,0.0,0.0,0.0,0.0,0.0,0.0,1.7391304347826086,0.0,3.4782608695652173,0.0,0.0,0.0,0.0,0.0,0.0,0.0,0.0,0.0,0.0,0.0,0.0,0.0,0.0,0.0,0.0,0.0,0.0
explainlikeimfive,0.0,0.0,0.0,0.0,0.4761904761904762,0.0,0.0,1.6666666666666667,2.142857142857143,0.0,0.0,5.952380952380952,0.0,1.4285714285714286,0.0,0.4761904761904762,0.0,0.0,0.0,0.0,0.0,0.0,0.0,0.0,0.0,0.0,0.0,0.0,0.0,0.0,0.0,0.0
pics,0.0,0.0,0.0,0.0,0.0,0.0,0.0,0.0,0.0,0.0,0.0,4.794520547945205,0.0,2.73972602739726,0.0,0.0,0.0,0.0,0.0,0.0,0.0,0.0,0.0,0.0,0.0,0.0,0.0,0.0,0.0,0.0,0.0,0.0
politics,0.0,0.0,0.0,0.0,0.0,0.0,0.0,1.0309278350515463,1.0309278350515463,0.0,0.0,3.0927835051546393,0.0,4.123711340206185,0.0,0.0,0.0,0.0,0.0,0.0,1.0309278350515463,0.0,0.0,0.0,0.0,0.0,0.0,0.0,0.0,0.0,0.0,0.0
todayilearned,0.0,0.0,0.0,0.0,0.0,0.0,0.0,1.1730205278592376,0.0,0.0,0.0,5.571847507331378,0.0,4.9853372434017595,0.0,0.0,0.0,0.0,0.0,0.0,0.0,0.0,1.1730205278592376,0.0,1.1730205278592376,0.0,0.0,0.0,0.0,0.0,0.0,0.0
AdviceAnimals,0.0,0.0,0.0,0.0,0.0,0.0,0.3436426116838488,0.0,2.405498281786942,0.0,0.0,2.0618556701030926,0.0,4.123711340206185,0.0,0.0,0.0,0.0,0.0,0.0,0.0,0.0,0.0,0.0,0.0,0.0,0.0,0.0,0.0,0.0,0.0,0.0
AdviceAnimals,0.0,0.0,0.0,0.0,0.0,0.8130081300813009,0.0,0.40650406504065045,0.40650406504065045,0.0,0.0,9.34959349593496,0.0,5.284552845528456,0.0,0.40650406504065045,0.0,0.0,0.0,0.0,0.8130081300813009,0.0,0.0,0.0,0.0,0.0,0.0,0.0,0.0,0.0,0.0,0.0
AdviceAnimals,0.0,0.0,0.0,0.0,0.0,0.8130081300813009,0.0,0.40650406504065045,0.40650406504065045,0.0,0.0,9.34959349593496,0.0,5.284552845528456,0.0,0.40650406504065045,0.0,0.0,0.0,0.0,0.8130081300813009,0.0,0.0,0.0,0.0,0.0,0.0,0.0,0.0,0.0,0.0,0.0
AdviceAnimals,0.0,0.0,0.0,0.0,0.0,0.0,2.0,0.0,0.0,0.0,0.0,0.0,0.0,8.0,0.0,0.0,0.0,0.0,0.0,0.0,0.0,0.0,0.0,0.0,0.0,0.0,0.0,0.0,0.0,0.0,0.0,0.0
AdviceAnimals,0.0,0.0,0.0,0.0,0.6578947368421052,0.0,0.0,0.6578947368421052,0.0,0.0,0.0,3.289473684210526,0.0,5.263157894736842,0.0,0.0,0.0,0.0,0.0,0.0,0.0,0.0,0.6578947368421052,0.0,0.6578947368421052,0.0,0.0,0.0,0.0,0.0,0.0,0.0
gaming,0.0,0.0,0.0,0.0,0.0,0.0,0.0,0.0,0.0,0.0,0.0,0.0,0.0,5.88235294117647,0.0,0.0,0.0,0.0,0.0,0.0,0.0,0.0,0.0,0.0,0.0,0.0,0.0,0.0,0.0,0.0,0.0,0.0
funny,0.0,0.0,0.0,0.0,0.0,0.0,0.0,0.0,0.0,0.0,0.7633587786259541,5.343511450381679,0.0,4.580152671755725,0.0,0.7633587786259541,0.0,0.0,0.0,0.0,0.0,0.0,0.0,0.0,0.0,0.0,0.0,0.0,0.0,0.0,0.0,0.0
explainlikeimfive,0.0,0.0,0.0,0.0,0.0,0.0,0.0,0.0,0.0,0.0,0.0,0.0,0.0,7.6923076923076925,0.0,0.0,0.0,0.0,0.0,0.0,0.0,0.0,0.0,0.0,0.0,0.0,0.0,0.0,0.0,0.0,0.0,0.0
funny,0.0,0.0,0.0,0.0,0.0,0.0,0.0,2.272727272727273,2.272727272727273,0.0,0.0,2.272727272727273,0.0,6.8181818181818175,0.0,0.0,0.0,0.0,0.0,0.0,0.0,0.0,0.0,0.0,0.0,0.0,0.0,0.0,0.0,0.0,0.0,0.0
gaming,0.0,0.0,0.0,0.0,0.0,0.0,0.0,0.5089058524173028,0.2544529262086514,0.0,0.0,2.2900763358778624,0.0,5.597964376590331,0.0,0.2544529262086514,0.0,0.0,0.0,0.0,0.0,0.0,0.0,0.0,0.0,0.0,0.0,0.0,0.0,0.0,0.0,0.0
pics,0.0,0.0,0.0,0.0,0.0,0.0,0.0,0.0,0.0,0.0,0.0,0.0,0.0,12.5,0.0,0.0,0.0,0.0,0.0,0.0,0.0,0.0,0.0,0.0,0.0,0.0,0.0,0.0,0.0,0.0,0.0,0.0
politics,0.0,0.0,0.0,0.0,0.0,0.0,0.0,0.5952380952380952,0.5952380952380952,0.0,0.0,4.761904761904762,0.0,2.976190476190476,0.0,0.0,0.0,0.0,0.0,0.0,0.0,0.0,0.0,0.0,0.0,0.0,0.0,0.0,0.0,0.0,0.0,0.0
politics,0.0,0.0,0.0,0.0,0.0,0.0,0.0,0.35211267605633806,0.35211267605633806,0.0,0.0,3.873239436619718,0.0,3.169014084507042,0.0,0.0,0.7042253521126761,0.0,0.0,0.0,0.35211267605633806,0.0,0.0,0.0,0.0,0.0,0.0,0.0,0.0,0.0,0.0,0.0
AdviceAnimals,0.0,0.0,0.0,0.0,0.0,0.0,0.0,1.0638297872340425,1.0638297872340425,0.0,0.0,2.127659574468085,0.0,2.127659574468085,0.0,0.0,0.0,0.0,0.0,0.0,0.0,0.0,0.0,0.0,0.0,0.0,0.0,0.0,0.0,0.0,0.0,0.0
AdviceAnimals,0.0,0.0,0.0,0.0,0.0,0.0,0.0,0.7604562737642585,0.7604562737642585,0.0,0.0,4.942965779467681,0.0,6.083650190114068,0.0,0.0,0.0,0.0,0.0,0.0,0.38022813688212925,0.0,0.0,0.0,0.0,0.0,0.0,0.0,0.0,0.0,0.0,0.0
AdviceAnimals,0.0,0.0,0.0,0.0,0.0,0.0,0.0,0.0,0.0,0.0,0.0,9.090909090909092,0.0,4.545454545454546,0.0,0.0,0.0,0.0,0.0,0.0,0.0,0.0,0.0,0.0,0.0,0.0,0.0,0.0,0.0,0.0,0.0,0.0
AdviceAnimals,0.186219739292365,0.0,0.0,0.0,0.0,0.0,0.0,0.0,0.0,0.0,0.0,4.655493482309125,0.0,3.5381750465549344,0.0,0.186219739292365,0.186219739292365,0.0,0.0,0.0,0.186219739292365,0.0,0.0,0.0,0.0,0.0,0.0,0.0,0.0,0.0,0.0,0.0
atheism,0.0,0.0,0.0,0.0,0.0,0.0,0.0,0.0,0.0,0.0,0.0,5.182926829268292,0.0,6.707317073170732,0.0,0.3048780487804878,0.0,0.0,0.0,1.2195121951219512,0.3048780487804878,0.0,0.0,0.0,0.0,0.0,0.0,0.0,0.0,0.0,0.0,0.0
funny,0.0,0.0,0.0,0.0,0.0,0.0,0.0,1.9801980198019802,1.9801980198019802,0.0,0.0,4.9504950495049505,0.0,3.9603960396039604,0.0,0.0,0.0,0.0,0.0,0.0,0.9900990099009901,0.0,0.0,0.0,0.0,0.0,0.0,0.0,0.0,0.0,0.0,0.0
funny,0.0,0.0,0.0,0.0,0.0,0.0,0.0,0.0,0.0,0.0,0.0,2.2556390977443606,0.0,6.015037593984962,0.0,0.0,0.0,0.0,0.0,0.0,0.0,0.0,0.0,0.0,0.0,0.0,0.0,0.0,0.0,0.0,0.0,0.0
funny,0.0,0.0,0.0,0.0,0.0,0.0,0.0,0.0,0.0,0.0,0.0,7.142857142857142,0.0,5.952380952380952,0.0,0.0,0.0,0.0,0.0,0.0,0.0,0.0,0.0,0.0,0.0,0.0,0.0,0.0,0.0,0.0,0.0,0.0
funny,0.8771929824561403,0.0,0.0,0.0,0.0,0.0,0.0,0.8771929824561403,0.8771929824561403,0.0,0.0,1.7543859649122806,0.0,6.140350877192982,0.0,0.0,0.0,0.0,0.0,0.0,0.0,0.0,0.0,0.0,0.0,0.0,0.0,0.0,0.0,0.0,0.0,0.0
funny,0.0,0.0,0.0,0.0,2.083333333333333,0.0,0.0,0.0,0.0,0.0,0.0,8.333333333333332,0.0,5.208333333333334,0.0,1.0416666666666665,0.0,0.0,0.0,0.0,0.0,0.0,0.0,0.0,0.0,0.0,0.0,0.0,0.0,0.0,0.0,0.0
AdviceAnimals,2.312138728323699,0.0,0.0,0.0,0.0,0.0,0.5780346820809248,0.0,0.0,0.0,0.0,2.8901734104046244,0.0,2.8901734104046244,0.0,1.1560693641618496,0.0,0.0,0.0,0.0,0.0,0.0,0.0,0.0,0.0,0.0,0.0,0.0,0.0,0.0,0.0,0.0
AdviceAnimals,0.43103448275862066,0.0,0.0,0.0,0.0,0.0,1.293103448275862,0.0,0.0,0.0,0.0,3.4482758620689653,0.0,5.603448275862069,0.0,0.43103448275862066,0.43103448275862066,0.0,0.0,0.0,0.43103448275862066,0.0,0.0,0.0,0.0,0.0,0.0,0.0,0.0,0.0,0.0,0.0
AdviceAnimals,0.0,0.0,0.0,0.0,0.0,0.0,0.0,0.0,0.0,0.0,0.0,0.0,0.0,12.5,0.0,0.0,0.0,0.0,0.0,0.0,0.0,0.0,0.0,0.0,0.0,0.0,0.0,0.0,0.0,0.0,0.0,0.0
todayilearned,0.0,0.0,0.0,0.0,0.0,0.0,0.0,0.0,0.0,0.0,0.0,4.761904761904762,0.0,6.349206349206349,0.0,0.0,0.0,0.0,0.0,0.0,0.0,0.0,0.0,0.0,0.0,0.0,0.0,0.0,0.0,0.0,0.0,0.0
todayilearned,0.0,0.0,0.0,0.0,0.0,0.0,0.9174311926605505,0.0,0.0,0.0,0.0,1.834862385321101,0.0,7.339449541284404,0.0,0.0,0.0,0.0,0.0,0.0,0.0,0.0,0.0,0.0,0.0,0.0,0.0,0.0,0.0,0.0,0.0,0.0
atheism,0.0,0.0,0.0,0.0,0.0,0.0,0.0,2.0408163265306123,2.0408163265306123,0.0,0.0,3.061224489795918,0.0,6.122448979591836,0.0,0.0,0.0,0.0,0.0,0.0,0.0,0.0,0.0,0.0,0.0,0.0,0.0,0.0,0.0,0.0,0.0,0.0
atheism,0.0,0.0,0.0,0.0,0.0,0.0,0.0,1.3333333333333335,1.3333333333333335,0.0,0.0,6.222222222222222,0.0,4.444444444444445,0.0,0.0,0.0,0.0,0.0,0.0,0.0,0.0,0.0,0.0,0.0,0.0,0.0,0.0,0.0,0.0,0.0,0.0
atheism,0.0,0.0,0.0,0.0,0.0,0.0,0.0,0.6493506493506493,0.6493506493506493,0.0,0.0,5.194805194805195,0.0,3.896103896103896,0.0,0.0,0.0,0.0,0.0,0.0,0.0,0.0,0.0,0.0,0.0,0.0,0.0,0.0,0.0,0.0,0.0,0.0
AdviceAnimals,0.0,0.0,0.0,0.0,0.0,0.0,0.0,0.0,0.0,0.0,0.0,1.282051282051282,0.0,4.487179487179487,0.0,0.0,0.0,0.0,0.0,0.0,0.0,0.0,0.0,0.0,0.0,0.0,0.0,0.0,0.0,0.0,0.0,0.0
AdviceAnimals,0.0,0.0,0.0,0.0,0.0,0.0,0.0,0.4784688995215311,0.4784688995215311,0.0,0.0,3.349282296650718,0.0,4.30622009569378,0.0,0.0,0.0,0.0,0.0,0.0,0.0,0.0,0.0,0.0,0.0,0.0,0.0,0.0,0.0,0.0,0.0,0.0
explainlikeimfive,0.0,0.0,0.0,0.0,0.0,0.0,0.0,0.0,0.0,0.0,0.0,5.88235294117647,0.0,2.941176470588235,0.0,0.0,0.0,0.0,0.0,0.0,0.0,0.0,0.0,0.0,0.0,0.0,0.0,0.0,0.0,0.0,0.0,0.0
funny,0.0,0.0,0.0,0.0,0.0,0.0,0.0,0.0,0.0,0.0,0.0,2.380952380952381,0.0,4.761904761904762,0.0,0.0,0.0,0.0,0.0,0.0,0.0,0.0,0.0,0.0,0.0,0.0,0.0,0.0,0.0,0.0,0.0,0.0
funny,0.0,0.0,0.0,0.0,0.32786885245901637,0.0,0.0,0.0,0.0,0.0,0.0,2.9508196721311477,0.0,5.573770491803279,0.0,0.0,0.0,0.0,0.0,0.0,0.9836065573770493,0.0,0.0,0.0,0.0,0.0,0.0,0.0,0.0,0.0,0.0,0.0
funny,0.0,0.0,0.0,0.0,0.0,0.0,0.0,0.0,0.0,0.0,0.0,5.454545454545454,0.0,1.8181818181818181,0.0,0.0,0.0,0.0,0.0,0.0,0.0,0.0,0.0,0.0,0.0,0.0,0.0,0.0,0.0,0.0,0.0,0.0
todayilearned,0.0,0.0,0.0,0.0,0.0,0.0,0.0,0.0,0.0,0.0,0.0,3.90625,0.0,4.6875,0.0,0.0,0.0,0.0,0.0,0.0,0.0,0.0,0.0,0.0,0.0,0.0,0.0,0.0,0.0,0.0,0.0,0.0
gaming,0.0,0.0,0.0,0.0,0.0,0.0,0.0,0.0,0.0,0.0,0.0,8.108108108108109,0.0,5.405405405405405,0.0,0.0,0.0,0.0,0.0,0.0,0.0,0.0,0.0,0.0,0.0,0.0,0.0,0.0,0.0,0.0,0.0,0.0
gaming,0.0,0.0,0.0,0.0,0.0,0.0,1.1764705882352942,0.5882352941176471,0.5882352941176471,0.0,0.0,5.294117647058823,0.0,5.294117647058823,0.0,0.0,0.0,0.0,0.0,0.0,0.0,0.0,0.0,0.0,0.0,0.0,0.0,0.0,0.0,0.0,0.0,0.0
AdviceAnimals,0.0,0.0,0.0,0.0,0.0,0.0,0.0,0.0,0.0,0.0,0.0,4.918032786885246,0.0,4.918032786885246,0.0,0.0,0.0,0.0,0.0,0.0,0.0,0.0,0.0,0.0,0.0,0.0,0.0,0.0,0.0,0.0,0.0,0.0
AdviceAnimals,0.0,0.0,0.0,0.0,0.0,0.0,0.0,0.0,0.0,0.0,0.0,1.5665796344647518,0.0,5.221932114882506,0.0,0.26109660574412535,0.0,0.0,0.0,0.0,0.0,0.0,0.0,0.0,0.0,0.0,0.0,0.0,0.0,0.0,0.0,0.0
atheism,0.0,0.0,0.0,0.0,0.0,0.0,0.0,0.0,0.0,0.0,0.0,5.769230769230769,0.0,9.615384615384617,0.0,0.0,0.0,0.0,0.0,0.0,1.9230769230769231,0.0,0.0,0.0,0.0,0.0,0.0,0.0,0.0,0.0,0.0,0.0
atheism,0.0,0.0,0.0,0.0,0.0,0.0,0.0,0.0,0.0,0.0,0.0,2.857142857142857,0.0,8.571428571428571,0.0,0.0,0.0,0.0,0.0,0.0,0.0,0.0,0.0,0.0,0.0,0.0,0.0,0.0,0.0,0.0,0.0,0.0
AdviceAnimals,0.0,0.0,0.0,0.0,0.0,0.0,0.0,0.6993006993006993,0.6993006993006993,0.0,0.0,8.391608391608392,0.0,6.293706293706294,0.0,0.0,0.0,0.0,0.0,0.0,0.6993006993006993,0.0,0.0,0.0,0.0,0.0,0.6993006993006993,0.0,0.0,0.0,0.0,0.0
AdviceAnimals,0.0,0.0,0.0,0.0,0.0,1.0362694300518136,0.0,0.0,0.0,0.0,0.0,3.1088082901554404,0.0,4.66321243523316,0.0,0.0,0.0,0.0,0.0,0.0,0.5181347150259068,0.0,0.0,0.0,0.0,0.0,0.0,0.0,0.0,0.0,0.0,0.0
gaming,0.0,0.0,0.0,0.0,0.0,0.0,0.0,0.7352941176470588,0.7352941176470588,0.0,0.0,6.61764705882353,0.0,4.411764705882353,0.0,0.0,0.0,0.0,0.0,0.0,0.0,0.0,0.0,0.0,0.0,0.0,0.0,0.0,0.0,0.0,0.0,0.0
AdviceAnimals,0.0,0.0,0.0,0.0,0.0,0.0,0.0,0.0,0.0,0.0,0.0,0.0,0.0,9.333333333333334,0.0,0.0,0.0,0.0,0.0,0.0,1.3333333333333335,0.0,0.0,0.0,0.0,0.0,0.0,0.0,0.0,0.0,0.0,0.0
AdviceAnimals,0.40816326530612246,0.0,0.0,0.0,0.0,0.0,0.0,0.40816326530612246,0.40816326530612246,0.0,0.0,2.0408163265306123,0.0,2.857142857142857,0.0,0.40816326530612246,0.0,0.0,0.0,0.0,1.2244897959183674,0.0,0.0,0.0,0.0,0.0,0.0,0.0,0.0,0.0,0.0,0.0
AdviceAnimals,0.0,0.0,0.0,0.0,0.0,0.0,0.8130081300813009,0.8130081300813009,0.8130081300813009,0.0,0.0,0.0,0.0,0.0,0.0,0.0,0.0,0.0,0.0,0.0,0.0,0.0,0.0,0.0,0.0,0.0,0.0,0.0,0.0,0.0,0.0,0.0
AdviceAnimals,0.0,0.0,0.0,0.0,0.0,0.0,0.0,0.0,0.0,0.0,0.0,0.0,0.0,0.0,0.0,0.0,0.0,0.0,0.0,0.0,0.0,0.0,0.0,0.0,0.0,0.0,0.0,0.0,0.0,0.0,0.0,0.0
gaming,0.0,0.0,0.0,0.0,0.0,0.0,0.0,0.0,0.0,0.0,0.0,0.8403361344537815,0.0,5.042016806722689,0.0,0.0,0.0,0.0,0.0,0.0,0.0,0.0,0.0,0.0,0.0,0.0,0.0,0.0,0.0,0.0,0.0,0.0
pics,0.0,0.0,0.0,0.0,0.0,0.0,0.0,0.28653295128939826,0.28653295128939826,0.0,0.0,4.584527220630372,0.0,4.011461318051576,0.0,0.0,0.0,0.0,0.0,0.0,0.0,0.0,0.0,0.0,0.0,0.0,0.0,0.0,0.0,0.0,0.0,0.0
pics,0.0,0.0,0.0,0.0,0.0,0.0,0.0,1.639344262295082,0.0,0.0,0.0,3.278688524590164,0.0,5.737704918032787,0.0,0.819672131147541,0.0,0.0,0.0,0.0,0.0,0.0,1.639344262295082,0.0,1.639344262295082,0.0,0.0,0.0,0.0,0.0,0.0,0.0
pics,0.0,0.0,0.0,0.0,0.0,0.0,0.0,0.0,0.0,0.0,0.0,1.0101010101010102,0.0,7.07070707070707,0.0,0.0,0.0,0.0,0.0,0.0,0.0,0.0,0.0,0.0,0.0,0.0,0.0,0.0,0.0,0.0,0.0,0.0
pics,0.0,0.0,0.0,0.0,0.0,0.0,0.0,0.9771986970684038,0.32573289902280134,0.0,0.0,6.840390879478828,0.0,4.88599348534202,0.0,0.32573289902280134,0.0,0.0,0.0,0.0,0.0,0.0,0.6514657980456027,0.0,0.6514657980456027,0.0,0.0,0.0,0.0,0.0,0.0,0.0
todayilearned,0.16638935108153077,0.0,0.0,0.6655574043261231,0.49916805324459235,0.0,0.0,0.8319467554076538,0.8319467554076538,0.0,0.0,5.823627287853577,0.8319467554076538,4.159733777038269,0.0,0.16638935108153077,0.16638935108153077,0.0,0.0,0.0,0.33277870216306155,0.0,0.0,0.0,0.0,0.0,0.0,0.0,0.0,0.0,0.0,0.0
AdviceAnimals,0.0,0.0,0.0,0.0,0.0,0.0,0.0,0.3952569169960474,0.0,0.0,0.0,8.300395256916996,0.0,4.743083003952568,0.0,0.0,0.0,0.0,0.0,0.0,0.0,0.0,0.3952569169960474,0.0,0.3952569169960474,0.0,0.0,0.0,0.0,0.0,0.0,0.0
gaming,0.0,0.0,0.0,0.0,0.0,0.0,0.0,0.0,0.0,0.0,0.0,3.3333333333333335,0.0,3.3333333333333335,0.0,0.0,0.0,0.0,0.0,0.0,0.0,0.0,0.0,0.0,0.0,0.0,0.0,0.0,0.0,0.0,0.0,0.0
AdviceAnimals,1.1494252873563218,0.0,0.0,0.0,0.0,0.0,0.0,0.0,0.0,0.0,0.0,6.896551724137931,0.0,5.747126436781609,0.0,1.1494252873563218,0.0,0.0,0.0,0.0,0.0,0.0,0.0,0.0,0.0,0.0,0.0,0.0,0.0,0.0,0.0,0.0
AdviceAnimals,0.0,0.0,0.0,0.0,0.0,0.0,0.0,1.2345679012345678,1.2345679012345678,0.0,0.0,5.555555555555555,0.0,5.555555555555555,0.0,0.0,0.0,0.0,0.0,0.0,0.0,0.0,0.0,0.0,0.0,0.0,0.0,0.0,0.0,0.0,0.0,0.0
AdviceAnimals,0.0,0.0,0.0,0.0,0.0,0.0,0.0,0.0,0.0,0.0,0.0,10.666666666666668,0.0,6.666666666666667,0.0,0.0,0.0,0.0,0.0,0.0,0.0,0.0,0.0,0.0,0.0,0.0,0.0,0.0,0.0,0.0,0.0,0.0
AdviceAnimals,0.0,0.0,0.0,0.0,0.0,0.0,0.0,0.0,0.0,0.0,0.0,5.9459459459459465,0.0,5.9459459459459465,0.0,0.0,0.0,0.0,0.0,0.0,0.0,0.0,0.0,0.0,0.0,0.0,0.0,0.0,0.0,0.0,0.0,0.0
gaming,0.33557046979865773,0.0,0.0,0.0,0.0,0.0,0.0,1.342281879194631,1.342281879194631,0.0,0.0,2.013422818791946,0.33557046979865773,4.3624161073825505,0.0,0.0,0.0,0.0,0.0,0.0,0.33557046979865773,0.0,0.0,0.0,0.0,0.0,0.0,0.0,0.0,0.0,0.0,0.0
gaming,0.0,0.0,0.0,0.0,0.0,0.0,0.0,0.0,0.0,0.0,0.0,0.0,0.0,0.0,0.0,0.0,0.0,0.0,0.0,0.0,0.0,0.0,0.0,0.0,0.0,0.0,0.0,0.0,0.0,0.0,0.0,0.0
funny,0.0,0.0,0.0,0.0,0.8583690987124464,0.0,0.0,0.0,0.0,0.0,0.0,5.150214592274678,0.0,3.862660944206009,0.0,0.0,0.0,0.0,0.0,0.0,0.8583690987124464,0.0,0.0,0.0,0.0,0.0,0.0,0.0,0.0,0.0,0.0,0.0
AdviceAnimals,0.0,0.0,0.0,0.0,0.0,0.0,0.0,0.0,0.0,0.0,0.0,2.3255813953488373,0.0,6.2015503875969,0.0,0.0,0.0,0.0,0.0,0.0,0.3875968992248062,0.0,0.0,0.0,0.0,0.0,0.0,0.0,0.0,0.0,0.0,0.0
AdviceAnimals,0.0,0.0,0.0,0.0,0.0,0.0,0.0,0.0,0.0,0.0,0.0,4.25531914893617,0.0,4.25531914893617,0.0,0.0,0.0,0.0,0.0,0.0,2.127659574468085,0.0,0.0,0.0,0.0,0.0,0.0,0.0,0.0,0.0,0.0,0.0
AdviceAnimals,0.0,0.0,0.0,1.694915254237288,0.0,0.0,1.1299435028248588,0.5649717514124294,0.0,0.0,0.0,3.389830508474576,0.5649717514124294,5.084745762711865,0.0,0.0,0.0,0.0,0.0,0.0,0.5649717514124294,0.0,0.5649717514124294,0.0,0.5649717514124294,0.0,0.0,0.0,0.0,0.0,0.0,0.0
explainlikeimfive,0.6237006237006237,0.0,0.0,0.0,0.0,0.0,0.0,1.0395010395010396,1.0395010395010396,0.0,0.0,5.613305613305614,0.0,5.8212058212058215,0.0,0.2079002079002079,0.0,0.0,0.0,0.0,0.2079002079002079,0.0,0.0,0.0,0.0,0.0,0.0,0.0,0.0,0.0,0.0,0.0
explainlikeimfive,0.0,0.0,0.0,0.0,0.0,0.0,0.0,0.8333333333333334,0.8333333333333334,0.0,0.0,1.6666666666666667,0.0,6.666666666666667,0.0,0.0,0.0,0.0,0.0,0.0,0.0,0.0,0.0,0.0,0.0,0.0,0.0,0.0,0.0,0.0,0.0,0.0
pics,0.0,0.0,0.0,0.0,0.0,0.0,0.0,0.0,0.0,0.0,0.0,2.5773195876288657,0.5154639175257731,5.154639175257731,0.0,0.5154639175257731,0.0,0.0,0.0,0.0,0.0,0.0,0.0,0.0,0.0,0.0,0.0,0.0,0.0,0.0,0.0,0.0
explainlikeimfive,0.0,0.0,0.0,0.0,0.0,0.0,0.0,0.0,0.0,0.0,0.0,5.337078651685393,0.0,5.617977528089887,0.0,0.0,0.0,0.0,0.0,0.0,0.0,0.0,0.0,0.0,0.0,0.0,0.0,0.0,0.0,0.0,0.0,0.0
explainlikeimfive,0.0,0.0,0.0,0.5128205128205128,0.0,0.0,0.5128205128205128,1.1965811965811968,1.1965811965811968,0.17094017094017094,0.0,6.3247863247863245,2.2222222222222223,6.153846153846154,0.0,0.8547008547008548,0.0,0.0,0.0,0.0,0.17094017094017094,0.0,0.0,0.0,0.0,0.0,0.0,0.0,0.0,0.0,0.0,0.0
explainlikeimfive,0.5494505494505495,0.0,0.0,0.0,0.0,0.0,0.0,0.27472527472527475,0.27472527472527475,0.0,0.0,6.318681318681318,0.0,5.21978021978022,0.0,0.27472527472527475,0.0,0.0,0.0,0.0,0.27472527472527475,0.0,0.0,0.0,0.0,0.0,0.0,0.0,0.0,0.0,0.0,0.0
gaming,0.45662100456621,0.0,0.0,0.0,0.0,0.0,0.0,0.45662100456621,0.45662100456621,0.0,0.0,4.10958904109589,0.0,3.1963470319634704,0.0,0.0,0.45662100456621,0.0,0.0,0.0,0.0,0.0,0.0,0.0,0.0,0.0,0.0,0.0,0.0,0.0,0.0,0.0
funny,4.273504273504273,0.0,0.0,1.7094017094017095,0.8547008547008548,0.0,0.0,0.0,0.0,0.0,0.0,4.273504273504273,0.0,2.564102564102564,0.0,0.8547008547008548,0.0,0.0,0.0,0.0,0.0,0.0,0.0,0.0,0.0,0.0,0.0,0.0,0.0,0.0,0.0,0.0
gaming,0.0,0.0,0.0,0.0,0.0,0.0,0.0,0.0,0.0,0.0,0.0,4.166666666666666,0.0,4.166666666666666,0.0,0.0,0.0,0.0,0.0,0.0,0.0,0.0,0.0,0.0,0.0,0.0,0.0,0.0,0.0,0.0,0.0,0.0
gaming,0.0,0.0,0.0,0.0,0.0,0.0,0.0,0.0,0.0,0.0,0.0,1.0101010101010102,0.0,3.0303030303030303,0.0,0.0,0.0,0.0,0.0,0.0,0.0,0.0,0.0,0.0,0.0,0.0,0.0,0.0,0.0,0.0,0.0,0.0
pics,0.5376344086021506,0.0,0.0,0.0,0.0,0.5376344086021506,0.0,0.0,0.0,0.0,0.0,5.913978494623656,0.0,4.838709677419355,0.0,0.0,0.0,0.0,0.0,0.0,0.0,0.0,0.0,0.0,0.0,0.0,0.0,0.0,0.0,0.0,0.0,0.0
funny,1.4925373134328357,0.0,0.0,0.0,0.0,0.0,0.0,0.0,0.0,0.0,0.0,2.9850746268656714,0.0,7.462686567164178,0.0,0.0,0.0,0.0,0.0,0.0,0.0,0.0,0.0,0.0,0.0,0.0,0.0,0.0,0.0,0.0,0.0,0.0
explainlikeimfive,0.0,0.0,0.0,0.0,0.0,0.0,0.0,2.5316455696202533,2.5316455696202533,0.0,0.0,1.2658227848101267,0.0,5.063291139240507,0.0,1.2658227848101267,0.0,0.0,0.0,0.0,0.0,0.0,0.0,0.0,0.0,0.0,0.0,0.0,0.0,0.0,0.0,0.0
todayilearned,0.0,0.0,0.0,0.0,0.0,0.0,0.0,0.9287925696594427,0.9287925696594427,0.0,0.0,6.5015479876160995,0.0,4.3343653250774,0.0,0.0,0.0,0.0,0.0,0.0,0.0,0.0,0.0,0.0,0.0,0.0,0.0,0.0,0.0,0.0,0.0,0.0
AdviceAnimals,0.0,0.0,0.0,0.0,0.0,0.0,0.0,0.0,0.0,0.0,0.0,3.1746031746031744,0.0,3.1746031746031744,0.0,0.0,0.0,0.0,0.0,0.0,0.0,0.0,0.0,0.0,0.0,0.0,0.0,0.0,0.0,0.0,0.0,0.0
AdviceAnimals,0.0,0.0,0.0,0.0,2.083333333333333,0.0,0.0,0.0,0.0,0.0,0.0,5.208333333333334,0.0,3.125,0.0,1.0416666666666665,0.0,0.0,0.0,0.0,1.0416666666666665,0.0,0.0,0.0,0.0,0.0,0.0,0.0,0.0,0.0,0.0,0.0
AdviceAnimals,0.0,0.0,0.0,0.0,0.0,0.0,0.0,1.0869565217391304,1.0869565217391304,0.0,0.0,10.869565217391305,0.0,5.434782608695652,0.0,1.0869565217391304,1.0869565217391304,0.0,0.0,0.0,0.0,0.0,0.0,0.0,0.0,0.0,0.0,0.0,0.0,0.0,0.0,0.0
explainlikeimfive,0.0,0.0,0.0,0.0,0.0,0.0,0.0,0.5474452554744526,0.5474452554744526,0.0,0.0,5.109489051094891,0.0,5.109489051094891,0.0,0.0,0.18248175182481752,0.0,0.0,0.0,0.18248175182481752,0.0,0.0,0.0,0.0,0.0,0.0,0.0,0.0,0.0,0.0,0.0
AdviceAnimals,0.0,0.0,0.0,0.0,0.0,0.0,0.0,4.545454545454546,1.5151515151515151,0.0,0.0,4.545454545454546,0.0,7.575757575757576,0.0,3.0303030303030303,0.0,0.0,0.0,0.0,0.0,0.0,3.0303030303030303,0.0,3.0303030303030303,0.0,0.0,0.0,0.0,0.0,0.0,0.0
AdviceAnimals,0.8130081300813009,0.0,0.0,0.0,0.0,0.0,0.0,0.8130081300813009,0.8130081300813009,0.0,0.0,5.691056910569105,0.0,4.878048780487805,0.0,0.0,0.0,0.0,0.0,0.0,0.0,0.0,0.0,0.0,0.0,0.0,0.0,0.0,0.0,0.0,0.0,0.0
AdviceAnimals,0.0,0.0,0.0,0.0,0.0,0.0,0.0,2.127659574468085,0.0,0.0,0.0,2.127659574468085,0.0,6.382978723404255,0.0,0.0,0.0,0.0,0.0,0.0,0.0,0.0,0.0,0.0,0.0,0.0,0.0,0.0,0.0,0.0,0.0,0.0
AdviceAnimals,0.0,0.0,0.0,0.0,0.0,0.0,1.7094017094017095,0.0,0.0,0.0,0.0,7.6923076923076925,0.0,7.6923076923076925,0.0,0.8547008547008548,0.0,0.0,0.0,0.0,0.0,0.0,0.0,0.0,0.0,0.0,0.0,0.0,0.0,0.0,0.0,0.0
AdviceAnimals,0.0,0.0,0.0,0.0,0.0,0.0,0.7142857142857143,0.0,0.0,0.0,0.0,2.142857142857143,0.0,5.714285714285714,0.0,0.0,0.0,0.0,0.0,0.0,1.4285714285714286,0.0,0.0,0.0,0.0,0.0,0.0,0.0,0.0,0.0,0.0,0.0
AdviceAnimals,0.5586592178770949,0.0,0.0,0.0,1.1173184357541899,0.0,0.0,0.5586592178770949,0.5586592178770949,0.0,0.0,3.35195530726257,0.0,3.910614525139665,0.0,0.0,0.0,0.0,0.0,0.0,0.5586592178770949,0.0,0.0,0.0,0.0,0.0,0.0,0.0,0.0,0.0,0.0,0.0
AdviceAnimals,0.0,0.0,0.0,0.0,0.0,0.0,0.0,0.0,0.0,0.0,0.0,4.225352112676056,0.0,5.633802816901409,0.0,0.0,0.0,0.0,0.0,0.0,0.7042253521126761,0.0,0.0,0.0,0.0,0.0,0.0,0.0,0.0,0.0,0.0,0.0
AdviceAnimals,0.0,0.0,0.0,0.0,0.0,0.0,0.0,0.0,0.0,0.0,0.0,4.285714285714286,0.0,4.285714285714286,0.0,0.0,0.0,0.0,0.0,0.0,0.0,0.0,0.0,0.0,0.0,0.0,0.0,0.0,0.0,0.0,0.0,0.0
AdviceAnimals,0.0,0.0,0.0,0.0,0.0,0.0,0.23255813953488372,0.0,0.0,0.0,0.0,4.651162790697675,0.0,4.186046511627907,0.0,0.46511627906976744,0.0,0.0,0.0,0.46511627906976744,1.1627906976744187,0.0,0.0,0.0,0.0,0.0,0.0,0.0,0.0,0.0,0.0,0.0
politics,0.0,0.0,0.0,0.0,0.0,0.0,0.0,0.0,0.0,0.0,0.0,4.477611940298507,0.0,4.264392324093817,0.0,0.21321961620469082,0.0,0.0,0.0,0.21321961620469082,0.21321961620469082,0.0,0.0,0.0,0.0,0.0,0.0,0.0,0.0,0.0,0.0,0.0
explainlikeimfive,0.0,0.0,0.0,0.0,0.0,0.0,0.0,0.7117437722419928,0.7117437722419928,0.0,0.0,3.9145907473309607,0.7117437722419928,4.6263345195729535,0.0,0.0,0.0,0.0,0.0,0.0,1.0676156583629894,0.0,0.0,0.0,0.0,0.0,0.0,0.0,0.0,0.0,0.0,0.0
gaming,0.0,0.0,0.0,0.0,0.0,0.0,0.0,0.0,0.0,0.0,0.0,3.9473684210526314,0.0,3.9473684210526314,0.0,0.0,0.0,0.0,0.0,0.0,0.0,0.0,0.0,0.0,0.0,0.0,0.0,0.0,0.0,0.0,0.0,0.0
AdviceAnimals,0.5037783375314862,0.0,0.0,0.0,0.0,0.0,0.0,0.0,0.0,0.0,0.0,2.518891687657431,0.0,4.534005037783375,0.0,0.0,0.2518891687657431,0.0,0.0,0.0,0.2518891687657431,0.0,0.0,0.0,0.0,0.0,0.0,0.0,0.0,0.0,0.0,0.0
politics,0.0,0.0,0.0,0.0,0.0,0.0,0.0,0.0,0.0,0.0,0.0,1.1904761904761905,0.0,7.142857142857142,0.0,0.0,0.0,0.0,0.0,0.0,3.571428571428571,0.0,0.0,0.0,0.0,0.0,0.0,0.0,0.0,0.0,0.0,0.0
pics,0.0,0.0,0.0,0.0,0.0,0.0,0.0,0.0,0.0,0.0,0.0,0.0,0.0,0.0,0.0,0.0,0.0,0.0,0.0,0.0,0.0,0.0,0.0,0.0,0.0,0.0,0.0,0.0,0.0,0.0,0.0,0.0
pics,0.0,0.0,0.0,0.0,0.0,0.0,0.0,0.0,0.0,0.0,0.0,1.2195121951219512,0.0,4.878048780487805,0.0,0.0,0.0,0.0,0.0,0.0,1.2195121951219512,0.0,0.0,0.0,0.0,0.0,0.0,0.0,0.0,0.0,0.0,0.0
politics,0.0,0.0,0.0,0.0,0.0,0.0,0.0,0.0,0.0,0.0,0.0,6.474820143884892,0.0,4.316546762589928,0.0,0.0,0.0,0.0,0.0,0.0,0.0,0.0,0.0,0.0,0.0,0.0,0.0,0.0,0.0,0.0,0.0,0.0
politics,0.0,0.0,0.0,0.0,0.0,0.0,0.0,0.0,0.0,0.0,0.0,0.7299270072992701,0.0,5.839416058394161,0.0,0.0,0.0,0.0,0.0,0.0,1.4598540145985401,0.0,0.0,0.0,0.0,0.0,0.0,0.0,0.0,0.0,0.0,0.0
politics,0.0,0.0,0.0,0.0,0.3663003663003663,0.0,0.7326007326007326,2.564102564102564,2.564102564102564,0.0,0.0,10.622710622710622,0.0,2.93040293040293,0.3663003663003663,0.3663003663003663,0.0,0.0,0.0,0.0,0.0,0.0,3.6630036630036633,0.0,3.6630036630036633,0.0,0.0,0.0,0.0,0.0,0.0,0.0
funny,0.0,0.0,0.0,0.0,0.0,0.0,0.0,0.3115264797507788,0.3115264797507788,0.0,0.0,2.4922118380062304,0.0,2.4922118380062304,0.0,0.3115264797507788,0.0,0.0,0.0,0.0,0.0,0.0,0.0,0.0,0.0,0.0,0.0,0.0,0.0,0.0,0.0,0.0
AdviceAnimals,0.0,0.0,0.0,0.0,0.0,0.0,0.0,0.8547008547008548,0.8547008547008548,0.0,0.0,5.128205128205128,0.0,4.700854700854701,0.0,0.0,0.4273504273504274,0.0,0.0,0.0,0.0,0.0,0.0,0.0,0.0,0.0,0.0,0.0,0.0,0.0,0.0,0.0
AdviceAnimals,0.0,0.0,0.0,0.0,0.0,0.0,0.0,1.9607843137254901,1.9607843137254901,0.0,0.0,5.88235294117647,0.0,5.88235294117647,0.0,0.0,0.0,0.0,0.0,0.0,0.0,0.0,0.0,0.0,0.0,0.0,0.0,0.0,0.0,0.0,0.0,0.0
todayilearned,0.0,0.0,0.0,1.6194331983805668,0.0,0.0,0.0,0.8097165991902834,0.8097165991902834,0.0,0.0,1.214574898785425,0.0,4.048582995951417,0.0,0.0,0.0,0.0,0.0,0.0,0.0,0.0,0.0,0.0,0.0,0.0,0.0,0.0,0.0,0.0,0.0,0.0
todayilearned,0.0,0.0,0.0,0.0,0.0,0.0,0.0,0.0,0.0,0.0,0.0,0.0,0.0,7.142857142857142,0.0,0.0,0.0,0.0,0.0,0.0,0.0,0.0,0.0,0.0,0.0,0.0,0.0,0.0,0.0,0.0,0.0,0.0
todayilearned,0.0,0.0,0.0,0.0,0.0,0.0,0.0,0.0,0.0,0.0,0.0,3.614457831325301,0.0,4.819277108433735,0.0,0.0,0.0,0.0,0.0,0.0,0.0,0.0,0.0,0.0,0.0,0.0,0.0,0.0,0.0,0.0,0.0,0.0
todayilearned,0.0,0.0,0.0,0.0,0.0,0.0,0.0,0.0,0.0,0.0,0.0,1.3157894736842104,0.0,5.263157894736842,0.0,0.0,0.0,0.0,0.0,0.0,0.0,0.0,0.0,0.0,0.0,0.0,0.0,1.3157894736842104,0.0,0.0,0.0,0.0
todayilearned,0.0,0.0,0.0,0.0,0.0,0.0,0.6134969325153374,0.6134969325153374,0.0,0.0,0.0,0.6134969325153374,0.0,4.9079754601226995,0.0,1.2269938650306749,1.2269938650306749,0.0,0.0,0.0,0.0,0.0,0.6134969325153374,0.0,0.6134969325153374,0.0,0.0,0.0,0.0,0.0,0.0,0.0
todayilearned,0.0,0.0,0.0,0.0,0.0,0.0,0.0,0.0,0.0,0.0,0.0,0.0,0.0,0.0,11.11111111111111,11.11111111111111,0.0,0.0,0.0,0.0,0.0,0.0,0.0,0.0,0.0,0.0,0.0,0.0,0.0,0.0,0.0,0.0
todayilearned,0.0,0.0,0.0,0.8771929824561403,0.0,0.0,0.0,2.631578947368421,2.631578947368421,1.7543859649122806,0.0,0.8771929824561403,0.0,3.508771929824561,0.0,0.8771929824561403,0.8771929824561403,0.0,0.0,0.0,0.8771929824561403,0.0,0.0,0.0,0.0,0.0,0.0,0.0,0.0,0.0,0.0,0.0
funny,0.0,0.0,0.0,0.0,0.0,0.0,0.0,1.3333333333333335,1.3333333333333335,0.0,0.0,1.3333333333333335,0.0,9.333333333333334,0.0,0.0,0.0,0.0,0.0,0.0,0.0,0.0,0.0,0.0,0.0,0.0,0.0,0.0,0.0,0.0,0.0,0.0
funny,0.0,0.0,0.0,0.0,0.0,0.0,0.0,0.0,0.0,1.2345679012345678,0.0,3.7037037037037033,0.6172839506172839,6.172839506172839,0.0,5.555555555555555,0.0,0.0,0.0,0.0,1.2345679012345678,0.0,0.0,0.0,0.0,0.0,0.0,0.0,0.0,0.0,0.0,0.0
AdviceAnimals,0.0,0.0,0.0,0.5291005291005291,0.0,0.0,0.0,0.0,0.0,0.0,0.0,8.994708994708994,0.0,6.349206349206349,0.0,0.5291005291005291,0.0,0.0,0.0,0.0,0.0,0.0,0.0,0.0,0.0,0.0,0.0,0.0,0.0,0.0,0.0,0.0
AdviceAnimals,0.0,0.0,0.0,0.0,0.0,0.0,0.0,0.0,0.0,0.0,0.0,5.555555555555555,0.0,0.0,0.0,0.0,0.0,0.0,0.0,0.0,0.0,0.0,0.0,0.0,0.0,0.0,0.0,0.0,0.0,0.0,0.0,0.0
atheism,0.0,0.0,0.0,0.0,0.0,0.0,0.0,0.9771986970684038,0.9771986970684038,0.0,0.0,3.5830618892508146,0.0,4.234527687296417,0.0,0.0,0.0,0.0,0.0,0.0,0.32573289902280134,0.0,0.0,0.0,0.0,0.0,0.0,0.0,0.0,0.0,0.0,0.0
atheism,0.0,0.0,0.0,0.0,0.0,0.0,0.0,0.0,0.0,0.0,0.0,5.0,0.0,6.764705882352941,0.0,0.0,0.0,0.0,0.0,0.0,0.8823529411764706,0.0,0.0,0.0,0.0,0.0,0.0,0.0,0.0,0.0,0.0,0.0
explainlikeimfive,0.4319654427645789,0.0,0.0,0.0,0.0,0.0,1.2958963282937366,1.2958963282937366,1.2958963282937366,0.0,0.0,6.695464362850973,0.6479481641468683,6.047516198704104,0.0,1.079913606911447,0.0,0.0,0.0,0.0,0.0,0.0,0.0,0.0,0.0,0.0,0.0,0.0,0.0,0.0,0.0,0.0
funny,0.5524861878453038,0.0,0.0,0.0,0.0,0.0,0.0,0.0,0.0,0.0,0.0,1.6574585635359116,0.0,3.314917127071823,0.0,0.0,0.0,0.0,0.0,0.0,0.0,0.0,0.0,0.0,0.0,0.0,0.0,0.0,0.0,0.0,0.0,0.0
funny,0.0,0.0,0.0,0.0,0.0,0.0,0.0,0.0,0.0,0.0,0.0,5.555555555555555,0.0,6.944444444444445,0.0,0.0,0.0,0.0,0.0,0.0,0.0,0.0,0.0,0.0,0.0,0.0,0.0,0.0,0.0,0.0,0.0,0.0
AdviceAnimals,0.0,0.0,0.0,0.0,0.0,0.0,0.0,1.1363636363636365,1.1363636363636365,0.0,0.0,4.545454545454546,0.0,3.4090909090909087,0.0,0.0,0.0,0.0,0.0,0.0,2.272727272727273,0.0,0.0,0.0,0.0,0.0,0.0,0.0,0.0,0.0,0.0,0.0
AdviceAnimals,0.0,0.0,0.0,0.0,0.0,0.0,0.0,0.0,0.0,0.0,0.0,8.11965811965812,0.0,4.700854700854701,0.0,0.0,0.0,0.0,0.0,0.0,0.0,0.0,0.0,0.0,0.0,0.0,0.0,0.0,0.0,0.0,0.0,0.0
politics,0.0,0.0,0.0,0.0,0.0,0.0,0.0,0.0,0.0,0.0,0.0,4.25531914893617,0.0,4.25531914893617,0.0,0.0,0.0,0.0,0.0,0.0,0.0,0.0,0.0,0.0,0.0,0.0,0.0,0.0,0.0,0.0,0.0,0.0
pics,0.0,0.0,0.0,0.0,0.0,0.0,0.0,0.684931506849315,0.684931506849315,0.0,0.0,6.8493150684931505,0.684931506849315,4.10958904109589,0.0,0.684931506849315,0.0,0.0,0.0,0.0,0.0,0.0,0.0,0.0,0.0,0.0,0.0,0.0,0.0,0.0,0.0,0.0
gaming,0.0,0.0,0.0,0.0,0.0,0.0,0.0,0.0,0.0,0.0,0.0,2.564102564102564,0.0,6.41025641025641,0.0,0.0,0.0,0.0,0.0,0.0,1.282051282051282,0.0,0.0,0.0,0.0,0.0,0.0,0.0,0.0,0.0,0.0,0.0
gaming,0.0,0.0,0.0,0.0,0.0,0.0,0.0,0.0,0.0,0.0,0.0,6.2015503875969,0.0,6.976744186046512,0.0,0.0,0.0,0.0,0.0,0.0,0.0,0.0,0.0,0.0,0.0,0.0,0.0,0.0,0.0,0.0,0.0,0.0
atheism,0.0,0.0,0.0,0.0,0.0,0.0,0.0,0.7042253521126761,0.7042253521126761,0.0,0.0,4.225352112676056,0.0,3.5211267605633805,0.0,0.0,0.0,0.0,0.0,0.0,0.0,0.0,0.0,0.0,0.0,0.0,0.0,0.0,0.0,0.0,0.0,0.0
politics,0.0,0.0,0.0,0.0,0.0,0.0,0.0,0.19960079840319359,0.5988023952095809,0.0,0.0,2.9940119760479043,0.0,3.992015968063872,0.0,0.19960079840319359,0.0,0.0,0.0,0.0,0.0,0.0,0.0,0.0,0.0,0.0,0.0,0.0,0.0,0.0,0.0,0.0
politics,0.0,0.0,0.0,0.0,0.0,0.0,0.0,0.0,0.0,0.0,0.0,3.669724770642202,0.0,4.128440366972478,0.0,0.45871559633027525,0.0,0.0,0.0,0.0,1.834862385321101,0.0,0.0,0.0,0.0,0.0,0.0,0.0,0.0,0.0,0.0,0.0
politics,0.0,0.0,0.0,0.0,0.29069767441860467,0.5813953488372093,0.0,1.1627906976744187,1.1627906976744187,0.29069767441860467,0.0,5.232558139534884,2.616279069767442,7.267441860465117,0.0,0.0,0.0,0.0,0.0,0.0,0.29069767441860467,0.0,0.0,0.0,0.0,0.0,0.0,0.0,0.0,0.0,0.0,0.0
pics,0.0,0.0,0.0,0.0,0.0,0.0,0.0,0.0,0.0,0.0,0.0,2.6785714285714284,0.8928571428571428,3.571428571428571,0.0,0.0,0.0,0.0,0.0,0.0,0.0,0.0,0.0,0.0,0.0,0.0,0.0,0.0,0.0,0.0,0.0,0.0
gaming,0.0,0.0,0.0,1.1111111111111112,0.0,0.0,0.0,0.0,0.0,0.0,0.0,3.3333333333333335,0.0,7.777777777777778,0.0,0.0,0.0,0.0,0.0,0.0,0.0,0.0,0.0,0.0,0.0,0.0,0.0,0.0,0.0,0.0,0.0,0.0
gaming,0.0,0.0,0.0,0.0,0.0,0.0,0.0,4.597701149425287,4.597701149425287,0.0,0.0,2.2988505747126435,2.2988505747126435,4.597701149425287,0.0,0.0,0.0,0.0,0.0,0.0,0.0,0.0,0.0,0.0,0.0,0.0,0.0,0.0,0.0,0.0,0.0,0.0
gaming,0.0,0.0,0.0,0.0,0.0,0.0,0.0,0.6451612903225806,0.6451612903225806,0.0,0.0,5.806451612903226,0.0,3.870967741935484,0.0,0.0,0.0,0.0,0.0,0.0,0.0,0.0,0.0,0.0,0.0,0.0,0.0,0.0,0.0,0.0,0.0,0.0
todayilearned,0.0,0.0,0.0,0.0,0.0,0.14684287812041116,0.0,0.0,0.0,0.0,0.0,6.7547723935389135,0.0,2.643171806167401,0.0,1.3215859030837005,0.881057268722467,0.0,0.0,2.643171806167401,0.0,0.0,0.0,0.0,0.0,0.0,0.0,0.0,0.0,0.0,0.0,0.0
funny,0.0,0.0,0.0,0.0,0.0,0.0,0.0,0.1718213058419244,0.1718213058419244,0.0,0.0,9.450171821305842,0.0,3.264604810996564,0.0,0.0,0.3436426116838488,0.0,0.0,0.0,0.3436426116838488,0.0,0.0,0.0,0.0,0.0,0.0,0.0,0.0,0.0,0.0,0.0
AdviceAnimals,0.0,0.0,0.0,0.0,0.0,0.0,0.0,0.6024096385542169,0.9036144578313252,0.0,0.0,6.475903614457831,0.0,4.367469879518072,0.0,0.4518072289156626,0.0,0.0,0.0,0.6024096385542169,0.0,0.0,0.0,0.0,0.0,0.0,0.0,0.0,0.0,0.0,0.0,0.0
AdviceAnimals,0.0,0.0,0.0,0.0,0.0,0.0,0.0,1.257861635220126,1.257861635220126,0.0,0.0,6.918238993710692,0.0,2.515723270440252,0.0,0.628930817610063,0.0,0.0,0.0,0.0,0.0,0.0,0.0,0.0,0.0,0.0,0.0,0.0,0.0,0.0,0.0,0.0
AdviceAnimals,0.0,0.0,0.0,0.0,0.0,0.0,0.0,0.0,0.0,0.0,0.0,1.1695906432748537,0.0,5.263157894736842,0.0,0.0,0.0,0.0,0.0,0.0,0.0,0.0,0.0,0.0,0.0,0.0,0.0,0.0,0.0,0.0,0.0,0.0
AdviceAnimals,0.0,0.0,0.0,0.0,0.0,0.0,0.0,0.0,0.0,0.0,0.0,1.2987012987012987,0.0,3.896103896103896,0.0,0.0,0.0,0.0,0.0,0.0,0.0,0.0,2.5974025974025974,0.0,2.5974025974025974,0.0,0.0,0.0,0.0,0.0,0.0,0.0
AdviceAnimals,0.30959752321981426,0.0,0.0,0.0,0.30959752321981426,0.0,0.30959752321981426,0.30959752321981426,0.30959752321981426,0.0,0.0,1.5479876160990713,0.0,3.7151702786377707,0.0,0.30959752321981426,0.0,0.0,0.0,0.0,0.30959752321981426,0.0,0.0,0.0,0.0,0.0,0.0,0.0,0.0,0.0,0.0,0.0
AdviceAnimals,0.0,0.0,0.0,0.0,0.0,0.0,0.0,0.0,0.0,0.0,0.0,0.0,0.0,5.0,0.0,0.0,0.0,0.0,0.0,0.0,0.0,0.0,0.0,0.0,0.0,0.0,0.0,0.0,0.0,0.0,0.0,0.0
explainlikeimfive,0.5102040816326531,0.0,0.0,0.0,0.0,0.0,0.0,1.0204081632653061,1.0204081632653061,0.0,0.0,3.571428571428571,0.0,7.142857142857142,0.0,0.0,0.5102040816326531,0.0,0.0,0.0,0.5102040816326531,0.0,0.0,0.0,0.0,0.0,0.0,0.0,0.0,0.0,0.0,0.0
explainlikeimfive,0.4048582995951417,0.0,0.0,0.0,0.0,0.0,0.0,0.0,0.0,0.0,0.0,2.834008097165992,0.0,3.2388663967611335,0.0,0.0,0.0,0.0,0.0,0.0,0.4048582995951417,0.0,0.0,0.0,0.0,0.0,0.0,0.0,0.0,0.0,0.0,0.0
explainlikeimfive,0.0,0.0,0.0,0.0,0.0,0.0,0.0,0.0,0.0,0.0,0.0,3.3653846153846154,0.0,4.807692307692308,0.0,0.0,0.0,0.0,0.0,0.0,0.0,0.0,0.0,0.0,0.0,0.0,0.0,0.0,0.0,0.0,0.0,0.0
explainlikeimfive,0.0,0.0,0.0,0.7299270072992701,0.0,0.0,0.0,0.0,0.0,0.0,0.0,6.569343065693431,0.0,6.569343065693431,0.0,0.7299270072992701,0.0,0.0,0.0,0.0,0.0,0.0,0.0,0.0,0.0,0.0,0.0,0.0,0.0,0.0,0.0,0.0
explainlikeimfive,0.42194092827004215,0.0,0.0,0.0,0.0,0.0,0.0,1.2658227848101267,1.2658227848101267,0.0,0.0,6.329113924050633,0.0,4.219409282700422,0.0,0.0,0.0,0.0,0.0,0.0,0.0,0.0,0.0,0.0,0.0,0.0,0.0,0.0,0.0,0.0,0.0,0.0
AdviceAnimals,0.0,0.0,0.0,0.0,0.0,0.0,0.0,0.5617977528089888,0.5617977528089888,0.0,0.5617977528089888,2.8089887640449436,0.0,7.865168539325842,0.0,0.5617977528089888,0.0,0.0,0.0,0.0,0.0,0.0,0.0,0.0,0.0,0.0,0.0,0.0,0.0,0.0,0.0,0.0
explainlikeimfive,0.0,0.0,0.0,0.0,0.0,0.0,1.1494252873563218,0.0,0.0,0.0,0.0,8.045977011494253,0.0,4.597701149425287,0.0,0.0,0.0,0.0,0.0,0.0,0.0,0.0,0.0,0.0,0.0,0.0,0.0,0.0,0.0,0.0,0.0,0.0
AdviceAnimals,0.0,0.0,0.0,0.0,0.0,0.0,0.0,0.0,0.0,0.0,0.0,1.7647058823529411,0.0,4.705882352941177,0.0,0.0,0.0,0.0,0.0,0.0,0.0,0.0,0.0,0.0,0.0,0.0,0.0,0.0,0.0,0.0,0.0,0.0
explainlikeimfive,0.0,0.0,0.0,0.0,0.0,3.3557046979865772,0.0,0.6711409395973155,0.6711409395973155,0.0,0.0,3.0201342281879198,0.0,6.375838926174497,0.0,0.0,0.0,0.0,0.0,0.0,0.33557046979865773,0.0,0.0,0.0,0.0,0.0,0.0,0.0,0.0,0.0,0.0,0.0
gaming,0.0,0.0,0.0,6.25,0.0,0.0,0.0,2.083333333333333,2.083333333333333,0.0,0.0,0.0,0.0,4.166666666666666,0.0,0.0,0.0,0.0,0.0,0.0,0.0,0.0,0.0,0.0,0.0,0.0,0.0,0.0,0.0,0.0,0.0,0.0
gaming,0.0,0.0,0.0,5.161290322580645,0.0,0.0,0.0,1.935483870967742,1.935483870967742,0.0,0.0,0.0,0.0,3.870967741935484,0.0,0.0,0.0,0.0,0.0,0.0,0.0,0.0,0.0,0.0,0.0,0.0,0.0,0.0,0.0,0.0,0.0,0.0
todayilearned,0.0,0.0,0.0,0.0,0.0,0.0,0.0,0.0,0.0,0.0,0.0,6.25,0.0,6.25,0.0,0.0,0.0,0.0,0.0,0.0,0.0,0.0,0.0,0.0,0.0,0.0,0.0,0.0,0.0,0.0,0.0,0.0
gaming,0.0,0.0,0.0,0.0,0.0,0.0,0.0,0.0,0.0,0.0,0.0,1.694915254237288,0.0,5.084745762711865,0.0,0.0,1.694915254237288,0.0,0.0,0.0,0.0,0.0,0.0,0.0,0.0,0.0,0.0,0.0,0.0,0.0,0.0,0.0
atheism,0.0,0.0,0.0,0.0,0.0,0.0,0.0,1.1111111111111112,0.0,0.0,0.0,6.666666666666667,0.0,6.666666666666667,0.0,0.0,0.0,0.0,0.0,0.0,1.1111111111111112,0.0,1.1111111111111112,0.0,1.1111111111111112,0.0,0.0,0.0,0.0,0.0,0.0,0.0
todayilearned,0.0,0.0,0.0,0.0,0.0,0.0,0.0,0.0,0.0,0.0,0.0,1.1111111111111112,0.0,4.444444444444445,0.0,0.0,0.0,0.0,0.0,0.0,0.0,0.0,0.0,0.0,0.0,0.0,0.0,0.0,0.0,0.0,0.0,0.0
todayilearned,0.0,0.0,0.0,0.0,0.0,0.0,0.0,0.0,0.0,0.0,0.0,0.0,0.0,7.142857142857142,0.0,0.0,0.0,0.0,0.0,0.0,0.0,0.0,0.0,0.0,0.0,0.0,0.0,0.0,0.0,0.0,0.0,0.0
todayilearned,0.0,0.0,0.0,0.0,0.0,0.0,0.0,1.1627906976744187,1.1627906976744187,0.0,0.0,1.1627906976744187,0.0,3.488372093023256,0.0,0.0,0.0,0.0,0.0,0.0,0.0,0.0,0.0,0.0,0.0,0.0,0.0,0.0,0.0,0.0,0.0,0.0
funny,0.0,0.0,0.0,0.0,0.0,0.0,0.0,0.0,0.0,0.0,0.0,4.032258064516129,0.0,4.032258064516129,0.0,0.0,0.0,0.0,0.0,0.0,0.0,0.0,0.0,0.0,0.0,0.0,0.0,0.0,0.0,0.0,0.0,0.0
gaming,0.0,0.0,0.0,0.0,0.0,0.0,0.0,0.0,0.0,0.0,0.0,9.67741935483871,0.0,3.225806451612903,0.0,0.0,0.0,0.0,0.0,0.0,0.0,0.0,0.0,0.0,0.0,0.0,0.0,0.0,0.0,0.0,0.0,0.0
funny,0.0,0.0,0.0,0.0,0.0,0.0,0.0,0.0,0.0,0.0,0.0,0.0,0.0,8.333333333333332,0.0,0.0,0.0,0.0,0.0,0.0,0.0,0.0,0.0,0.0,0.0,0.0,0.0,0.0,0.0,0.0,0.0,0.0
AdviceAnimals,0.0,0.0,0.0,0.0,0.0,0.0,0.0,0.0,0.0,0.0,0.0,4.580152671755725,0.0,4.198473282442748,0.0,0.0,0.38167938931297707,0.0,0.0,1.1450381679389312,0.0,0.0,0.0,0.0,0.0,0.0,0.0,0.0,0.0,0.0,0.0,0.0
explainlikeimfive,0.0,0.0,0.0,0.0,0.0,0.0,0.0,1.6736401673640167,1.6736401673640167,0.0,0.0,3.765690376569038,0.0,4.184100418410042,0.0,0.0,0.8368200836820083,0.0,0.0,0.0,0.0,0.0,0.0,0.0,0.0,0.0,0.0,0.0,0.0,0.0,0.0,0.0
todayilearned,0.0,0.0,0.0,0.0,0.0,0.0,0.0,0.0,0.0,0.0,0.0,7.4866310160427805,0.0,4.27807486631016,0.0,0.53475935828877,1.06951871657754,0.0,0.0,0.0,0.0,0.0,0.0,0.0,0.0,0.0,0.0,0.0,0.0,0.0,0.0,0.0
todayilearned,0.0,0.0,0.0,0.0,0.0,0.0,0.0,0.0,0.0,0.0,0.0,6.41025641025641,0.0,6.41025641025641,0.0,0.0,0.0,0.0,0.0,0.0,0.0,0.0,0.0,0.0,0.0,0.0,0.0,0.0,0.0,0.0,0.0,0.0
AdviceAnimals,1.5037593984962405,0.0,0.0,0.0,0.0,0.0,0.0,0.7518796992481203,0.7518796992481203,0.0,0.0,2.2556390977443606,0.0,5.263157894736842,0.0,0.0,0.0,0.0,0.0,0.0,1.5037593984962405,0.0,0.0,0.0,0.0,0.0,0.0,0.0,0.0,0.0,0.0,0.0
explainlikeimfive,0.0,0.0,0.0,0.0,0.0,0.0,0.0,0.0,0.0,0.0,0.0,2.8169014084507045,0.0,4.225352112676056,0.0,0.0,0.0,0.0,0.0,0.0,1.4084507042253522,0.0,0.0,0.0,0.0,0.0,0.0,0.0,0.0,0.0,0.0,0.0
gaming,0.0,0.0,0.0,0.0,0.0,0.0,0.0,0.0,0.0,0.0,0.0,5.172413793103448,0.0,4.022988505747127,0.0,0.0,0.5747126436781609,0.0,0.0,0.0,0.5747126436781609,0.0,0.0,0.0,0.0,0.0,0.0,0.0,0.0,0.0,0.0,0.0
explainlikeimfive,0.0,0.0,0.0,0.0,0.0,0.0,0.0,0.7853403141361256,0.5235602094240838,0.0,0.0,7.068062827225131,0.7853403141361256,4.18848167539267,0.0,0.0,0.0,0.0,0.0,0.0,0.0,0.0,0.2617801047120419,0.0,0.2617801047120419,0.0,0.0,0.0,0.0,0.0,0.0,0.0
pics,0.0,0.0,0.0,0.0,0.0,0.0,0.0,0.0,0.0,0.0,0.0,4.587155963302752,0.0,6.422018348623854,0.0,0.45871559633027525,0.0,0.0,0.0,0.9174311926605505,1.834862385321101,0.0,0.0,0.0,0.0,0.0,0.0,0.0,0.0,0.0,0.0,0.0
AdviceAnimals,0.0,0.0,0.0,0.0,0.0,0.0,0.0,0.9433962264150944,0.9433962264150944,0.0,0.0,3.7735849056603774,0.0,5.188679245283019,0.0,0.4716981132075472,0.0,0.0,0.0,0.0,0.0,0.0,0.0,0.0,0.0,0.0,0.0,0.0,0.0,0.0,0.0,0.0
AdviceAnimals,0.0,0.0,0.0,0.0,0.0,0.0,0.0,0.0,0.0,0.0,0.0,3.4482758620689653,0.0,3.4482758620689653,0.0,0.0,0.0,0.0,0.0,0.0,0.0,0.0,0.0,0.0,0.0,0.0,0.0,0.0,0.0,0.0,0.0,0.0
AdviceAnimals,0.0,0.0,0.0,0.0,0.0,0.0,0.0,0.0,0.0,0.0,0.0,4.929577464788732,0.0,4.929577464788732,0.0,0.0,0.0,0.0,0.0,0.0,0.7042253521126761,0.0,0.0,0.0,0.0,0.0,0.0,0.0,0.0,0.0,0.0,0.0
AdviceAnimals,0.0,0.0,0.0,0.0,0.0,0.0,0.0,1.098901098901099,1.098901098901099,0.0,0.0,2.197802197802198,0.0,5.4945054945054945,0.0,0.0,0.0,0.0,0.0,0.0,0.0,0.0,0.0,0.0,0.0,0.0,0.0,0.0,0.0,0.0,0.0,0.0
AdviceAnimals,0.0,0.0,0.0,0.0,0.0,0.0,0.0,0.9803921568627451,0.9803921568627451,0.0,0.0,3.9215686274509802,0.0,4.901960784313726,0.0,0.0,0.9803921568627451,0.0,0.0,0.0,0.0,0.0,0.0,0.0,0.0,0.0,0.0,0.0,0.0,0.0,0.0,0.0
AdviceAnimals,0.0,0.0,0.0,0.0,0.0,0.0,0.0,0.0,0.0,0.0,0.0,1.4925373134328357,0.0,4.477611940298507,0.0,0.0,0.0,0.0,0.0,0.0,0.0,0.0,0.0,0.0,0.0,0.0,0.0,0.0,0.0,0.0,0.0,0.0
AdviceAnimals,0.0,0.0,0.0,0.0,0.0,0.0,0.0,0.847457627118644,0.847457627118644,0.0,0.0,2.5423728813559325,0.0,3.389830508474576,0.0,0.0,0.0,0.0,0.0,0.0,0.0,0.0,0.0,0.0,0.0,0.0,0.0,0.0,0.0,0.0,0.0,0.0
AdviceAnimals,0.4807692307692308,0.0,0.0,0.0,0.0,0.0,0.0,0.0,0.0,0.0,0.0,3.8461538461538463,1.4423076923076923,4.326923076923077,0.0,0.9615384615384616,0.9615384615384616,0.0,0.0,0.0,0.0,0.0,0.0,0.0,0.0,0.0,0.0,0.0,0.0,0.0,0.0,0.0
AdviceAnimals,0.0,0.0,0.0,0.0,0.0,0.0,1.0204081632653061,0.0,0.0,0.0,0.0,4.081632653061225,0.0,4.081632653061225,0.0,0.0,0.0,0.0,0.0,0.0,0.0,0.0,0.0,0.0,0.0,0.0,0.0,0.0,0.0,0.0,0.0,0.0
todayilearned,0.0,0.0,0.0,0.0,0.0,0.0,0.0,1.3806706114398422,1.183431952662722,0.0,0.0,4.142011834319527,0.39447731755424065,7.100591715976331,0.0,0.0,0.0,0.0,0.0,0.0,0.39447731755424065,0.0,0.0,0.0,0.0,0.0,0.0,0.0,0.0,0.0,0.0,0.0
AdviceAnimals,0.0,0.0,0.0,0.0,0.0,0.0,0.0,0.0,0.0,0.0,0.0,0.0,0.0,6.0606060606060606,0.0,0.0,0.0,0.0,0.0,0.0,0.0,0.0,0.0,0.0,0.0,0.0,0.0,0.0,0.0,0.0,0.0,0.0
funny,0.0,0.0,0.0,0.0,0.0,0.0,0.0,0.5970149253731344,0.5970149253731344,0.0,0.0,2.3880597014925375,0.0,5.3731343283582085,0.0,0.0,0.0,0.0,0.0,0.5970149253731344,0.2985074626865672,0.0,0.0,0.0,0.0,0.0,0.0,0.0,0.0,0.0,0.0,0.0
AdviceAnimals,0.0,0.0,0.0,0.0,0.0,0.0,0.0,0.0,0.0,0.0,0.0,3.532608695652174,0.0,9.782608695652174,0.0,0.0,0.0,0.0,0.0,0.0,0.4076086956521739,0.0,0.0,0.0,0.0,0.0,0.0,0.0,0.0,0.0,0.0,0.0
funny,0.0,0.0,0.0,1.5151515151515151,0.0,0.0,0.0,1.5151515151515151,1.5151515151515151,0.0,0.0,3.0303030303030303,0.0,6.8181818181818175,0.0,0.0,0.0,0.0,0.0,0.0,0.7575757575757576,0.0,0.0,0.0,0.0,0.0,0.0,0.0,0.0,0.0,0.0,0.0
AdviceAnimals,0.0,0.0,0.0,0.0,0.0,0.0,0.0,0.0,0.0,0.0,0.0,10.045662100456621,0.0,5.93607305936073,0.0,0.45662100456621,0.0,0.0,0.0,0.0,0.45662100456621,0.0,0.0,0.0,0.0,0.0,0.0,0.0,0.0,0.0,0.0,0.0
pics,0.0,0.0,0.0,0.0,0.0,0.0,0.33333333333333337,0.6666666666666667,0.33333333333333337,0.0,0.0,4.333333333333334,0.33333333333333337,4.333333333333334,0.0,0.33333333333333337,0.0,0.0,0.0,0.0,0.0,0.0,0.33333333333333337,0.0,0.33333333333333337,0.0,0.0,0.0,0.0,0.0,0.0,0.0
gaming,1.8518518518518516,0.0,0.0,0.0,0.0,0.0,0.0,0.0,0.0,0.0,0.0,9.25925925925926,3.7037037037037033,7.4074074074074066,0.0,0.0,0.0,0.0,0.0,0.0,0.0,0.0,0.0,0.0,0.0,0.0,0.0,0.0,0.0,0.0,0.0,0.0
gaming,0.0,0.0,0.0,0.0,0.0,0.0,0.0,0.0,0.0,0.0,0.0,5.4945054945054945,0.0,4.395604395604396,0.0,0.0,0.0,0.0,0.0,0.0,0.0,0.0,0.0,0.0,0.0,0.0,0.0,0.0,0.0,0.0,0.0,0.0
gaming,0.0,0.0,0.0,0.0,0.3787878787878788,0.0,0.0,1.893939393939394,1.893939393939394,0.0,0.0,0.7575757575757576,0.0,3.4090909090909087,0.0,0.0,0.0,0.0,0.0,0.0,0.3787878787878788,0.0,0.0,0.0,0.0,0.0,0.0,0.0,0.0,0.0,0.0,0.0
gaming,0.0,0.0,0.0,1.3333333333333335,0.0,0.0,0.0,0.0,0.0,0.0,0.0,2.666666666666667,0.0,6.666666666666667,0.0,0.0,0.0,0.0,0.0,0.0,0.0,0.0,0.0,0.0,0.0,0.0,0.0,0.0,0.0,0.0,0.0,0.0
explainlikeimfive,0.0,0.0,0.0,0.0,0.0,0.0,0.0,0.0,0.0,0.0,0.0,2.666666666666667,0.0,2.666666666666667,0.0,0.0,0.0,0.0,0.0,0.0,0.0,0.0,0.0,0.0,0.0,0.0,0.0,0.0,0.0,0.0,0.0,0.0
atheism,0.0,0.0,0.0,0.0,0.0,0.0,0.0,0.36101083032490977,0.36101083032490977,0.0,0.0,4.332129963898916,0.0,2.888086642599278,0.0,0.0,0.0,0.0,0.0,0.0,0.0,0.0,0.0,0.0,0.0,0.0,0.0,0.0,0.0,0.0,0.0,0.0
atheism,0.0,0.0,0.0,0.0,0.7142857142857143,0.0,0.0,0.0,0.0,0.0,0.0,4.285714285714286,0.0,5.714285714285714,0.0,0.0,0.0,0.0,0.0,0.0,0.0,0.0,0.0,0.0,0.0,0.0,0.0,0.0,0.0,0.0,0.0,0.0
pics,0.0,0.0,0.0,0.0,0.0,0.0,0.0,0.8695652173913043,0.8695652173913043,0.0,0.0,7.82608695652174,0.0,3.4782608695652173,0.0,0.0,0.0,0.0,0.0,0.0,0.0,0.0,0.0,0.0,0.0,0.0,0.0,0.0,0.0,0.0,0.0,0.0
politics,0.0,0.0,0.0,0.0,0.0,0.0,0.0,0.8888888888888888,0.8888888888888888,0.0,0.0,4.0,0.0,2.2222222222222223,0.0,0.0,0.0,0.0,0.0,0.0,0.0,0.0,0.0,0.0,0.0,0.0,0.0,0.0,0.0,0.0,0.0,0.0
pics,0.0,0.0,0.0,0.0,0.0,0.0,0.0,0.0,0.0,0.0,0.0,4.0650406504065035,0.0,4.878048780487805,0.0,0.0,0.0,0.0,0.0,0.0,0.0,0.0,0.0,0.0,0.0,0.0,0.0,0.0,0.0,0.0,0.0,0.0
todayilearned,0.0,0.0,0.0,0.0,0.0,0.0,2.564102564102564,0.8547008547008548,0.8547008547008548,0.0,0.0,6.837606837606838,0.0,5.128205128205128,0.0,0.8547008547008548,0.0,0.0,0.0,0.0,0.0,0.0,0.0,0.0,0.0,0.0,0.0,0.0,0.0,0.0,0.0,0.0
todayilearned,0.0,0.0,0.0,0.0,0.0,0.0,0.0,0.0,0.0,0.0,0.0,2.857142857142857,0.0,5.714285714285714,0.0,2.857142857142857,0.0,0.0,0.0,0.0,0.0,0.0,0.0,0.0,0.0,0.0,0.0,0.0,0.0,0.0,0.0,0.0
pics,0.0,0.0,0.0,0.0,0.0,0.0,0.0,0.0,0.0,0.0,0.0,0.0,0.0,2.857142857142857,0.0,0.0,0.0,0.0,0.0,0.0,0.0,0.0,0.0,0.0,0.0,0.0,0.0,0.0,0.0,0.0,0.0,0.0
funny,0.0,0.0,0.0,0.0,0.0,0.0,0.0,0.8928571428571428,0.4464285714285714,0.0,0.0,6.25,0.0,4.464285714285714,0.0,0.0,0.0,0.0,0.0,0.0,0.4464285714285714,0.0,0.4464285714285714,0.0,0.4464285714285714,0.0,0.0,0.0,0.0,0.0,0.0,0.0
funny,0.0,0.0,0.0,0.0,0.0,0.0,0.0,0.3448275862068966,0.3448275862068966,0.0,0.0,5.862068965517241,0.6896551724137931,3.793103448275862,0.0,0.3448275862068966,0.0,0.0,0.0,0.0,0.0,0.0,0.0,0.0,0.0,0.0,0.0,0.0,0.0,0.0,0.0,0.0
explainlikeimfive,0.0,0.0,0.0,0.0,0.0,0.0,0.0,0.0,0.0,0.0,0.0,7.239819004524888,0.0,5.88235294117647,0.0,0.4524886877828055,0.4524886877828055,0.0,0.0,0.0,0.0,0.0,0.0,0.0,0.0,0.0,0.0,0.0,0.0,0.0,0.0,0.0
funny,0.0,0.0,0.0,0.0,0.0,0.0,0.0,0.0,0.0,0.0,0.0,1.6666666666666667,0.0,8.333333333333332,0.0,3.3333333333333335,0.0,0.0,0.0,0.0,0.0,0.0,0.0,0.0,0.0,0.0,0.0,0.0,0.0,0.0,0.0,0.0
funny,0.0,0.0,0.0,6.3559322033898304,0.847457627118644,0.0,0.0,1.694915254237288,1.694915254237288,0.0,0.0,6.3559322033898304,0.0,3.8135593220338984,0.0,0.0,0.0,0.0,0.0,0.0,0.0,0.0,0.0,0.0,0.0,0.0,0.0,0.0,0.0,0.0,0.0,0.0
explainlikeimfive,0.16611295681063123,0.0,0.0,0.0,0.0,0.0,0.0,1.1627906976744187,1.1627906976744187,0.16611295681063123,0.0,1.3289036544850499,0.0,2.823920265780731,0.0,0.8305647840531563,0.0,0.0,0.0,0.16611295681063123,0.16611295681063123,0.0,0.0,0.0,0.0,0.0,0.0,0.0,0.0,0.0,0.0,0.0
todayilearned,0.0,0.0,0.0,0.0,0.0,0.0,0.0,0.0,0.0,0.0,0.0,0.0,0.0,4.918032786885246,0.0,0.0,0.0,0.0,0.0,0.0,0.0,0.0,0.0,0.0,0.0,0.0,0.0,0.0,0.0,0.0,0.0,0.0
politics,0.0,0.0,0.0,0.5813953488372093,0.0,0.0,0.0,1.1627906976744187,1.1627906976744187,0.0,0.0,5.232558139534884,0.0,4.069767441860465,0.0,0.0,0.0,0.0,0.0,0.0,0.0,0.0,0.0,0.0,0.0,0.0,0.0,0.0,0.0,0.0,0.0,0.0
politics,2.564102564102564,0.0,0.0,0.0,0.0,0.0,0.0,2.564102564102564,2.564102564102564,0.0,0.0,0.0,0.0,0.0,0.0,7.6923076923076925,0.0,0.0,0.0,0.0,2.564102564102564,0.0,0.0,0.0,0.0,0.0,0.0,0.0,0.0,0.0,0.0,0.0
politics,0.0,0.0,0.0,0.0,0.0,0.0,0.0,1.284796573875803,1.284796573875803,0.0,0.0,3.4261241970021414,0.0,3.4261241970021414,0.0,0.0,0.0,0.0,0.0,0.0,0.21413276231263384,0.0,0.0,0.0,0.0,0.0,0.0,0.0,0.0,0.0,0.0,0.0
funny,0.0,0.0,0.0,0.0,0.0,0.0,0.0,0.0,0.0,0.0,0.0,5.405405405405405,0.0,5.405405405405405,0.0,0.0,0.0,0.0,0.0,0.0,2.7027027027027026,0.0,0.0,0.0,0.0,0.0,0.0,0.0,0.0,0.0,0.0,0.0
funny,0.0,0.0,0.0,0.0,0.0,0.0,0.0,0.0,0.0,0.0,0.0,0.4166666666666667,0.0,3.3333333333333335,0.0,0.0,0.4166666666666667,0.0,0.0,0.0,0.4166666666666667,0.0,0.0,0.0,0.0,0.0,0.0,0.0,0.0,0.0,0.0,0.0
funny,0.0,0.0,0.0,0.0,0.0,0.0,0.0,0.8547008547008548,0.8547008547008548,0.0,0.0,5.128205128205128,0.0,3.418803418803419,0.0,0.0,0.0,0.0,0.0,0.0,0.0,0.0,0.0,0.0,0.0,0.0,0.0,0.0,0.0,0.0,0.0,0.0
funny,0.0,0.0,0.0,0.0,0.0,0.0,0.0,0.9345794392523363,0.9345794392523363,0.0,0.0,5.14018691588785,0.0,2.803738317757009,1.4018691588785046,0.0,0.0,0.0,0.0,0.0,0.9345794392523363,0.0,0.0,0.0,0.0,0.0,0.0,0.0,0.0,0.0,0.0,0.0
funny,0.0,0.0,0.0,0.0,0.11454753722794961,0.0,0.0,1.3745704467353952,1.3745704467353952,0.0,0.0,4.4673539518900345,0.6872852233676976,3.6655211912943875,0.0,0.22909507445589922,0.0,0.0,0.0,0.0,0.0,0.0,0.0,0.0,0.0,0.0,0.0,0.0,0.0,0.0,0.0,0.0
politics,0.0,0.0,0.0,0.0,0.0,0.0,0.0,1.2269938650306749,0.0,0.0,0.0,4.9079754601226995,0.0,3.6809815950920246,0.0,0.0,0.0,0.0,0.0,0.0,1.2269938650306749,0.0,1.2269938650306749,0.0,1.2269938650306749,0.0,0.0,0.0,0.0,0.0,0.0,0.0
funny,0.546448087431694,0.0,0.0,0.0,0.0,0.0,0.546448087431694,1.092896174863388,1.092896174863388,0.0,0.0,3.825136612021858,0.0,4.371584699453552,0.0,0.546448087431694,0.0,0.0,0.0,0.0,1.639344262295082,0.0,0.0,0.0,0.0,0.0,0.0,0.0,0.0,0.0,0.0,0.0
funny,0.0,0.0,0.0,0.0,0.0,0.0,0.0,2.857142857142857,2.857142857142857,0.0,0.0,2.857142857142857,0.0,11.428571428571429,0.0,0.0,0.0,0.0,0.0,0.0,0.0,0.0,0.0,0.0,0.0,0.0,0.0,0.0,0.0,0.0,0.0,0.0
funny,0.0,0.0,0.0,0.0,0.0,0.0,0.0,0.0,0.0,0.0,0.0,3.5211267605633805,1.4084507042253522,5.633802816901409,0.0,0.0,0.0,0.0,0.0,0.0,0.0,0.0,0.0,0.0,0.0,0.0,0.0,0.0,0.0,0.0,0.0,0.0
pics,0.0,0.0,0.0,0.0,0.0,0.0,0.0,1.2345679012345678,1.2345679012345678,0.0,0.0,3.7037037037037033,0.0,3.0864197530864197,0.0,0.0,0.0,0.0,0.0,0.0,0.0,0.0,0.0,0.0,0.0,0.0,0.0,0.0,0.0,0.0,0.0,0.0
pics,0.0,0.0,0.0,0.0,0.0,0.0,0.0,1.3333333333333335,1.3333333333333335,0.0,0.0,0.4444444444444444,0.0,5.333333333333334,0.0,0.4444444444444444,0.0,0.0,0.0,0.0,0.4444444444444444,0.0,0.0,0.0,0.0,0.0,0.0,0.0,0.0,0.0,0.0,0.0
pics,0.0,0.0,0.0,0.0,0.0,0.0,0.0,0.0,0.0,0.0,0.0,7.575757575757576,0.0,3.787878787878788,0.0,0.0,0.0,0.0,0.0,0.0,0.0,0.0,0.0,0.0,0.0,0.0,0.0,0.0,0.0,0.0,0.0,0.0
pics,0.0,0.0,0.0,0.0,0.0,0.0,0.0,0.6451612903225806,0.6451612903225806,0.0,0.0,3.870967741935484,0.0,5.161290322580645,0.0,0.0,0.0,0.0,0.0,0.0,0.0,0.0,0.0,0.0,0.0,0.0,0.0,0.0,0.0,0.0,0.0,0.0
gaming,0.0,0.0,0.0,0.0,0.0,0.0,0.0,0.5747126436781609,0.5747126436781609,0.0,0.0,4.597701149425287,0.0,4.022988505747127,0.0,0.0,0.0,0.0,0.0,0.0,0.0,0.0,0.0,0.0,0.0,0.0,0.0,0.0,0.0,0.0,0.0,0.0
gaming,0.0,0.0,0.0,0.0,0.0,0.0,0.0,0.7782101167315175,0.7782101167315175,0.0,0.0,8.560311284046692,0.0,4.280155642023346,0.0,0.0,0.0,0.0,0.0,0.0,0.0,0.0,0.0,0.0,0.0,0.0,0.0,0.0,0.0,0.0,0.0,0.0
politics,0.0,0.0,0.0,1.342281879194631,0.0,0.0,0.0,0.0,0.0,0.0,0.0,1.342281879194631,0.6711409395973155,4.697986577181208,0.0,0.0,0.0,0.0,0.0,0.0,0.0,0.0,0.0,0.0,0.0,0.0,0.0,0.0,0.0,0.0,0.0,0.0
politics,0.0,0.0,0.0,0.0,0.0,0.0,0.0,0.9174311926605505,0.9174311926605505,0.0,0.0,5.5045871559633035,0.0,7.339449541284404,0.0,0.9174311926605505,0.0,0.0,0.0,0.0,0.0,0.0,0.0,0.0,0.0,0.0,0.0,0.0,0.0,0.0,0.0,0.0
politics,0.0,0.0,0.0,0.0,0.5882352941176471,0.0,0.0,1.1764705882352942,0.5882352941176471,0.0,0.0,3.5294117647058822,0.0,6.470588235294119,0.0,0.0,0.0,0.0,0.0,0.0,4.705882352941177,0.0,0.5882352941176471,0.0,0.5882352941176471,0.0,0.0,0.0,0.0,0.0,0.0,0.0
politics,0.0,0.0,0.0,0.0,0.0,0.0,0.0,0.0,0.0,0.0,0.0,1.5625,0.0,4.6875,0.0,0.0,0.0,0.0,0.0,0.0,0.0,0.0,0.0,0.0,0.0,0.0,0.0,0.0,0.0,0.0,0.0,0.0
politics,0.0,0.0,0.0,0.0,0.0,0.0,0.0,0.0,0.0,0.0,0.0,6.9306930693069315,0.0,6.9306930693069315,0.0,0.0,0.0,0.0,0.0,0.0,0.0,0.0,0.0,0.0,0.0,0.0,0.0,0.0,0.0,0.0,0.0,0.0
politics,0.0,0.0,0.0,0.0,0.0,0.0,0.0,1.25,1.25,0.0,0.0,1.25,0.0,3.75,0.0,0.0,1.25,0.0,0.0,0.0,0.0,0.0,0.0,0.0,0.0,0.0,0.0,0.0,0.0,0.0,0.0,0.0
explainlikeimfive,0.0,0.0,0.0,1.639344262295082,0.0,0.0,0.0,1.639344262295082,0.0,0.0,0.0,4.918032786885246,0.0,4.918032786885246,0.0,0.0,0.0,0.0,0.0,0.0,0.0,0.0,1.639344262295082,0.0,1.639344262295082,0.0,0.0,0.0,0.0,0.0,0.0,0.0
todayilearned,0.0,0.0,0.0,0.0,0.0,0.0,0.0,1.6194331983805668,1.6194331983805668,0.0,0.0,3.643724696356275,0.0,5.263157894736842,0.0,0.0,0.0,0.0,0.0,0.0,0.0,0.0,0.0,0.0,0.0,0.0,0.0,0.0,0.0,0.0,0.0,0.0
atheism,0.0,0.0,0.0,0.0,0.0,0.0,0.0,1.1299435028248588,1.1299435028248588,0.5649717514124294,0.0,5.649717514124294,0.0,7.344632768361582,0.0,0.0,0.0,0.0,0.0,0.0,0.0,0.0,0.0,0.0,0.0,0.0,0.0,0.0,0.0,0.0,0.0,0.0
pics,0.0,0.0,0.0,0.0,0.0,0.0,0.0,1.1428571428571428,1.1428571428571428,0.0,0.0,0.0,0.0,4.571428571428571,0.0,0.0,0.0,0.0,0.5714285714285714,0.0,0.0,0.0,0.0,0.0,0.0,0.0,0.0,0.0,0.0,0.0,0.0,0.0
pics,0.0,0.0,0.0,0.0,0.0,0.0,0.0,0.0,0.0,0.0,0.0,3.592814371257485,0.0,2.3952095808383236,0.0,0.0,0.0,0.0,0.0,0.0,0.5988023952095809,0.0,0.0,0.0,0.0,0.0,0.0,0.0,0.0,0.0,0.0,0.0
atheism,0.0,0.0,0.0,0.0,0.0,0.0,0.0,0.2628120893561104,0.2628120893561104,0.0,0.0,2.2339027595269383,0.0,7.490144546649145,0.0,0.0,0.0,0.0,0.0,0.0,0.1314060446780552,0.0,0.0,0.0,0.0,0.0,0.0,0.0,0.0,0.0,0.0,0.0
explainlikeimfive,0.0,0.0,0.0,0.5235602094240838,0.0,0.0,0.0,1.5706806282722512,1.5706806282722512,0.0,0.0,4.18848167539267,0.0,4.18848167539267,0.0,0.0,1.0471204188481675,0.0,0.0,0.0,0.0,0.0,0.0,0.0,0.0,0.0,0.0,0.0,0.0,0.0,0.0,0.0
funny,0.0,0.0,0.0,0.0,0.0,0.0,0.0,0.0,1.702127659574468,0.0,0.0,4.25531914893617,0.0,4.680851063829787,0.0,0.0,0.0,0.0,0.0,0.0,0.851063829787234,0.0,0.0,0.0,0.0,0.0,0.0,0.0,0.0,0.0,0.0,0.0
funny,0.9615384615384616,0.0,0.0,0.0,0.0,0.0,0.0,0.4807692307692308,0.4807692307692308,0.0,0.0,4.807692307692308,0.0,3.8461538461538463,0.0,0.0,0.4807692307692308,0.0,0.0,0.0,0.4807692307692308,0.0,0.0,0.0,0.0,0.0,0.0,0.0,0.0,0.0,0.0,0.0
funny,0.0,0.0,0.0,0.0,0.0,0.0,0.0,0.0,0.0,0.0,0.0,4.335260115606936,0.0,8.092485549132949,0.0,3.7572254335260116,0.0,0.0,0.0,0.0,0.2890173410404624,0.0,0.0,0.0,0.0,0.0,0.0,0.0,0.0,0.0,0.0,0.0
pics,0.0,0.0,0.0,0.0,0.0,0.0,0.0,0.0,0.0,0.0,0.0,5.208333333333334,0.0,6.25,0.0,1.0416666666666665,0.0,0.0,0.0,0.0,0.0,0.0,0.0,0.0,0.0,0.0,0.0,0.0,0.0,0.0,0.0,0.0
gaming,0.0,0.0,0.0,0.0,0.0,0.0,0.0,0.0,0.0,0.0,0.0,7.2727272727272725,0.0,5.454545454545454,0.0,0.0,0.0,0.0,0.0,0.0,0.0,0.0,0.0,0.0,0.0,0.0,0.0,0.0,0.0,0.0,0.0,0.0
pics,0.0,0.0,0.0,0.0,0.0,0.0,0.0,0.0,0.0,0.0,0.0,1.1627906976744187,0.0,6.976744186046512,0.0,0.0,1.1627906976744187,0.0,0.0,0.0,0.0,0.0,0.0,0.0,0.0,0.0,0.0,0.0,0.0,0.0,0.0,0.0
gaming,0.0,0.0,0.0,0.0,0.0,0.0,0.0,0.847457627118644,0.0,0.0,0.0,4.23728813559322,0.0,5.084745762711865,0.0,0.847457627118644,0.0,0.0,0.0,0.0,0.0,0.0,0.0,0.0,0.0,0.0,0.0,0.0,0.0,0.0,0.0,0.0
politics,0.0,0.0,0.0,0.0,0.0,0.0,0.0,0.0,0.0,0.0,0.0,2.5423728813559325,0.0,4.23728813559322,0.0,0.0,0.0,0.0,0.0,0.0,0.0,0.0,0.0,0.0,0.0,0.0,0.0,0.0,0.0,0.0,0.0,0.0
politics,0.0,0.0,0.0,0.0,0.0,0.0,0.0,0.0,0.0,0.0,0.0,3.968253968253968,0.0,5.555555555555555,0.0,0.0,0.0,0.0,0.0,0.0,0.0,0.0,0.0,0.0,0.0,0.0,0.0,0.0,0.0,0.0,0.0,0.0
politics,0.0,0.0,0.0,0.0,0.0,0.0,0.0,1.3245033112582782,1.3245033112582782,0.0,0.0,1.9867549668874174,1.9867549668874174,3.9735099337748347,0.0,0.0,0.0,0.0,0.0,0.0,0.0,0.0,0.0,0.0,0.0,0.0,0.0,0.0,0.0,0.0,0.0,0.0
funny,0.0,0.0,0.0,0.0,0.0,0.0,0.0,0.43103448275862066,0.43103448275862066,0.0,0.0,3.0172413793103448,0.0,6.0344827586206895,0.0,0.43103448275862066,0.0,0.0,0.0,0.0,0.0,0.0,0.0,0.0,0.0,0.0,0.0,0.0,0.0,0.0,0.0,0.0
explainlikeimfive,0.0,0.0,0.0,2.272727272727273,0.0,0.0,0.0,0.0,0.0,0.0,0.0,10.227272727272728,0.0,5.681818181818182,0.0,0.0,0.0,0.0,0.0,0.0,0.0,0.0,0.0,0.0,0.0,0.0,0.0,0.0,0.0,0.0,0.0,0.0
explainlikeimfive,0.0,0.0,0.0,2.1505376344086025,0.0,0.0,0.0,0.0,0.0,0.0,0.0,2.1505376344086025,0.0,4.301075268817205,0.0,0.0,0.0,0.0,0.0,0.0,0.0,0.0,0.0,0.0,0.0,0.0,0.0,0.0,0.0,0.0,0.0,0.0
explainlikeimfive,0.0,0.0,0.0,0.0,0.0,0.0,0.0,0.0,0.0,0.0,0.0,2.2222222222222223,0.0,6.666666666666667,0.0,0.0,0.0,0.0,0.0,0.0,0.0,0.0,0.0,0.0,0.0,0.0,0.0,0.0,0.0,0.0,0.0,0.0
gaming,0.0,0.0,0.0,0.0,0.0,0.0,0.0,0.0,0.0,0.0,0.0,7.6923076923076925,0.0,6.41025641025641,0.0,0.0,0.0,0.0,0.0,0.0,0.0,0.0,0.0,0.0,0.0,0.0,0.0,0.0,0.0,0.0,0.0,0.0
gaming,0.0,0.0,0.0,0.0,0.0,0.0,0.0,1.1235955056179776,1.1235955056179776,0.0,0.0,4.49438202247191,0.0,2.247191011235955,0.0,0.0,0.0,0.0,0.0,0.0,0.0,0.0,0.0,0.0,0.0,0.0,0.0,0.0,0.0,0.0,0.0,0.0
gaming,0.0,0.0,0.0,0.0,0.5555555555555556,0.0,0.0,1.6666666666666667,1.6666666666666667,0.0,0.0,6.666666666666667,0.0,4.444444444444445,0.0,0.0,0.0,0.0,0.0,0.5555555555555556,0.5555555555555556,0.0,0.0,0.0,0.0,0.0,0.0,0.0,0.0,0.0,0.0,0.0
gaming,0.0,0.0,0.11198208286674133,0.11198208286674133,0.0,0.0,0.0,1.3437849944008957,1.9036954087346025,0.0,0.11198208286674133,4.031354983202688,0.0,2.9115341545352744,0.0,0.33594624860022393,0.0,0.0,0.0,0.0,0.11198208286674133,0.0,0.0,0.0,0.0,0.0,0.0,0.0,0.0,0.0,0.0,0.0
gaming,0.0,0.0,0.0,0.0,0.0,0.0,0.0,0.0,0.0,0.0,0.0,7.161803713527852,0.0,5.305039787798409,0.0,0.0,0.0,0.0,0.0,0.0,0.7957559681697612,0.0,0.0,0.0,0.0,0.0,0.0,0.0,0.0,0.0,0.0,0.0
atheism,0.0,0.0,0.0,0.0,0.0,0.0,0.0,0.0,0.0,0.0,0.0,2.898550724637681,0.0,5.797101449275362,0.0,0.0,0.0,0.0,0.0,0.0,0.0,0.0,0.0,0.0,0.0,0.0,0.0,0.0,0.0,0.0,0.0,0.0
atheism,0.0,0.0,0.0,0.0,0.0,0.0,0.0,0.0,0.0,0.0,0.0,1.9047619047619049,0.0,1.9047619047619049,0.0,0.0,0.0,0.0,0.0,0.0,3.8095238095238098,0.0,0.0,0.0,0.0,0.0,0.0,0.0,0.0,0.0,0.0,0.0
todayilearned,0.0,0.0,0.0,0.0,0.0,0.0,1.5625,1.5625,1.5625,0.0,0.0,0.0,0.0,3.125,0.0,0.0,0.0,0.0,0.0,0.0,0.0,0.0,0.0,0.0,0.0,0.0,0.0,0.0,0.0,0.0,0.0,0.0
politics,0.0,0.0,0.0,0.0,0.43103448275862066,0.0,0.0,0.0,0.0,0.0,0.0,7.758620689655173,0.0,3.8793103448275863,0.0,0.0,0.0,0.0,0.0,0.0,0.0,0.0,0.0,0.0,0.0,0.0,0.0,0.0,0.0,0.0,0.0,0.0
explainlikeimfive,0.0,0.0,0.0,0.0,0.0,0.0,0.0,1.098901098901099,1.098901098901099,0.0,0.0,5.4945054945054945,0.0,3.296703296703297,0.5494505494505495,0.5494505494505495,0.0,0.0,0.0,0.0,1.098901098901099,0.0,0.0,0.0,0.0,0.0,0.0,0.0,0.0,0.0,0.0,0.0
pics,0.0,0.0,0.0,0.0,0.0,0.0,0.0,0.0,0.0,0.0,0.0,0.0,0.0,4.0,0.0,0.0,0.0,0.0,0.0,0.0,0.0,0.0,0.0,0.0,0.0,0.0,0.0,0.0,0.0,0.0,0.0,0.0
pics,0.0,0.0,0.0,0.0,0.0,0.0,0.0,0.49504950495049505,0.49504950495049505,0.0,0.0,1.4851485148514851,0.0,4.455445544554455,0.0,0.0,0.0,0.0,0.0,0.0,2.4752475247524752,0.0,0.0,0.0,0.0,0.0,0.0,0.0,0.0,0.0,0.0,0.0
pics,0.0,0.0,0.0,0.0,0.0,0.0,0.0,0.9090909090909091,0.9090909090909091,0.0,0.0,6.363636363636363,0.0,7.2727272727272725,0.0,0.9090909090909091,0.0,0.0,0.0,0.0,0.0,0.0,0.0,0.0,0.0,0.0,0.0,0.0,0.0,0.0,0.0,0.0
pics,0.0,0.0,0.0,0.0,0.0,0.0,0.0,0.0,0.0,0.0,0.0,5.042016806722689,0.0,5.042016806722689,0.0,0.0,0.0,0.0,0.0,0.0,0.0,0.0,0.0,0.0,0.0,0.0,0.0,0.0,0.0,0.0,0.0,0.0
pics,0.0,0.0,0.0,0.0,0.0,0.0,0.0,0.0,0.0,0.0,0.0,9.523809523809524,0.0,7.142857142857142,0.0,0.0,0.0,0.0,0.0,0.0,0.0,0.0,0.0,0.0,0.0,0.0,0.0,0.0,0.0,0.0,0.0,0.0
pics,0.0,0.0,0.0,0.0,0.0,0.0,0.8695652173913043,0.0,0.0,0.0,0.0,0.8695652173913043,0.0,5.217391304347826,0.0,0.0,0.0,0.0,0.0,0.0,4.3478260869565215,0.0,0.0,0.0,0.0,0.0,0.0,0.0,0.0,0.0,0.0,0.0
pics,0.0,0.0,0.0,0.0,0.0,0.0,0.0,0.0,0.0,0.0,0.0,4.23728813559322,0.847457627118644,7.627118644067797,0.0,0.0,0.0,0.0,0.0,0.0,0.0,0.0,0.0,0.0,0.0,0.0,0.0,0.0,0.0,0.0,0.0,0.0
pics,0.0,0.0,0.0,0.0,0.0,0.0,0.0,0.0,0.0,0.0,0.0,1.2345679012345678,0.0,4.938271604938271,0.0,0.0,1.2345679012345678,0.0,0.0,0.0,0.0,0.0,0.0,0.0,0.0,0.0,0.0,0.0,0.0,0.0,0.0,0.0
pics,0.0,0.0,0.0,0.0,0.0,0.0,0.0,0.5145797598627788,0.5145797598627788,0.0,0.0,4.1166380789022305,0.0,5.317324185248713,0.0,0.17152658662092624,0.17152658662092624,0.0,0.0,0.0,0.17152658662092624,0.0,0.0,0.0,0.0,0.0,0.0,0.0,0.0,0.0,0.0,0.0
atheism,0.0,0.0,0.0,0.0,0.0,0.0,0.0,1.8181818181818181,1.8181818181818181,0.0,0.0,5.454545454545454,0.0,5.454545454545454,0.0,0.0,0.0,0.0,0.0,0.0,0.0,0.0,0.0,0.0,0.0,0.0,0.0,0.0,0.0,0.0,0.0,0.0
pics,0.0,0.0,0.0,0.0,0.0,0.0,0.0,0.0,0.0,0.0,0.0,3.75,0.0,6.25,0.0,0.0,0.0,0.0,0.0,0.0,0.0,0.0,0.0,0.0,0.0,0.0,0.0,0.0,0.0,0.0,0.0,0.0
pics,0.0,0.0,0.0,0.0,0.0,0.0,0.0,0.0,0.0,0.0,0.0,0.0,0.0,5.88235294117647,0.0,1.4705882352941175,0.0,0.0,0.0,0.0,2.941176470588235,0.0,0.0,0.0,0.0,0.0,0.0,0.0,0.0,0.0,0.0,0.0
explainlikeimfive,0.0,0.0,0.0,0.0,0.0,0.0,0.0,0.6097560975609756,0.6097560975609756,0.0,0.0,8.536585365853659,0.0,5.487804878048781,0.0,0.0,0.0,0.0,0.0,0.0,0.0,0.0,0.0,0.0,0.0,0.0,0.0,0.0,0.0,0.0,0.0,0.0
pics,0.0,0.0,0.0,0.0,0.0,0.0,0.0,0.0,0.0,0.0,0.0,18.181818181818183,0.0,18.181818181818183,0.0,0.0,0.0,0.0,0.0,0.0,9.090909090909092,0.0,0.0,0.0,0.0,0.0,0.0,0.0,0.0,0.0,0.0,0.0
todayilearned,0.0,0.0,0.0,0.0,0.0,0.0,0.0,0.0,0.0,0.0,0.0,2.7777777777777777,0.0,11.11111111111111,0.0,0.0,0.0,0.0,0.0,0.0,0.0,0.0,0.0,0.0,0.0,0.0,0.0,0.0,0.0,0.0,0.0,0.0
politics,0.0,0.0,0.0,0.0,0.0,0.0,0.0,0.49019607843137253,0.49019607843137253,0.0,0.0,3.9215686274509802,0.0,5.392156862745098,0.0,0.0,0.0,0.0,0.0,0.0,0.0,0.0,0.0,0.0,0.0,0.0,0.0,0.0,0.0,0.0,0.0,0.0
politics,0.0,0.0,0.0,0.0,0.0,0.0,0.0,1.5444015444015444,1.5444015444015444,0.0,0.0,5.019305019305019,0.7722007722007722,3.088803088803089,0.0,0.0,0.0,0.0,0.0,0.0,0.0,0.0,0.0,0.0,0.0,0.0,0.0,0.0,0.0,0.0,0.0,0.0
explainlikeimfive,0.0,0.0,0.0,0.0,0.0,0.0,0.0,0.49504950495049505,0.49504950495049505,0.0,0.0,5.9405940594059405,1.9801980198019802,4.455445544554455,0.0,0.0,0.0,0.0,0.0,0.0,0.0,0.0,0.0,0.0,0.0,0.0,0.0,0.0,0.0,0.0,0.0,0.0
funny,0.0,0.0,0.0,0.0,0.0,0.0,0.0,0.0,0.0,0.0,0.0,1.9230769230769231,0.0,11.538461538461538,0.0,0.0,0.0,0.0,0.0,0.0,0.0,0.0,0.0,0.0,0.0,0.0,0.0,0.0,0.0,0.0,0.0,0.0
gaming,0.0,0.0,0.0,0.0,0.0,0.0,0.0,0.847457627118644,0.847457627118644,0.0,0.0,1.694915254237288,0.0,5.084745762711865,0.0,0.0,0.847457627118644,0.0,0.0,0.0,0.0,0.0,0.0,0.0,0.0,0.0,0.0,0.0,0.0,0.0,0.0,0.0
funny,0.0,0.0,0.0,0.0,0.0,0.0,0.0,0.9174311926605505,0.9174311926605505,0.0,0.0,1.834862385321101,0.0,3.669724770642202,0.0,0.0,0.0,0.0,0.0,0.0,0.9174311926605505,0.0,0.0,0.0,0.0,0.0,0.0,0.0,0.0,0.0,0.0,0.0
explainlikeimfive,0.0,0.0,0.0,0.0,0.0,0.0,0.0,0.5405405405405406,1.6216216216216217,0.0,0.0,3.783783783783784,1.0810810810810811,7.567567567567568,0.0,0.5405405405405406,0.0,0.0,0.0,0.0,0.0,0.0,0.0,0.0,0.0,0.0,0.0,0.0,0.0,0.0,0.0,0.0
funny,2.0408163265306123,0.0,0.0,0.0,0.0,0.0,0.0,0.0,0.0,0.0,0.0,4.081632653061225,0.0,4.761904761904762,0.0,0.0,0.0,0.0,0.0,0.0,1.3605442176870748,0.0,0.0,0.0,0.0,0.0,0.0,0.0,0.0,0.0,0.0,0.0
explainlikeimfive,0.0,0.0,0.0,0.0,0.0,0.0,0.0,1.5625,1.5625,0.0,0.0,6.25,0.0,7.8125,0.0,0.0,0.0,0.0,0.0,0.0,0.0,0.0,0.0,0.0,0.0,0.0,0.0,0.0,0.0,0.0,0.0,0.0
funny,0.0,0.0,0.0,0.0,0.0,0.0,0.0,0.819672131147541,0.0,0.0,0.0,4.918032786885246,0.0,5.737704918032787,0.0,0.819672131147541,0.0,0.0,0.0,0.0,0.0,0.0,0.819672131147541,0.0,0.819672131147541,0.0,0.0,0.0,0.0,0.0,0.0,0.0
explainlikeimfive,0.0,0.0,0.0,0.30959752321981426,0.0,0.0,0.6191950464396285,1.238390092879257,1.238390092879257,0.0,0.0,3.7151702786377707,0.6191950464396285,3.7151702786377707,0.0,0.30959752321981426,0.6191950464396285,0.0,0.0,0.0,0.30959752321981426,0.0,0.0,0.0,0.0,0.0,0.0,0.0,0.0,0.0,0.0,0.0
todayilearned,0.0,0.0,0.0,0.0,0.0,0.0,0.0,0.0,0.0,0.0,0.0,1.5625,0.0,6.25,0.0,0.78125,0.0,0.0,0.0,0.0,0.78125,0.0,0.0,0.0,0.0,0.0,0.0,0.0,0.0,0.0,0.0,0.0
funny,0.0,0.0,0.0,0.0,0.0,0.0,0.0,0.0,0.0,0.0,0.0,1.8796992481203008,0.0,6.390977443609022,0.0,0.0,0.0,0.0,0.0,0.0,0.0,0.0,0.0,0.0,0.0,0.0,0.0,0.0,0.0,0.0,0.0,0.0
pics,0.0,0.0,0.0,0.0,0.0,0.0,0.0,0.0,0.0,0.0,0.0,4.245283018867925,0.0,5.660377358490567,0.0,0.0,0.4716981132075472,0.0,0.0,0.0,0.0,0.0,0.0,0.0,0.0,0.0,0.0,0.0,0.0,0.0,0.0,0.0
explainlikeimfive,0.0,0.0,0.0,0.0,0.0,0.0,0.0,0.0,0.0,0.0,0.0,6.6115702479338845,0.0,4.958677685950414,0.0,0.0,0.0,0.0,0.0,0.0,0.0,0.0,0.0,0.0,0.0,0.0,0.0,0.0,0.0,0.0,0.0,0.0
funny,0.0,0.0,0.0,0.0,0.0,0.0,0.0,0.0,0.0,0.0,0.0,3.8461538461538463,0.0,3.8461538461538463,0.0,0.0,0.0,0.0,0.0,0.0,0.9615384615384616,0.0,0.0,0.0,0.0,0.0,0.0,0.0,0.0,0.0,0.0,0.0
funny,0.0,0.0,0.0,0.0,0.0,0.0,0.0,1.0752688172043012,1.0752688172043012,0.0,0.0,1.0752688172043012,0.0,2.1505376344086025,0.0,0.0,0.0,0.0,0.0,0.0,0.0,0.0,0.0,0.0,0.0,0.0,0.0,0.0,0.0,0.0,0.0,0.0
explainlikeimfive,0.0,0.0,0.0,0.0,0.6172839506172839,0.0,0.30864197530864196,2.1604938271604937,2.1604938271604937,0.0,0.0,4.938271604938271,0.0,2.7777777777777777,0.0,0.0,0.0,0.0,0.0,0.0,0.0,0.0,0.0,0.0,0.0,0.0,0.0,0.0,0.0,0.0,0.0,0.0
explainlikeimfive,0.0,0.0,0.0,0.0,0.0,0.0,0.0,1.0416666666666665,1.0416666666666665,0.0,0.0,4.166666666666666,0.0,4.6875,0.0,0.0,0.0,0.0,0.0,0.0,0.0,0.0,0.0,0.0,0.0,0.0,0.0,0.0,0.0,0.0,0.0,0.0
funny,0.0,0.0,0.0,0.0,0.0,0.0,0.0,0.4444444444444444,0.4444444444444444,0.0,0.0,5.777777777777778,0.8888888888888888,2.666666666666667,0.0,0.0,0.0,0.0,0.0,0.0,0.4444444444444444,0.0,0.0,0.0,0.0,0.0,0.0,0.0,0.0,0.0,0.0,0.0
gaming,0.0,0.0,0.0,0.0,0.0,0.0,0.0,0.0,0.0,0.0,0.0,0.7874015748031495,0.0,6.299212598425196,0.0,0.0,0.0,0.0,0.0,0.0,0.0,0.0,0.0,0.0,0.0,0.0,0.0,0.0,0.0,0.0,0.0,0.0
funny,0.0,0.0,0.0,0.0,0.0,0.0,0.0,0.0,0.0,0.0,0.0,0.0,0.0,8.49056603773585,0.0,0.0,0.0,0.0,0.0,0.0,0.0,0.0,0.0,0.0,0.0,0.0,0.0,0.0,0.0,0.0,0.0,0.0
funny,6.024096385542169,0.0,0.0,0.0,0.0,0.0,0.0,0.0,0.0,0.0,0.0,0.0,0.0,3.614457831325301,0.0,1.2048192771084338,0.0,0.0,0.0,0.0,0.0,0.0,0.0,0.0,0.0,0.0,0.0,0.0,0.0,0.0,0.0,0.0
explainlikeimfive,0.0,0.0,0.0,0.0,0.0,0.0,0.0,0.36101083032490977,0.36101083032490977,0.0,0.0,7.2202166064981945,0.0,4.693140794223827,0.0,0.7220216606498195,0.0,0.0,0.0,0.0,0.0,0.0,0.0,0.0,0.0,0.0,0.0,0.0,0.0,0.0,0.0,0.0
explainlikeimfive,0.19646365422396855,0.0,0.0,0.0,0.0,0.0,0.3929273084479371,1.768172888015717,1.768172888015717,0.0,0.0,3.536345776031434,0.5893909626719057,6.286836935166994,0.0,0.19646365422396855,0.0,0.0,0.0,0.0,0.5893909626719057,0.0,0.3929273084479371,0.0,0.3929273084479371,0.0,0.0,0.0,0.0,0.0,0.0,0.0
explainlikeimfive,0.0,0.0,0.0,0.0,0.0,0.0,0.43478260869565216,0.43478260869565216,0.43478260869565216,0.0,0.0,4.3478260869565215,0.0,3.4782608695652173,0.0,0.0,0.0,0.0,0.0,0.0,0.0,0.0,0.0,0.0,0.0,0.0,0.0,0.0,0.0,0.0,0.0,0.0
pics,2.7027027027027026,0.0,0.0,0.0,0.0,0.0,0.0,8.108108108108109,0.0,0.0,0.0,2.7027027027027026,10.81081081081081,2.7027027027027026,0.0,5.405405405405405,0.0,0.0,0.0,0.0,0.0,0.0,5.405405405405405,0.0,8.108108108108109,0.0,0.0,0.0,0.0,0.0,0.0,0.0
explainlikeimfive,0.0,0.0,0.0,0.0,0.0,0.0,0.0,0.7490636704119851,0.37453183520599254,0.0,0.0,8.98876404494382,0.0,3.3707865168539324,0.0,0.37453183520599254,0.0,0.0,0.0,0.0,0.0,0.37453183520599254,0.37453183520599254,0.0,0.37453183520599254,0.0,0.0,0.0,0.0,0.0,0.0,0.0
politics,0.0,0.0,0.0,0.0,0.0,0.0,0.0,1.2048192771084338,1.2048192771084338,0.0,0.0,6.626506024096386,0.0,3.614457831325301,0.0,0.0,0.0,0.0,0.0,0.0,0.0,0.0,0.0,0.0,0.0,0.0,0.0,0.0,0.0,0.0,0.0,0.0
politics,0.0,0.0,0.0,0.0,0.0,0.0,0.0,4.166666666666666,4.166666666666666,0.0,0.0,2.083333333333333,0.0,6.25,0.0,0.0,0.0,0.0,0.0,0.0,0.0,0.0,0.0,0.0,0.0,0.0,0.0,0.0,0.0,0.0,0.0,0.0
politics,0.0,0.0,0.0,0.0,0.0,0.0,0.0,0.0,0.0,0.0,0.0,3.4482758620689653,0.0,6.896551724137931,0.0,0.0,0.0,0.0,0.0,0.0,0.0,0.0,0.0,0.0,0.0,0.0,0.0,0.0,0.0,0.0,0.0,0.0
politics,50.0,0.0,0.0,0.0,0.0,0.0,0.0,0.0,0.0,0.0,0.0,0.0,0.0,0.0,0.0,0.0,0.0,0.0,0.0,0.0,0.0,0.0,50.0,0.0,0.0,0.0,0.0,0.0,0.0,0.0,0.0,0.0
explainlikeimfive,0.0,0.0,0.0,0.0,0.0,0.0,0.5,1.0,1.0,0.0,0.0,6.5,0.0,5.0,0.5,0.0,0.0,0.0,0.0,0.0,0.0,0.0,0.0,0.0,0.0,0.0,0.0,0.0,0.0,0.0,0.0,0.0
todayilearned,0.0,0.0,0.0,0.0,0.0,0.0,0.0,0.5847953216374269,0.5847953216374269,0.0,0.0,3.508771929824561,0.0,4.093567251461988,0.0,0.0,0.0,0.0,0.0,0.0,0.0,0.0,0.0,0.0,0.0,0.0,0.0,0.0,0.0,0.0,0.0,0.0
todayilearned,0.0,0.0,0.0,0.0,0.0,0.0,0.0,0.0,0.0,0.0,0.0,1.694915254237288,0.0,6.779661016949152,0.0,0.0,0.0,0.0,0.0,0.0,0.0,0.0,0.0,0.0,0.0,0.0,0.0,0.0,0.0,0.0,0.0,0.0
funny,0.0,0.0,0.0,0.0,0.0,0.0,0.0,0.0,0.0,0.0,0.0,1.639344262295082,0.0,4.918032786885246,0.0,0.0,0.0,0.0,0.0,0.0,0.0,0.0,0.0,0.0,0.0,0.0,0.0,0.0,0.0,0.0,0.0,0.0
todayilearned,0.0,0.0,0.0,0.0,0.0,0.0,0.9900990099009901,0.33003300330033003,0.33003300330033003,0.0,0.0,7.2607260726072615,0.0,2.6402640264026402,0.0,0.0,0.33003300330033003,0.0,0.0,0.0,0.0,0.0,0.33003300330033003,0.0,0.33003300330033003,0.0,0.0,0.0,0.0,0.0,0.0,0.0
funny,0.0,0.0,0.0,0.6756756756756757,0.0,0.0,0.0,0.0,0.0,0.0,0.0,4.054054054054054,0.0,6.081081081081082,0.0,0.6756756756756757,0.0,0.0,0.0,0.0,0.0,0.0,0.0,0.0,0.0,0.0,0.0,0.0,0.0,0.0,0.0,0.0
explainlikeimfive,0.0,0.0,0.0,0.0,0.0,0.0,0.0,2.0618556701030926,2.0618556701030926,0.0,0.0,7.731958762886598,0.0,4.639175257731959,0.0,0.0,0.0,0.0,0.0,0.0,0.0,0.0,0.0,0.0,0.0,0.0,0.0,0.0,0.0,0.0,0.0,0.0
todayilearned,0.0,0.0,0.0,0.0,0.0,0.0,2.272727272727273,0.0,0.0,0.0,0.0,2.272727272727273,0.0,9.090909090909092,0.0,2.272727272727273,0.0,0.0,0.0,0.0,0.0,0.0,0.0,0.0,0.0,0.0,0.0,0.0,0.0,0.0,0.0,0.0
politics,0.0,0.0,0.0,0.0,0.0,0.0,0.0,0.0,0.0,0.0,0.0,4.477611940298507,1.4925373134328357,4.477611940298507,0.0,0.0,0.0,0.0,0.0,0.0,0.0,0.0,0.0,0.0,0.0,0.0,0.0,0.0,0.0,0.0,0.0,0.0
gaming,0.0,0.0,0.0,0.0,0.0,0.0,0.0,0.0,0.0,0.0,0.0,6.521739130434782,0.0,6.211180124223603,0.0,0.9316770186335404,0.0,0.0,0.0,0.0,0.0,0.0,0.0,0.0,0.0,0.0,0.0,0.0,0.0,0.0,0.0,0.0
funny,0.5780346820809248,0.0,0.0,0.0,0.0,0.0,0.0,1.7341040462427744,1.7341040462427744,0.0,0.0,2.8901734104046244,0.0,3.4682080924855487,0.0,0.0,0.0,0.0,0.0,0.0,1.1560693641618496,0.0,0.0,0.0,0.0,0.0,0.0,0.0,0.0,0.0,0.0,0.0
todayilearned,0.0,0.0,0.0,0.0,0.0,0.0,0.0,0.34843205574912894,0.34843205574912894,0.0,0.0,4.529616724738676,0.0,2.4390243902439024,0.0,0.0,0.0,0.0,0.0,0.0,0.0,0.0,0.0,0.0,0.0,0.0,0.0,0.0,0.0,0.0,0.0,0.0
todayilearned,0.20366598778004072,0.0,0.0,0.0,0.8146639511201629,0.0,0.10183299389002036,0.6109979633401221,0.7128309572301426,0.0,0.0,6.720977596741344,0.0,4.786150712830957,0.0,0.9164969450101833,0.10183299389002036,0.0,0.0,0.0,0.10183299389002036,0.0,0.0,0.0,0.0,0.0,0.0,0.0,0.0,0.0,0.0,0.0
explainlikeimfive,0.0,0.0,0.0,0.0,0.0,0.0,0.0,1.4814814814814816,1.4814814814814816,0.0,0.0,4.444444444444445,0.0,5.185185185185185,0.0,0.0,0.0,0.0,0.0,0.0,0.0,0.0,0.0,0.0,0.0,0.0,0.0,0.0,0.0,0.0,0.0,0.0
explainlikeimfive,0.0,0.0,0.0,0.0,0.0,0.0,0.0,0.0,0.0,0.0,0.0,3.787878787878788,0.0,6.0606060606060606,0.0,0.0,0.0,0.0,0.0,0.0,0.0,0.0,0.0,0.0,0.0,0.0,0.0,0.0,0.0,0.0,0.0,0.0
atheism,0.0,0.0,0.0,0.0,0.0,0.0,0.4405286343612335,0.0,0.0,0.0,0.0,4.405286343612335,0.0,2.643171806167401,0.0,0.0,0.0,0.0,0.0,0.0,0.0,0.0,0.0,0.0,0.0,0.0,0.0,0.0,0.0,0.0,0.0,0.0
todayilearned,0.7142857142857143,0.0,0.0,0.0,0.0,0.0,0.0,0.7142857142857143,0.7142857142857143,0.0,0.0,7.142857142857142,0.0,5.0,0.0,0.0,0.0,0.0,0.0,0.0,0.7142857142857143,0.0,0.0,0.0,0.0,0.0,0.0,0.0,0.0,0.0,0.0,0.0
todayilearned,0.0,0.0,0.0,0.0,0.0,0.0,0.0,1.0416666666666665,1.0416666666666665,0.0,0.0,5.208333333333334,0.0,4.166666666666666,0.0,0.0,0.0,0.0,0.0,0.0,0.0,0.0,0.0,0.0,0.0,0.0,0.0,0.0,0.0,0.0,0.0,0.0
todayilearned,0.0,0.0,0.0,0.0,0.6060606060606061,0.0,0.0,0.0,0.0,0.0,0.0,4.848484848484849,0.6060606060606061,4.848484848484849,0.0,0.0,0.0,0.0,0.0,0.0,1.2121212121212122,0.0,0.0,0.0,0.0,0.0,0.0,0.0,0.0,0.0,0.0,0.0
todayilearned,0.0,0.0,0.0,2.479338842975207,0.8264462809917356,0.0,0.0,3.3057851239669422,1.6528925619834711,0.0,0.0,5.785123966942149,0.0,4.132231404958678,0.0,0.0,0.0,0.0,0.0,0.0,0.0,0.0,1.6528925619834711,0.0,1.6528925619834711,0.0,0.0,0.0,0.0,0.0,0.0,0.0
funny,0.0,0.0,0.0,0.0,0.0,0.0,0.7042253521126761,1.4084507042253522,1.4084507042253522,0.0,0.0,4.929577464788732,0.0,4.225352112676056,0.0,0.0,0.0,0.0,0.0,0.0,0.0,0.0,0.0,0.0,0.0,0.0,0.0,0.0,0.0,0.0,0.0,0.0
funny,0.0,0.0,0.0,0.0,0.0,0.0,0.0,1.3333333333333335,1.3333333333333335,0.0,0.0,2.666666666666667,0.0,3.3333333333333335,0.0,0.0,0.0,0.0,0.0,0.0,0.6666666666666667,0.0,0.0,0.0,0.0,0.0,0.0,0.0,0.0,0.0,0.0,0.0
funny,0.0,0.0,0.0,0.0,0.0,0.0,0.43668122270742354,0.8733624454148471,0.8733624454148471,0.0,0.0,5.240174672489083,0.0,4.366812227074235,0.0,0.0,0.0,0.0,0.0,0.0,0.0,0.0,0.0,0.0,0.0,0.0,0.0,0.0,0.0,0.0,0.0,0.0
funny,0.0,0.0,0.0,0.0,0.0,0.6172839506172839,0.0,0.6172839506172839,0.6172839506172839,0.0,0.0,3.0864197530864197,0.0,4.320987654320987,0.0,0.0,0.0,0.0,0.0,0.0,0.0,0.0,0.0,0.0,0.0,0.0,0.0,0.0,0.0,0.0,0.0,0.0
funny,0.0,0.0,0.0,0.0,0.0,0.0,0.0,1.6216216216216217,1.6216216216216217,0.0,0.0,7.027027027027027,0.0,7.027027027027027,0.0,0.0,0.0,0.0,0.0,0.0,0.0,0.0,0.0,0.0,0.0,0.0,0.0,0.0,0.0,0.0,0.0,0.0
funny,2.564102564102564,0.0,0.0,0.0,0.0,0.0,2.564102564102564,0.0,0.0,0.0,0.0,1.282051282051282,0.0,7.6923076923076925,0.0,0.0,0.0,0.0,0.0,0.0,0.0,0.0,0.0,0.0,0.0,0.0,0.0,0.0,0.0,0.0,0.0,0.0
funny,0.0,0.0,0.0,0.0,0.0,0.0,0.0,0.5859375,0.5859375,0.0,0.0,9.1796875,0.0,6.0546875,0.0,0.0,0.0,0.0,0.0,0.0,0.1953125,0.0,0.0,0.0,0.0,0.0,0.0,0.0,0.0,0.0,0.0,0.0
funny,0.6097560975609756,0.0,0.0,0.0,0.0,0.0,0.6097560975609756,0.6097560975609756,0.6097560975609756,0.0,0.0,3.048780487804878,1.2195121951219512,3.6585365853658534,0.0,0.0,0.0,0.0,0.0,0.0,0.6097560975609756,0.0,0.0,0.0,0.0,0.0,0.0,0.0,0.0,0.0,0.0,0.0
funny,0.0,0.0,0.0,0.0,0.0,0.0,0.0,1.1152416356877324,1.1152416356877324,0.0,0.0,5.947955390334572,0.0,2.973977695167286,0.0,0.37174721189591076,0.0,0.0,0.0,0.0,0.0,0.0,0.0,0.0,0.0,0.0,0.0,0.0,0.0,0.0,0.0,0.0
funny,0.0,0.0,0.0,0.0,0.0,0.0,0.0,1.3513513513513513,1.3513513513513513,0.0,0.0,4.054054054054054,0.0,4.054054054054054,0.0,0.0,0.0,0.0,0.0,0.0,0.0,0.0,0.0,0.0,0.0,0.0,0.0,0.0,0.0,0.0,0.0,0.0
funny,0.0,0.0,0.0,0.0,0.0,0.0,0.0,0.2770083102493075,0.2770083102493075,0.0,0.0,6.9252077562326875,0.0,3.0470914127423825,0.0,0.0,0.0,0.0,0.0,0.0,0.2770083102493075,0.0,0.0,0.0,0.0,0.0,0.0,0.0,0.0,0.0,0.0,0.0
funny,0.0,0.0,0.0,0.0,0.0,0.0,0.0,0.6172839506172839,0.6172839506172839,0.0,0.0,4.938271604938271,0.0,5.555555555555555,0.0,1.8518518518518516,0.205761316872428,0.0,0.0,0.0,0.6172839506172839,0.0,0.0,0.0,0.0,0.0,0.0,0.0,0.0,0.0,0.0,0.0
funny,0.0,0.0,0.0,0.0,0.0,0.0,0.0,0.0,0.0,0.0,0.0,7.368421052631578,0.0,7.368421052631578,0.0,0.0,0.0,0.0,0.0,0.0,0.0,0.0,0.0,0.0,0.0,0.0,0.0,0.0,0.0,0.0,0.0,0.0
funny,0.9523809523809524,0.0,0.0,0.0,0.0,0.0,0.0,0.0,0.0,0.0,0.0,7.6190476190476195,0.0,4.761904761904762,0.0,0.0,0.0,0.0,0.0,0.0,0.9523809523809524,0.0,0.0,0.0,0.0,0.0,0.0,0.0,0.0,0.0,0.0,0.0
pics,0.0,0.0,0.0,0.0,0.0,0.0,0.0,0.0,0.0,0.0,0.0,3.6363636363636362,0.0,3.6363636363636362,0.0,0.0,0.0,0.0,0.0,0.0,0.0,0.0,0.0,0.0,0.0,0.0,0.0,0.0,0.0,0.0,0.0,0.0
pics,0.0,0.0,0.0,0.0,0.0,0.0,0.0,0.6535947712418301,1.9607843137254901,0.0,0.0,3.2679738562091507,0.0,5.88235294117647,0.0,0.6535947712418301,0.0,0.0,0.0,0.0,0.0,0.0,0.0,0.0,0.0,0.0,0.0,0.0,0.0,0.0,0.0,0.0
explainlikeimfive,0.0,0.0,0.0,0.0,0.0,0.0,0.0,0.9009009009009009,0.9009009009009009,0.0,0.0,4.504504504504505,0.0,5.405405405405405,0.0,0.0,0.0,0.0,0.0,0.0,0.0,0.0,0.0,0.0,0.0,0.0,0.0,0.0,0.0,0.0,0.0,0.0
explainlikeimfive,0.0,0.0,0.0,0.0,0.0,0.0,0.0,0.0,0.0,0.0,0.0,7.894736842105263,0.0,0.0,0.0,2.631578947368421,0.0,0.0,0.0,0.0,5.263157894736842,0.0,0.0,0.0,0.0,0.0,0.0,0.0,0.0,0.0,0.0,0.0
explainlikeimfive,0.0,0.0,0.0,0.0,0.0,0.0,0.0,0.0,0.0,0.0,0.0,3.6585365853658534,0.0,4.471544715447155,0.0,0.0,0.0,0.0,0.0,0.0,0.0,0.0,0.0,0.0,0.0,0.0,0.0,0.0,0.0,0.0,0.0,0.0
explainlikeimfive,0.0,0.0,0.0,0.0,0.0,0.0,0.0,1.639344262295082,1.639344262295082,0.0,0.0,4.918032786885246,0.0,4.918032786885246,0.0,0.0,0.0,0.0,0.0,0.0,0.0,0.0,0.0,0.0,0.0,0.0,0.0,0.0,0.0,0.0,0.0,0.0
explainlikeimfive,0.0,0.0,0.0,0.0,0.0,0.0,0.0,0.0,0.0,0.0,0.0,8.823529411764707,0.0,5.88235294117647,0.0,0.0,0.0,0.0,0.0,0.0,0.0,0.0,0.0,0.0,0.0,0.0,0.0,0.0,0.0,0.0,0.0,0.0
explainlikeimfive,0.0,0.0,0.0,0.0,0.0,1.4084507042253522,0.0,1.4084507042253522,0.0,0.0,0.0,4.225352112676056,0.0,2.8169014084507045,0.0,0.0,0.0,0.0,0.0,0.0,1.4084507042253522,0.0,1.4084507042253522,0.0,1.4084507042253522,0.0,0.0,0.0,0.0,0.0,0.0,0.0
atheism,0.2881844380403458,0.0,0.0,0.0,0.0,0.0,0.0,0.8645533141210375,0.8645533141210375,0.0,0.0,2.5936599423631126,0.0,4.899135446685879,0.0,0.0,0.2881844380403458,0.0,0.0,0.0,0.0,0.0,0.0,0.0,0.0,0.0,0.0,0.0,0.0,0.0,0.0,0.0
atheism,0.0,0.0,0.0,0.0,0.0,0.0,0.0,0.0,0.0,0.0,0.0,3.211009174311927,0.0,5.963302752293578,0.0,0.0,0.0,0.0,0.0,0.0,0.0,0.0,0.0,0.0,0.0,0.0,0.0,0.0,0.0,0.0,0.0,0.0
pics,0.0,0.0,0.0,0.0,0.0,0.0,0.0,0.0,0.0,0.0,0.0,4.49438202247191,0.0,3.3707865168539324,0.0,0.0,0.0,0.0,0.0,0.0,0.0,0.0,0.0,0.0,0.0,0.0,0.0,0.0,0.0,0.0,0.0,0.0
explainlikeimfive,0.0,0.0,0.0,0.0,0.0,0.0,0.0,1.4925373134328357,1.4925373134328357,0.0,0.0,5.970149253731343,0.4975124378109453,4.975124378109453,0.0,1.4925373134328357,0.0,0.0,0.0,0.0,0.0,0.0,0.0,0.0,0.0,0.0,0.0,0.0,0.0,0.0,0.0,0.0
explainlikeimfive,0.0,0.0,0.6944444444444444,0.0,0.0,0.0,0.6944444444444444,0.0,0.0,0.0,0.0,2.7777777777777777,0.0,6.944444444444445,0.0,0.0,0.0,0.0,0.0,0.0,0.0,0.0,0.0,0.0,0.0,0.0,0.0,0.0,0.0,0.0,0.0,0.0
funny,0.0,0.0,0.0,0.0,0.0,0.0,0.0,0.0,0.0,0.0,0.0,2.272727272727273,0.0,6.8181818181818175,0.0,0.0,0.0,0.0,0.0,0.0,0.0,0.0,0.0,0.0,0.0,0.0,0.0,0.0,0.0,0.0,0.0,0.0
funny,0.0,0.0,0.0,0.0,0.0,0.0,0.0,0.0,0.0,0.0,0.0,0.6756756756756757,0.0,6.081081081081082,0.0,0.0,0.0,0.0,0.0,0.0,0.0,0.0,0.0,0.0,0.0,0.0,0.0,0.0,0.0,0.0,0.0,0.0
pics,0.0,0.0,0.0,0.0,0.0,0.0,0.0,0.9302325581395349,0.9302325581395349,0.0,0.0,2.7906976744186047,0.0,2.7906976744186047,0.0,0.0,0.46511627906976744,0.0,0.0,0.0,0.0,0.0,0.0,0.0,0.0,0.0,0.0,0.0,0.0,0.0,0.0,0.0
funny,0.0,0.0,0.0,0.0,0.0,0.0,0.0,0.0,0.0,0.0,0.0,0.0,0.0,0.0,0.0,0.0,0.0,0.0,0.0,0.0,0.0,0.0,0.0,0.0,0.0,0.0,0.0,0.0,0.0,0.0,0.0,0.0
pics,0.0,0.0,0.0,0.0,0.0,0.0,0.0,0.6097560975609756,0.6097560975609756,0.0,0.0,4.878048780487805,0.0,6.707317073170732,0.0,0.6097560975609756,0.0,0.0,0.0,0.0,0.0,0.0,0.0,0.0,0.0,0.0,0.0,0.0,0.0,0.0,0.0,0.0
pics,0.0,0.0,0.0,0.0,0.0,0.0,0.0,0.0,0.0,0.0,0.0,5.084745762711865,1.694915254237288,1.694915254237288,0.0,0.0,0.0,0.0,0.0,0.0,1.694915254237288,0.0,0.0,0.0,0.0,0.0,0.0,0.0,0.0,0.0,0.0,0.0
explainlikeimfive,0.0,0.0,0.0,0.0,0.0,0.0,0.0,1.6,1.6,0.0,0.0,1.6,0.0,4.8,0.0,0.0,0.0,0.0,0.0,0.0,0.0,0.0,0.0,0.0,0.0,0.0,0.0,0.0,0.0,0.0,0.0,0.0
explainlikeimfive,0.0,0.0,0.0,0.0,0.0,0.0,0.0,0.34965034965034963,0.34965034965034963,0.0,0.0,2.797202797202797,0.0,4.195804195804196,0.0,1.048951048951049,0.0,0.0,0.0,0.0,1.3986013986013985,0.0,0.0,0.0,0.0,0.0,0.0,0.0,0.0,0.0,0.0,0.0
explainlikeimfive,0.0,0.0,0.0,0.0,0.0,0.0,0.0,0.7518796992481203,0.7518796992481203,0.0,0.0,6.7669172932330826,0.0,5.263157894736842,0.0,0.7518796992481203,0.0,0.0,0.0,0.0,0.0,0.0,0.0,0.0,0.0,0.0,0.0,0.0,0.0,0.0,0.0,0.0
pics,0.0,0.0,0.0,0.0,0.0,0.0,0.0,0.0,0.0,0.0,0.0,10.526315789473683,0.0,10.526315789473683,0.0,0.0,0.0,0.0,0.0,0.0,0.0,0.0,0.0,0.0,0.0,0.0,0.0,0.0,0.0,0.0,0.0,0.0
explainlikeimfive,0.0,0.0,0.0,0.0,0.0,0.0,0.0,1.7142857142857144,1.1428571428571428,0.0,0.0,5.142857142857142,0.0,4.0,0.0,0.0,0.0,0.0,0.0,0.5714285714285714,0.0,0.0,0.5714285714285714,0.0,0.5714285714285714,0.0,0.0,0.0,0.0,0.0,0.0,0.0
explainlikeimfive,0.0,0.0,0.0,0.0,0.0,0.0,0.0,1.8867924528301887,0.0,0.0,0.0,1.8867924528301887,0.0,3.7735849056603774,0.0,0.0,0.0,0.0,0.0,1.8867924528301887,0.0,0.0,1.8867924528301887,0.0,1.8867924528301887,0.0,0.0,0.0,0.0,0.0,0.0,0.0
explainlikeimfive,0.2222222222222222,0.0,0.0,0.0,0.0,0.0,0.4444444444444444,0.4444444444444444,0.4444444444444444,0.0,0.0,3.3333333333333335,0.0,4.222222222222222,0.0,0.2222222222222222,0.2222222222222222,0.0,0.0,0.0,1.3333333333333335,0.0,0.0,0.0,0.0,0.0,0.0,0.0,0.0,0.0,0.0,0.0
explainlikeimfive,0.0,0.0,0.0,0.0,0.0,0.0,0.0,0.0,0.0,0.0,0.0,3.4482758620689653,0.0,3.4482758620689653,0.0,0.0,0.0,0.0,0.0,0.0,0.0,0.0,0.0,0.0,0.0,0.0,0.0,0.0,0.0,0.0,0.0,0.0
explainlikeimfive,0.0,0.0,0.0,0.0,0.0,0.0,0.0,1.8181818181818181,1.2121212121212122,0.0,0.0,6.0606060606060606,0.0,4.242424242424243,0.0,0.6060606060606061,0.0,0.0,0.0,0.0,0.0,0.0,0.6060606060606061,0.0,0.6060606060606061,0.0,0.0,0.0,0.0,0.0,0.0,0.0
explainlikeimfive,0.0,0.0,0.0,0.0,0.0,0.0,0.0,0.4524886877828055,0.4524886877828055,0.0,0.0,4.524886877828054,0.904977375565611,4.97737556561086,0.0,0.0,0.0,0.0,0.0,0.0,0.4524886877828055,0.0,0.0,0.0,0.0,0.0,0.0,0.0,0.0,0.0,0.0,0.0
funny,0.0,0.0,0.0,0.0,0.0,0.0,0.0,0.0,0.0,0.0,0.0,2.857142857142857,0.0,2.857142857142857,0.0,0.0,0.0,0.0,0.0,0.0,0.0,0.0,0.0,0.0,0.0,0.0,0.0,0.0,0.0,0.0,0.0,0.0
funny,0.0,0.0,0.0,0.0,0.0,0.0,0.0,0.0,0.0,0.0,0.0,0.0,0.0,12.5,0.0,0.0,0.0,0.0,0.0,0.0,0.0,0.0,0.0,0.0,0.0,0.0,0.0,0.0,0.0,0.0,0.0,0.0
explainlikeimfive,0.0,0.0,0.0,0.0,0.0,0.0,0.0,0.6622516556291391,0.6622516556291391,0.0,0.0,1.3245033112582782,0.0,4.635761589403973,0.0,0.6622516556291391,0.0,0.0,0.0,1.3245033112582782,0.0,0.0,0.0,0.0,0.0,0.0,0.0,0.0,0.0,0.0,0.0,0.0
gaming,0.0,0.0,0.0,0.0,0.0,0.0,0.0,1.2861736334405145,1.2861736334405145,0.0,0.0,3.858520900321544,0.6430868167202572,6.109324758842444,0.0,0.6430868167202572,0.0,0.0,0.0,0.0,0.0,0.0,0.0,0.0,0.0,0.0,0.0,0.0,0.0,0.0,0.0,0.0
pics,0.0,0.0,0.0,0.0,0.0,0.0,0.0,0.0,0.0,0.0,0.0,2.1834061135371177,0.0,5.240174672489083,0.0,0.0,0.0,0.0,0.0,0.0,0.0,0.0,0.0,0.0,0.0,0.0,0.0,0.0,0.0,0.0,0.0,0.0
explainlikeimfive,0.0,0.0,0.0,1.5625,0.0,0.0,0.0,0.78125,0.78125,0.0,0.0,3.90625,0.0,5.46875,0.0,0.78125,0.0,0.0,0.0,0.0,0.78125,0.0,0.0,0.0,0.0,0.0,0.0,0.0,0.0,0.0,0.0,0.0
explainlikeimfive,0.0,0.0,0.0,0.0,0.0,0.0,0.0,2.631578947368421,2.631578947368421,0.0,0.0,2.631578947368421,0.0,5.263157894736842,0.0,0.0,0.0,0.0,0.0,0.0,0.0,0.0,0.0,0.0,0.0,0.0,0.0,0.0,0.0,0.0,0.0,0.0
todayilearned,0.0,0.0,0.0,0.3472222222222222,0.0,0.0,0.0,1.0416666666666665,1.0416666666666665,0.0,0.0,2.430555555555556,0.0,4.861111111111112,0.0,0.3472222222222222,0.0,0.0,0.0,0.0,1.0416666666666665,0.0,0.0,0.0,0.0,0.0,0.0,0.0,0.0,0.0,0.0,0.0
funny,0.5681818181818182,0.0,0.0,0.0,0.0,0.0,0.0,0.0,0.0,0.0,0.0,2.840909090909091,0.0,3.4090909090909087,0.0,0.0,0.0,0.0,0.0,0.0,1.1363636363636365,0.0,0.0,0.0,0.0,0.0,0.0,0.0,0.0,0.0,0.0,0.0
explainlikeimfive,0.0,0.0,0.0,0.0,0.0,0.0,0.0,1.5,1.5,0.0,0.0,2.0,0.0,3.5000000000000004,0.0,0.0,0.0,0.0,0.0,0.0,0.0,0.0,0.0,0.0,0.0,0.0,0.0,0.0,0.0,0.0,0.0,0.0
politics,0.0,0.0,0.0,0.0,0.0,0.0,0.1984126984126984,0.0,0.0,0.0,0.0,1.984126984126984,0.0,4.563492063492063,0.0,0.1984126984126984,0.0,0.0,0.0,0.0,0.5952380952380952,0.0,0.0,0.0,0.0,0.0,0.0,0.0,0.0,0.0,0.0,0.0
politics,0.0,0.0,0.0,0.48543689320388345,0.0,0.0,0.0,0.0,0.0,0.0,0.0,0.9708737864077669,0.48543689320388345,3.3980582524271843,0.0,0.0,0.0,0.0,0.0,0.0,0.0,0.0,0.0,0.0,0.0,0.0,0.0,0.0,0.0,0.0,0.0,0.0
politics,0.0,0.0,0.0,0.0,0.0,0.0,0.0,1.4234875444839856,1.0676156583629894,0.0,0.0,3.9145907473309607,0.0,6.049822064056939,0.0,0.0,0.0,0.0,0.0,0.0,0.3558718861209964,0.0,0.3558718861209964,0.0,0.3558718861209964,0.0,0.0,0.0,0.0,0.0,0.0,0.0
politics,0.0,0.0,0.0,0.0,0.0,0.0,0.0,0.3125,0.3125,0.0,0.0,5.3125,0.0,3.4375000000000004,0.0,0.0,0.0,0.0,0.0,0.0,0.0,0.0,0.0,0.0,0.0,0.0,0.0,0.0,0.0,0.0,0.0,0.0
politics,0.0,0.0,0.0,0.0,0.0,0.0,0.0,0.0,0.0,0.0,0.0,3.361344537815126,0.0,4.621848739495799,0.0,0.0,0.0,0.0,0.0,0.0,0.0,0.0,0.0,0.0,0.0,0.0,0.0,0.0,0.0,0.0,0.0,0.0
politics,0.0,0.0,0.0,0.0,0.0,0.0,0.0,1.2658227848101267,1.2658227848101267,0.0,0.0,2.5316455696202533,0.0,5.063291139240507,0.0,0.0,0.0,0.0,0.0,0.0,0.0,0.0,0.0,0.0,0.0,0.0,0.0,0.0,0.0,0.0,0.0,0.0
politics,0.0,0.0,0.0,0.0,0.0,0.0,0.0,0.0,0.0,0.0,0.0,2.5,0.0,3.75,0.0,1.25,1.25,0.0,0.0,1.25,0.0,0.0,0.0,0.0,0.0,0.0,0.0,0.0,0.0,0.0,0.0,0.0
politics,0.0,0.0,0.0,0.0,0.19880715705765406,0.0,0.3976143141153081,0.7952286282306162,0.0,0.0,0.0,3.180914512922465,0.0,5.168986083499006,0.0,0.3976143141153081,0.0,0.0,0.0,1.1928429423459244,0.9940357852882704,0.0,0.5964214711729622,0.0,0.5964214711729622,0.0,0.0,0.0,0.0,0.0,0.0,0.0
explainlikeimfive,0.0,0.0,0.0,0.0,0.0,0.0,0.0,0.0,0.0,0.0,0.0,4.733727810650888,0.0,7.100591715976331,0.0,0.0,0.0,0.0,0.0,0.0,0.0,0.0,0.0,0.0,0.0,0.0,0.0,0.0,0.0,0.0,0.0,0.0
pics,0.0,0.0,0.0,0.0,0.0,0.0,0.0,0.8264462809917356,0.8264462809917356,0.0,0.0,0.8264462809917356,0.0,4.958677685950414,0.0,0.0,0.0,0.0,0.0,0.0,0.0,0.0,0.0,0.0,0.0,0.0,0.0,0.0,0.0,0.0,0.0,0.0
pics,0.0,0.0,0.0,0.0,0.0,0.0,0.0,2.0,2.0,0.0,0.0,4.0,0.0,4.0,0.0,0.0,0.0,0.0,0.0,0.0,2.0,0.0,0.0,0.0,0.0,0.0,0.0,0.0,0.0,0.0,0.0,0.0
pics,0.0,0.0,0.0,0.0,0.6329113924050633,0.0,0.0,0.6329113924050633,0.6329113924050633,0.0,0.0,2.5316455696202533,0.0,5.69620253164557,0.0,0.6329113924050633,0.0,0.0,0.0,0.0,0.0,0.0,0.0,0.0,0.0,0.0,0.0,0.0,0.0,0.0,0.0,0.0
pics,0.0,0.0,0.0,0.0,0.0,0.0,0.0,0.0,0.0,0.0,0.0,6.050955414012739,0.0,5.095541401273886,0.0,0.0,0.0,0.0,0.0,0.0,0.0,0.0,0.0,0.0,0.0,0.0,0.0,0.0,0.0,0.0,0.0,0.0
todayilearned,0.0,0.0,0.0,0.0,0.0,0.0,0.0,0.0,0.0,0.0,0.0,1.282051282051282,0.0,3.205128205128205,0.0,0.0,0.0,0.0,0.0,0.0,0.0,0.0,0.0,0.0,0.0,0.0,0.0,0.0,0.0,0.0,0.0,0.0
todayilearned,0.0,0.0,0.0,0.0,0.0,0.0,0.0,0.0,0.0,0.0,0.0,2.380952380952381,0.0,3.571428571428571,0.0,0.0,0.0,0.0,0.0,0.0,0.0,0.0,0.0,0.0,0.0,0.0,0.0,0.0,0.0,0.0,0.0,0.0
todayilearned,0.0,0.0,0.0,0.0,0.0,0.0,0.0,0.0,0.0,0.0,0.0,8.333333333333332,0.0,6.25,0.0,0.0,0.0,0.0,0.0,0.0,2.083333333333333,0.0,0.0,0.0,0.0,0.0,0.0,0.0,0.0,0.0,0.0,0.0
todayilearned,0.0,0.0,0.0,2.083333333333333,1.0416666666666665,0.0,0.0,1.3888888888888888,1.3888888888888888,0.0,0.0,3.125,0.3472222222222222,3.125,0.0,0.0,0.0,0.0,0.0,0.0,0.0,0.0,0.0,0.0,0.0,0.0,0.0,0.0,0.0,0.0,0.0,0.0
todayilearned,0.0,0.0,0.0,0.0,0.0,0.0,0.0,0.0,0.0,0.0,0.0,1.0,0.0,4.0,0.0,0.0,0.0,0.0,0.0,0.0,0.0,0.0,0.0,0.0,0.0,0.0,0.0,0.0,0.0,0.0,0.0,0.0
todayilearned,0.0,0.0,0.0,0.0,0.0,0.0,0.0,0.3389830508474576,0.3389830508474576,0.0,0.0,5.084745762711865,0.0,5.423728813559322,0.0,0.0,0.0,0.0,0.0,0.0,0.0,0.0,0.0,0.0,0.0,0.0,0.0,0.0,0.0,0.0,0.0,0.0
todayilearned,0.0,0.0,0.0,1.8567639257294428,0.0,0.0,0.0,0.7957559681697612,0.5305039787798408,0.0,0.0,5.039787798408488,0.0,5.305039787798409,0.7957559681697612,0.0,0.0,0.0,0.0,0.0,0.7957559681697612,0.0,0.0,0.0,0.0,0.0,0.0,0.0,0.0,0.0,0.0,0.0
todayilearned,0.0,0.0,0.0,0.0,0.0,0.0,0.0,4.615384615384616,4.615384615384616,0.0,0.0,7.6923076923076925,0.0,3.076923076923077,0.0,0.0,0.0,0.0,0.0,0.0,0.0,0.0,0.0,0.0,0.0,0.0,0.0,0.0,0.0,0.0,0.0,0.0
explainlikeimfive,0.0,0.0,0.0,0.0,0.0,0.0,0.0,0.0,0.0,0.0,0.0,3.6363636363636362,0.0,6.363636363636363,0.0,0.0,0.0,0.0,0.0,0.0,0.0,0.0,0.0,0.0,0.0,0.0,0.0,0.0,0.0,0.0,0.0,0.0
explainlikeimfive,0.0,0.0,0.0,0.0,0.0,0.0,0.0,0.0,0.0,0.0,0.0,3.896103896103896,0.0,6.493506493506493,0.0,1.2987012987012987,0.0,0.0,0.0,0.0,0.0,0.0,0.0,0.0,0.0,0.0,0.0,0.0,0.0,0.0,0.0,0.0
gaming,0.0,0.0,0.0,0.0,0.0,0.0,0.0,0.0,0.0,0.0,0.0,0.0,0.0,8.823529411764707,0.0,0.0,0.0,0.0,0.0,0.0,0.0,0.0,0.0,0.0,0.0,0.0,0.0,0.0,0.0,0.0,0.0,0.0
explainlikeimfive,1.1904761904761905,0.0,0.0,0.0,0.0,0.0,1.1904761904761905,0.0,0.0,0.0,0.0,4.761904761904762,0.0,3.571428571428571,0.0,0.0,0.0,0.0,0.0,0.0,1.1904761904761905,0.0,0.0,0.0,0.0,0.0,0.0,0.0,0.0,0.0,0.0,0.0
todayilearned,0.0,0.0,0.0,0.0,0.0,0.0,0.0,0.0,0.0,0.0,0.0,8.182476466328747,0.0,4.851556842867487,0.0,0.0,0.0,0.0,0.0,0.0,0.0,0.0,0.0,0.0,0.0,0.0,0.0,0.0,0.0,0.0,0.0,0.0
todayilearned,0.0,0.0,1.0,0.0,0.0,0.0,0.0,1.0,1.0,0.0,0.0,5.0,0.0,4.0,0.0,1.0,0.0,0.0,0.0,0.0,0.0,0.0,0.0,0.0,0.0,0.0,0.0,0.0,0.0,0.0,0.0,0.0
gaming,0.78125,0.0,0.0,0.0,0.0,0.0,1.5625,0.0,0.0,0.0,0.0,5.46875,0.0,1.5625,0.0,0.0,0.0,0.0,0.0,0.0,0.78125,0.0,0.0,0.0,0.0,0.0,0.0,0.0,0.0,0.0,0.0,0.0
todayilearned,0.0,0.0,0.0,0.0,0.0,0.0,0.0,1.1111111111111112,1.1111111111111112,0.0,0.0,2.7777777777777777,0.0,5.0,0.0,0.0,0.0,0.0,0.0,0.0,0.0,0.0,0.0,0.0,0.0,0.0,0.0,0.0,0.0,0.0,0.0,0.0
funny,0.0,0.0,0.0,0.0,0.0,0.0,0.0,0.0,0.0,0.0,0.0,3.8461538461538463,0.0,5.128205128205128,0.0,1.282051282051282,0.0,0.0,0.0,0.0,0.0,0.0,0.0,0.0,0.0,0.0,0.0,0.0,0.0,0.0,0.0,0.0
funny,0.0,0.0,0.0,0.0,0.0,0.0,0.0,3.9215686274509802,3.9215686274509802,0.0,0.0,2.941176470588235,0.0,4.901960784313726,0.0,0.0,0.0,0.0,0.0,0.0,0.0,0.0,0.0,0.0,0.0,0.0,0.0,0.0,0.0,0.0,0.0,0.0
pics,0.0,0.0,0.0,0.0,0.0,0.0,0.0,0.0,0.0,0.0,0.0,2.1505376344086025,0.0,6.451612903225806,0.0,0.0,0.0,0.0,0.0,0.0,0.0,0.0,0.0,0.0,0.0,0.0,0.0,0.0,0.0,0.0,0.0,0.0
explainlikeimfive,0.0,0.0,0.0,0.0,0.0,0.0,0.0,0.7633587786259541,0.7633587786259541,0.0,0.0,4.580152671755725,0.0,5.343511450381679,0.0,0.0,0.0,0.0,0.0,0.0,0.0,0.0,0.0,0.0,0.0,0.0,0.0,0.0,0.0,0.0,0.0,0.0
pics,0.0,0.0,0.0,0.0,0.0,0.0,0.0,0.0,0.0,0.0,0.0,4.597701149425287,0.0,5.747126436781609,0.0,0.0,0.0,0.0,0.0,0.0,0.0,0.0,0.0,0.0,0.0,0.0,0.0,0.0,0.0,0.0,0.0,0.0
explainlikeimfive,0.0,0.0,0.0,0.0,0.0,0.0,0.0,0.0,0.0,0.0,0.0,2.5974025974025974,0.0,3.896103896103896,0.0,0.0,0.0,0.0,0.0,0.0,0.0,0.0,0.0,0.0,0.0,0.0,0.0,0.0,0.0,0.0,0.0,0.0
explainlikeimfive,0.0,0.0,0.0,0.0,0.0,0.0,0.0,0.0,0.0,0.0,0.0,4.41988950276243,0.0,3.314917127071823,0.0,0.0,0.0,0.0,0.0,0.0,1.1049723756906076,0.0,0.0,0.0,0.0,0.0,0.0,0.0,0.0,0.0,0.0,0.0
explainlikeimfive,0.5617977528089888,0.0,0.0,0.0,0.0,0.0,0.0,1.1235955056179776,1.1235955056179776,0.0,0.0,2.8089887640449436,0.0,5.617977528089887,0.0,1.1235955056179776,0.0,0.0,0.0,0.0,0.0,0.0,0.0,0.0,0.0,0.0,0.0,0.0,0.0,0.0,0.0,0.0
explainlikeimfive,0.0,0.0,0.0,0.0,0.0,0.0,0.0,0.0,0.0,0.0,0.0,5.681818181818182,0.0,4.545454545454546,0.0,0.0,0.0,0.0,0.0,0.0,0.0,0.0,0.0,0.0,0.0,0.0,0.0,0.0,0.0,0.0,0.0,0.0
todayilearned,0.0,0.0,0.0,0.0,0.0,0.0,1.0752688172043012,2.1505376344086025,2.1505376344086025,0.0,0.0,4.301075268817205,0.0,4.301075268817205,0.0,0.0,0.0,0.0,0.0,0.0,0.0,0.0,0.0,0.0,0.0,0.0,0.0,0.0,0.0,0.0,0.0,0.0
explainlikeimfive,0.0,0.0,0.0,0.0,0.0,0.0,0.0,1.0452961672473868,1.0452961672473868,0.0,0.0,6.2717770034843205,0.34843205574912894,4.878048780487805,0.0,0.0,0.34843205574912894,0.0,0.0,0.0,0.34843205574912894,0.0,0.0,0.0,0.0,0.0,0.0,0.0,0.0,0.0,0.0,0.0
funny,0.0,0.0,0.0,1.583710407239819,0.0,0.0,0.0,0.4524886877828055,0.4524886877828055,0.0,0.0,7.013574660633484,0.0,3.8461538461538463,0.0,0.6787330316742082,0.0,0.0,0.0,0.0,0.0,0.0,0.0,0.0,0.0,0.0,0.0,0.0,0.0,0.0,0.0,0.0
funny,0.0,0.0,0.0,0.5208333333333333,0.0,0.0,0.0,1.5625,1.5625,0.0,0.0,5.46875,0.0,3.6458333333333335,0.0,0.26041666666666663,0.0,0.0,0.0,0.0,0.0,0.0,0.0,0.0,0.0,0.0,0.0,0.0,0.0,0.0,0.0,0.0
explainlikeimfive,0.0,0.0,0.0,0.0,0.0,0.0,0.0,0.0,0.0,0.0,0.0,2.5423728813559325,0.0,2.5423728813559325,0.0,0.0,0.0,0.0,0.0,0.0,0.0,0.0,0.0,0.0,0.0,0.0,0.0,0.0,0.0,0.0,0.0,0.0
todayilearned,0.0,0.0,0.0,0.0,0.0,0.0,0.0,1.4084507042253522,1.4084507042253522,0.0,0.0,5.633802816901409,0.0,5.633802816901409,0.0,0.0,0.0,0.0,0.0,0.0,0.0,0.0,0.0,0.0,0.0,0.0,0.0,0.0,0.0,0.0,0.0,0.0
todayilearned,0.0,0.0,0.0,0.0,0.0,0.0,0.0,0.0,0.0,0.0,0.0,5.376344086021505,0.0,5.376344086021505,0.0,0.0,0.0,0.0,0.0,0.0,1.0752688172043012,0.0,0.0,0.0,0.0,0.0,0.0,0.0,0.0,0.0,0.0,0.0
todayilearned,0.0,0.0,0.0,0.0,0.6172839506172839,0.0,0.0,0.0,0.0,0.0,0.0,0.0,0.0,7.4074074074074066,0.0,0.0,0.0,0.0,0.0,0.0,0.0,0.0,0.0,0.0,0.0,0.0,0.0,0.0,0.0,0.0,0.0,0.0
todayilearned,0.0,0.0,0.0,0.0,0.0,0.0,0.0,0.0,0.0,0.0,0.0,3.79746835443038,0.0,3.79746835443038,0.0,0.0,0.0,0.0,0.0,0.0,0.0,0.0,0.0,0.0,0.0,0.0,0.0,0.0,0.0,0.0,0.0,0.0
todayilearned,1.0638297872340425,0.0,0.0,0.0,1.0638297872340425,0.0,0.0,0.0,0.0,0.0,0.0,1.0638297872340425,0.0,4.25531914893617,0.0,1.0638297872340425,0.0,0.0,0.0,0.0,0.0,0.0,0.0,0.0,0.0,0.0,0.0,0.0,0.0,0.0,0.0,0.0
todayilearned,0.0,0.0,0.0,2.1621621621621623,0.0,0.0,0.0,0.5405405405405406,0.5405405405405406,0.0,0.0,5.9459459459459465,0.0,5.405405405405405,0.0,0.0,0.0,0.0,0.0,0.0,0.0,0.0,0.0,0.0,0.0,0.0,0.0,0.0,0.0,0.0,0.0,0.0
todayilearned,0.0,0.0,0.0,0.0,0.0,0.0,0.0,0.0,0.0,0.0,0.0,5.172413793103448,0.0,1.7241379310344827,0.0,0.0,0.0,0.0,0.0,0.0,0.0,0.0,0.0,0.0,0.0,0.0,0.0,0.0,0.0,0.0,0.0,0.0
explainlikeimfive,0.0,0.0,0.0,0.0,0.0,0.0,0.0,0.0,0.0,0.0,0.0,8.108108108108109,0.0,2.7027027027027026,0.0,0.0,0.0,0.0,0.0,0.0,0.0,0.0,0.0,0.0,0.0,0.0,0.0,0.0,0.0,0.0,0.0,0.0
politics,0.628930817610063,0.0,0.0,0.0,1.8867924528301887,0.0,0.0,0.628930817610063,0.628930817610063,0.0,0.0,2.515723270440252,0.0,4.40251572327044,0.0,0.0,0.0,0.0,0.0,0.0,0.0,0.0,0.0,0.0,0.0,0.0,0.0,0.0,0.0,0.0,0.0,0.0
pics,0.0,0.0,0.0,0.0,0.0,0.0,0.0,1.0638297872340425,1.0638297872340425,0.0,0.0,1.0638297872340425,0.0,4.25531914893617,0.0,0.0,0.0,0.0,0.0,0.0,1.0638297872340425,0.0,0.0,0.0,0.0,0.0,0.0,0.0,0.0,0.0,0.0,0.0
pics,0.1838235294117647,0.0,0.0,0.0,0.0,0.0,0.0,0.3676470588235294,0.3676470588235294,0.0,0.0,4.411764705882353,0.0,4.779411764705882,0.0,0.0,0.0,0.0,0.0,0.0,0.0,0.0,0.0,0.0,0.0,0.0,0.0,0.0,0.0,0.0,0.0,0.0
pics,0.0,0.0,0.0,0.0,0.0,0.0,0.0,0.0,0.0,0.0,0.0,2.247191011235955,0.0,4.49438202247191,0.0,0.0,0.0,0.0,0.0,0.0,0.0,0.0,0.0,0.0,0.0,0.0,0.0,0.0,0.0,0.0,0.0,0.0
pics,1.5037593984962405,0.0,0.0,0.0,0.0,0.0,0.0,0.0,0.0,0.0,0.0,5.263157894736842,0.0,2.2556390977443606,0.0,0.0,0.0,0.0,0.0,0.0,1.5037593984962405,0.0,0.0,0.0,0.0,0.0,0.0,0.0,0.0,0.0,0.0,0.0
pics,0.0,0.0,0.0,0.0,0.0,0.0,0.0,0.0,0.0,0.0,0.0,11.25,0.0,5.0,0.0,0.0,0.0,0.0,0.0,0.0,0.0,0.0,0.0,0.0,0.0,0.0,0.0,0.0,0.0,0.0,0.0,0.0
funny,0.0,0.0,0.0,0.0,0.8620689655172413,0.0,0.0,2.586206896551724,2.586206896551724,0.0,0.0,6.0344827586206895,0.0,3.4482758620689653,0.0,0.0,0.0,0.0,0.0,0.0,0.8620689655172413,0.0,0.0,0.0,0.0,0.0,0.0,0.0,0.0,0.0,0.0,0.0
funny,0.0,0.0,0.0,0.0,0.0,0.0,0.0,2.2058823529411766,2.2058823529411766,0.0,0.0,5.88235294117647,0.0,5.147058823529411,0.0,0.0,0.0,0.0,0.0,0.0,0.0,0.0,0.0,0.0,0.0,0.0,0.0,0.0,0.0,0.0,0.0,0.0
explainlikeimfive,0.0,0.0,0.0,0.0,0.0,0.0,0.0,0.0,0.0,0.0,0.0,6.077348066298343,0.0,3.591160220994475,0.0,0.2762430939226519,0.0,0.0,0.0,0.2762430939226519,0.0,0.0,0.0,0.0,0.0,0.0,0.0,0.0,0.0,0.0,0.0,0.0
explainlikeimfive,1.5706806282722512,0.0,0.0,0.0,0.0,0.0,0.0,0.0,0.0,0.0,0.0,1.5706806282722512,0.5235602094240838,2.094240837696335,0.0,0.5235602094240838,0.0,0.0,0.0,0.0,0.0,0.0,0.0,0.0,0.0,0.0,0.0,0.0,0.0,0.0,0.0,0.0
funny,2.0408163265306123,0.0,0.0,0.0,0.0,0.0,0.0,0.0,0.0,0.0,0.0,4.081632653061225,0.0,4.081632653061225,0.0,0.0,0.0,0.0,0.0,0.0,0.0,0.0,0.0,0.0,0.0,0.0,0.0,0.0,0.0,0.0,0.0,0.0
todayilearned,0.46511627906976744,0.0,0.0,0.0,0.0,0.0,0.0,0.0,0.0,0.0,0.0,5.116279069767442,0.0,2.3255813953488373,0.0,0.0,0.0,0.0,0.0,0.0,1.8604651162790697,0.0,0.0,0.0,0.0,0.0,0.0,0.0,0.0,0.0,0.0,0.0
pics,0.8130081300813009,0.0,0.0,0.0,0.0,0.0,0.0,0.0,0.0,0.0,0.0,7.317073170731707,0.0,4.0650406504065035,0.0,0.0,0.0,0.0,0.0,0.0,0.0,0.0,0.0,0.0,0.0,0.0,0.0,0.0,0.0,0.0,0.0,0.0
pics,0.0,0.0,0.0,0.0,0.0,0.8333333333333334,0.0,0.8333333333333334,0.8333333333333334,0.0,0.0,1.6666666666666667,0.0,5.833333333333333,0.0,0.0,0.0,0.0,0.0,0.0,0.0,0.0,0.0,0.0,0.0,0.0,0.0,0.0,0.0,0.0,0.0,0.0
explainlikeimfive,0.0,0.0,0.0,0.0,0.0,0.0,0.0,0.0,0.0,0.0,0.0,0.0,0.0,5.555555555555555,0.0,0.0,0.0,0.0,0.0,0.0,0.0,0.0,0.0,0.0,0.0,0.0,0.0,0.0,0.0,0.0,0.0,0.0
explainlikeimfive,0.7194244604316548,0.0,0.0,0.0,0.0,0.0,0.0,0.0,0.0,0.0,0.0,6.474820143884892,0.0,5.0359712230215825,0.0,0.0,0.0,0.0,0.0,0.0,0.7194244604316548,0.0,0.0,0.0,0.0,0.0,0.0,0.0,0.0,0.0,0.0,0.0
explainlikeimfive,0.0,0.0,0.0,0.0,0.0,0.0,0.0,0.0,0.0,0.0,0.0,7.894736842105263,0.0,6.140350877192982,0.0,0.0,0.0,0.0,0.0,0.0,0.0,0.0,0.0,0.0,0.0,0.0,0.0,0.0,0.0,0.0,0.0,0.0
explainlikeimfive,0.0,0.0,0.0,0.0,0.0,0.0,0.0,0.0,0.0,0.0,0.0,5.797101449275362,0.0,4.3478260869565215,0.0,0.0,0.0,0.0,0.0,0.0,1.4492753623188406,0.0,0.0,0.0,0.0,0.0,0.0,0.0,0.0,0.0,0.0,0.0
politics,0.0,0.0,0.0,0.0,0.0,0.0,0.0,4.878048780487805,4.878048780487805,0.0,0.0,7.317073170731707,0.0,4.878048780487805,0.0,0.0,0.0,0.0,0.0,0.0,0.0,0.0,0.0,0.0,0.0,0.0,0.0,0.0,0.0,0.0,0.0,0.0
explainlikeimfive,0.8064516129032258,0.0,0.0,0.0,0.0,0.0,0.0,0.0,0.0,0.0,0.0,0.8064516129032258,0.0,4.032258064516129,0.0,0.0,0.0,0.0,0.0,0.0,0.0,0.0,0.0,0.0,0.0,0.0,0.0,0.0,0.0,0.0,0.0,0.0
explainlikeimfive,0.0,0.0,0.0,0.0,0.0,0.0,0.0,0.0,0.0,0.0,0.0,13.333333333333334,0.0,15.0,0.0,0.0,0.0,0.0,0.0,0.0,0.0,0.0,0.0,0.0,0.0,0.0,0.0,0.0,0.0,0.0,0.0,0.0
todayilearned,0.0,0.0,0.0,0.0,0.0,0.0,0.0,1.0266940451745379,0.6160164271047228,0.0,0.0,1.8480492813141685,0.0,4.312114989733059,0.0,0.41067761806981523,0.0,0.0,0.0,1.2320328542094456,0.20533880903490762,0.0,0.8213552361396305,0.0,0.8213552361396305,0.0,0.0,0.0,0.0,0.0,0.0,0.0
todayilearned,0.2932551319648094,0.0,0.0,0.0,0.0,0.0,0.0,0.0,0.0,0.0,0.0,0.2932551319648094,0.0,5.278592375366569,0.0,0.0,0.0,0.0,0.0,0.0,0.8797653958944283,0.0,0.0,0.0,0.0,0.0,0.0,0.0,0.0,0.0,0.0,0.0
explainlikeimfive,0.0,0.0,0.0,0.0,0.9036144578313252,0.0,0.0,1.8072289156626504,1.5060240963855422,0.0,0.0,6.626506024096386,0.0,3.0120481927710845,0.0,0.30120481927710846,0.0,0.0,0.0,0.0,0.6024096385542169,0.0,0.0,0.0,0.0,0.0,0.0,0.0,0.0,0.0,0.0,0.0
pics,0.0,0.0,0.0,0.0,0.0,0.0,0.0,0.0,0.0,0.0,0.0,3.0120481927710845,2.4096385542168677,7.83132530120482,0.6024096385542169,0.6024096385542169,0.0,0.0,0.0,0.0,0.0,0.0,0.0,0.0,0.0,0.0,0.0,0.0,0.0,0.0,0.0,0.0
pics,0.0,0.0,0.0,0.0,0.0,0.0,0.0,0.0,0.0,0.0,0.0,5.1020408163265305,0.0,4.081632653061225,0.0,2.0408163265306123,0.0,0.0,0.0,1.0204081632653061,1.0204081632653061,0.0,0.0,0.0,0.0,0.0,0.0,0.0,0.0,0.0,0.0,0.0
pics,0.0,0.0,0.0,0.8130081300813009,0.0,0.0,0.0,0.8130081300813009,0.8130081300813009,0.0,0.0,5.691056910569105,0.0,5.691056910569105,0.0,0.0,0.8130081300813009,0.0,0.0,0.8130081300813009,0.8130081300813009,0.0,0.0,0.0,0.0,0.0,0.0,0.0,0.0,0.0,0.0,0.0
pics,0.0,0.0,0.0,0.0,0.0,0.0,0.0,0.0,0.0,0.0,0.0,0.0,0.0,12.903225806451612,0.0,0.0,0.0,0.0,0.0,0.0,0.0,0.0,0.0,0.0,0.0,0.0,0.0,0.0,0.0,0.0,0.0,0.0
pics,1.6352201257861636,0.0,0.0,0.25157232704402516,0.0,0.0,0.0,1.6352201257861636,1.509433962264151,0.0,0.0,3.89937106918239,0.7547169811320755,4.0251572327044025,0.0,0.25157232704402516,0.0,0.0,0.0,0.0,0.8805031446540881,0.0,0.12578616352201258,0.0,0.12578616352201258,0.0,0.0,0.0,0.0,0.0,0.0,0.0
explainlikeimfive,0.0,0.0,0.0,2.941176470588235,0.0,0.0,0.0,0.0,0.0,0.0,0.0,0.0,0.0,0.0,0.0,0.0,0.0,0.0,0.0,0.0,0.0,0.0,0.0,0.0,0.0,0.0,0.0,0.0,0.0,0.0,0.0,0.0
atheism,0.0,0.0,0.0,0.0,0.0,0.0,0.0,0.9615384615384616,0.9615384615384616,0.0,0.0,7.6923076923076925,0.0,3.8461538461538463,0.0,0.4807692307692308,0.0,0.0,0.0,0.0,0.0,0.0,0.0,0.0,0.0,0.0,0.0,0.0,0.0,0.0,0.0,0.0
politics,0.0,0.0,0.0,0.0,0.0,0.0,0.0,0.0,0.0,0.0,0.0,6.0344827586206895,0.0,6.4655172413793105,0.0,0.8620689655172413,0.0,0.0,0.0,0.0,0.43103448275862066,0.0,0.0,0.0,0.0,0.0,0.0,0.0,0.0,0.0,0.0,0.0
politics,0.0,0.0,0.0,0.0,0.0,0.0,0.0,0.0,0.0,0.0,0.0,4.383561643835616,0.0,4.657534246575342,0.0,0.0,0.821917808219178,0.0,0.0,0.0,0.821917808219178,0.0,0.0,0.0,0.0,0.0,0.0,0.0,0.0,0.0,0.0,0.0
explainlikeimfive,0.0,0.0,0.0,0.0,0.0,0.0,0.0,1.2903225806451613,1.2903225806451613,0.0,0.0,5.161290322580645,0.0,5.161290322580645,0.0,0.0,0.0,0.0,0.0,0.0,0.0,0.0,0.0,0.0,0.0,0.0,0.0,0.0,0.0,0.0,0.0,0.0
politics,0.0,0.0,0.0,0.0,0.0,0.0,0.0,0.0,0.0,0.0,0.0,0.0,0.0,3.349282296650718,0.0,0.0,0.0,0.0,0.0,0.0,1.4354066985645932,0.0,0.0,0.0,0.0,0.0,0.0,0.0,0.0,0.0,0.0,0.0
politics,0.0,0.0,0.0,0.0,0.0,0.0,0.0,0.0,0.0,0.0,0.0,5.660377358490567,0.0,5.031446540880504,0.0,0.0,0.0,0.0,0.0,0.0,0.0,0.0,0.0,0.0,0.0,0.0,0.0,0.0,0.0,0.0,0.0,0.0
gaming,0.0,0.0,0.0,0.0,0.0,0.0,0.0,0.0,0.0,0.0,0.0,9.523809523809524,0.0,6.349206349206349,0.0,0.0,0.0,0.0,0.0,0.0,0.0,0.0,0.0,0.0,0.0,0.0,0.0,0.0,0.0,0.0,0.0,0.0
explainlikeimfive,0.0,0.0,0.0,0.0,0.0,0.0,8.333333333333332,0.0,0.0,0.0,0.0,4.166666666666666,0.0,4.166666666666666,0.0,0.0,2.083333333333333,0.0,0.0,0.0,0.0,0.0,0.0,0.0,0.0,0.0,0.0,0.0,0.0,0.0,0.0,0.0
gaming,0.0,0.0,0.0,0.0,0.0,0.0,0.0,0.0,0.0,0.0,0.0,2.9850746268656714,0.0,4.776119402985075,0.0,0.0,0.0,0.0,0.0,0.0,0.0,0.0,0.0,0.0,0.0,0.0,0.0,0.0,0.0,0.0,0.0,0.0
explainlikeimfive,0.0,0.0,0.0,0.0,0.0,0.0,0.7957559681697612,1.8567639257294428,1.8567639257294428,0.0,0.0,4.774535809018567,0.2652519893899204,3.978779840848806,0.0,0.2652519893899204,0.5305039787798408,0.0,0.0,0.2652519893899204,0.0,0.0,0.0,0.0,0.0,0.0,0.0,0.0,0.0,0.0,0.0,0.0
funny,0.0,0.0,0.0,0.0,0.0,0.0,0.881057268722467,0.881057268722467,0.881057268722467,0.0,0.0,2.2026431718061676,0.0,7.488986784140969,0.0,0.0,0.0,0.0,0.0,0.0,0.4405286343612335,0.0,0.0,0.0,0.0,0.0,0.0,0.0,0.0,0.0,0.0,0.0
funny,0.0,0.0,0.0,0.0,4.371584699453552,0.0,0.0,2.185792349726776,2.185792349726776,0.0,0.0,4.918032786885246,0.0,4.371584699453552,0.0,0.0,0.546448087431694,0.0,0.0,0.0,0.0,0.0,0.0,0.0,0.0,0.0,0.0,0.0,0.0,0.0,0.0,1.092896174863388
politics,0.0,0.0,0.0,0.0,0.0,0.0,0.0,0.0,0.0,0.0,0.0,2.272727272727273,1.1363636363636365,4.545454545454546,0.0,0.0,0.0,0.0,0.0,0.0,0.0,0.0,0.0,0.0,0.0,0.0,0.0,0.0,0.0,0.0,0.0,0.0
politics,0.0,0.0,0.0,0.0,0.0,0.0,0.145985401459854,0.43795620437956206,0.43795620437956206,0.0,0.0,4.087591240875913,0.291970802919708,4.233576642335766,0.0,0.0,0.145985401459854,0.0,0.0,0.0,0.0,0.0,0.0,0.0,0.0,0.0,0.0,0.0,0.0,0.0,0.0,0.0
politics,0.0,0.0,0.0,0.0,0.0,0.0,0.0,3.3950617283950617,3.3950617283950617,0.0,0.0,5.864197530864197,0.0,3.3950617283950617,0.0,0.6172839506172839,0.0,0.0,0.0,0.6172839506172839,0.0,0.0,0.0,0.0,0.0,0.0,0.0,0.0,0.0,0.0,0.0,0.0
todayilearned,0.0,0.0,0.0,0.0,0.0,0.0,0.0,3.571428571428571,2.6785714285714284,0.0,0.0,10.714285714285714,0.0,4.464285714285714,0.0,0.0,0.0,0.0,0.0,0.8928571428571428,0.0,0.0,0.8928571428571428,0.0,0.8928571428571428,0.0,0.0,0.0,0.0,0.0,0.0,0.0
funny,0.0,0.0,0.0,0.0,0.0,0.0,0.0,0.8695652173913043,0.8695652173913043,0.0,0.0,4.3478260869565215,0.8695652173913043,6.956521739130435,0.0,0.0,0.0,0.0,0.0,0.0,0.0,0.0,0.0,0.0,0.0,0.0,0.0,0.0,0.0,0.0,0.0,0.0
pics,0.0,0.0,0.0,1.5625,0.0,0.0,0.0,0.78125,0.78125,0.0,0.0,0.78125,0.0,3.90625,0.0,0.0,0.0,0.0,0.0,0.0,0.0,0.0,0.0,0.0,0.0,0.0,0.0,0.0,0.0,0.0,0.0,0.0
politics,0.0,0.0,0.0,0.0,0.0,0.0,0.0,0.0,0.0,0.0,0.0,0.0,0.0,50.0,0.0,0.0,0.0,0.0,0.0,0.0,0.0,0.0,0.0,0.0,0.0,0.0,0.0,0.0,0.0,0.0,0.0,0.0
politics,0.0,0.0,0.0,0.0,0.0,0.0,2.631578947368421,0.0,0.0,0.0,0.0,5.263157894736842,0.0,2.631578947368421,0.0,0.0,0.0,0.0,0.0,0.0,0.0,0.0,2.631578947368421,0.0,2.631578947368421,0.0,0.0,0.0,0.0,0.0,0.0,0.0
politics,0.0,0.0,0.0,0.0,0.0,0.0,0.0,0.0,0.0,0.0,0.0,5.769230769230769,0.0,6.730769230769231,0.0,0.0,0.0,0.0,0.0,0.0,0.0,0.0,0.0,0.0,0.0,0.0,0.0,0.0,0.0,0.0,0.0,0.0
politics,0.0,0.0,0.0,0.0,0.0,0.0,0.0,0.0,0.0,0.0,0.0,6.741573033707865,0.0,4.49438202247191,0.0,0.0,0.0,0.0,0.0,0.0,0.5617977528089888,0.0,0.0,0.0,0.0,0.0,0.0,0.0,0.0,0.0,0.0,0.0
pics,0.0,0.0,0.0,0.0,0.0,0.0,0.0,0.53475935828877,0.53475935828877,0.0,0.0,3.2085561497326207,0.0,4.27807486631016,0.0,0.0,0.0,0.0,0.0,0.0,4.27807486631016,0.0,0.0,0.0,0.0,0.0,0.0,0.0,0.0,0.0,0.0,0.0
pics,0.0,0.0,0.0,0.0,0.0,0.0,0.0,0.0,0.0,0.0,0.0,7.207207207207207,0.0,3.6036036036036037,0.0,0.0,0.0,0.0,0.0,0.0,0.0,0.0,0.0,0.0,0.0,0.0,0.0,0.0,0.0,0.0,0.0,0.0
atheism,0.5405405405405406,0.0,0.0,0.0,0.0,0.5405405405405406,0.0,0.5405405405405406,0.5405405405405406,0.0,0.0,3.2432432432432434,0.0,3.783783783783784,0.0,0.0,0.0,0.0,0.0,0.0,0.0,0.0,0.0,0.0,0.0,0.0,0.0,0.0,0.0,0.0,0.0,0.0
gaming,0.0,0.0,0.0,0.0,0.0,0.0,0.0,2.0,2.0,3.6666666666666665,0.0,5.666666666666666,0.0,5.666666666666666,0.0,1.3333333333333335,0.0,0.0,0.0,0.0,0.0,0.0,0.0,0.0,0.0,0.0,0.0,0.0,0.0,0.0,0.0,0.0
politics,0.0,0.0,0.0,0.0,0.0,0.0,0.0,0.0,0.0,0.0,0.0,1.7543859649122806,0.0,5.263157894736842,0.0,0.0,0.0,0.0,0.0,0.0,1.7543859649122806,0.0,0.0,0.0,0.0,0.0,0.0,0.0,0.0,0.0,0.0,0.0
politics,0.0,0.0,0.0,0.0,0.0,0.0,0.0,0.0,0.0,0.0,0.0,2.2388059701492535,1.4925373134328357,2.9850746268656714,0.0,0.0,0.0,0.0,0.0,0.0,0.0,0.0,0.0,0.0,0.0,0.0,0.0,0.0,0.0,0.0,0.0,0.0
atheism,0.0,0.0,0.0,0.0,0.0,0.0,0.0,2.3474178403755865,0.0,0.0,0.0,6.103286384976526,0.0,2.3474178403755865,0.0,0.0,0.0,0.0,0.0,0.0,0.0,0.0,1.8779342723004695,0.0,1.8779342723004695,0.0,0.0,0.0,0.0,0.0,0.0,0.0
gaming,0.0,0.0,0.0,0.0,0.0,0.0,0.0,0.0,0.0,0.0,0.0,0.0,0.0,7.142857142857142,0.0,0.0,0.0,0.0,0.0,0.0,0.0,0.0,0.0,0.0,0.0,0.0,0.0,0.0,0.0,0.0,0.0,0.0
gaming,0.0,0.0,0.0,0.0,0.0,0.0,0.0,3.5398230088495577,1.7699115044247788,0.0,0.0,6.1946902654867255,1.7699115044247788,4.424778761061947,0.0,0.8849557522123894,0.0,0.0,0.0,0.0,0.0,0.0,0.8849557522123894,0.0,1.7699115044247788,0.0,0.0,0.0,0.0,0.0,0.0,0.0
gaming,0.0,0.0,0.0,0.0,0.0,0.0,0.0,0.5328596802841918,0.5328596802841918,0.0,0.0,4.7957371225577266,0.17761989342806395,3.7300177619893424,0.0,0.3552397868561279,0.0,0.0,0.0,0.0,0.17761989342806395,0.0,0.0,0.0,0.0,0.0,0.0,0.0,0.0,0.0,0.0,0.0
gaming,2.083333333333333,0.0,0.0,0.0,0.0,0.0,0.0,0.0,0.0,0.0,0.0,5.208333333333334,0.0,3.125,0.0,0.0,0.0,0.0,0.0,0.0,0.0,0.0,0.0,0.0,0.0,0.0,0.0,0.0,0.0,0.0,0.0,0.0
gaming,0.0,0.0,0.0,0.0,0.0,0.0,0.0,1.2048192771084338,1.2048192771084338,0.0,0.0,2.4096385542168677,0.0,6.024096385542169,0.0,0.0,1.2048192771084338,0.0,0.0,0.0,1.2048192771084338,0.0,0.0,0.0,0.0,0.0,0.0,0.0,0.0,0.0,0.0,0.0
gaming,1.1363636363636365,0.0,0.0,0.0,0.0,1.1363636363636365,0.0,3.4090909090909087,3.4090909090909087,0.0,0.0,4.545454545454546,0.0,2.272727272727273,0.0,0.0,0.0,0.0,0.0,0.0,0.0,0.0,0.0,0.0,0.0,0.0,0.0,0.0,0.0,0.0,0.0,0.0
gaming,0.0,0.0,0.0,0.0,0.0,0.0,9.210526315789473,2.631578947368421,2.631578947368421,0.0,0.0,10.526315789473683,0.0,3.9473684210526314,0.0,0.0,0.0,0.0,0.0,0.0,1.3157894736842104,0.0,0.0,0.0,0.0,0.0,0.0,0.0,0.0,0.0,0.0,0.0
politics,0.0,0.0,0.0,0.0,0.0,0.0,0.0,0.303951367781155,0.303951367781155,0.0,0.0,4.86322188449848,0.0,6.990881458966565,0.0,0.0,0.0,0.0,0.0,0.0,0.0,0.0,0.0,0.0,0.0,0.0,0.0,0.0,0.0,0.0,0.0,0.0
politics,0.0,0.0,0.0,0.0,0.0,0.0,0.0,2.109704641350211,1.6877637130801686,0.0,0.0,8.016877637130802,0.0,4.219409282700422,0.0,0.8438818565400843,0.0,0.0,0.0,0.8438818565400843,0.0,0.0,0.42194092827004215,0.0,0.42194092827004215,0.0,0.0,0.0,0.0,0.0,0.0,0.0
politics,0.3194888178913738,0.0,0.0,0.0,0.0,0.0,0.3194888178913738,0.6389776357827476,0.6389776357827476,0.0,0.0,4.472843450479233,0.0,4.472843450479233,0.0,0.3194888178913738,0.0,0.0,0.3194888178913738,0.0,1.5974440894568689,0.0,0.0,0.0,0.0,0.0,0.0,0.0,0.0,0.0,0.0,0.0
funny,0.0,0.0,0.0,0.0,0.0,0.0,0.0,0.0,0.0,0.0,0.0,1.2987012987012987,0.0,3.896103896103896,0.0,0.0,0.0,0.0,0.0,0.0,1.2987012987012987,0.0,0.0,0.0,0.0,0.0,0.0,0.0,0.0,0.0,0.0,0.0
atheism,0.0,0.0,0.0,0.0,0.0,2.2222222222222223,0.0,0.0,0.0,0.0,0.0,2.2222222222222223,0.0,6.666666666666667,0.0,0.0,0.0,0.0,0.0,0.0,0.0,0.0,0.0,0.0,0.0,0.0,0.0,0.0,0.0,0.0,0.0,0.0
atheism,0.0,0.0,0.0,0.0,0.0,0.0,0.0,1.3333333333333335,1.3333333333333335,0.0,0.0,4.0,0.0,5.333333333333334,0.0,0.0,0.0,0.0,0.0,0.0,0.0,0.0,0.0,0.0,0.0,0.0,0.0,0.0,0.0,0.0,0.0,0.0
atheism,0.0,0.0,0.0,0.0,0.0,0.0,0.0,0.8086253369272237,0.0,0.0,0.0,3.7735849056603774,0.0,4.0431266846361185,0.0,0.2695417789757413,0.0,0.0,0.5390835579514826,0.8086253369272237,1.3477088948787064,0.0,0.5390835579514826,0.0,0.5390835579514826,0.0,0.0,0.0,0.0,0.0,0.0,0.0
funny,0.0,0.0,0.0,0.0,1.0,0.0,0.0,0.0,0.0,0.0,0.0,2.0,0.0,4.0,0.0,0.0,0.0,0.0,0.0,0.0,0.0,0.0,0.0,0.0,0.0,0.0,0.0,0.0,0.0,0.0,0.0,0.0
funny,0.0,0.0,0.0,0.0,0.0,0.0,0.0,0.53475935828877,0.53475935828877,0.0,0.0,4.81283422459893,0.0,2.13903743315508,0.0,0.0,0.0,0.0,0.0,0.53475935828877,2.13903743315508,0.0,0.0,0.0,0.0,0.0,0.0,0.0,0.0,0.0,0.0,0.0
politics,0.0,0.0,0.0,0.0,0.0,0.0,0.0,0.0,0.0,0.0,0.0,7.142857142857142,0.35714285714285715,6.785714285714286,0.0,0.0,0.0,0.0,0.0,0.0,1.4285714285714286,0.0,0.0,0.0,0.0,0.0,0.0,0.0,0.0,0.0,0.0,0.0
politics,0.0,0.0,0.0,0.0,0.0,0.0,0.641025641025641,0.0,0.0,0.0,0.0,5.128205128205128,0.0,6.089743589743589,0.0,0.641025641025641,0.0,0.0,0.0,0.0,0.641025641025641,0.0,0.0,0.0,0.0,0.0,0.0,0.0,0.0,0.0,0.0,0.0
gaming,0.0,0.0,0.0,0.0,0.0,0.0,0.0,0.0,0.0,0.0,0.0,5.590062111801243,0.0,4.3478260869565215,0.0,0.0,0.0,0.0,0.0,0.0,0.0,0.0,0.0,0.0,0.0,0.0,0.0,0.0,0.0,0.0,0.0,0.0
atheism,0.0,0.0,0.0,0.0,0.4694835680751174,0.0,0.0,1.643192488262911,1.643192488262911,0.0,0.0,3.9906103286384975,0.9389671361502347,1.8779342723004695,0.0,0.2347417840375587,0.2347417840375587,0.0,0.0,0.0,0.0,0.0,0.0,0.0,0.0,0.0,0.0,0.0,0.0,0.0,0.0,0.0
politics,0.0,0.0,0.0,0.0,0.0,0.0,0.0,0.3401360544217687,0.3401360544217687,0.0,0.0,1.7006802721088436,0.3401360544217687,3.741496598639456,0.0,0.0,0.0,0.0,0.0,0.0,0.0,0.0,0.0,0.0,0.0,0.0,0.0,0.0,0.0,0.0,0.0,0.0
atheism,1.9801980198019802,0.0,0.0,0.0,0.0,0.0,0.0,0.24752475247524752,0.24752475247524752,0.0,0.0,3.217821782178218,0.0,4.702970297029703,0.0,0.24752475247524752,0.0,0.0,0.0,0.0,0.0,0.0,0.0,0.0,0.0,0.0,0.0,0.0,0.0,0.0,0.0,0.0
todayilearned,0.0,0.0,0.0,0.0,0.0,0.0,0.0,0.0,0.0,0.0,0.0,6.25,0.0,4.166666666666666,0.0,0.0,0.0,0.0,0.0,0.0,2.083333333333333,0.0,0.0,0.0,0.0,0.0,0.0,0.0,0.0,0.0,0.0,0.0
politics,0.0,0.0,0.0,0.0,1.5873015873015872,0.0,0.0,3.1746031746031744,3.1746031746031744,0.0,0.0,1.5873015873015872,0.0,4.761904761904762,0.0,1.5873015873015872,0.0,0.0,0.0,0.0,0.0,0.0,0.0,0.0,0.0,0.0,0.0,0.0,0.0,0.0,0.0,0.0
politics,0.0,0.0,0.0,0.0,0.0,0.0,0.0,0.6097560975609756,0.6097560975609756,0.0,0.0,1.2195121951219512,0.0,4.878048780487805,0.0,0.0,0.0,0.0,0.0,0.0,0.0,0.0,0.0,0.0,0.0,0.0,0.0,0.0,0.0,0.0,0.0,0.0
pics,1.694915254237288,0.0,0.0,0.0,0.0,0.0,0.847457627118644,0.847457627118644,0.847457627118644,0.0,0.0,3.389830508474576,0.0,4.23728813559322,0.0,0.0,0.0,0.0,0.0,0.0,0.0,0.0,0.0,0.0,0.0,0.0,0.0,0.0,0.0,0.0,0.0,0.0
pics,0.0,0.0,0.0,0.0,0.0,0.0,0.0,2.631578947368421,2.631578947368421,0.0,0.0,2.631578947368421,0.0,5.263157894736842,0.0,0.0,0.0,0.0,0.0,0.0,2.631578947368421,0.0,0.0,0.0,0.0,0.0,0.0,0.0,0.0,0.0,0.0,0.0
politics,0.0,0.0,0.0,0.0,1.25,0.0,0.0,0.0,0.0,0.0,0.0,6.25,0.0,6.25,0.0,0.0,0.0,0.0,0.0,0.0,0.0,0.0,0.0,0.0,0.0,0.0,0.0,0.0,0.0,0.0,0.0,0.0
pics,0.0,0.0,0.0,0.0,0.0,0.0,0.0,0.0,0.0,0.0,0.0,6.015037593984962,0.0,3.7593984962406015,0.0,0.0,1.5037593984962405,0.0,0.0,0.0,0.0,0.0,0.0,0.0,0.0,0.0,0.0,0.0,0.0,0.0,0.0,0.0
politics,0.0,0.0,0.0,0.0,0.0,0.0,0.0,1.1673151750972763,1.1673151750972763,0.0,0.0,5.836575875486381,0.0,3.11284046692607,0.0,0.0,0.0,0.0,0.0,0.0,0.0,0.0,0.0,0.0,0.0,0.0,0.0,0.0,0.0,0.0,0.0,0.0
politics,0.0,0.0,0.0,0.0,0.0,0.0,0.0,0.0,0.0,0.8333333333333334,0.0,3.3333333333333335,0.0,3.3333333333333335,0.0,0.0,0.0,0.0,0.0,0.0,0.8333333333333334,0.0,0.0,0.0,0.0,0.0,0.0,0.0,0.0,0.0,0.0,0.0
politics,0.0,0.0,0.0,0.0,0.0,0.0,0.0,2.083333333333333,1.3888888888888888,0.0,0.0,1.3888888888888888,2.083333333333333,2.7777777777777777,0.0,0.0,0.0,0.0,0.0,0.0,0.0,0.0,0.6944444444444444,0.0,0.6944444444444444,0.0,0.0,0.0,0.0,0.0,0.0,0.0
politics,0.0,0.0,0.0,0.0,0.0,0.0,0.0,0.9174311926605505,0.9174311926605505,0.0,0.0,1.834862385321101,0.0,2.7522935779816518,0.0,0.0,0.0,0.0,0.0,0.0,0.0,0.0,0.0,0.0,0.0,0.0,0.0,0.0,0.0,0.0,0.0,0.0
gaming,0.0,0.0,0.0,0.0,0.0,0.0,0.0,0.0,0.0,0.0,0.0,9.230769230769232,0.0,4.615384615384616,0.0,0.0,0.0,0.0,0.0,0.0,0.0,0.0,0.0,0.0,0.0,0.0,0.0,0.0,0.0,0.0,0.0,0.0
gaming,0.0,0.0,0.0,0.0,0.0,0.0,0.0,2.8301886792452833,2.8301886792452833,0.0,0.0,1.8867924528301887,0.0,1.8867924528301887,0.0,0.0,1.8867924528301887,0.0,0.0,0.0,0.0,0.0,0.0,0.0,0.0,0.0,0.0,0.0,0.0,0.0,0.0,0.0
atheism,0.0,0.0,0.0,0.0,0.0,1.4492753623188406,0.0,1.4492753623188406,1.4492753623188406,0.0,0.0,0.0,0.0,5.797101449275362,0.0,1.4492753623188406,0.0,0.0,0.0,0.0,1.4492753623188406,0.0,0.0,0.0,0.0,0.0,0.0,0.0,0.0,0.0,0.0,0.0
politics,0.0,0.0,0.0,0.0,0.4132231404958678,0.0,0.0,0.4132231404958678,0.4132231404958678,0.0,0.0,4.958677685950414,0.0,6.198347107438017,0.0,0.8264462809917356,0.0,0.0,0.0,0.0,0.0,0.0,0.0,0.0,0.0,0.0,0.0,0.0,0.0,0.0,0.0,0.0
pics,0.0,0.0,0.0,0.0,0.0,0.0,0.0,0.0,0.0,0.0,0.0,0.0,0.0,5.555555555555555,0.0,5.555555555555555,0.0,0.0,0.0,0.0,5.555555555555555,0.0,0.0,0.0,0.0,0.0,0.0,0.0,0.0,0.0,0.0,0.0
gaming,0.1841620626151013,0.0,0.0,0.0,0.0,0.0,0.0,0.1841620626151013,0.1841620626151013,0.0,0.0,5.3406998158379375,0.0,6.077348066298343,0.0,0.0,0.0,0.0,0.0,0.0,0.1841620626151013,0.0,0.0,0.0,0.0,0.0,0.0,0.0,0.0,0.0,0.0,0.0
pics,0.0,0.0,0.0,0.0,0.0,0.0,1.3157894736842104,0.43859649122807015,0.43859649122807015,0.0,0.0,10.526315789473683,0.8771929824561403,4.824561403508771,0.0,0.0,0.0,0.0,0.0,0.0,0.0,0.0,0.0,0.0,0.0,0.0,0.0,0.0,0.0,0.0,0.0,0.0
pics,1.098901098901099,0.0,0.0,0.0,0.0,0.0,1.098901098901099,0.0,0.0,0.0,0.0,4.395604395604396,0.0,5.4945054945054945,0.0,0.0,0.0,0.0,0.0,0.0,0.0,0.0,0.0,0.0,0.0,0.0,0.0,0.0,0.0,0.0,0.0,0.0
pics,0.0,0.0,0.0,0.0,0.0,0.0,0.0,0.0,0.0,0.0,0.0,0.0,0.0,0.0,0.0,0.0,0.0,0.0,0.0,0.0,0.0,0.0,0.0,0.0,0.0,0.0,0.0,0.0,0.0,0.0,0.0,0.0
pics,0.0,0.0,0.0,0.0,0.0,0.0,0.0,1.5625,0.0,0.0,0.0,1.5625,0.0,3.125,0.0,0.0,0.0,0.0,0.0,0.0,1.5625,0.0,1.5625,0.0,1.5625,0.0,0.0,0.0,0.0,0.0,0.0,0.0
gaming,0.0,0.0,0.0,0.0,0.0,0.0,0.0,0.0,0.0,0.0,0.0,9.701492537313433,0.0,4.477611940298507,0.0,0.0,0.0,0.0,0.0,0.0,0.0,0.0,0.0,0.0,0.0,0.0,0.0,0.0,0.0,0.0,0.0,0.0
gaming,0.0,0.0,0.0,0.0,0.0,0.0,0.0,0.6968641114982579,0.34843205574912894,0.0,0.0,6.2717770034843205,0.0,3.484320557491289,0.0,0.17421602787456447,0.0,0.0,0.0,0.0,0.0,0.0,0.34843205574912894,0.0,0.34843205574912894,0.0,0.0,0.0,0.0,0.0,0.0,0.0
gaming,0.0,0.0,0.0,0.0,0.0,0.0,0.0,1.4598540145985401,1.4598540145985401,0.0,0.0,3.64963503649635,0.0,3.64963503649635,0.0,0.7299270072992701,0.0,0.0,0.0,0.0,0.7299270072992701,0.0,0.0,0.0,0.0,0.0,0.0,0.0,0.0,0.0,0.0,0.0
politics,0.0,0.0,0.0,0.0,0.0,0.0,0.0,0.0,0.0,0.0,0.0,1.8867924528301887,0.0,5.660377358490567,0.0,0.0,0.0,0.0,0.0,0.0,0.0,0.0,0.0,0.0,0.0,0.0,0.0,0.0,0.0,0.0,0.0,0.0
politics,0.0,0.0,0.0,0.0,5.0,0.0,0.0,0.0,0.0,0.0,0.0,10.0,0.0,0.0,0.0,0.0,0.0,0.0,0.0,0.0,2.5,0.0,0.0,0.0,0.0,0.0,0.0,0.0,0.0,0.0,0.0,0.0
gaming,0.0,0.0,0.0,0.0,0.0,0.0,0.0,1.015228426395939,1.015228426395939,0.0,0.0,4.060913705583756,0.0,5.0761421319796955,0.0,0.0,0.0,0.0,0.0,0.0,0.5076142131979695,0.0,0.0,0.0,0.0,0.0,0.0,0.0,0.0,0.0,0.0,0.0
gaming,0.0,0.0,0.0,0.0,0.0,0.0,0.0,0.9090909090909091,0.9090909090909091,0.0,0.0,4.545454545454546,0.0,4.545454545454546,0.0,0.0,0.0,0.0,0.9090909090909091,0.0,0.0,0.0,0.0,0.0,0.0,0.0,0.0,0.0,0.0,0.0,0.0,0.0
gaming,1.4084507042253522,0.0,0.0,0.0,0.0,0.0,0.0,0.0,0.0,0.0,0.0,0.7042253521126761,0.7042253521126761,3.5211267605633805,0.0,0.0,0.0,0.0,0.0,0.0,0.0,0.0,0.0,0.0,0.0,0.0,0.0,0.0,0.0,0.0,0.0,0.0
pics,0.0,0.0,0.0,0.0,0.0,0.0,0.0,0.0,0.0,0.0,0.0,0.0,0.0,2.083333333333333,0.0,0.0,0.0,0.0,0.0,0.0,0.0,0.0,0.0,0.0,0.0,0.0,0.0,0.0,0.0,0.0,0.0,0.0
politics,0.0,0.0,0.0,0.0,0.0,0.0,0.0,0.0,0.0,0.0,0.0,0.0,0.0,0.0,0.0,12.5,0.0,0.0,0.0,0.0,0.0,0.0,0.0,0.0,0.0,0.0,0.0,0.0,0.0,0.0,0.0,0.0
politics,0.0,0.0,0.27932960893854747,0.0,0.0,0.0,0.5586592178770949,0.8379888268156425,0.8379888268156425,0.0,0.27932960893854747,4.189944134078212,1.9553072625698324,1.1173184357541899,0.0,0.27932960893854747,0.0,0.0,0.0,1.9553072625698324,0.0,0.0,0.0,0.0,0.0,0.0,0.0,0.0,0.0,0.0,0.0,0.0
politics,0.0,0.0,0.0,0.0,0.0,0.0,0.0,1.0869565217391304,1.0869565217391304,0.0,0.0,3.6231884057971016,0.0,4.3478260869565215,0.0,0.36231884057971014,0.0,0.0,0.0,0.0,0.7246376811594203,0.0,0.0,0.0,0.0,0.0,0.0,0.0,0.0,0.0,0.0,0.0
politics,0.0,0.0,0.0,0.0,0.0,0.0,0.0,0.28735632183908044,0.28735632183908044,0.0,0.0,1.4367816091954022,0.0,5.459770114942529,0.0,0.0,0.0,0.0,0.0,0.0,0.0,0.0,0.0,0.0,0.0,0.0,0.0,0.0,0.0,0.0,0.0,0.0
politics,0.0,0.0,0.0,0.0,0.0,0.0,0.0,0.4629629629629629,0.4629629629629629,0.0,0.0,6.481481481481481,0.4629629629629629,2.314814814814815,0.0,0.0,0.0,0.0,0.0,0.0,0.0,0.0,0.0,0.0,0.0,0.0,0.0,0.0,0.0,0.0,0.0,0.0
politics,0.0,0.0,0.0,0.0,0.0,0.0,0.0,0.5813953488372093,0.5813953488372093,0.0,0.0,4.069767441860465,0.0,2.9069767441860463,0.0,0.0,0.0,0.0,0.0,0.0,0.0,0.0,0.0,0.0,0.0,0.0,0.0,0.0,0.0,0.0,0.0,0.0
politics,0.0,0.0,0.0,0.6329113924050633,0.0,0.0,0.0,0.6329113924050633,0.6329113924050633,0.0,0.0,1.2658227848101267,0.0,4.430379746835443,0.0,0.0,0.0,0.0,0.0,0.0,0.0,0.0,0.0,0.0,0.0,0.0,0.0,0.0,0.0,0.0,0.0,0.0
politics,0.0,0.0,0.0,0.0,0.0,0.0,0.0,0.48543689320388345,0.48543689320388345,0.0,0.0,1.4563106796116505,0.0,3.3980582524271843,0.0,0.24271844660194172,0.0,0.0,0.0,0.0,0.9708737864077669,0.0,0.0,0.0,0.0,0.0,0.0,0.0,0.0,0.0,0.0,0.0
politics,0.11325028312570783,0.0,0.0,0.11325028312570783,0.0,0.0,0.0,0.6795016987542469,0.5662514156285391,0.0,0.0,3.2842582106455263,0.11325028312570783,5.096262740656852,0.0,0.11325028312570783,0.0,0.0,0.0,0.0,0.0,0.0,0.0,0.0,0.0,0.0,0.0,0.0,0.0,0.0,0.0,0.0
politics,0.0,0.0,0.0,0.0,0.0,0.0,0.0,0.0,0.0,0.0,0.0,6.451612903225806,0.0,3.225806451612903,0.0,0.0,0.0,0.0,0.0,0.0,0.0,0.0,0.0,0.0,0.0,0.0,0.0,0.0,0.0,0.0,0.0,0.0
politics,0.0,0.0,0.0,0.1863932898415657,0.09319664492078285,0.0,0.0,0.3727865796831314,0.7455731593662628,0.0,0.0,3.91425908667288,0.0,3.91425908667288,0.0,0.0,0.4659832246039142,0.0,0.0,0.0,0.7455731593662628,0.0,0.0,0.0,0.0,0.0,0.0,0.0,0.0,0.0,0.0,0.0
politics,0.0,0.0,0.0,0.0,0.0,0.0,0.0,0.0,0.0,0.0,0.0,0.0,0.0,5.128205128205128,0.0,0.0,0.0,0.0,0.0,0.0,0.0,0.0,0.0,0.0,0.0,0.0,0.0,0.0,0.0,0.0,0.0,0.0
politics,0.0,0.0,0.0,2.4691358024691357,0.0,0.0,0.0,1.2345679012345678,1.2345679012345678,0.0,0.0,4.526748971193416,1.646090534979424,3.7037037037037033,0.0,0.0,0.0,0.0,0.411522633744856,0.0,0.823045267489712,0.0,0.0,0.0,0.0,0.0,0.0,0.0,0.0,0.0,0.0,0.0
pics,0.0,0.0,0.0,0.0,0.0,0.0,0.0,1.694915254237288,5.084745762711865,0.0,0.0,1.694915254237288,0.0,3.389830508474576,0.0,0.0,0.0,0.0,0.0,0.0,0.0,0.0,0.0,0.0,0.0,0.0,0.0,0.0,0.0,0.0,0.0,0.0
pics,0.6711409395973155,0.0,0.0,0.0,0.0,0.0,0.6711409395973155,0.0,0.0,0.0,0.0,3.3557046979865772,0.0,4.026845637583892,0.0,0.0,0.0,0.0,0.0,0.0,0.0,0.0,0.0,0.0,0.0,0.0,0.0,0.0,0.0,0.0,0.0,0.0
pics,0.0,0.0,0.0,0.0,0.0,0.0,0.0,1.2345679012345678,1.2345679012345678,0.0,0.0,7.818930041152264,0.0,3.292181069958848,0.0,0.0,0.411522633744856,0.0,0.0,0.0,0.0,0.0,0.0,0.0,0.0,0.0,0.0,0.0,0.0,0.0,0.0,0.0
pics,0.0,0.0,0.0,0.0,0.0,0.0,0.0,0.0,0.0,0.0,0.0,7.380073800738007,0.0,6.642066420664207,0.0,0.0,0.36900369003690037,0.0,0.0,0.0,0.0,0.0,0.0,0.0,0.0,0.0,0.0,0.0,0.0,0.0,0.0,0.0
pics,0.0,0.0,0.0,0.0,0.0,0.0,0.0,0.6711409395973155,0.6711409395973155,0.0,0.0,12.751677852348994,0.0,5.369127516778524,0.0,0.0,0.0,0.0,0.0,0.0,0.6711409395973155,0.0,0.0,0.0,0.0,0.0,0.0,0.0,0.0,0.0,0.0,0.0
pics,0.0,0.0,0.0,0.0,0.0,0.0,0.0,0.0,0.0,0.0,0.0,4.032258064516129,0.0,6.451612903225806,0.0,0.0,0.0,0.0,0.0,0.0,0.0,0.0,0.0,0.0,0.0,0.0,0.0,0.0,0.0,0.0,0.0,0.0
pics,0.0,0.0,0.0,0.0,0.0,0.0,0.0,0.0,0.0,0.0,0.0,2.5,0.0,5.0,0.0,0.0,0.0,0.0,0.0,0.0,0.0,0.0,0.0,0.0,0.0,0.0,0.0,0.0,0.0,0.0,0.0,0.0
gaming,0.0,0.0,0.0,0.0,0.0,0.0,0.0,1.1764705882352942,0.5882352941176471,0.0,0.0,2.3529411764705883,0.0,4.705882352941177,0.0,0.5882352941176471,0.0,0.0,0.0,0.0,0.0,0.0,0.0,0.0,0.0,0.0,0.0,0.0,0.0,0.0,0.0,0.0
gaming,0.0,0.0,0.0,0.0,0.0,0.0,0.0,4.10958904109589,2.73972602739726,0.0,0.0,2.73972602739726,1.36986301369863,5.47945205479452,0.0,0.0,0.0,0.0,0.0,0.0,0.0,0.0,1.36986301369863,0.0,1.36986301369863,0.0,0.0,0.0,0.0,0.0,0.0,0.0
atheism,0.0,0.0,0.0,0.0,0.0,0.0,0.0,3.896103896103896,1.2987012987012987,0.0,0.0,2.5974025974025974,0.0,3.896103896103896,0.0,0.0,0.0,0.0,0.0,0.0,0.0,0.0,1.2987012987012987,0.0,1.2987012987012987,0.0,0.0,0.0,0.0,0.0,0.0,0.0
gaming,0.0,0.0,0.0,0.0,0.0,0.0,0.0,1.25,1.25,0.0,0.0,3.75,0.0,6.25,0.0,0.0,0.0,0.0,0.0,0.0,1.25,0.0,0.0,0.0,0.0,0.0,0.0,0.0,0.0,0.0,0.0,0.0
gaming,0.0,0.0,0.0,0.0,0.0,0.0,0.0,0.0,0.0,0.0,0.0,5.442176870748299,0.0,3.4013605442176873,0.0,0.0,0.0,0.0,0.0,0.0,0.0,0.0,0.0,0.0,0.0,0.0,0.0,0.0,0.0,0.0,0.0,0.0
todayilearned,0.0,0.0,0.0,0.0,0.0,0.0,0.0,0.0,0.0,0.0,0.0,3.571428571428571,0.0,5.952380952380952,0.0,1.1904761904761905,0.0,0.0,0.0,0.0,0.0,0.0,0.0,0.0,0.0,0.0,0.0,0.0,0.0,0.0,0.0,0.0
pics,0.0,0.0,0.0,0.0,0.0,0.0,0.0,0.0,0.0,0.0,0.0,0.0,0.0,4.477611940298507,0.0,0.0,0.0,0.0,0.0,0.0,0.0,0.0,0.0,0.0,0.0,0.0,0.0,0.0,0.0,0.0,0.0,0.0
politics,0.0,0.0,0.0,0.4098360655737705,0.0,0.0,0.0,0.6147540983606558,0.819672131147541,0.0,0.0,3.278688524590164,0.4098360655737705,3.8934426229508197,0.0,0.0,0.0,0.0,0.0,0.0,0.0,0.0,0.0,0.0,0.0,0.0,0.0,0.0,0.0,0.0,0.0,0.0
politics,0.31746031746031744,0.0,0.0,0.0,0.0,0.0,0.0,0.6349206349206349,0.6349206349206349,0.0,0.0,3.8095238095238098,0.0,6.349206349206349,0.0,0.0,0.0,0.0,0.0,0.0,0.0,0.0,0.0,0.0,0.0,0.0,0.0,0.0,0.0,0.0,0.0,0.0
politics,0.0,0.0,0.0,0.0,0.5617977528089888,0.0,0.0,0.9363295880149813,0.37453183520599254,0.0,0.0,1.8726591760299627,0.0,3.932584269662921,0.0,0.0,0.0,0.0,0.0,0.18726591760299627,0.0,0.0,0.5617977528089888,0.0,0.5617977528089888,0.0,0.0,0.0,0.0,0.0,0.0,0.0
gaming,0.2967359050445104,0.0,0.0,0.0,0.0,0.0,0.0,0.2967359050445104,0.2967359050445104,0.0,0.0,3.2640949554896146,0.0,3.857566765578635,0.0,0.5934718100890208,0.0,0.2967359050445104,0.0,0.2967359050445104,0.5934718100890208,0.0,0.0,0.0,0.0,0.0,0.0,0.0,0.0,0.0,0.0,0.0
politics,0.0,0.0,0.0,0.0,0.0,0.0,0.0,0.0,0.0,0.0,0.0,7.894736842105263,0.0,5.263157894736842,0.0,0.0,0.0,0.0,0.0,0.0,0.0,0.0,0.0,0.0,0.0,0.0,0.0,0.0,0.0,0.0,0.0,0.0
politics,0.0,0.0,0.0,0.0,0.0,0.0,0.0,0.0,0.0,0.0,0.0,0.0,0.0,6.25,0.0,6.25,0.0,0.0,0.0,0.0,0.0,0.0,0.0,0.0,0.0,0.0,0.0,0.0,0.0,0.0,0.0,0.0
politics,0.0,0.0,0.0,0.0,0.0,0.0,0.0,0.0,0.0,0.0,0.0,0.0,0.0,0.0,0.0,0.0,0.0,0.0,0.0,0.0,0.0,0.0,0.0,0.0,0.0,0.0,0.0,0.0,0.0,0.0,0.0,0.0
atheism,0.0,0.0,0.0,0.0,0.0,0.0,0.0,0.6756756756756757,0.6756756756756757,0.0,0.0,6.081081081081082,0.0,2.7027027027027026,0.0,0.0,0.0,0.0,0.0,0.0,0.0,0.0,0.0,0.0,0.0,0.0,0.0,0.0,0.0,0.0,0.0,0.0
gaming,0.0,0.0,0.0,0.0,0.0,0.0,0.0,1.1627906976744187,1.1627906976744187,0.0,0.0,4.651162790697675,0.0,4.651162790697675,0.0,1.1627906976744187,0.0,0.0,0.0,0.0,0.0,0.0,0.0,0.0,0.0,0.0,0.0,0.0,0.0,0.0,0.0,0.0
gaming,0.8,0.0,0.0,0.0,0.0,0.0,0.0,0.0,0.0,0.0,0.0,4.8,0.0,4.8,0.0,0.8,0.0,0.0,0.0,0.0,0.8,0.0,0.0,0.0,0.0,0.0,0.0,0.0,0.0,0.0,0.0,0.0
gaming,0.0,0.0,0.0,0.0,0.1798561151079137,0.0,0.3597122302158274,0.3597122302158274,0.3597122302158274,0.0,0.0,5.215827338129497,0.0,3.9568345323741005,0.0,0.0,0.1798561151079137,0.0,0.0,0.0,0.3597122302158274,0.0,0.0,0.0,0.0,0.0,0.0,0.0,0.0,0.0,0.0,0.0
pics,0.0,0.0,0.0,0.0,0.0,0.0,0.0,0.0,0.0,0.0,0.0,4.545454545454546,0.0,4.545454545454546,0.0,2.272727272727273,0.0,0.0,0.0,0.0,0.0,0.0,0.0,0.0,0.0,0.0,0.0,0.0,0.0,0.0,0.0,0.0
politics,0.0,0.0,0.0,0.0,0.0,0.0,0.0,0.0,0.0,0.0,0.0,1.8518518518518516,0.0,5.555555555555555,0.0,0.0,0.0,0.0,0.0,0.0,0.0,0.0,0.0,0.0,0.0,0.0,0.0,0.0,0.0,0.0,0.0,0.0
atheism,0.0,0.0,0.0,0.0,0.0,0.0,0.0,0.0,0.0,0.0,0.0,3.8461538461538463,0.0,7.6923076923076925,0.0,0.0,0.0,0.0,0.0,0.0,0.0,0.0,0.0,0.0,0.0,0.0,0.0,0.0,0.0,0.0,0.0,0.0
politics,0.0,0.0,0.0,0.0,1.7094017094017095,0.0,0.0,0.8547008547008548,0.3418803418803419,0.0,0.0,4.786324786324787,0.17094017094017094,5.128205128205128,0.0,0.0,0.0,0.0,0.0,0.3418803418803419,0.3418803418803419,0.0,0.6837606837606838,0.0,0.6837606837606838,0.0,0.0,0.0,0.0,0.0,0.0,0.0
gaming,1.4184397163120568,0.0,0.0,0.0,0.0,0.0,0.0,0.0,0.0,0.0,0.7092198581560284,4.25531914893617,0.0,5.673758865248227,0.0,0.0,0.0,0.0,0.0,0.0,0.0,0.0,0.0,0.0,0.0,0.0,0.0,0.0,0.0,0.0,0.0,0.0
pics,0.0,0.0,0.0,0.0,0.0,0.0,0.0,0.0,0.0,0.0,0.0,3.9473684210526314,0.0,2.631578947368421,0.0,0.0,0.0,0.0,0.0,0.0,0.0,0.0,0.0,0.0,0.0,0.0,0.0,0.0,0.0,0.0,0.0,0.0
politics,0.0,0.0,0.0,0.0,0.0,0.0,0.0,1.1299435028248588,1.1299435028248588,0.0,0.0,5.273069679849341,0.0,3.389830508474576,0.0,0.0,0.9416195856873822,0.0,0.0,0.0,0.0,0.0,0.0,0.0,0.0,0.0,0.0,0.0,0.0,0.0,0.0,0.0
atheism,0.0,0.0,0.0,0.0,0.0,0.0,0.0,1.3333333333333335,1.3333333333333335,0.0,0.0,6.666666666666667,0.0,6.666666666666667,0.0,0.0,0.0,0.0,0.0,0.0,0.0,0.0,0.0,0.0,0.0,0.0,0.0,0.0,0.0,0.0,0.0,0.0
atheism,0.0,0.0,0.0,0.0,2.0,0.0,0.0,0.0,0.0,0.0,0.0,7.000000000000001,0.0,4.0,0.0,0.0,0.0,0.0,0.0,0.0,0.0,0.0,0.0,0.0,0.0,0.0,0.0,0.0,0.0,0.0,0.0,0.0
atheism,0.0,0.0,0.0,0.0,0.0,0.0,0.3115264797507788,3.115264797507788,2.803738317757009,0.0,0.0,4.672897196261682,0.0,1.8691588785046727,0.0,0.3115264797507788,0.3115264797507788,0.0,0.0,0.0,0.0,0.0,0.3115264797507788,0.0,0.3115264797507788,0.0,0.0,0.0,0.0,0.0,0.0,0.0
atheism,0.0,0.0,0.0,0.0,0.0,0.0,0.15220700152207,0.76103500761035,0.76103500761035,0.0,0.0,5.0228310502283104,0.0,5.47945205479452,0.0,0.30441400304414,0.0,0.0,0.0,0.0,0.45662100456621,0.0,0.0,0.0,0.0,0.0,0.0,0.0,0.0,0.0,0.0,0.0
atheism,0.0,0.0,0.0,0.0,0.0,0.0,0.0,0.8368200836820083,0.8368200836820083,0.0,0.0,4.184100418410042,0.0,4.602510460251046,0.0,0.0,0.0,0.0,0.0,0.0,0.0,0.0,0.0,0.0,0.0,0.0,0.0,0.0,0.0,0.0,0.0,0.0
atheism,0.0,0.0,0.0,0.0,0.0,0.0,0.0,0.0,0.0,0.0,0.0,7.801418439716312,0.0,6.382978723404255,0.7092198581560284,0.7092198581560284,0.0,0.0,0.0,0.0,0.0,0.0,0.0,0.0,0.0,0.0,0.0,0.0,0.0,0.0,0.0,0.0
atheism,0.0,0.0,0.0,0.0,0.0,0.0,0.0,2.2222222222222223,2.2222222222222223,0.0,0.0,0.0,0.0,2.2222222222222223,0.0,4.444444444444445,0.0,0.0,0.0,0.0,0.0,0.0,0.0,0.0,0.0,0.0,0.0,0.0,0.0,0.0,0.0,0.0
atheism,0.0,0.0,0.0,0.0,0.0,0.0,0.0,0.0,0.0,0.0,0.0,6.306306306306306,0.0,7.207207207207207,0.0,0.0,0.0,0.0,0.0,0.0,0.0,0.0,0.0,0.0,0.0,0.0,0.0,0.0,0.0,0.0,0.0,0.0
atheism,0.0,0.0,0.0,0.0,0.0,0.0,0.0,0.33112582781456956,0.33112582781456956,0.0,0.0,7.28476821192053,0.0,4.966887417218543,0.0,0.0,0.0,0.0,0.0,0.0,0.0,0.0,0.0,0.0,0.0,0.0,0.0,0.0,0.0,0.0,0.0,0.0
atheism,0.0,0.0,0.0,0.0,0.0,0.0,0.0,0.4484304932735426,0.4484304932735426,0.0,0.0,5.381165919282512,0.0,4.484304932735426,0.0,0.4484304932735426,0.0,0.0,0.0,0.0,0.0,0.0,0.0,0.0,0.0,0.0,0.0,0.0,0.0,0.0,0.0,0.0
atheism,0.0,0.0,0.0,0.0,0.0,0.0,0.9174311926605505,1.3761467889908259,1.3761467889908259,0.0,0.0,2.293577981651376,0.0,4.587155963302752,0.0,0.45871559633027525,0.45871559633027525,0.0,0.0,0.0,0.45871559633027525,0.0,0.0,0.0,0.0,0.0,0.0,0.0,0.0,0.0,0.0,0.0
atheism,0.4316546762589928,0.0,0.0,0.0,0.0,0.0,0.7194244604316548,0.4316546762589928,0.4316546762589928,0.0,0.0,5.611510791366906,0.8633093525179856,2.5899280575539567,0.0,0.0,0.0,0.0,0.0,0.0,1.4388489208633095,0.0,0.0,0.0,0.0,0.0,0.0,0.0,0.0,0.0,0.0,0.0
atheism,0.0,0.0,0.0,0.0,0.0,0.0,0.0,0.7874015748031495,0.7874015748031495,0.0,0.0,3.149606299212598,1.574803149606299,3.937007874015748,0.0,0.0,0.0,0.0,0.0,0.0,0.7874015748031495,0.0,0.0,0.0,0.0,0.0,0.0,0.0,0.0,0.0,0.0,0.0
atheism,0.0,0.0,0.0,0.0,0.0,0.0,0.0,0.5747126436781609,0.5747126436781609,0.0,0.0,2.8735632183908044,0.0,4.597701149425287,0.0,0.0,0.0,0.0,0.0,0.0,0.0,0.0,0.0,0.0,0.0,0.0,0.0,0.0,0.0,0.0,0.0,0.0
gaming,0.0,0.0,0.0,0.0,0.0,0.0,0.0,1.7699115044247788,1.7699115044247788,1.1061946902654867,0.0,5.3097345132743365,1.1061946902654867,5.3097345132743365,0.0,0.22123893805309736,0.0,0.0,0.0,1.3274336283185841,0.0,0.0,0.0,0.0,0.0,0.0,0.0,0.0,0.0,0.0,0.0,0.0
gaming,0.0,0.0,0.0,0.0,0.0,0.0,1.7857142857142856,0.0,0.0,0.0,0.0,1.7857142857142856,0.0,3.571428571428571,0.0,0.0,0.0,0.0,0.0,0.0,12.5,0.0,0.0,0.0,0.0,0.0,0.0,0.0,0.0,0.0,0.0,0.0
gaming,0.0,0.0,0.0,0.0,0.0,0.0,0.9538950715421303,0.47694753577106513,0.47694753577106513,0.0,0.0,2.5437201907790143,0.0,3.1796502384737675,0.0,0.1589825119236884,0.0,0.0,0.0,0.0,0.7949125596184419,0.0,0.0,0.0,0.0,0.0,0.0,0.0,0.0,0.0,0.0,0.0
gaming,0.0,0.0,0.0,0.0,0.0,0.0,0.0,0.6896551724137931,0.6896551724137931,0.0,0.0,12.413793103448276,0.0,5.517241379310345,0.0,0.0,0.0,0.0,0.0,0.0,0.0,0.0,0.0,0.0,0.0,0.0,0.0,0.0,0.0,0.0,0.0,0.0
gaming,0.0,0.0,0.0,0.0,0.0,0.0,1.507537688442211,0.5025125628140703,0.5025125628140703,0.0,0.0,1.0050251256281406,0.5025125628140703,2.512562814070352,0.0,0.0,0.0,0.0,0.0,0.0,0.0,0.0,0.0,0.0,0.0,0.0,0.0,0.0,0.0,0.0,0.0,0.0
politics,0.0,0.0,0.0,0.0,0.0,0.0,0.0,0.0,0.0,0.0,0.0,5.524861878453039,0.0,7.734806629834254,0.0,0.0,0.0,0.0,0.0,0.0,0.0,0.0,0.0,0.0,0.0,0.0,0.0,0.0,0.0,0.0,0.0,0.0
politics,0.0,0.0,0.0,0.0,0.0,0.0,0.0,0.0,0.0,0.0,0.0,4.545454545454546,0.0,6.363636363636363,0.0,0.9090909090909091,0.0,0.0,0.0,1.8181818181818181,0.0,0.0,0.0,0.0,0.0,0.0,0.0,0.0,0.0,0.0,0.0,0.0
politics,0.0,0.0,0.0,0.0,0.0,0.0,0.0,0.5050505050505051,0.5050505050505051,0.0,0.0,6.565656565656567,0.0,3.535353535353535,0.0,0.0,0.0,0.0,0.0,0.0,0.0,0.0,0.0,0.0,0.0,0.0,0.0,0.0,0.0,0.0,0.0,0.0
politics,0.35335689045936397,0.0,0.0,0.0,0.0,0.0,0.0,0.7067137809187279,0.7067137809187279,0.0,0.0,4.946996466431095,0.0,6.713780918727916,0.0,0.0,0.0,0.0,0.0,0.7067137809187279,0.35335689045936397,0.0,0.0,0.0,0.0,0.0,0.0,0.0,0.0,0.0,0.0,0.0
todayilearned,0.0,0.0,0.0,0.0,0.0,0.0,0.0,0.7751937984496124,0.7751937984496124,0.0,0.0,3.10077519379845,0.0,3.875968992248062,0.0,0.0,0.0,0.0,0.0,0.0,2.3255813953488373,0.0,0.0,0.0,0.0,0.0,0.0,0.0,0.0,0.0,0.0,0.0
todayilearned,0.0,0.0,0.0,0.0,0.0,0.0,0.0,0.0,0.0,0.0,0.0,2.564102564102564,0.0,7.6923076923076925,0.0,0.0,0.0,0.0,0.0,0.0,0.0,0.0,0.0,0.0,0.0,0.0,0.0,0.0,0.0,0.0,0.0,0.0
pics,0.0,0.0,0.0,0.7462686567164178,0.0,0.0,0.0,0.7462686567164178,0.7462686567164178,0.0,0.0,2.9850746268656714,0.0,4.477611940298507,0.0,0.0,0.0,0.0,0.0,0.0,0.0,0.0,0.0,0.0,0.0,0.0,0.0,0.0,0.0,0.0,0.0,0.0
gaming,0.0,0.0,0.0,0.0,0.0,0.0,0.0,0.0,0.0,0.0,0.0,2.7027027027027026,0.0,5.405405405405405,0.0,0.0,0.0,0.0,0.0,0.0,0.0,1.3513513513513513,0.0,0.0,0.0,0.0,0.0,0.0,0.0,0.0,0.0,0.0
gaming,0.0,0.0,0.0,0.0,0.0,0.0,0.0,0.9009009009009009,0.9009009009009009,0.0,0.0,1.8018018018018018,1.8018018018018018,9.00900900900901,0.0,0.0,0.0,0.0,0.0,0.0,0.0,0.0,0.0,0.0,0.0,0.0,0.0,0.0,0.0,0.0,0.0,0.0
gaming,0.0,0.0,0.0,0.0,0.0,0.0,1.5665796344647518,0.7832898172323759,0.7832898172323759,0.0,0.0,2.3498694516971277,0.0,5.483028720626632,0.0,0.0,0.0,0.0,0.0,0.0,0.26109660574412535,0.0,0.0,0.0,0.0,0.0,0.0,0.0,0.0,0.0,0.0,0.0
gaming,0.0,0.0,0.0,0.0,0.0,0.0,0.0,0.0,0.0,0.0,0.0,4.0,0.0,5.333333333333334,0.0,0.0,0.0,0.0,0.0,0.0,0.0,0.0,0.0,0.0,0.0,0.0,0.0,0.0,0.0,0.0,0.0,0.0
gaming,0.0,0.0,0.0,0.0,0.0,0.0,0.0,1.183431952662722,1.183431952662722,0.0,0.0,3.5502958579881656,0.0,3.5502958579881656,0.0,0.591715976331361,0.0,0.0,0.0,0.0,0.591715976331361,0.0,0.0,0.0,0.0,0.0,0.0,0.0,0.0,0.0,0.0,0.0
gaming,0.0,0.0,0.0,0.0,1.8181818181818181,0.0,0.0,0.0,0.0,0.0,0.0,5.454545454545454,0.0,3.6363636363636362,0.0,0.0,0.0,0.0,0.0,0.0,0.0,0.0,0.0,0.0,0.0,0.0,0.0,0.0,0.0,0.0,0.0,0.0
gaming,0.0,0.0,0.0,0.0,0.0,0.0,0.0,1.36986301369863,1.36986301369863,0.0,0.0,8.21917808219178,0.0,8.21917808219178,0.0,0.0,0.0,0.0,0.0,0.0,0.0,0.0,0.0,0.0,0.0,0.0,0.0,0.0,0.0,0.0,0.0,0.0
gaming,0.0,0.0,0.0,0.0,0.0,0.0,0.0,0.0,0.0,0.0,0.0,6.0606060606060606,0.0,6.0606060606060606,0.0,0.0,0.0,0.0,0.0,0.0,0.0,0.0,0.0,0.0,0.0,0.0,0.0,0.0,0.0,0.0,0.0,0.0
atheism,0.0,0.0,0.0,0.0,0.0,0.0,0.0,0.0,0.0,0.0,0.0,4.838709677419355,0.0,3.225806451612903,0.0,0.0,0.0,0.0,0.0,0.0,0.0,0.0,0.0,0.0,0.0,0.0,0.0,0.0,0.0,0.0,0.0,0.0
pics,0.0,0.0,0.0,2.7027027027027026,0.0,0.0,0.0,0.0,0.0,0.0,0.0,2.7027027027027026,0.0,10.81081081081081,0.0,0.0,0.0,0.0,0.0,0.0,0.0,0.0,0.0,0.0,0.0,0.0,0.0,0.0,0.0,0.0,0.0,0.0
pics,0.0,0.0,0.0,0.0,0.0,0.0,0.0,8.0,8.0,0.0,0.0,4.0,0.0,4.0,0.0,0.0,0.0,0.0,0.0,0.0,0.0,0.0,0.0,0.0,0.0,0.0,0.0,0.0,0.0,0.0,0.0,0.0
pics,0.0,0.0,0.0,0.0,0.0,0.0,0.0,1.8181818181818181,1.8181818181818181,0.0,0.0,3.6363636363636362,0.0,1.8181818181818181,0.0,0.0,0.0,0.0,0.0,0.0,1.8181818181818181,0.0,0.0,0.0,0.0,0.0,0.0,0.0,0.0,0.0,0.0,0.0
pics,0.0,0.0,0.0,0.0,0.0,0.0,0.0,0.0,0.0,0.0,0.0,19.047619047619047,0.0,0.0,0.0,0.0,0.0,0.0,0.0,0.0,0.0,0.0,0.0,0.0,0.0,0.0,0.0,0.0,0.0,0.0,0.0,0.0
politics,0.0,0.0,0.0,0.0,0.0,0.0,1.834862385321101,0.45871559633027525,0.45871559633027525,0.0,0.0,7.339449541284404,0.0,4.128440366972478,0.0,0.0,0.0,0.0,0.0,0.0,0.0,0.0,0.0,0.0,0.0,0.0,0.0,0.0,0.0,0.0,0.0,0.0
pics,0.0,0.0,0.0,0.0,0.0,0.0,0.0,0.3389830508474576,0.3389830508474576,0.0,0.0,5.423728813559322,0.0,2.711864406779661,0.0,1.3559322033898304,0.3389830508474576,0.0,0.0,0.0,0.3389830508474576,0.0,0.0,0.0,0.0,0.0,0.0,0.0,0.0,0.0,0.0,0.0
atheism,0.0,0.0,0.0,0.0,0.0,0.0,0.0,2.2900763358778624,2.2900763358778624,0.0,0.0,5.343511450381679,0.0,1.5267175572519083,0.0,0.7633587786259541,0.7633587786259541,0.0,0.0,0.0,0.0,0.0,0.0,0.0,0.0,0.0,0.0,0.0,0.0,0.0,0.0,0.0
gaming,0.0,0.0,0.0,0.0,0.0,0.0,1.1904761904761905,0.0,0.0,0.0,0.0,7.142857142857142,0.0,8.333333333333332,0.0,0.0,0.0,0.0,0.0,0.0,0.0,0.0,0.0,0.0,0.0,0.0,0.0,0.0,0.0,0.0,0.0,0.0
atheism,0.0,0.0,0.0,0.0,0.0,0.0,0.0,0.0,0.0,0.0,0.0,2.0,0.0,6.0,0.0,0.0,0.0,0.0,0.0,0.0,0.0,0.0,0.0,0.0,0.0,0.0,0.0,0.0,0.0,0.0,0.0,0.0
politics,0.0,0.0,0.0,0.0,0.0,0.0,0.0,0.0,0.0,0.0,0.0,0.0,0.0,4.666666666666667,0.0,0.0,0.0,0.0,0.0,0.0,0.0,0.0,0.0,0.0,0.0,0.0,0.0,0.0,0.0,0.0,0.0,0.0
pics,0.0,0.0,0.0,0.0,0.0,0.0,0.0,8.333333333333332,0.0,0.0,0.0,0.0,0.0,0.0,0.0,0.0,0.0,0.0,0.0,0.0,0.0,0.0,0.0,0.0,8.333333333333332,0.0,0.0,0.0,0.0,0.0,0.0,0.0
atheism,2.1052631578947367,0.0,0.0,0.0,0.0,0.0,0.0,0.2631578947368421,0.2631578947368421,0.0,0.0,1.5789473684210527,0.0,5.0,0.0,0.0,0.5263157894736842,0.0,0.0,0.2631578947368421,0.0,0.0,0.0,0.0,0.0,0.0,0.0,0.0,0.0,0.0,0.0,0.0
todayilearned,0.0,0.0,0.0,0.0,0.0,0.0,0.0,1.7751479289940828,1.7751479289940828,0.0,0.0,4.733727810650888,0.0,4.733727810650888,0.0,0.0,0.0,0.0,0.0,0.0,0.0,0.0,0.0,0.0,0.0,0.0,0.0,0.0,0.0,0.0,0.0,0.0
atheism,0.0,0.0,0.0,0.0,0.0,0.0,0.0,0.0,0.0,0.0,0.0,5.47945205479452,0.0,6.8493150684931505,0.0,0.0,0.0,0.0,0.0,0.0,0.0,0.0,0.0,0.0,0.0,0.0,0.0,0.0,0.0,0.0,0.0,0.0
gaming,0.0,0.0,0.0,0.0,0.0,0.0,0.0,1.2345679012345678,1.2345679012345678,0.0,0.0,4.320987654320987,0.0,3.7037037037037033,0.0,0.0,0.0,0.0,0.0,0.0,0.6172839506172839,0.0,0.0,0.0,0.0,0.0,0.0,0.0,0.0,0.0,0.0,0.0
pics,0.0,0.0,0.0,0.0,0.0,0.0,0.7194244604316548,1.4388489208633095,1.4388489208633095,0.0,0.0,5.0359712230215825,0.0,2.877697841726619,0.0,0.0,0.0,0.0,0.0,0.0,0.0,0.0,0.0,0.0,0.0,0.0,0.0,0.0,0.0,0.0,0.0,0.0
politics,0.0,0.0,0.0,0.0,0.0,0.0,0.0,9.090909090909092,0.0,0.0,0.0,0.0,0.0,0.0,0.0,18.181818181818183,0.0,0.0,0.0,0.0,0.0,0.0,9.090909090909092,0.0,9.090909090909092,0.0,0.0,0.0,0.0,0.0,0.0,0.0
politics,0.0,0.0,0.0,0.0,0.0,0.0,0.0,0.6666666666666667,0.6666666666666667,0.0,0.0,3.3333333333333335,0.0,6.0,0.0,1.3333333333333335,0.0,0.0,0.0,0.0,0.0,0.0,0.0,0.0,0.0,0.0,0.0,0.0,0.0,0.0,0.0,0.0
gaming,0.0,0.0,0.0,0.0,0.0,0.0,0.0,0.0,0.0,0.0,0.0,6.666666666666667,0.0,4.444444444444445,0.0,0.0,0.0,0.0,0.0,0.0,4.444444444444445,0.0,0.0,0.0,0.0,0.0,0.0,0.0,0.0,0.0,0.0,0.0
atheism,0.0,0.0,0.0,0.0,0.0,0.0,0.4761904761904762,1.4285714285714286,1.4285714285714286,0.0,0.0,5.238095238095238,0.0,4.761904761904762,0.0,0.4761904761904762,0.4761904761904762,0.0,0.0,0.0,0.0,0.0,0.0,0.0,0.0,0.0,0.0,0.0,0.0,0.0,0.0,0.0
atheism,0.0,0.0,0.0,0.0,1.9047619047619049,0.0,1.9047619047619049,0.9523809523809524,0.9523809523809524,0.0,0.0,3.8095238095238098,1.9047619047619049,4.761904761904762,0.0,0.0,0.0,0.0,0.0,0.0,0.9523809523809524,0.0,0.0,0.0,0.0,0.0,0.0,0.0,0.0,0.0,0.0,0.0
politics,0.0,0.0,0.0,0.0,0.0,0.0,0.0,0.0,0.0,0.0,0.0,6.0606060606060606,0.0,6.0606060606060606,0.0,0.0,0.0,0.0,0.0,0.0,0.0,0.0,0.0,0.0,0.0,0.0,0.0,0.0,0.0,0.0,0.0,0.0
politics,0.0,0.0,0.0,0.0,1.0309278350515463,0.0,0.0,0.0,0.0,0.0,0.0,4.123711340206185,0.0,6.185567010309279,0.0,1.0309278350515463,2.0618556701030926,0.0,0.0,0.0,0.0,0.0,0.0,0.0,0.0,0.0,0.0,0.0,0.0,0.0,0.0,0.0
politics,0.26246719160104987,0.0,0.0,0.0,0.7874015748031495,0.0,0.0,0.26246719160104987,0.26246719160104987,0.0,0.0,2.6246719160104988,0.0,4.199475065616798,0.0,0.26246719160104987,0.0,0.0,0.0,0.0,1.0498687664041995,0.0,0.5249343832020997,0.0,0.5249343832020997,0.0,0.0,0.0,0.0,0.0,0.0,0.0
politics,0.0,0.0,0.0,5.128205128205128,2.564102564102564,0.0,0.0,0.0,0.0,0.0,0.0,5.128205128205128,0.0,6.41025641025641,0.0,0.0,0.0,0.0,0.0,0.0,0.0,0.0,0.0,0.0,0.0,0.0,0.0,0.0,0.0,0.0,0.0,0.0
politics,0.0,0.0,0.0,0.0,0.0,0.3508771929824561,0.0,0.7017543859649122,0.7017543859649122,0.0,0.0,3.1578947368421053,0.0,3.8596491228070176,0.0,3.1578947368421053,0.0,0.0,0.0,0.0,0.0,0.0,0.0,0.0,0.0,0.0,0.0,0.0,0.0,0.0,0.0,0.0
atheism,0.0,0.0,0.0,0.0,0.0,0.0,0.0,0.0,0.0,0.0,0.0,11.76470588235294,0.0,17.647058823529413,0.0,0.0,0.0,0.0,0.0,0.0,0.0,0.0,0.0,0.0,0.0,0.0,0.0,0.0,0.0,0.0,0.0,0.0
politics,0.0,0.0,0.0,0.0,0.0,0.0,0.0,0.0,0.0,0.0,0.0,0.0,0.0,6.382978723404255,0.0,0.0,0.0,0.0,0.0,0.0,2.127659574468085,0.0,0.0,0.0,0.0,0.0,0.0,0.0,0.0,0.0,0.0,0.0
politics,0.0,0.0,0.0,0.0,0.0,0.0,0.0,0.0,0.0,0.0,0.0,3.389830508474576,0.0,1.694915254237288,0.0,0.0,0.0,0.0,0.0,0.0,0.0,0.0,0.0,0.0,0.0,0.0,0.0,0.0,0.0,0.0,0.0,0.0
atheism,0.0,0.0,0.0,0.0,0.0,0.0,0.0,0.0,0.0,0.0,0.0,2.0618556701030926,0.0,4.123711340206185,0.0,0.0,0.0,0.0,0.0,0.0,0.0,0.0,0.0,0.0,0.0,0.0,0.0,0.0,0.0,0.0,0.0,0.0
atheism,0.0,0.0,0.0,0.0,0.0,0.0,0.0,0.425531914893617,0.425531914893617,0.0,0.0,3.404255319148936,0.0,4.680851063829787,0.0,0.0,0.0,0.0,0.0,0.0,0.425531914893617,0.0,0.0,0.0,0.0,0.0,0.0,0.0,0.0,0.0,0.0,0.0
atheism,0.0,0.0,0.0,0.0,0.0,0.0,0.0,0.7194244604316548,0.7194244604316548,0.0,0.0,3.597122302158273,0.0,2.158273381294964,0.0,0.7194244604316548,1.079136690647482,0.0,0.0,0.3597122302158274,1.079136690647482,0.0,0.0,0.0,0.0,0.0,0.0,0.0,0.0,0.0,0.0,0.0
gaming,0.0,0.0,0.0,0.0,0.0,0.0,0.0,0.0,0.0,0.0,0.0,4.683195592286501,0.0,7.162534435261708,0.0,0.0,0.0,0.0,0.0,0.27548209366391185,0.8264462809917356,0.0,0.0,0.0,0.0,0.0,0.0,0.0,0.0,0.0,0.0,0.0
atheism,0.0,0.0,0.0,0.0,0.0,0.0,0.0,0.0,0.0,0.0,0.0,0.0,0.0,8.333333333333332,0.0,0.0,0.0,0.0,0.0,0.0,0.0,0.0,0.0,0.0,0.0,0.0,0.0,0.0,0.0,0.0,0.0,0.0
explainlikeimfive,0.0,0.0,0.0,0.0,0.0,0.0,0.0,1.282051282051282,1.282051282051282,0.0,0.0,3.8461538461538463,0.0,4.700854700854701,0.0,0.0,0.0,0.0,0.0,0.0,0.0,0.0,0.0,0.0,0.0,0.0,0.0,0.0,0.0,0.0,0.0,0.0
gaming,0.0,0.0,0.0,0.0,0.0,0.0,0.0,3.1746031746031744,3.1746031746031744,0.0,0.0,3.968253968253968,0.0,4.761904761904762,0.0,0.0,0.0,0.0,0.0,0.0,0.0,0.0,0.0,0.0,0.0,0.0,0.0,0.0,0.0,0.0,0.0,0.0
atheism,0.0,0.0,0.0,0.0,0.0,0.0,0.0,0.0,0.0,0.0,0.0,6.153846153846154,0.0,7.6923076923076925,0.0,0.0,0.0,0.0,0.0,0.0,0.0,0.0,0.0,0.0,0.0,0.0,0.0,0.0,0.0,0.0,0.0,0.0
atheism,0.0,0.0,0.0,0.0,0.0,0.0,0.0,0.4830917874396135,0.4830917874396135,0.0,0.0,4.3478260869565215,0.0,4.830917874396135,0.0,0.0,0.0,0.0,0.0,0.0,0.0,0.0,0.0,0.0,0.0,0.0,0.0,0.0,0.0,0.0,0.0,0.0
atheism,0.0,0.0,0.0,0.0,0.0,0.0,0.0,0.0,0.0,0.0,0.0,7.368421052631578,0.0,5.263157894736842,0.0,0.0,1.0526315789473684,0.0,0.0,0.0,0.0,0.0,0.0,0.0,0.0,0.0,0.0,0.0,0.0,0.0,0.0,0.0
pics,0.0,0.0,0.0,0.0,0.0,0.0,0.0,0.0,0.0,0.0,0.0,2.3255813953488373,0.0,5.813953488372093,0.0,0.0,0.0,0.0,0.0,0.0,0.0,0.0,0.0,0.0,0.0,0.0,0.0,0.0,0.0,0.0,0.0,0.0
pics,0.0,0.0,0.0,0.0,0.0,0.0,0.0,0.0,0.0,0.0,0.0,4.3478260869565215,0.0,6.521739130434782,0.0,0.0,0.0,0.0,0.0,0.0,0.0,0.0,0.0,0.0,0.0,0.0,0.0,0.0,0.0,0.0,0.0,0.0
gaming,0.0,0.0,0.0,0.0,0.0,0.0,0.0,1.4084507042253522,0.0,0.0,0.0,0.0,0.0,1.4084507042253522,0.0,2.8169014084507045,0.0,0.0,0.0,0.0,1.4084507042253522,0.0,0.0,0.0,0.0,0.0,0.0,0.0,0.0,0.0,0.0,0.0
politics,0.0,0.0,0.0,0.0,0.0,0.0,0.0,0.0,0.0,0.0,0.0,0.0,0.0,10.0,0.0,0.0,0.0,0.0,0.0,0.0,0.0,0.0,0.0,0.0,0.0,0.0,0.0,0.0,0.0,0.0,0.0,0.0
politics,0.0,0.0,0.0,0.30120481927710846,0.0,0.0,0.0,0.0,0.0,0.0,0.0,4.216867469879518,0.0,3.91566265060241,0.0,0.0,0.0,0.0,0.0,0.6024096385542169,0.0,0.0,0.0,0.0,0.0,0.0,0.0,0.0,0.0,0.0,0.0,0.0
politics,0.0,0.0,0.0,0.0,2.127659574468085,0.0,0.0,0.0,0.0,0.0,0.0,2.127659574468085,0.0,6.382978723404255,0.0,2.127659574468085,0.0,0.0,0.0,0.0,0.0,0.0,0.0,0.0,0.0,0.0,0.0,0.0,0.0,0.0,0.0,0.0
politics,0.0,0.0,0.0,0.4424778761061947,0.4424778761061947,0.0,0.0,0.8849557522123894,0.8849557522123894,0.0,0.0,4.867256637168142,5.3097345132743365,4.867256637168142,0.0,0.0,0.0,0.0,0.0,0.0,0.0,0.0,0.0,0.0,0.0,0.0,0.0,0.0,0.0,0.0,0.0,0.0
politics,0.0,0.0,0.0,0.4424778761061947,0.4424778761061947,0.0,0.0,0.8849557522123894,0.8849557522123894,0.0,0.0,4.867256637168142,5.3097345132743365,4.867256637168142,0.0,0.0,0.0,0.0,0.0,0.0,0.0,0.0,0.0,0.0,0.0,0.0,0.0,0.0,0.0,0.0,0.0,0.0
politics,0.0,0.0,0.0,0.4424778761061947,0.4424778761061947,0.0,0.0,0.8849557522123894,0.8849557522123894,0.0,0.0,4.867256637168142,5.3097345132743365,4.867256637168142,0.0,0.0,0.0,0.0,0.0,0.0,0.0,0.0,0.0,0.0,0.0,0.0,0.0,0.0,0.0,0.0,0.0,0.0
gaming,0.0,0.0,0.0,0.0,0.0,0.0,0.0,0.0,0.0,0.0,0.0,5.150214592274678,0.0,3.862660944206009,0.0,0.0,0.0,0.0,0.0,0.0,0.4291845493562232,0.0,0.0,0.0,0.0,0.0,0.0,0.0,0.0,0.0,0.0,0.0
gaming,0.0,0.0,0.0,0.0,0.0,0.0,0.0,1.9607843137254901,1.9607843137254901,0.0,0.0,1.9607843137254901,0.0,5.88235294117647,0.0,0.0,0.0,0.0,0.0,0.0,0.0,0.0,0.0,0.0,0.0,0.0,0.0,0.0,0.0,0.0,0.0,0.0
atheism,0.0,0.0,0.0,0.0,0.0,0.0,0.0,0.0,0.0,0.0,0.0,4.166666666666666,0.0,6.25,0.0,0.0,0.0,0.0,0.0,0.0,0.0,0.0,0.0,0.0,0.0,0.0,0.0,0.0,0.0,0.0,0.0,0.0
todayilearned,0.0,0.0,0.0,0.0,0.0,0.0,0.0,1.282051282051282,1.282051282051282,0.0,0.0,5.128205128205128,0.0,5.128205128205128,0.0,1.282051282051282,0.0,0.0,0.0,1.282051282051282,0.0,0.0,0.0,0.0,0.0,0.0,0.0,0.0,0.0,0.0,0.0,0.0
politics,0.0,0.0,0.0,0.0,0.0,0.0,0.0,0.0,0.0,0.0,0.0,5.172413793103448,0.0,3.4482758620689653,0.0,0.0,0.0,0.0,0.0,0.0,0.0,0.0,0.0,0.0,0.0,0.0,0.0,0.0,0.0,0.0,0.0,0.0
politics,0.3911342894393742,0.0,0.0,0.0,0.0,0.0,0.0,0.651890482398957,0.5215123859191656,0.0,0.0,5.60625814863103,0.0,5.345501955671447,0.0,0.2607561929595828,0.0,0.0,0.0,1.303780964797914,1.8252933507170794,0.0,0.1303780964797914,0.0,0.1303780964797914,0.0,0.0,0.0,0.0,0.0,0.0,0.0
atheism,0.0,0.0,0.0,0.0,0.0,0.0,0.0,0.0,0.0,0.0,0.0,5.0,0.0,2.5,0.0,0.0,0.0,0.0,0.0,0.0,2.5,0.0,0.0,0.0,0.0,0.0,0.0,0.0,0.0,0.0,0.0,0.0
politics,0.0,0.0,0.0,0.0,0.0,0.0,1.744186046511628,0.0,0.0,0.0,0.0,5.232558139534884,0.0,5.813953488372093,0.0,0.0,0.0,0.0,0.0,0.0,0.0,0.0,0.0,0.0,0.0,0.0,0.0,0.0,0.0,0.0,0.0,0.0
pics,0.0,0.0,0.0,0.0,0.0,0.0,0.0,0.0,0.0,0.0,0.0,0.0,0.0,3.614457831325301,0.0,0.0,0.0,0.0,0.0,0.0,0.0,0.0,0.0,0.0,0.0,0.0,0.0,0.0,0.0,0.0,0.0,0.0
pics,0.0,0.0,0.0,0.0,0.0,0.0,0.0,0.0,0.0,0.0,0.0,9.803921568627452,0.0,3.9215686274509802,0.0,0.0,0.0,0.0,0.0,0.0,5.88235294117647,0.0,0.0,0.0,0.0,0.0,0.0,0.0,0.0,0.0,0.0,0.0
politics,0.53475935828877,0.0,0.0,0.0,0.0,0.0,0.0,2.13903743315508,2.13903743315508,0.0,0.0,5.347593582887701,0.0,3.7433155080213902,0.0,0.0,0.0,0.0,0.53475935828877,0.0,0.53475935828877,0.0,0.0,0.0,0.0,0.0,0.0,0.0,0.0,0.0,0.0,0.0
explainlikeimfive,0.0,0.0,0.0,0.16501650165016502,0.0,0.0,0.0,0.825082508250825,0.825082508250825,0.0,0.0,4.455445544554455,0.0,3.9603960396039604,0.0,0.0,0.0,0.0,0.0,0.0,0.0,0.0,0.0,0.0,0.0,0.0,0.0,0.0,0.0,0.0,0.0,0.0
explainlikeimfive,0.2932551319648094,0.0,0.0,0.0,0.0,0.5865102639296188,0.0,0.5865102639296188,0.5865102639296188,0.0,0.0,4.9853372434017595,0.0,5.865102639296188,0.0,1.466275659824047,0.0,0.0,0.0,0.0,0.2932551319648094,0.0,0.0,0.0,0.0,0.0,0.0,0.0,0.0,0.0,0.0,0.0
explainlikeimfive,0.0,0.0,0.0,0.0,0.0,0.0,0.0,0.0,0.0,0.0,0.0,2.5510204081632653,0.0,5.1020408163265305,0.0,0.0,0.0,0.0,0.0,0.0,0.0,0.0,0.0,0.0,0.0,0.0,0.0,0.0,0.0,0.0,0.0,0.0
pics,0.0,0.0,0.0,0.0,1.8867924528301887,0.0,0.0,0.0,0.0,0.0,0.0,3.7735849056603774,0.0,5.660377358490567,0.0,0.0,0.0,0.0,0.0,0.0,0.0,0.0,0.0,0.0,0.0,0.0,0.0,0.0,0.0,0.0,0.0,0.0
pics,1.282051282051282,0.0,0.0,0.0,0.0,0.0,0.0,0.0,0.0,0.0,0.0,5.128205128205128,0.0,2.564102564102564,0.0,0.0,0.0,0.0,0.0,0.0,0.0,0.0,0.0,0.0,0.0,0.0,0.0,0.0,0.0,0.0,0.0,0.0
explainlikeimfive,0.0,0.0,0.0,0.0,0.0,0.0,0.0,0.7142857142857143,0.0,0.0,0.0,6.428571428571428,0.0,3.571428571428571,0.0,2.142857142857143,0.0,0.0,0.0,1.4285714285714286,0.7142857142857143,0.0,0.7142857142857143,0.0,0.7142857142857143,0.0,0.0,0.0,0.0,0.0,0.0,0.0
explainlikeimfive,0.0,0.0,0.4524886877828055,0.0,0.0,0.0,0.0,1.809954751131222,1.809954751131222,0.0,0.0,4.97737556561086,0.0,5.88235294117647,0.0,0.0,0.0,0.0,0.0,0.0,0.4524886877828055,0.0,0.0,0.0,0.0,0.0,0.0,0.0,0.0,0.0,0.0,0.0
gaming,0.0,0.0,0.0,0.0,0.0,0.0,0.0,1.0204081632653061,1.0204081632653061,0.0,0.0,2.0408163265306123,0.0,5.1020408163265305,0.0,0.0,0.0,0.0,0.0,0.0,0.0,0.0,0.0,0.0,0.0,0.0,0.0,0.0,0.0,0.0,0.0,0.0
politics,0.0,0.0,0.0,0.0,0.0,0.0,0.0,0.0,0.0,0.0,0.0,1.7045454545454544,0.0,4.545454545454546,0.0,0.0,0.0,0.0,0.0,0.0,0.5681818181818182,0.0,0.0,0.0,0.0,0.0,0.0,0.0,0.0,0.0,0.0,0.0
politics,0.0,0.0,0.0,0.0,0.0,0.0,0.0,0.8888888888888888,0.8888888888888888,0.0,0.0,4.0,0.0,5.777777777777778,0.0,0.0,0.0,0.0,0.0,0.0,0.0,0.0,0.0,0.0,0.0,0.0,0.0,0.0,0.0,0.0,0.0,0.0
politics,0.0,0.0,0.0,0.0,0.0,0.0,0.0,0.0,0.0,0.0,0.0,7.096774193548387,0.0,4.516129032258064,0.0,0.0,0.0,0.0,0.0,0.0,0.0,0.0,0.0,0.0,0.0,0.0,0.0,0.0,0.0,0.0,0.0,0.0
politics,0.0,0.0,0.0,0.0,1.0,0.0,0.0,0.0,0.0,0.0,0.0,8.0,0.0,5.0,0.0,1.5,0.5,0.0,0.0,0.0,0.0,0.0,0.0,0.0,0.0,0.0,0.0,0.0,0.0,0.0,0.0,0.0
politics,0.0,0.0,0.0,0.0,0.0,0.0,0.0,1.0,1.0,0.0,0.0,3.0,0.0,3.0,0.0,0.0,0.0,0.0,0.0,0.0,0.0,0.0,0.0,0.0,0.0,0.0,0.0,0.0,0.0,0.0,0.0,0.0
pics,0.0,0.0,0.0,0.0,0.0,0.0,0.0,0.0,0.0,0.0,0.0,0.0,0.0,0.0,0.0,0.0,0.0,0.0,0.0,0.0,0.0,0.0,0.0,0.0,0.0,0.0,0.0,0.0,0.0,0.0,0.0,0.0
todayilearned,0.0,0.0,0.0,0.0,0.0,0.0,0.0,0.0,0.0,0.0,0.0,4.901960784313726,1.9607843137254901,3.9215686274509802,0.0,0.0,0.0,0.0,0.0,0.0,0.0,0.0,0.0,0.0,0.0,0.0,0.0,0.0,0.0,0.0,0.0,0.0
politics,0.0,0.0,0.0,0.0,0.0,0.0,0.0,0.0,0.0,0.0,0.0,0.0,0.0,10.0,0.0,0.0,0.0,0.0,0.0,0.0,0.0,0.0,0.0,0.0,0.0,0.0,0.0,0.0,0.0,0.0,0.0,0.0
gaming,0.0,0.0,0.0,0.0,0.0,0.0,0.0,0.0,0.0,0.0,0.0,1.6260162601626018,0.0,3.2520325203252036,0.0,0.0,0.0,0.0,0.0,0.0,0.0,0.0,0.0,0.0,0.0,0.0,0.0,0.0,0.0,0.0,0.0,0.0
atheism,0.0,0.0,0.0,0.0,0.0,0.0,0.0,0.0,0.0,0.0,0.0,0.0,0.0,6.451612903225806,0.0,0.0,0.0,0.0,0.0,0.0,0.0,0.0,0.0,0.0,0.0,0.0,0.0,0.0,0.0,0.0,0.0,0.0
atheism,0.0,0.0,0.0,0.0,0.0,0.0,0.0,0.0,0.0,0.0,0.0,7.920792079207921,0.0,4.9504950495049505,0.0,0.0,0.0,0.0,0.0,0.0,0.0,0.0,0.0,0.0,0.0,0.0,0.0,0.0,0.0,0.0,0.0,0.0
atheism,0.0,0.0,0.0,0.0,0.0,0.0,0.0,0.8,0.8,0.0,0.0,4.0,0.0,6.800000000000001,0.0,0.0,0.0,0.0,0.0,0.0,0.8,0.0,0.0,0.0,0.0,0.0,0.0,0.0,0.0,0.0,0.0,0.0
politics,0.0,0.0,0.0,0.0,0.0,0.0,0.0,0.0,0.0,0.0,0.0,8.108108108108109,0.0,5.405405405405405,0.0,0.0,0.0,0.0,0.0,0.0,0.0,0.0,0.0,0.0,0.0,0.0,0.0,0.0,0.0,0.0,0.0,0.0
todayilearned,0.0,0.0,0.0,0.0,0.0,0.0,0.0,0.0,0.0,0.0,0.0,3.9408866995073892,0.0,3.4482758620689653,0.0,0.0,0.0,0.0,0.0,0.0,0.49261083743842365,0.0,0.0,0.0,0.0,0.0,0.0,0.0,0.0,0.0,0.0,0.0
todayilearned,0.0,0.0,0.0,0.0,0.0,0.0,0.0,1.0526315789473684,1.0526315789473684,0.0,0.0,6.315789473684211,0.0,4.2105263157894735,0.0,0.0,0.0,0.0,0.0,0.0,0.0,0.0,0.0,0.0,0.0,0.0,0.0,0.0,0.0,0.0,0.0,0.0
explainlikeimfive,0.0,0.0,0.0,0.0,0.0,0.0,0.0,2.7777777777777777,2.7777777777777777,0.0,0.0,2.7777777777777777,0.0,11.11111111111111,0.0,0.0,0.0,0.0,0.0,0.0,0.0,0.0,0.0,0.0,0.0,0.0,0.0,0.0,0.0,0.0,0.0,0.0
todayilearned,0.0,0.0,0.0,0.0,0.0,0.0,0.0,0.0,0.0,0.0,0.0,0.0,0.0,3.6585365853658534,0.0,0.0,0.0,0.0,0.0,0.0,0.0,0.0,0.0,0.0,0.0,0.0,0.0,0.0,0.0,0.0,0.0,0.0
gaming,0.2638522427440633,0.0,0.0,0.0,0.0,0.2638522427440633,0.0,0.79155672823219,0.79155672823219,0.0,0.0,7.12401055408971,0.2638522427440633,5.540897097625329,0.0,0.0,0.0,0.0,0.0,0.0,0.0,0.0,0.0,0.0,0.0,0.0,0.0,0.0,0.0,0.0,0.0,0.0
gaming,0.0,0.0,0.0,0.0,0.0,0.0,0.0,1.9230769230769231,1.9230769230769231,0.0,0.0,1.9230769230769231,0.0,3.8461538461538463,0.0,0.0,0.0,0.0,0.0,0.0,0.0,0.0,0.0,0.0,0.0,0.0,0.0,0.0,0.0,0.0,0.0,0.0
todayilearned,0.0,0.0,0.0,0.0,0.0,0.0,0.0,3.9603960396039604,2.9702970297029703,0.0,0.0,0.0,0.0,2.9702970297029703,0.0,0.9900990099009901,0.0,0.0,0.0,0.0,0.0,0.0,0.9900990099009901,0.0,0.9900990099009901,0.0,0.0,0.0,0.0,0.0,0.0,0.0
todayilearned,0.0,0.0,0.0,0.0,0.0,0.0,0.0,0.0,0.0,0.0,0.0,4.651162790697675,0.0,5.813953488372093,0.0,0.0,0.0,0.0,0.0,0.0,0.0,0.0,0.0,0.0,0.0,0.0,0.0,0.0,0.0,0.0,0.0,0.0
politics,0.0,0.0,0.0,0.0,0.0,0.0,0.0,0.0,0.0,0.0,0.0,3.0927835051546393,0.0,3.0927835051546393,0.0,1.0309278350515463,0.0,0.0,0.0,0.0,1.0309278350515463,0.0,0.0,0.0,0.0,0.0,0.0,0.0,0.0,0.0,0.0,0.0
politics,0.0,0.0,0.0,0.0,0.0,0.0,0.0,0.0,0.0,0.0,0.0,4.25531914893617,0.0,5.222437137330754,0.0,0.19342359767891684,0.19342359767891684,0.0,0.0,0.0,1.7408123791102514,0.0,0.0,0.0,0.0,0.0,0.0,0.0,0.0,0.0,0.0,0.0
politics,0.0,0.0,0.0,0.0,0.0,0.0,0.0,0.0,0.0,0.0,0.0,4.364326375711575,0.0,5.313092979127135,0.0,0.3795066413662239,0.18975332068311196,0.0,0.0,1.7077798861480076,1.7077798861480076,0.0,0.0,0.0,0.0,0.0,0.0,0.0,0.0,0.0,0.0,0.0
politics,0.0,0.0,0.0,0.0,0.0,0.0,0.0,1.6129032258064515,1.6129032258064515,0.0,0.0,8.064516129032258,0.0,4.838709677419355,0.0,0.0,0.0,0.0,0.0,0.0,0.0,0.0,0.0,0.0,0.0,0.0,0.0,0.0,0.0,0.0,0.0,0.0
politics,0.0,0.0,0.0,0.3205128205128205,0.3205128205128205,0.0,0.0,0.3205128205128205,0.3205128205128205,0.0,0.0,0.641025641025641,0.0,6.730769230769231,0.0,0.0,0.0,0.0,0.0,0.0,0.0,0.0,0.0,0.0,0.0,0.0,0.0,0.0,0.0,0.0,0.0,0.0
atheism,0.0,0.0,0.0,0.0,0.0,0.0,0.24271844660194172,0.0,0.0,0.0,0.0,5.339805825242718,0.0,4.12621359223301,0.0,0.0,0.0,0.0,0.0,0.0,0.0,0.0,0.0,0.0,0.0,0.0,0.0,0.0,0.0,0.0,0.0,0.0
atheism,0.0,0.0,0.0,0.0,0.0,0.0,0.2597402597402597,0.0,0.0,0.0,0.0,4.415584415584416,0.0,4.1558441558441555,0.0,0.0,0.0,0.0,0.0,0.0,0.0,0.0,0.0,0.0,0.0,0.0,0.0,0.0,0.0,0.0,0.0,0.0
atheism,0.0,0.0,0.0,0.0,0.0,0.0,0.0,0.0,0.0,0.0,0.0,4.054054054054054,0.0,4.72972972972973,0.0,0.0,0.6756756756756757,0.0,0.0,0.0,0.0,0.0,0.0,0.0,0.0,0.0,0.0,0.0,0.0,0.0,0.0,0.0
atheism,0.17152658662092624,0.0,0.0,0.0,0.0,0.0,0.0,0.0,0.0,0.0,0.0,10.977701543739279,0.0,4.802744425385934,0.0,0.5145797598627788,0.0,0.0,0.0,0.0,0.34305317324185247,0.0,0.0,0.0,0.0,0.0,0.0,0.0,0.0,0.0,0.0,0.0
atheism,0.0,0.0,0.0,0.0,0.0,0.0,0.0,2.21606648199446,2.21606648199446,0.0,0.0,2.21606648199446,0.0,3.8781163434903045,0.0,0.2770083102493075,0.0,0.0,0.0,0.0,0.8310249307479225,0.0,0.0,0.0,0.0,0.0,0.0,0.0,0.0,0.0,0.0,0.0
politics,0.0,0.0,0.0,0.0,0.39215686274509803,0.0,0.0,1.1764705882352942,1.1764705882352942,0.0,0.0,6.666666666666667,0.0,4.313725490196078,0.0,0.0,0.0,0.39215686274509803,0.0,0.39215686274509803,0.39215686274509803,0.0,0.39215686274509803,0.0,0.39215686274509803,0.0,0.0,0.0,0.0,0.0,0.0,0.0
politics,0.0,0.0,0.0,0.0,0.33670033670033667,0.0,0.0,1.0101010101010102,1.0101010101010102,0.0,0.0,5.387205387205387,0.0,4.040404040404041,0.0,0.0,0.0,0.33670033670033667,0.0,0.33670033670033667,1.3468013468013467,0.0,0.33670033670033667,0.0,0.33670033670033667,0.0,0.0,0.0,0.0,0.0,0.0,0.0
gaming,0.8333333333333334,0.0,0.0,0.0,0.0,0.0,0.0,0.0,0.0,0.0,0.0,7.5,0.0,3.3333333333333335,0.0,0.0,0.0,0.0,0.0,0.0,0.8333333333333334,0.0,0.0,0.0,0.0,0.0,0.0,0.0,0.0,0.0,0.0,0.0
politics,0.0,0.0,0.0,0.0,0.0,0.0,0.0,0.6802721088435374,0.6802721088435374,0.0,0.0,4.081632653061225,0.0,5.442176870748299,0.0,0.6802721088435374,0.0,0.0,0.0,0.0,0.0,0.0,0.0,0.0,0.0,0.0,0.0,0.0,0.0,0.0,0.0,0.0
gaming,0.0,0.0,0.0,3.0927835051546393,0.5154639175257731,0.0,0.0,1.0309278350515463,1.0309278350515463,0.0,1.0309278350515463,6.701030927835052,0.0,3.608247422680412,0.0,0.0,0.0,0.0,0.0,0.0,0.0,0.0,0.0,0.0,0.0,0.0,0.0,0.0,0.0,0.0,0.0,0.0
atheism,0.2824858757062147,0.0,0.0,0.0,0.0,0.2824858757062147,0.847457627118644,0.2824858757062147,0.2824858757062147,0.0,0.0,7.344632768361582,0.0,3.954802259887006,0.0,0.0,0.0,0.0,0.0,0.0,0.0,0.0,0.0,0.0,0.0,0.0,0.0,0.0,0.0,0.0,0.0,0.0
atheism,0.0,0.0,0.0,0.0,0.0,0.0,0.0,3.7037037037037033,3.7037037037037033,0.0,0.0,1.8518518518518516,0.0,5.555555555555555,0.0,0.0,0.0,0.0,0.0,0.0,3.7037037037037033,0.0,0.0,0.0,0.0,0.0,0.0,0.0,0.0,0.0,0.0,0.0
todayilearned,0.0,0.0,0.0,0.0,0.0,0.0,0.0,1.098901098901099,1.098901098901099,0.0,0.0,6.593406593406594,0.0,6.593406593406594,0.0,0.0,0.0,0.0,0.0,0.0,0.0,0.0,0.0,0.0,0.0,0.0,0.0,0.0,0.0,0.0,0.0,0.0
politics,0.0,0.0,0.0,0.0,0.09900990099009901,0.0,0.0,0.49504950495049505,0.7920792079207921,0.0,0.0,4.356435643564356,0.0,4.851485148514851,0.0,0.19801980198019803,0.09900990099009901,0.0,0.0,0.297029702970297,0.49504950495049505,0.0,0.0,0.0,0.0,0.0,0.0,0.0,0.0,0.0,0.0,0.0
atheism,0.0,0.0,0.0,0.0,0.0,0.0,0.0,0.0,0.0,0.0,0.0,5.118110236220472,0.0,5.118110236220472,0.0,0.0,0.39370078740157477,0.0,0.0,0.0,0.0,0.0,0.0,0.0,0.0,0.0,0.0,0.0,0.0,0.0,0.0,0.0
gaming,0.0,0.0,0.0,0.0,0.0,0.0,0.0,0.0,0.0,0.0,0.0,6.0606060606060606,0.0,3.0303030303030303,0.0,0.0,0.0,0.0,0.0,0.0,0.0,0.0,0.0,0.0,0.0,0.0,0.0,0.0,0.0,0.0,0.0,0.0
politics,0.0,0.0,0.0,0.0,0.0,0.0,0.0,1.6198704103671708,1.6198704103671708,0.0,0.0,3.455723542116631,0.5399568034557235,5.183585313174946,0.0,0.5399568034557235,0.0,0.0,0.0,0.0,0.32397408207343414,0.0,0.0,0.0,0.0,0.0,0.0,0.0,0.0,0.0,0.0,0.0
politics,0.0,0.0,0.0,0.0,0.0,0.0,0.0,0.966183574879227,0.966183574879227,0.0,0.0,0.4830917874396135,0.24154589371980675,5.314009661835748,0.0,0.4830917874396135,0.0,0.0,0.0,0.24154589371980675,0.0,0.0,0.24154589371980675,0.0,0.24154589371980675,0.24154589371980675,0.0,0.0,0.0,0.0,0.0,0.0
atheism,0.0,0.0,0.0,0.0,0.0,0.0,0.0,11.11111111111111,0.0,0.0,0.0,0.0,0.0,0.0,0.0,22.22222222222222,0.0,0.0,0.0,0.0,0.0,0.0,11.11111111111111,0.0,11.11111111111111,0.0,0.0,0.0,0.0,0.0,0.0,0.0
atheism,0.0,0.0,0.0,0.0,0.0,0.0,0.0,0.6993006993006993,0.6993006993006993,0.0,0.0,2.097902097902098,0.0,5.594405594405594,0.0,0.6993006993006993,0.0,0.0,0.0,1.3986013986013985,0.0,0.0,0.0,0.0,0.0,0.0,0.0,0.0,0.0,0.0,0.0,0.0
atheism,3.061224489795918,0.0,0.0,0.0,0.0,0.0,0.0,0.0,0.0,0.0,0.0,0.0,0.0,4.081632653061225,0.0,0.0,0.0,0.0,0.0,0.0,0.0,0.0,0.0,0.0,0.0,0.0,0.0,0.0,0.0,0.0,0.0,0.0
atheism,0.0,0.0,0.0,0.0,0.14124293785310735,0.0,0.0,0.0,0.0,0.0,0.0,5.790960451977401,0.0,2.2598870056497176,0.0,0.0,0.5649717514124294,0.0,0.0,0.0,0.7062146892655368,0.0,0.0,0.0,0.0,0.0,0.0,0.0,0.0,0.0,0.0,0.0
atheism,0.0,0.0,0.27548209366391185,0.0,0.0,0.0,0.0,0.27548209366391185,0.27548209366391185,0.0,0.0,6.473829201101928,0.0,3.0303030303030303,0.0,0.0,0.0,0.0,0.0,0.0,0.8264462809917356,0.0,0.0,0.0,0.0,0.0,0.0,0.0,0.0,0.0,0.0,0.0
explainlikeimfive,0.40816326530612246,0.0,0.0,0.0,0.0,0.0,0.0,2.0408163265306123,2.0408163265306123,0.0,0.0,3.6734693877551026,0.0,3.2653061224489797,0.0,0.40816326530612246,1.2244897959183674,0.0,0.0,0.0,0.0,0.0,0.0,0.0,0.0,0.0,0.0,0.0,0.0,0.0,0.0,0.0
todayilearned,0.0,0.0,0.0,0.0,1.4492753623188406,0.0,0.0,0.0,0.0,0.0,0.0,7.246376811594203,0.0,4.3478260869565215,0.0,0.0,0.0,0.0,0.0,0.0,0.0,0.0,0.0,0.0,0.0,0.0,0.0,0.0,0.0,0.0,0.0,0.0
atheism,0.0,0.0,0.0,0.0,0.0,0.0,0.0,0.6269592476489028,0.6269592476489028,0.0,0.0,3.1347962382445136,0.0,6.896551724137931,0.0,0.0,0.0,0.0,0.0,0.0,0.0,0.0,0.0,0.0,0.0,0.0,0.0,0.0,0.0,0.0,0.0,0.0
todayilearned,0.0,0.0,0.0,0.0,0.6451612903225806,0.0,0.6451612903225806,0.0,0.0,0.0,0.0,1.935483870967742,0.0,5.161290322580645,0.0,0.6451612903225806,0.0,0.0,0.0,0.6451612903225806,0.0,0.0,0.0,0.0,0.0,0.0,0.0,0.0,0.0,0.0,0.0,0.0
politics,0.0,0.0,0.0,0.0,0.0,0.0,0.0,0.0,0.0,0.0,0.0,3.9215686274509802,0.0,3.9215686274509802,0.0,0.0,0.0,0.0,0.0,0.0,0.0,0.0,0.0,0.0,0.0,0.0,0.0,0.0,0.0,0.0,0.0,0.0
politics,0.0,0.0,0.0,0.0,0.0,0.0,0.0,0.6355932203389831,0.6355932203389831,0.0,0.0,5.720338983050848,0.0,4.872881355932203,0.0,0.0,0.0,0.0,0.0,0.0,0.0,0.0,0.0,0.0,0.0,0.0,0.0,0.0,0.0,0.0,0.0,0.0
politics,0.0,0.0,1.1695906432748537,0.0,0.0,0.0,0.5847953216374269,2.923976608187134,2.3391812865497075,1.1695906432748537,0.0,4.093567251461988,0.0,5.847953216374268,0.0,0.0,0.0,0.0,0.0,0.0,0.5847953216374269,0.0,0.5847953216374269,0.0,0.5847953216374269,0.0,0.0,0.0,0.0,0.0,0.0,0.0
politics,0.0,0.0,0.0,0.0,0.0,0.0,0.0,0.0,0.0,0.0,0.0,4.491725768321513,0.0,3.546099290780142,0.0,0.4728132387706856,0.0,0.0,0.0,0.7092198581560284,0.0,0.0,0.0,0.0,0.0,0.0,0.0,0.0,0.0,0.0,0.0,0.0
politics,0.0,0.0,0.0,0.0,0.0,0.0,0.0,0.0,0.0,0.0,0.0,3.488372093023256,0.0,4.651162790697675,0.0,0.0,0.0,0.0,0.0,0.0,0.0,0.0,0.0,0.0,0.0,0.0,0.0,0.0,0.0,0.0,0.0,0.0
atheism,0.0,0.0,0.0,0.0,0.0,0.0,0.0,0.0,0.0,0.0,0.0,0.0,0.0,0.0,0.0,0.0,0.0,0.0,0.0,0.0,0.0,0.0,0.0,0.0,0.0,0.0,0.0,0.0,0.0,0.0,0.0,0.0
explainlikeimfive,0.17513134851138354,0.0,0.0,0.0,0.3502626970227671,0.0,0.3502626970227671,0.7005253940455342,0.7005253940455342,0.0,0.0,7.355516637478108,0.5253940455341506,3.327495621716287,0.0,0.0,0.0,0.0,0.0,0.0,0.0,0.0,0.0,0.0,0.0,0.0,0.0,0.0,0.0,0.0,0.0,0.0
atheism,0.0,0.0,0.0,0.0,0.0,0.0,0.0,8.333333333333332,0.0,0.0,0.0,0.0,0.0,8.333333333333332,0.0,0.0,0.0,0.0,0.0,0.0,0.0,0.0,8.333333333333332,0.0,8.333333333333332,0.0,0.0,0.0,0.0,0.0,0.0,0.0
gaming,0.0,0.0,0.0,0.0,0.0,0.0,0.0,1.3793103448275863,1.3793103448275863,0.0,0.0,1.3793103448275863,0.0,5.517241379310345,0.0,0.0,0.0,0.0,0.0,0.0,0.0,0.0,0.0,0.0,0.0,0.0,0.0,0.0,0.0,0.0,0.0,0.0
atheism,0.8403361344537815,0.0,0.0,0.0,0.0,0.0,0.0,0.0,0.0,0.0,0.0,2.801120448179272,0.0,3.081232492997199,0.0,0.0,0.0,0.0,0.0,0.0,0.2801120448179272,0.0,0.0,0.0,0.0,0.0,0.0,0.0,0.0,0.0,0.0,0.0
atheism,0.0,0.0,0.0,0.0,0.0,0.0,11.11111111111111,0.0,0.0,0.0,0.0,0.0,0.0,0.0,0.0,0.0,0.0,0.0,0.0,0.0,0.0,0.0,0.0,0.0,0.0,0.0,0.0,0.0,0.0,0.0,0.0,0.0
atheism,0.1251564455569462,0.0,0.0,0.0,0.0,0.0,0.8760951188986232,0.8760951188986232,0.8760951188986232,0.0,0.0,10.638297872340425,0.0,4.755944931163955,0.0,1.0012515644555695,0.0,0.0,0.0,0.0,0.1251564455569462,0.0,0.0,0.0,0.0,0.0,0.0,0.0,0.0,0.0,0.0,0.0
politics,0.0,0.0,0.0,0.0,0.0,0.0,0.0,0.0,0.0,0.0,0.0,6.896551724137931,0.0,3.4482758620689653,0.0,0.0,0.8620689655172413,0.0,0.0,0.0,0.8620689655172413,0.0,0.0,0.0,0.0,0.0,0.0,0.0,0.0,0.0,0.0,0.0
politics,0.2849002849002849,0.0,0.0,0.0,0.5698005698005698,0.0,0.0,0.2849002849002849,0.0,0.0,0.0,3.9886039886039883,0.2849002849002849,4.273504273504273,0.0,0.0,0.0,0.0,0.0,0.0,2.2792022792022792,0.0,0.2849002849002849,0.0,0.2849002849002849,0.0,0.0,0.0,0.0,0.0,0.0,0.0
politics,0.0,0.0,0.0,1.7857142857142856,0.0,0.0,0.0,0.0,0.0,0.0,0.0,2.6785714285714284,0.0,4.464285714285714,0.0,0.0,0.0,0.0,0.0,0.0,0.0,0.0,0.0,0.0,0.0,0.0,0.0,0.0,0.0,0.0,0.0,0.0
politics,0.0,0.0,0.0,0.0,0.0,0.0,0.0,0.0,0.0,0.0,0.0,2.564102564102564,0.0,5.128205128205128,0.0,0.0,0.0,0.0,0.0,0.0,0.0,0.0,0.0,0.0,0.0,0.0,0.0,0.0,0.0,0.0,0.0,0.0
politics,0.0,0.0,0.0,0.0,0.0,0.0,0.0,0.0,0.0,0.0,0.0,7.142857142857142,0.0,7.142857142857142,0.0,3.571428571428571,0.0,0.0,0.0,0.0,0.0,0.0,0.0,0.0,0.0,0.0,0.0,0.0,0.0,0.0,0.0,0.0
atheism,0.0,0.0,0.0,0.0,0.0,0.0,0.0,0.0,0.0,0.0,0.0,0.0,0.0,9.090909090909092,0.0,0.0,0.0,0.0,0.0,0.0,0.0,0.0,0.0,0.0,0.0,0.0,0.0,0.0,0.0,0.0,0.0,0.0
gaming,0.0,0.0,0.0,0.0,0.0,0.0,0.6993006993006993,0.6993006993006993,0.6993006993006993,0.0,0.0,2.797202797202797,0.0,2.097902097902098,0.0,0.0,0.0,0.0,0.0,0.0,1.3986013986013985,0.0,0.0,0.0,0.0,0.0,0.0,0.0,0.0,0.0,0.0,0.0
politics,0.0,0.0,0.0,0.0,0.0,0.0,0.0,0.0,0.0,0.0,0.0,3.2388663967611335,0.0,4.4534412955465585,0.0,0.8097165991902834,0.8097165991902834,0.0,0.0,0.0,0.0,0.0,0.0,0.0,0.0,0.0,0.0,0.0,0.0,0.0,0.0,0.0
pics,5.172413793103448,0.0,0.0,0.0,0.0,0.0,0.0,0.0,0.0,0.0,0.0,8.620689655172415,0.0,3.4482758620689653,0.0,0.0,0.0,0.0,0.0,0.0,0.0,0.0,0.0,0.0,0.0,0.0,0.0,0.0,0.0,0.0,0.0,0.0
pics,3.3816425120772946,0.0,0.0,0.0,0.0,0.0,0.0,0.4830917874396135,0.4830917874396135,0.0,0.0,5.314009661835748,0.0,10.144927536231885,0.0,0.0,0.0,0.0,0.0,0.0,0.0,0.0,0.0,0.0,0.0,0.0,0.0,0.0,0.0,0.0,0.0,0.0
pics,0.0,0.0,0.0,0.0,0.0,0.0,0.0,0.0,0.0,0.0,0.0,3.225806451612903,0.0,6.451612903225806,0.0,0.0,0.0,0.0,0.0,0.0,0.0,0.0,0.0,0.0,0.0,0.0,0.0,0.0,0.0,0.0,0.0,0.0
politics,0.0,0.0,0.0,0.0,0.0,0.0,0.3952569169960474,3.557312252964427,3.557312252964427,0.0,0.0,3.9525691699604746,0.0,3.9525691699604746,0.0,0.0,0.3952569169960474,0.0,0.0,0.0,0.0,0.0,0.0,0.0,0.0,0.0,0.0,0.0,0.0,0.0,0.0,0.0
pics,0.0,0.0,0.0,0.0,0.0,0.0,0.0,0.0,0.0,0.0,0.0,0.0,0.0,4.545454545454546,0.0,0.0,0.0,0.0,0.0,0.0,0.0,0.0,0.0,0.0,0.0,0.0,0.0,0.0,0.0,0.0,0.0,0.0
explainlikeimfive,0.0,0.0,0.1006036217303823,0.0,0.0,0.7042253521126761,0.0,1.2072434607645874,1.2072434607645874,0.2012072434607646,0.2012072434607646,9.356136820925553,0.30181086519114686,4.82897384305835,0.0,0.8048289738430584,0.30181086519114686,0.0,1.1066398390342052,0.0,0.0,0.0,0.0,0.0,0.0,0.1006036217303823,0.0,0.0,0.0,0.0,0.0,0.0
gaming,0.0,0.0,0.0,0.0,0.0,0.0,0.0,0.0,0.0,0.0,0.0,5.769230769230769,0.0,7.6923076923076925,0.0,0.0,0.0,0.0,0.0,0.0,0.0,0.0,0.0,0.0,0.0,0.0,0.0,0.0,0.0,0.0,0.0,0.0
gaming,0.0,0.0,0.0,0.0,0.0,0.0,0.0,0.0,0.0,0.0,0.0,2.564102564102564,0.0,7.6923076923076925,0.0,0.0,0.0,0.0,0.0,0.0,0.0,0.0,0.0,0.0,0.0,0.0,0.0,0.0,0.0,0.0,0.0,0.0
pics,0.0,0.0,0.0,0.0,0.0,0.0,0.0,0.0,0.0,0.0,0.0,7.6923076923076925,0.0,7.6923076923076925,0.0,0.0,0.0,0.0,0.0,0.0,0.0,0.0,0.0,0.0,0.0,0.0,0.0,0.0,0.0,0.0,0.0,0.0
atheism,0.0,0.0,0.0,0.0,0.0,0.0,0.30959752321981426,0.6191950464396285,0.6191950464396285,0.0,0.0,2.476780185758514,0.0,3.7151702786377707,0.0,0.0,0.0,0.0,0.0,0.0,2.1671826625387,0.0,0.0,0.0,0.0,0.0,0.0,0.0,0.0,0.0,0.0,0.0
atheism,0.0,0.0,0.0,0.0,0.0,0.0,0.0,0.0,0.0,0.0,0.0,6.0402684563758395,0.0,3.3557046979865772,0.0,0.0,0.0,0.0,0.0,0.0,0.0,0.0,0.0,0.0,0.0,0.0,0.0,0.0,0.0,0.0,0.0,0.0
pics,0.0,0.0,0.0,0.0,0.0,0.0,0.0,0.37735849056603776,0.37735849056603776,0.0,0.0,4.528301886792453,0.0,5.660377358490567,0.0,1.509433962264151,0.0,0.0,0.0,0.0,0.0,0.0,0.0,0.0,0.0,0.0,0.0,0.0,0.0,0.0,0.0,0.0
gaming,0.0,0.0,0.0,0.0,0.0,0.0,0.0,0.911854103343465,2.127659574468085,0.0,0.0,6.079027355623101,0.0,3.951367781155015,0.0,0.303951367781155,0.0,0.0,0.0,0.0,0.0,0.0,0.0,0.0,0.0,0.0,0.0,0.0,0.0,0.0,0.0,0.0
gaming,0.0,0.0,0.0,0.0,0.0,0.0,0.0,0.7518796992481203,0.7518796992481203,0.0,0.0,3.7593984962406015,0.0,3.007518796992481,0.0,0.0,0.0,0.0,0.0,0.0,0.0,0.0,0.0,0.0,0.0,0.0,0.0,0.0,0.0,0.0,0.0,0.0
gaming,0.0,0.0,0.0,0.0,0.0,0.0,0.0,2.380952380952381,2.380952380952381,0.0,0.0,2.380952380952381,0.0,9.523809523809524,0.0,0.0,0.0,0.0,0.0,0.0,0.0,0.0,0.0,0.0,0.0,0.0,0.0,0.0,0.0,0.0,0.0,0.0
explainlikeimfive,0.0,0.0,0.0,0.0,0.0,0.0,0.0,0.49504950495049505,0.49504950495049505,0.0,0.0,7.920792079207921,0.0,5.9405940594059405,0.0,0.0,0.49504950495049505,0.0,0.0,0.0,0.0,0.0,0.0,0.0,0.0,0.0,0.0,0.0,0.0,0.0,0.0,0.0
gaming,0.0,0.0,0.0,0.0,0.0,0.0,0.0,0.0,0.0,0.0,0.0,2.247191011235955,0.0,6.741573033707865,0.0,0.0,0.0,0.0,0.0,0.0,0.0,0.0,0.0,0.0,0.0,0.0,0.0,0.0,0.0,0.0,0.0,0.0
explainlikeimfive,0.0,0.0,0.0,0.0,0.0,0.0,0.0,0.9727626459143969,0.9727626459143969,0.0,0.0,4.280155642023346,0.0,3.11284046692607,0.0,0.0,0.0,0.0,0.0,0.0,0.0,0.0,0.0,0.0,0.0,0.0,0.0,0.0,0.0,0.0,0.0,0.0
politics,0.0,0.0,0.0,0.0,0.0,0.0,0.0,0.0,0.0,0.0,0.0,2.7613412228796843,1.183431952662722,2.7613412228796843,0.0,0.39447731755424065,0.0,0.0,0.0,0.0,1.9723865877712032,0.0,0.0,0.0,0.0,0.0,0.0,0.0,0.0,0.0,0.0,0.0
politics,0.0,0.0,0.0,0.0,0.0,0.0,0.4032258064516129,0.4032258064516129,0.4032258064516129,0.0,0.0,3.6290322580645165,0.4032258064516129,4.838709677419355,0.0,0.0,0.0,0.0,0.0,0.0,0.0,0.0,0.0,0.0,0.0,0.0,0.0,0.0,0.0,0.0,0.0,0.0
politics,0.0,0.0,0.0,0.0,0.0,0.0,0.0,0.0,0.0,0.0,0.0,4.545454545454546,0.0,4.545454545454546,0.0,1.5151515151515151,1.5151515151515151,0.0,0.0,0.0,0.0,0.0,0.0,0.0,0.0,0.0,0.0,0.0,0.0,0.0,0.0,0.0
todayilearned,0.0,0.0,0.0,0.0,0.0,0.0,0.0,0.0,0.0,0.0,0.0,5.0,0.0,1.6666666666666667,0.0,0.0,0.0,0.0,0.0,0.0,0.0,0.0,0.0,0.0,0.0,0.0,0.0,0.0,0.0,0.0,0.0,0.0
todayilearned,0.0,0.0,0.0,0.0,0.0,0.0,0.0,0.0,0.0,0.0,0.0,6.60377358490566,0.0,3.7735849056603774,0.0,0.0,0.0,0.0,0.0,0.0,0.0,0.0,0.0,0.0,0.0,0.0,0.0,0.0,0.0,0.0,0.0,0.0
todayilearned,0.0,0.0,0.0,0.0,0.0,0.0,0.641025641025641,0.641025641025641,1.282051282051282,0.0,0.0,2.564102564102564,0.0,3.8461538461538463,0.0,0.641025641025641,0.0,0.0,0.0,0.0,0.0,0.0,0.0,0.0,0.0,0.0,0.0,0.0,0.0,0.0,0.0,0.0
todayilearned,0.0,0.0,0.0,0.0,0.0,0.0,0.0,1.3513513513513513,1.3513513513513513,0.0,0.0,6.756756756756757,0.0,1.3513513513513513,0.0,1.3513513513513513,0.0,0.0,0.0,0.0,1.3513513513513513,0.0,0.0,0.0,0.0,0.0,0.0,0.0,0.0,0.0,0.0,0.0
atheism,0.0,0.0,0.0,0.0,0.0,0.0,0.0,0.0,0.0,0.0,0.0,6.666666666666667,0.0,13.333333333333334,0.0,0.0,0.0,0.0,0.0,0.0,0.0,0.0,0.0,0.0,0.0,0.0,0.0,0.0,0.0,0.0,0.0,0.0
atheism,0.0,0.0,0.0,0.0,0.0,0.0,0.0,0.0,0.0,0.0,0.0,0.0,0.0,10.0,0.0,0.0,0.0,0.0,0.0,0.0,0.0,0.0,0.0,0.0,0.0,0.0,0.0,0.0,0.0,0.0,0.0,0.0
atheism,0.0,0.0,0.0,0.0,0.0,0.0,0.0,1.744186046511628,1.744186046511628,0.0,0.0,5.232558139534884,0.0,2.3255813953488373,0.0,1.1627906976744187,0.0,0.0,0.0,0.0,1.744186046511628,0.0,0.0,0.0,0.0,0.0,0.0,0.0,0.0,0.0,0.0,0.0
atheism,0.0,0.0,0.0,0.0,0.0,0.0,0.0,0.0,0.0,0.0,0.0,2.793296089385475,0.0,5.027932960893855,0.0,0.0,0.0,0.0,0.0,0.0,1.1173184357541899,0.0,0.0,0.0,0.0,0.0,0.0,0.0,0.0,0.0,0.0,0.0
atheism,0.0,0.0,0.0,0.0,0.0,0.0,0.0,0.0,0.0,0.0,0.0,6.024096385542169,0.0,7.228915662650602,0.0,0.0,0.0,0.0,0.0,0.0,0.0,0.0,0.0,0.0,0.0,0.0,0.0,0.0,0.0,0.0,0.0,0.0
atheism,0.0,0.0,0.0,0.0,0.0,0.0,0.0,0.0,0.0,0.0,0.0,6.493506493506493,1.2987012987012987,3.896103896103896,0.0,1.2987012987012987,0.0,0.0,0.0,0.0,0.0,0.0,0.0,0.0,0.0,0.0,0.0,0.0,0.0,0.0,0.0,0.0
atheism,0.6896551724137931,0.0,0.0,0.0,0.6896551724137931,0.0,0.0,0.6896551724137931,0.6896551724137931,0.0,0.0,3.4482758620689653,0.0,4.827586206896552,0.0,0.0,0.0,0.0,0.0,0.0,0.0,0.0,0.0,0.0,0.0,0.0,0.0,0.0,0.0,0.0,0.0,0.0
atheism,0.0,0.0,0.0,0.0,0.0,0.0,1.0752688172043012,1.0752688172043012,1.0752688172043012,0.0,0.0,2.1505376344086025,0.0,6.451612903225806,0.0,0.0,0.0,0.0,0.0,0.0,0.0,0.0,0.0,0.0,0.0,0.0,0.0,0.0,0.0,0.0,0.0,0.0
atheism,0.0,0.0,0.0,0.0,0.0,0.0,1.7857142857142856,0.5952380952380952,0.5952380952380952,0.0,0.0,1.7857142857142856,0.0,5.357142857142857,0.0,0.0,0.0,0.0,0.0,0.0,0.5952380952380952,0.0,0.0,0.0,0.0,0.0,0.0,0.0,0.0,0.0,0.0,0.0
todayilearned,0.0,0.0,0.0,0.0,0.0,0.0,0.0,0.8547008547008548,0.8547008547008548,0.0,0.0,4.273504273504273,0.0,5.982905982905983,0.0,0.0,0.0,0.0,0.0,0.0,0.0,0.0,0.0,0.0,0.0,0.0,0.0,0.0,0.0,0.0,0.0,0.0
todayilearned,0.546448087431694,0.0,0.0,0.0,0.0,0.0,0.0,0.0,0.0,0.0,0.0,5.46448087431694,0.0,3.825136612021858,0.0,0.0,0.0,0.0,0.0,0.0,0.546448087431694,0.0,0.0,0.0,0.0,0.0,0.0,0.0,0.0,0.0,0.0,0.0
pics,0.0,0.0,0.0,0.0,0.0,0.0,0.0,0.9345794392523363,0.0,0.0,0.0,7.476635514018691,0.0,3.7383177570093453,0.0,0.0,0.0,0.0,0.0,0.0,0.0,0.0,0.9345794392523363,0.0,0.9345794392523363,0.0,0.0,0.0,0.0,0.0,0.0,0.0
pics,3.0303030303030303,0.0,0.0,0.0,0.0,0.0,0.0,0.0,0.0,0.0,0.0,4.545454545454546,0.0,1.5151515151515151,0.0,0.0,0.0,0.0,0.0,0.0,1.5151515151515151,0.0,0.0,0.0,0.0,0.0,0.0,0.0,0.0,0.0,0.0,0.0
todayilearned,0.0,0.0,0.0,0.0,0.0,0.0,0.0,0.9433962264150944,0.9433962264150944,0.0,0.0,3.7735849056603774,1.8867924528301887,3.7735849056603774,0.0,0.0,0.0,0.0,0.0,0.0,0.0,0.0,0.0,0.0,0.0,0.0,0.0,0.0,0.0,0.0,0.0,0.0
todayilearned,0.0,0.0,0.0,0.0,0.0,0.0,0.0,0.0,0.0,0.0,0.0,4.166666666666666,0.0,4.166666666666666,0.0,1.3888888888888888,0.0,0.0,0.0,0.0,1.3888888888888888,0.0,0.0,0.0,0.0,0.0,0.0,0.0,0.0,0.0,0.0,0.0
todayilearned,0.0,0.0,0.0,0.0,0.0,0.0,0.0,1.4084507042253522,0.0,0.0,0.0,4.694835680751173,0.0,4.225352112676056,0.0,0.4694835680751174,0.0,0.0,0.0,0.0,0.0,0.0,1.4084507042253522,0.0,1.4084507042253522,0.0,0.0,0.0,0.0,0.0,0.0,0.0
todayilearned,0.0,0.0,0.0,0.0,0.0,0.0,2.4390243902439024,0.0,0.0,0.0,0.0,4.878048780487805,0.0,6.097560975609756,0.0,1.2195121951219512,0.0,0.0,0.0,0.0,0.0,0.0,0.0,0.0,0.0,0.0,0.0,0.0,0.0,0.0,0.0,0.0
todayilearned,0.0,0.0,0.0,0.0,0.9960159362549801,0.0,0.0,0.398406374501992,0.398406374501992,0.0,0.0,2.9880478087649402,0.0,3.7848605577689245,0.0,0.0,0.0,0.0,0.0,0.0,0.0,0.0,0.0,0.0,0.0,0.0,0.0,0.0,0.0,0.0,0.0,0.0
atheism,0.0,0.0,0.0,0.0,0.0,0.0,0.0,0.5263157894736842,0.5263157894736842,0.0,0.0,4.2105263157894735,0.0,7.894736842105263,0.0,0.0,0.0,0.0,0.0,0.0,0.0,0.0,0.0,0.0,0.0,0.0,0.0,0.0,0.0,0.0,0.0,0.0
pics,0.0,0.0,0.0,0.0,0.0,0.0,0.0,0.6493506493506493,0.6493506493506493,0.0,0.0,1.2987012987012987,0.0,3.2467532467532463,0.0,0.0,0.0,0.0,0.0,0.0,3.896103896103896,0.0,0.0,0.0,0.0,0.0,0.0,0.0,0.0,0.0,0.0,0.0
atheism,0.0,0.0,0.0,0.0,0.0,0.0,0.0,0.0,0.0,0.0,0.0,4.819277108433735,0.0,4.819277108433735,0.0,0.0,0.0,0.0,0.0,0.0,0.0,0.0,0.0,0.0,0.0,0.0,0.0,0.0,0.0,0.0,0.0,0.0
explainlikeimfive,0.0,0.0,0.0,0.0,0.0,0.0,0.0,0.5882352941176471,0.5882352941176471,0.0,0.0,8.823529411764707,0.0,5.294117647058823,0.0,0.0,0.0,0.0,0.0,0.0,0.0,0.0,0.0,0.0,0.0,0.0,0.0,0.0,0.0,0.0,0.0,0.0
atheism,0.0,0.0,0.0,0.0,0.0,0.0,0.0,1.9417475728155338,0.9708737864077669,0.0,0.0,10.679611650485436,0.0,3.8834951456310676,0.0,0.0,0.9708737864077669,0.0,0.0,0.0,0.0,0.0,0.0,0.0,0.9708737864077669,0.0,0.0,0.0,0.0,0.0,0.0,0.0
pics,0.0,0.0,0.0,0.0,0.0,0.0,0.0,1.282051282051282,1.282051282051282,0.0,0.0,6.837606837606838,0.4273504273504274,2.9914529914529915,0.0,0.4273504273504274,0.4273504273504274,0.0,0.0,0.0,0.0,0.0,0.0,0.0,0.0,0.0,0.0,0.0,0.0,0.0,0.0,0.0
atheism,0.0,0.0,0.0,0.0,0.0,0.0,0.0,0.0,0.0,0.0,0.0,0.0,0.0,4.545454545454546,0.0,0.0,0.0,0.0,0.0,0.0,4.545454545454546,0.0,0.0,0.0,0.0,0.0,0.0,0.0,0.0,0.0,0.0,0.0
atheism,0.0,0.0,0.0,0.0,0.0,0.0,0.0,0.0,0.0,0.0,0.0,5.263157894736842,0.0,7.894736842105263,0.0,0.0,0.0,0.0,0.0,0.0,0.0,0.0,0.0,0.0,0.0,0.0,0.0,0.0,0.0,0.0,0.0,0.0
atheism,0.0,0.0,0.0,0.0,0.0,0.0,0.0,1.1235955056179776,1.1235955056179776,0.0,0.0,3.3707865168539324,1.1235955056179776,3.3707865168539324,0.0,0.0,0.0,0.0,0.0,0.0,0.0,0.0,0.0,0.0,0.0,0.0,0.0,0.0,0.0,0.0,0.0,0.0
todayilearned,0.0,0.0,0.0,0.0,0.0,0.0,0.0,0.0,0.0,0.0,0.0,4.3478260869565215,0.0,2.1739130434782608,0.0,0.0,0.0,0.0,0.0,0.0,0.0,0.0,0.0,0.0,0.0,0.0,0.0,0.0,0.0,0.0,0.0,0.0
atheism,0.0,0.0,0.0,0.0,0.0,0.0,0.0,0.6097560975609756,0.6097560975609756,0.0,0.0,1.8292682926829267,0.0,2.642276422764228,0.0,0.40650406504065045,0.0,0.0,0.0,0.0,0.0,0.0,0.0,0.0,0.0,0.0,0.0,0.0,0.0,0.0,0.0,0.0
pics,0.0,0.0,0.0,0.0,3.1746031746031744,0.0,0.0,1.5873015873015872,1.5873015873015872,0.0,0.0,3.1746031746031744,1.5873015873015872,3.1746031746031744,0.0,0.0,0.0,0.0,0.0,0.0,0.0,0.0,0.0,0.0,0.0,0.0,0.0,0.0,0.0,0.0,0.0,0.0
atheism,0.0,0.0,0.0,0.0,0.0,0.0,0.0,0.0,0.0,0.0,0.0,0.0,0.0,7.4074074074074066,0.0,0.0,0.0,0.0,0.0,0.0,0.0,0.0,0.0,0.0,0.0,0.0,0.0,0.0,0.0,0.0,0.0,0.0
atheism,0.0,0.0,0.0,0.0,0.0,0.0,0.24875621890547264,0.4975124378109453,0.4975124378109453,0.0,0.0,5.970149253731343,0.0,4.477611940298507,0.0,0.0,0.0,0.0,0.0,0.0,0.7462686567164178,0.0,0.0,0.0,0.0,0.0,0.0,0.0,0.0,0.0,0.0,0.0
todayilearned,0.0,0.0,0.0,0.0,0.0,0.0,0.0,0.0,0.0,0.0,0.0,1.7241379310344827,0.0,3.4482758620689653,0.0,0.0,0.0,0.0,0.0,0.0,0.5747126436781609,0.0,0.0,0.0,0.0,0.0,0.0,0.0,0.0,0.0,0.0,0.0
todayilearned,0.0,0.0,0.0,0.0,0.0,0.0,0.0,0.0,0.0,0.0,0.0,3.508771929824561,0.0,5.263157894736842,0.0,0.0,0.0,0.0,0.0,0.0,0.0,0.0,0.0,0.0,0.0,0.0,0.0,0.0,0.0,0.0,0.0,0.0
pics,0.0,0.0,0.0,0.0,0.0,0.0,0.0,0.0,0.0,0.0,0.0,0.0,0.0,5.263157894736842,0.0,0.0,0.0,0.0,0.0,0.0,0.0,0.0,0.0,0.0,0.0,0.0,0.0,0.0,0.0,0.0,0.0,0.0
atheism,0.0,0.0,0.0,0.0,0.0,0.0,0.0,0.0,0.0,0.0,0.0,5.64516129032258,0.0,3.225806451612903,0.0,0.0,0.0,0.0,0.0,0.0,0.0,0.0,0.0,0.0,0.0,0.0,0.0,0.0,0.0,0.0,0.0,0.0
pics,0.0,0.0,0.0,0.0,0.0,0.0,0.0,0.0,0.0,0.0,0.0,2.2222222222222223,0.0,4.444444444444445,0.0,0.0,0.0,0.0,0.0,0.0,0.0,0.0,0.0,0.0,0.0,0.0,0.0,0.0,0.0,0.0,0.0,0.0
todayilearned,0.0,0.0,0.0,0.0,0.0,0.0,0.0,0.0,0.0,0.0,0.0,0.0,0.0,8.19672131147541,0.0,0.0,0.0,0.0,0.0,0.0,0.0,0.0,0.0,0.0,0.0,0.0,0.0,0.0,0.0,0.0,0.0,0.0
todayilearned,0.0,0.0,0.0,0.0,0.4830917874396135,0.0,0.0,0.966183574879227,0.966183574879227,0.0,0.0,2.898550724637681,0.0,5.314009661835748,0.0,0.0,0.0,0.0,0.0,0.0,0.0,0.0,0.0,0.0,0.0,0.0,0.0,0.0,0.0,0.0,0.0,0.0
atheism,0.0,0.0,0.0,0.0,0.0,0.0,0.0,2.4390243902439024,2.4390243902439024,0.0,0.0,2.4390243902439024,0.0,4.878048780487805,0.0,0.0,0.0,0.0,0.0,0.0,0.0,0.0,0.0,0.0,0.0,0.0,0.0,0.0,0.0,0.0,0.0,0.0
atheism,0.0,0.0,0.0,0.0,0.8547008547008548,0.0,0.0,1.7094017094017095,1.7094017094017095,0.0,0.0,1.7094017094017095,0.0,5.982905982905983,0.0,0.0,0.0,0.0,0.0,0.0,0.0,0.0,0.0,0.0,0.0,0.0,0.0,0.0,0.0,0.0,0.0,0.0
atheism,0.0,0.0,0.0,0.0,0.0,0.0,0.0,0.0,0.0,0.0,0.0,4.705882352941177,0.0,5.88235294117647,0.0,0.0,0.0,0.0,0.0,0.0,0.0,0.0,0.0,0.0,0.0,0.0,0.0,0.0,0.0,0.0,0.0,0.0
atheism,0.8849557522123894,0.0,0.0,0.0,0.0,0.0,0.0,0.8849557522123894,0.8849557522123894,0.0,0.0,4.424778761061947,0.0,2.6548672566371683,0.0,0.0,0.0,0.0,0.0,0.0,0.0,0.0,0.0,0.0,0.0,0.0,0.0,0.0,0.0,0.0,0.0,0.0
atheism,0.0,0.0,0.0,0.0,0.0,0.0,0.0,0.9345794392523363,0.9345794392523363,0.0,0.0,2.803738317757009,0.0,6.5420560747663545,0.0,0.0,0.0,0.0,0.0,0.0,0.0,0.0,0.0,0.0,0.0,0.0,0.0,0.0,0.0,0.0,0.0,0.0
atheism,0.0,0.0,0.0,0.0,0.0,0.0,0.0,1.1235955056179776,1.1235955056179776,0.0,0.0,4.49438202247191,0.0,2.247191011235955,0.0,1.1235955056179776,0.0,0.0,0.0,0.0,0.0,0.0,0.0,0.0,0.0,0.0,0.0,0.0,0.0,0.0,0.0,0.0
pics,0.0,0.0,0.0,0.0,0.0,0.0,0.0,0.0,0.0,0.0,0.0,7.894736842105263,0.0,2.631578947368421,0.0,0.0,0.0,0.0,0.0,0.0,0.0,0.0,0.0,0.0,0.0,0.0,0.0,0.0,0.0,0.0,0.0,0.0
pics,0.0,0.0,0.0,0.0,0.43478260869565216,0.0,0.0,0.8695652173913043,0.8695652173913043,0.0,0.0,3.0434782608695654,0.0,3.0434782608695654,0.0,0.0,0.0,0.0,0.0,0.0,0.0,0.0,0.0,0.0,0.0,0.0,0.0,0.0,0.0,0.0,0.0,0.0
todayilearned,0.5617977528089888,0.0,0.0,0.0,0.0,0.0,0.0,0.0,0.0,0.0,0.0,5.617977528089887,0.0,2.247191011235955,0.0,0.0,0.0,0.0,0.0,0.0,3.932584269662921,0.0,0.0,0.0,0.0,0.0,0.0,0.0,0.0,0.0,0.0,0.0
pics,0.0,0.0,0.0,0.0,0.0,0.0,0.0,0.5405405405405406,0.5405405405405406,0.0,0.0,3.783783783783784,0.0,3.783783783783784,0.0,0.5405405405405406,0.0,0.0,0.0,0.0,0.0,0.0,0.0,0.0,0.0,0.0,0.0,0.0,0.0,0.0,0.0,0.0
pics,0.0,0.0,0.0,0.0,0.0,0.0,0.0,1.6666666666666667,1.6666666666666667,0.0,0.0,2.5,0.0,4.166666666666666,0.0,0.0,0.0,0.0,0.0,0.0,0.0,0.0,0.0,0.0,0.0,0.0,0.0,0.0,0.0,0.0,0.0,0.0
pics,0.0,0.0,0.0,0.0,0.0,0.0,0.0,0.0,0.0,0.0,0.0,4.545454545454546,0.7575757575757576,4.545454545454546,0.0,0.0,0.0,0.0,0.0,0.0,0.0,0.0,0.0,0.0,0.0,0.0,0.0,0.0,0.0,0.0,0.0,0.0
pics,0.0,0.0,0.0,0.0,0.0,0.0,0.0,0.0,0.0,0.0,0.0,3.125,0.0,4.6875,0.0,0.0,0.0,0.0,0.0,0.0,0.0,0.0,0.0,0.0,0.0,0.0,0.0,0.0,0.0,0.0,0.0,0.0
atheism,0.0,0.0,0.0,0.0,0.0,0.0,0.0,0.0,0.0,0.0,0.0,5.813953488372093,0.0,6.976744186046512,0.0,0.0,0.0,0.0,0.0,0.0,1.1627906976744187,0.0,0.0,0.0,0.0,0.0,0.0,0.0,0.0,0.0,0.0,0.0
explainlikeimfive,0.0,0.0,0.0,0.0,0.0,0.0,0.0,0.36231884057971014,0.36231884057971014,0.0,0.0,2.1739130434782608,0.0,4.3478260869565215,0.0,0.36231884057971014,0.0,0.0,0.0,0.0,0.0,0.0,0.0,0.0,0.0,0.0,0.0,0.0,0.0,0.0,0.0,0.0
pics,0.0,0.0,0.0,0.0,0.0,0.0,0.6355932203389831,0.423728813559322,0.423728813559322,0.0,0.0,3.6016949152542375,0.0,5.720338983050848,0.0,0.0,0.0,0.0,0.0,0.0,0.0,0.0,0.0,0.0,0.0,0.0,0.0,0.0,0.0,0.0,0.0,0.0
atheism,0.0,0.0,0.0,0.0,0.0,0.0,0.0,0.0,0.0,0.0,0.0,0.0,0.0,0.0,0.0,0.0,0.0,0.0,0.0,0.0,0.0,0.0,0.0,0.0,0.0,0.0,0.0,0.0,0.0,0.0,0.0,0.0
atheism,0.0,0.0,2.898550724637681,0.0,0.0,0.0,0.0,1.4492753623188406,1.4492753623188406,0.0,0.0,4.3478260869565215,0.0,4.3478260869565215,0.0,1.4492753623188406,0.0,0.0,0.0,0.0,1.4492753623188406,0.0,0.0,0.0,0.0,0.0,0.0,0.0,0.0,0.0,0.0,0.0
atheism,0.0,0.0,0.0,0.0,0.0,0.0,0.0,0.0,0.0,0.0,0.0,0.0,0.0,5.263157894736842,0.0,0.0,0.0,0.0,0.0,0.0,0.0,0.0,0.0,0.0,0.0,0.0,0.0,0.0,0.0,0.0,0.0,0.0
atheism,0.0,0.0,0.0,0.0,0.0,0.0,0.0,0.0,0.0,0.0,0.0,3.4482758620689653,0.5747126436781609,6.321839080459771,0.0,0.0,0.0,0.0,0.0,0.0,0.0,0.0,0.0,0.0,0.0,0.0,0.0,0.0,0.0,0.0,0.0,0.0
atheism,0.0,0.0,0.0,0.0,0.0,0.0,0.0,1.5384615384615385,0.7692307692307693,0.0,0.0,1.5384615384615385,0.0,6.923076923076923,0.0,0.0,0.0,0.0,0.0,0.0,3.8461538461538463,0.0,0.7692307692307693,0.0,0.7692307692307693,0.0,0.0,0.0,0.0,0.0,0.0,0.0
atheism,0.0,0.0,0.0,0.0,0.0,0.0,1.0869565217391304,0.0,0.0,0.0,0.0,2.1739130434782608,0.0,3.260869565217391,0.0,0.0,0.0,0.0,0.0,1.0869565217391304,4.891304347826087,0.0,0.0,0.0,0.0,0.0,0.0,0.0,0.0,0.0,0.0,0.0
pics,0.0,0.0,0.0,0.0,0.0,0.0,0.36363636363636365,0.0,0.0,0.0,0.0,6.181818181818182,0.0,2.909090909090909,0.0,0.7272727272727273,0.0,0.0,0.0,0.0,0.0,0.0,0.0,0.0,0.0,0.0,0.0,0.0,0.0,0.0,0.0,0.0
atheism,0.0,0.0,0.0,0.0,0.0,0.0,0.0,0.0,0.0,0.0,0.0,0.0,0.0,0.0,0.0,0.0,0.0,0.0,0.0,0.0,0.0,0.0,0.0,0.0,0.0,0.0,0.0,0.0,0.0,0.0,0.0,0.0
atheism,0.0,0.0,0.0,0.0,0.0,0.0,0.0,0.9708737864077669,0.9708737864077669,0.0,0.0,3.8834951456310676,0.0,2.912621359223301,0.0,0.9708737864077669,0.0,0.0,0.0,0.0,0.0,0.0,0.0,0.0,0.0,0.0,0.0,0.0,0.0,0.0,0.0,0.0
atheism,0.0,0.0,0.0,0.0,0.0,0.0,0.0,0.0,0.0,0.0,0.0,3.508771929824561,0.0,7.017543859649122,0.0,0.0,0.0,0.0,0.0,0.0,0.8771929824561403,0.0,0.0,0.0,0.0,0.0,0.0,0.0,0.0,0.0,0.0,0.0
atheism,0.33444816053511706,0.0,0.0,0.0,0.0,0.0,0.0,0.0,0.0,0.0,0.0,2.6755852842809364,0.0,7.357859531772576,0.0,0.0,0.0,0.0,0.0,0.0,0.0,0.0,0.0,0.0,0.0,0.0,0.0,0.0,0.0,0.0,0.0,0.0
pics,0.0,0.0,0.0,0.0,0.0,0.0,0.0,0.0,0.0,0.0,0.0,2.1052631578947367,0.0,4.2105263157894735,0.0,1.0526315789473684,0.0,0.0,0.0,1.0526315789473684,0.0,0.0,0.0,0.0,0.0,0.0,0.0,0.0,0.0,0.0,0.0,0.0
todayilearned,0.0,0.0,0.0,1.574803149606299,0.0,0.0,0.0,0.0,0.0,0.0,0.0,7.874015748031496,0.0,3.937007874015748,0.0,0.7874015748031495,0.7874015748031495,0.0,0.0,0.7874015748031495,0.0,0.0,0.0,0.0,0.0,0.0,0.0,0.0,0.0,0.0,0.0,0.0
pics,0.0,0.0,0.0,0.0,0.0,0.0,0.8620689655172413,0.0,0.0,0.0,0.0,8.620689655172415,0.0,5.172413793103448,0.0,1.7241379310344827,0.0,0.0,0.0,0.0,0.0,0.0,0.0,0.0,0.0,0.0,0.0,0.0,0.0,0.0,0.0,0.0
explainlikeimfive,0.0,0.0,0.0,0.0,0.0,0.0,0.0,1.0471204188481675,1.0471204188481675,0.0,0.0,4.712041884816754,0.0,3.1413612565445024,0.0,0.0,0.0,0.0,0.0,0.0,0.0,0.0,0.5235602094240838,0.0,0.5235602094240838,0.0,0.0,0.0,0.0,0.0,0.0,0.0
explainlikeimfive,0.0,0.0,0.0,0.0,0.0,0.0,0.0,0.0,0.0,0.0,0.0,3.825136612021858,0.0,4.918032786885246,0.0,0.0,0.546448087431694,0.0,0.0,0.0,0.546448087431694,0.0,0.0,0.0,0.0,0.0,0.0,0.0,0.0,0.0,0.0,0.0
explainlikeimfive,0.0,0.0,0.0,0.0,0.0,0.0,0.0,3.7037037037037033,0.0,0.0,0.0,3.7037037037037033,0.0,1.8518518518518516,0.0,0.0,0.0,0.0,0.0,0.0,0.0,0.0,3.7037037037037033,0.0,3.7037037037037033,0.0,0.0,0.0,0.0,0.0,0.0,0.0
pics,0.0,0.0,0.0,0.0,0.0,0.0,0.0,0.0,0.0,0.0,0.0,4.301075268817205,0.0,4.301075268817205,0.0,0.0,0.0,0.0,0.0,0.0,0.0,0.0,0.0,0.0,0.0,0.0,0.0,0.0,0.0,0.0,0.0,0.0
explainlikeimfive,0.23659305993690852,0.0,0.0,0.0,0.0,0.0,0.0,0.5520504731861199,0.5520504731861199,0.0,0.0,7.807570977917981,0.0,1.6561514195583598,0.07886435331230283,0.0,0.0,0.0,0.0,0.0,0.23659305993690852,0.0,0.0,0.0,0.0,0.0,0.0,0.0,0.0,0.0,0.0,0.0
atheism,0.8,0.0,0.0,0.0,0.0,0.0,0.0,0.0,0.4,0.0,0.0,5.6000000000000005,0.0,4.3999999999999995,0.0,0.8,0.0,0.0,0.0,0.0,0.4,0.0,0.4,0.0,0.4,0.0,0.0,0.0,0.0,0.0,0.0,0.0
pics,0.0,0.0,0.0,0.0,0.0,0.0,0.0,0.0,0.0,0.0,0.0,3.875968992248062,0.0,1.550387596899225,0.0,0.0,0.2583979328165375,0.0,0.0,0.0,0.0,0.0,0.0,0.0,0.0,0.0,0.0,0.0,0.0,0.0,0.0,0.0
explainlikeimfive,0.0,0.0,0.0,0.0,0.0,0.0,0.0,0.0,0.0,0.0,0.0,6.993006993006993,0.0,4.195804195804196,0.0,0.0,0.0,0.0,0.0,0.0,0.0,0.0,0.0,0.0,0.0,0.0,0.0,0.0,0.0,0.0,0.0,0.0
explainlikeimfive,0.0,0.0,0.0,0.0,0.49504950495049505,0.0,0.0,0.7425742574257426,0.0,0.0,0.0,7.425742574257425,0.0,4.9504950495049505,0.0,0.24752475247524752,0.0,0.0,0.0,0.0,0.49504950495049505,0.0,0.7425742574257426,0.0,0.7425742574257426,0.0,0.0,0.0,0.0,0.0,0.0,0.0
explainlikeimfive,0.0,0.0,0.0,0.0,3.3582089552238807,0.0,0.0,0.3731343283582089,0.3731343283582089,0.0,0.0,5.970149253731343,0.3731343283582089,7.08955223880597,0.0,0.0,0.0,0.0,0.0,0.0,0.0,0.0,0.0,0.0,0.0,0.0,0.0,0.0,0.0,0.0,0.0,0.0
atheism,0.0,0.0,0.0,0.0,0.0,0.0,0.0,1.1764705882352942,1.1764705882352942,0.0,0.0,5.88235294117647,0.0,2.3529411764705883,0.0,7.0588235294117645,0.0,0.0,0.0,0.0,0.0,0.0,0.0,0.0,0.0,0.0,0.0,0.0,0.0,0.0,0.0,0.0
explainlikeimfive,0.0,0.0,0.0,0.0,0.0,0.0,0.0,0.4273504273504274,0.4273504273504274,0.0,0.0,5.128205128205128,0.0,2.9914529914529915,0.0,0.0,0.0,0.0,0.0,0.0,0.0,0.0,0.0,0.0,0.0,0.0,0.0,0.0,0.0,0.0,0.0,0.0
atheism,0.0,0.0,0.0,0.0,0.0,0.0,0.0,0.0,0.0,0.0,0.0,0.0,0.0,5.555555555555555,0.0,0.0,0.0,0.0,0.0,5.555555555555555,11.11111111111111,0.0,0.0,0.0,0.0,0.0,0.0,0.0,0.0,0.0,0.0,0.0
atheism,0.0,0.0,0.0,0.0,0.0,0.0,0.0,0.0,0.0,0.0,0.0,0.0,0.0,5.88235294117647,0.0,0.0,0.0,0.0,0.0,0.0,0.0,0.0,0.0,0.0,0.0,0.0,0.0,0.0,0.0,0.0,0.0,0.0
atheism,0.43478260869565216,0.0,0.0,0.0,0.0,0.0,0.0,0.8695652173913043,0.8695652173913043,0.0,0.0,6.956521739130435,0.0,7.82608695652174,0.43478260869565216,0.0,0.0,0.0,0.0,3.0434782608695654,0.0,0.0,0.0,0.0,0.0,0.0,0.0,0.0,0.0,0.0,0.0,0.0
atheism,0.6711409395973155,0.0,0.0,0.0,0.0,0.0,0.0,0.0,0.0,0.0,0.0,1.342281879194631,0.0,3.3557046979865772,0.0,0.0,0.0,0.0,0.0,0.0,2.684563758389262,0.0,0.0,0.0,0.0,0.0,0.0,0.0,0.0,0.0,0.0,0.0
explainlikeimfive,0.0,0.0,0.0,0.0,0.0,0.0,0.0,0.5934718100890208,0.5934718100890208,0.0,0.0,1.483679525222552,0.0,5.044510385756676,0.0,0.0,0.0,0.0,0.0,0.0,0.0,0.0,0.0,0.0,0.0,0.0,0.0,0.0,0.0,0.0,0.0,0.0
explainlikeimfive,0.0,0.0,0.0,0.0,0.0,0.0,0.4784688995215311,0.0,0.0,0.0,0.0,10.526315789473683,0.0,4.30622009569378,0.0,0.0,0.0,0.0,0.0,0.0,0.0,0.0,0.0,0.0,0.0,0.0,0.0,0.0,0.0,0.0,0.0,0.0
explainlikeimfive,0.0,0.0,0.0,0.0,0.0,0.0,0.0,0.0,0.0,0.0,0.0,8.484848484848486,0.0,4.242424242424243,0.0,0.0,0.0,0.0,0.0,0.0,0.0,0.0,0.0,0.0,0.0,0.0,0.0,0.0,0.0,0.0,0.0,0.0
todayilearned,0.0,0.0,0.0,0.0,0.0,0.0,0.0,0.7751937984496124,0.7751937984496124,0.0,0.0,3.875968992248062,0.0,3.10077519379845,0.0,0.0,0.0,0.0,0.0,0.0,0.0,0.0,0.0,0.0,0.0,0.0,0.0,0.0,0.0,0.0,0.0,0.0
explainlikeimfive,0.6309148264984227,0.0,0.0,0.0,0.0,0.0,0.0,0.6309148264984227,0.6309148264984227,0.0,0.0,5.205047318611988,0.0,4.100946372239748,0.0,0.9463722397476341,0.0,0.0,0.0,0.0,0.15772870662460567,0.0,0.15772870662460567,0.0,0.15772870662460567,0.0,0.0,0.0,0.0,0.0,0.0,0.0
todayilearned,0.0,0.0,0.0,0.0,0.0,0.0,0.0,0.4608294930875576,0.4608294930875576,0.0,0.0,2.7649769585253456,0.4608294930875576,5.990783410138248,0.0,0.0,0.0,0.0,0.0,0.0,0.0,0.0,0.0,0.0,0.0,0.0,0.0,0.0,0.0,0.0,0.0,0.0
todayilearned,0.0,0.0,0.0,0.0,0.0,0.0,0.0,0.0,0.0,0.0,0.0,6.153846153846154,1.5384615384615385,4.615384615384616,0.0,0.0,0.0,0.0,0.0,0.0,1.5384615384615385,0.0,0.0,0.0,0.0,0.0,0.0,0.0,0.0,0.0,0.0,0.0
explainlikeimfive,0.0,0.0,0.0,0.0,0.0,0.0,0.0,0.0,0.0,0.0,0.0,6.896551724137931,0.0,4.310344827586207,0.0,0.8620689655172413,0.8620689655172413,0.0,0.0,0.0,0.0,0.0,0.0,0.0,0.0,0.0,0.0,0.0,0.0,0.0,0.0,0.0
explainlikeimfive,0.22624434389140274,0.0,0.0,0.0,0.0,0.0,0.22624434389140274,0.22624434389140274,0.22624434389140274,0.0,0.0,6.334841628959276,0.0,5.203619909502263,0.0,0.0,0.0,0.0,0.0,0.0,0.904977375565611,0.0,0.0,0.0,0.0,0.0,0.0,0.0,0.0,0.0,0.0,0.0
todayilearned,0.0,0.0,0.0,0.0,0.0,0.0,0.0,1.282051282051282,1.282051282051282,0.0,0.0,0.0,0.0,7.6923076923076925,0.0,1.282051282051282,0.0,0.0,0.0,0.0,5.128205128205128,0.0,0.0,0.0,0.0,0.0,0.0,0.0,0.0,0.0,0.0,0.0
explainlikeimfive,0.0,0.0,0.0,0.0,0.0,0.0,0.0,0.0,0.0,0.0,0.0,0.0,0.0,10.0,0.0,0.0,0.0,0.0,0.0,0.0,0.0,0.0,0.0,0.0,0.0,0.0,0.0,0.0,0.0,0.0,0.0,0.0
explainlikeimfive,0.0,0.0,0.0,0.0,0.0,0.0,0.0,1.6194331983805668,1.214574898785425,0.0,0.0,3.643724696356275,0.0,4.8582995951417,0.0,0.4048582995951417,0.0,0.0,0.0,0.0,0.0,0.0,0.4048582995951417,0.0,0.4048582995951417,0.0,0.0,0.0,0.0,0.0,0.0,0.0
todayilearned,0.0,0.0,0.0,0.0,0.0,0.0,0.0,2.366863905325444,2.366863905325444,0.0,0.0,4.142011834319527,0.0,4.142011834319527,0.0,0.0,0.0,0.0,0.0,0.0,1.183431952662722,0.0,0.0,0.0,0.0,0.0,0.0,0.0,0.0,0.0,0.0,0.0
todayilearned,0.0,0.0,0.0,0.0,0.0,0.0,0.0,0.0,0.0,0.0,0.0,7.6923076923076925,0.0,6.153846153846154,0.0,0.0,0.0,0.0,0.0,0.0,0.0,0.0,0.0,0.0,0.0,0.0,0.0,0.0,0.0,0.0,0.0,0.0
todayilearned,0.0,0.0,0.0,0.0,0.0,0.0,0.0,0.0,0.0,0.0,0.0,1.1627906976744187,0.0,3.488372093023256,0.0,0.0,0.0,0.0,0.0,0.0,0.0,0.0,0.0,0.0,0.0,0.0,0.0,0.0,0.0,0.0,0.0,0.0
explainlikeimfive,0.2304147465437788,0.0,0.0,0.0,0.0,0.0,0.0,0.4608294930875576,0.4608294930875576,0.0,0.0,5.299539170506913,0.0,4.147465437788019,0.0,0.4608294930875576,0.0,0.0,0.0,0.0,0.0,0.0,0.0,0.0,0.0,0.0,0.0,0.0,0.0,0.0,0.0,0.0
explainlikeimfive,0.0,0.0,0.0,0.40816326530612246,0.0,0.0,0.0,2.857142857142857,4.081632653061225,0.0,0.0,3.6734693877551026,3.6734693877551026,5.3061224489795915,0.0,0.40816326530612246,0.0,0.0,0.0,0.0,0.40816326530612246,0.0,0.0,0.0,0.0,0.0,0.0,0.0,0.0,0.0,0.0,0.0
todayilearned,0.0,0.0,0.0,0.0,0.0,0.0,0.0,1.4492753623188406,1.4492753623188406,0.0,0.0,1.4492753623188406,0.0,4.3478260869565215,0.0,1.4492753623188406,0.0,0.0,0.0,0.0,0.0,0.0,0.0,0.0,0.0,0.0,0.0,0.0,0.0,0.0,0.0,0.0
todayilearned,0.0,0.0,0.0,0.0,0.0,0.0,0.0,3.278688524590164,3.278688524590164,0.0,0.819672131147541,4.098360655737705,1.639344262295082,4.918032786885246,0.0,2.459016393442623,0.0,0.0,4.918032786885246,0.0,0.0,0.0,0.0,0.0,0.0,0.0,0.0,0.0,0.0,0.0,0.0,0.0
todayilearned,0.30959752321981426,0.0,0.0,0.0,0.0,0.0,0.0,0.30959752321981426,0.30959752321981426,0.0,0.0,4.024767801857585,0.0,5.572755417956656,0.0,0.0,0.0,0.0,0.0,0.0,1.238390092879257,0.0,0.0,0.0,0.0,0.0,0.0,0.0,0.0,0.0,0.0,0.0
todayilearned,0.0,0.0,0.0,0.0,0.0,0.0,0.0,0.0,0.0,0.0,0.0,4.878048780487805,0.0,5.691056910569105,0.0,0.0,0.0,0.0,0.0,0.0,0.0,0.0,0.0,0.0,0.0,0.0,0.0,0.0,0.0,0.0,0.0,0.0
explainlikeimfive,0.0,0.0,0.0,0.0,0.0,0.0,0.7874015748031495,1.0498687664041995,0.7874015748031495,0.0,0.0,5.2493438320209975,0.5249343832020997,6.036745406824147,0.0,0.5249343832020997,0.0,0.0,0.0,0.0,0.0,0.0,0.26246719160104987,0.0,0.26246719160104987,0.0,0.0,0.0,0.0,0.0,0.0,0.0
todayilearned,0.0,0.0,0.0,0.0,0.0,0.0,0.0,0.0,0.0,0.0,0.0,9.25925925925926,0.0,5.555555555555555,0.0,0.0,0.0,0.0,0.0,0.0,0.0,0.0,0.0,0.0,0.0,0.0,0.0,0.0,0.0,0.0,0.0,0.0
atheism,0.0,0.0,0.0,0.0,0.0,0.0,0.0,0.0,0.0,0.0,0.0,5.405405405405405,0.0,4.054054054054054,0.0,0.0,0.0,0.0,0.0,0.0,0.0,0.0,0.0,0.0,0.0,0.0,0.0,0.0,0.0,0.0,0.0,0.0
todayilearned,0.53475935828877,0.0,0.0,0.0,0.0,0.0,0.0,0.53475935828877,0.53475935828877,0.0,0.0,8.55614973262032,0.0,3.7433155080213902,0.0,0.0,0.0,0.0,0.0,0.0,0.0,0.0,0.0,0.0,0.0,0.0,0.0,0.0,0.0,0.0,0.0,0.0
atheism,0.0,0.0,0.0,0.0,0.0,0.0,0.0,0.6756756756756757,0.6756756756756757,0.0,0.0,4.72972972972973,0.0,7.4324324324324325,0.0,0.6756756756756757,0.0,0.0,0.0,1.3513513513513513,0.6756756756756757,0.0,0.0,0.0,0.0,0.0,0.0,0.0,0.0,0.0,0.0,0.0
todayilearned,0.0,0.0,0.0,0.0,0.0,0.0,0.0,0.9216589861751152,0.9216589861751152,0.0,0.0,3.686635944700461,0.0,2.7649769585253456,0.0,0.0,0.0,0.0,0.0,0.0,0.9216589861751152,0.0,0.0,0.0,0.0,0.0,0.0,0.0,0.0,0.0,0.0,0.0
explainlikeimfive,0.0,0.0,0.0,0.0,0.0,0.0,0.0,0.0,0.0,0.0,0.0,2.666666666666667,0.0,6.666666666666667,0.0,0.0,0.0,0.0,0.0,0.0,0.0,0.0,0.0,0.0,0.0,0.0,0.0,0.0,0.0,0.0,0.0,0.0
explainlikeimfive,0.1443001443001443,0.0,0.0,0.0,0.0,0.0,0.2886002886002886,0.5772005772005772,0.5772005772005772,0.0,0.0,5.05050505050505,0.0,8.658008658008658,0.0,0.1443001443001443,0.0,0.0,0.0,0.0,0.1443001443001443,0.0,0.0,0.0,0.0,0.0,0.0,0.0,0.0,0.0,0.0,0.0
todayilearned,0.0,0.0,0.0,0.0,0.0,0.0,0.0,0.0,0.0,0.0,0.0,5.617977528089887,0.0,5.617977528089887,0.0,0.0,0.0,0.0,0.0,0.0,0.0,0.0,0.0,0.0,0.0,0.0,0.0,0.0,0.0,0.0,0.0,0.0
explainlikeimfive,0.0,0.0,0.0,0.0,0.0,0.0,0.0,1.2987012987012987,1.2987012987012987,0.0,0.0,8.225108225108226,0.0,3.463203463203463,0.0,0.0,0.0,0.0,0.0,0.0,0.0,0.0,0.0,0.0,0.0,0.0,0.0,0.0,0.0,0.0,0.0,0.0
todayilearned,0.0,0.0,0.0,0.0,0.0,0.0,0.0,0.6896551724137931,0.6896551724137931,0.6896551724137931,0.0,3.103448275862069,0.0,3.793103448275862,0.0,0.0,0.0,0.0,0.0,0.0,0.0,0.0,0.0,0.0,0.0,0.0,0.0,0.0,0.0,0.0,0.0,0.0
todayilearned,0.0,0.0,0.0,0.0,0.0,0.0,0.0,1.0330578512396695,0.8264462809917356,0.0,0.0,6.8181818181818175,0.0,4.545454545454546,0.0,0.4132231404958678,0.0,0.0,0.0,0.2066115702479339,0.6198347107438017,0.0,0.2066115702479339,0.0,0.2066115702479339,0.0,0.0,0.0,0.0,0.0,0.0,0.0
todayilearned,0.0,0.0,0.0,0.0,0.0,0.0,0.0,0.0,0.0,0.0,0.0,2.2222222222222223,0.0,8.88888888888889,0.0,0.0,0.0,0.0,0.0,0.0,0.0,0.0,0.0,0.0,0.0,0.0,0.0,0.0,0.0,0.0,0.0,0.0
todayilearned,0.0,0.0,0.0,0.0,3.5294117647058822,0.0,0.0,0.0,0.0,0.0,0.0,0.0,0.0,4.705882352941177,0.0,0.0,0.0,0.0,0.0,0.0,0.0,0.0,0.0,0.0,0.0,0.0,0.0,0.0,0.0,0.0,0.0,0.0
todayilearned,0.0,0.0,0.0,0.0,0.0,0.0,1.530612244897959,0.5102040816326531,0.5102040816326531,0.0,0.0,8.16326530612245,2.0408163265306123,3.571428571428571,0.0,0.0,0.0,0.0,0.0,0.0,0.0,0.0,0.0,0.0,0.0,0.0,0.0,0.0,0.0,0.0,0.0,0.0
todayilearned,0.0,0.0,0.0,0.0,1.8181818181818181,0.0,0.0,0.0,0.0,0.0,0.0,9.090909090909092,0.0,3.6363636363636362,0.0,0.0,0.0,0.0,0.0,0.0,0.0,0.0,0.0,0.0,0.0,0.0,0.0,0.0,0.0,0.0,0.0,0.0
explainlikeimfive,0.0,0.0,0.0,0.0,0.0,0.0,0.0,0.0,0.0,0.0,0.0,2.6785714285714284,0.0,4.464285714285714,0.0,0.0,0.8928571428571428,0.0,0.0,0.0,0.0,0.0,0.0,0.0,0.0,0.0,0.0,0.0,0.0,0.0,0.0,0.0
explainlikeimfive,0.0,0.0,0.0,0.0,0.0,0.0,0.0,0.0,0.0,0.0,0.0,4.25531914893617,0.0,4.25531914893617,0.0,0.0,0.0,0.0,0.0,0.0,0.0,0.0,0.0,0.0,0.0,0.0,0.0,0.0,0.0,0.0,0.0,0.0
explainlikeimfive,0.0,0.0,0.0,0.0,0.0,0.0,0.0,0.0,0.0,0.0,0.0,2.7777777777777777,0.0,4.62962962962963,0.0,0.0,0.0,0.0,0.0,0.0,0.0,0.0,0.0,0.0,0.0,0.0,0.0,0.0,0.0,0.0,0.0,0.0
todayilearned,0.0,0.0,0.0,0.0,0.0,0.0,0.0,1.06951871657754,0.53475935828877,0.0,0.0,4.81283422459893,0.0,7.4866310160427805,0.0,0.0,0.0,0.0,0.0,3.7433155080213902,0.0,0.0,0.0,0.0,0.0,0.0,0.0,0.0,0.0,0.0,0.0,0.0
explainlikeimfive,0.0,0.0,0.0,0.0,0.0,0.0,0.0,0.0,0.0,0.0,0.0,6.8181818181818175,0.0,5.113636363636364,0.0,0.0,0.0,0.0,0.0,0.0,0.0,0.0,0.0,0.0,0.0,0.0,0.0,0.0,0.0,0.0,0.0,0.0
atheism,0.0,0.0,0.0,0.0,0.0,0.0,0.0,0.0,0.0,0.0,0.0,0.0,0.0,3.9215686274509802,0.0,1.9607843137254901,1.9607843137254901,0.0,0.0,0.0,0.0,0.0,0.0,0.0,0.0,0.0,0.0,0.0,0.0,0.0,0.0,0.0
atheism,0.0,0.0,0.0,0.0,0.0,0.0,0.0,1.1160714285714286,0.6696428571428571,0.0,0.0,4.241071428571429,0.6696428571428571,5.133928571428571,0.0,0.2232142857142857,0.2232142857142857,0.2232142857142857,0.0,0.8928571428571428,0.2232142857142857,0.0,0.0,0.0,0.2232142857142857,0.0,0.0,0.0,0.0,0.0,0.0,0.0
atheism,0.0,0.0,0.0,0.0,0.0,0.0,0.0,0.8130081300813009,0.8130081300813009,0.0,0.0,5.691056910569105,0.0,5.691056910569105,0.0,0.0,0.0,0.0,0.0,0.0,4.0650406504065035,0.0,0.0,0.0,0.0,0.0,0.0,0.0,0.0,0.0,0.0,0.0
explainlikeimfive,0.0,0.0,0.0,0.0,0.0,0.0,0.0,2.0408163265306123,2.0408163265306123,0.0,0.0,2.0408163265306123,0.0,4.081632653061225,0.0,0.0,0.0,0.0,0.0,0.0,0.0,0.0,0.0,0.0,0.0,0.0,0.0,0.0,0.0,0.0,0.0,0.0
atheism,0.0,0.0,0.0,0.0,0.0,0.0,0.43668122270742354,0.8733624454148471,0.8733624454148471,0.0,0.0,2.1834061135371177,0.0,2.6200873362445414,0.0,0.0,0.0,0.0,0.0,0.0,0.0,0.0,0.0,0.0,0.0,0.0,0.0,0.0,0.0,0.0,0.0,0.0
todayilearned,0.49627791563275436,0.0,0.0,0.0,0.0,0.0,0.9925558312655087,0.7444168734491315,0.7444168734491315,0.0,0.0,4.218362282878412,0.0,5.955334987593052,0.0,4.962779156327544,0.49627791563275436,0.0,0.0,0.0,0.49627791563275436,0.0,0.0,0.0,0.0,0.0,0.0,0.0,0.0,0.0,0.0,0.0
atheism,0.0,0.0,0.0,0.0,0.0,0.0,0.0,0.0,0.0,0.5586592178770949,0.0,4.4692737430167595,1.1173184357541899,3.910614525139665,0.0,0.0,0.0,0.0,0.0,0.0,0.0,0.0,0.0,0.0,0.0,0.0,0.0,0.0,0.0,0.0,0.0,0.0
atheism,0.0,0.0,0.0,0.0,0.0,0.0,0.22172949002217296,0.5912786400591279,0.4434589800443459,0.0,0.0,4.138950480413895,0.0,3.621581670362158,0.0,0.6651884700665188,0.29563932002956395,0.0,0.0,0.07390983000739099,0.4434589800443459,0.0,0.0,0.0,0.0,0.0,0.0,0.0,0.0,0.0,0.0,0.0
atheism,0.0,0.0,0.0,0.0,0.0,0.0,0.0,0.0,0.0,0.0,0.0,0.0,0.0,0.0,0.0,0.0,0.0,0.0,0.0,0.0,0.0,0.0,0.0,0.0,0.0,0.0,0.0,0.0,0.0,0.0,0.0,0.0
explainlikeimfive,0.0,0.0,0.0,0.0,0.0,0.0,0.0,4.705882352941177,4.705882352941177,0.0,0.0,5.88235294117647,0.0,5.88235294117647,0.0,0.0,0.0,0.0,0.0,0.0,0.0,0.0,0.0,0.0,0.0,0.0,0.0,0.0,0.0,0.0,0.0,0.0
explainlikeimfive,0.0,0.0,0.0,0.0,1.0204081632653061,0.0,0.0,0.0,0.0,0.0,0.0,5.1020408163265305,0.0,6.122448979591836,0.0,0.0,0.0,0.0,0.0,0.0,0.0,0.0,0.0,0.0,0.0,0.0,0.0,0.0,0.0,0.0,0.0,0.0
todayilearned,0.0,0.0,0.0,0.0,0.0,0.0,0.0,0.0,0.0,0.0,0.0,5.319148936170213,0.0,6.382978723404255,0.0,0.0,0.0,0.0,0.0,0.0,2.127659574468085,0.0,0.0,0.0,0.0,0.0,0.0,0.0,0.0,0.0,0.0,0.0
todayilearned,0.0,0.0,0.0,0.0,0.0,0.0,0.0,0.0,0.0,0.0,0.0,6.896551724137931,0.0,5.172413793103448,0.0,0.0,0.0,0.0,0.0,0.0,0.0,0.0,0.0,0.0,0.0,0.0,0.0,0.0,0.0,0.0,0.0,0.0
todayilearned,0.0,0.0,0.0,0.0,0.0,0.0,0.32397408207343414,0.755939524838013,0.755939524838013,0.0,0.0,1.6198704103671708,0.10799136069114472,5.399568034557236,0.0,0.0,0.0,0.0,0.0,0.0,0.0,0.0,0.0,0.0,0.0,0.0,0.0,0.0,0.0,0.0,0.0,0.0
todayilearned,0.0,0.0,0.0,0.0,0.0,0.0,0.13386880856760375,0.4016064257028112,0.4016064257028112,0.0,0.0,5.622489959839357,0.0,3.3467202141900936,0.0,0.2677376171352075,0.0,0.0,0.0,0.6693440428380187,0.6693440428380187,0.0,0.0,0.0,0.0,0.0,0.0,0.0,0.0,0.0,0.0,0.0
todayilearned,0.0,0.0,0.0,0.0,0.0,0.0,0.0,0.0,0.0,0.0,0.0,3.8461538461538463,0.0,6.153846153846154,0.0,0.0,0.0,0.0,0.0,0.0,0.0,0.0,0.0,0.0,0.0,0.0,0.0,0.0,0.0,0.0,0.0,0.0
explainlikeimfive,0.0,0.0,0.0,0.0,0.0,0.0,0.0,0.0,0.0,0.0,0.0,2.8169014084507045,0.0,4.929577464788732,0.0,0.0,0.0,0.0,0.0,0.0,0.0,0.0,0.0,0.0,0.0,0.0,0.0,0.0,0.0,0.0,0.0,0.0
explainlikeimfive,0.0,0.0,0.0,0.0,0.0,0.0,0.0,0.0,0.0,0.0,0.0,1.7241379310344827,0.0,6.896551724137931,0.0,0.8620689655172413,0.0,0.0,0.0,0.0,0.0,0.0,0.0,0.0,0.0,0.0,0.0,0.0,0.0,0.0,0.0,0.0
explainlikeimfive,0.0,0.0,0.0,0.0,0.0,0.0,0.1370801919122687,0.616860863605209,0.47978067169294036,0.0,0.0,3.9753255654557917,0.411240575736806,4.934886908841672,0.0,0.06854009595613435,0.0,0.0,0.0,0.0,0.06854009595613435,0.0,0.0,0.0,0.0,0.0,0.0,0.0,0.0,0.0,0.0,0.0
explainlikeimfive,0.0,0.0,0.0,0.0,0.0,0.0,0.0,2.459016393442623,2.459016393442623,0.0,0.0,5.327868852459016,0.0,6.147540983606557,0.0,0.819672131147541,0.0,0.0,0.0,0.0,0.819672131147541,0.0,0.0,0.0,0.0,0.0,0.0,0.0,0.0,0.0,0.0,0.0
todayilearned,0.0,0.0,0.0,1.0638297872340425,0.0,0.0,0.0,0.0,0.0,0.0,0.0,5.319148936170213,0.0,4.25531914893617,0.0,0.0,0.0,0.0,0.0,0.0,0.0,0.0,0.0,0.0,0.0,0.0,0.0,0.0,0.0,0.0,0.0,0.0
todayilearned,0.819672131147541,0.0,0.0,0.0,0.0,0.0,0.0,0.819672131147541,0.819672131147541,0.0,0.0,3.278688524590164,0.0,4.098360655737705,0.0,0.0,0.0,0.0,0.0,0.0,0.819672131147541,0.0,0.0,0.0,0.0,0.0,0.0,0.0,0.0,0.0,0.0,0.0
explainlikeimfive,0.0,0.0,0.0,0.0,0.0,0.0,0.0,0.7722007722007722,0.7722007722007722,0.0,0.0,2.7027027027027026,0.0,6.177606177606178,0.0,0.3861003861003861,0.3861003861003861,0.0,0.0,0.0,0.0,0.0,0.3861003861003861,0.0,0.3861003861003861,0.0,0.0,0.0,0.0,0.0,0.0,0.0
explainlikeimfive,0.0,0.0,0.0,0.0,0.0,0.0,0.0,0.7936507936507936,0.7936507936507936,0.0,0.0,3.968253968253968,0.0,6.349206349206349,0.0,0.0,0.0,0.0,0.0,0.0,0.0,0.0,0.0,0.0,0.0,0.0,0.0,0.0,0.0,0.0,0.0,0.0
atheism,0.0,0.0,0.0,0.0,0.0,0.0,0.0,0.0,0.0,0.0,0.0,3.225806451612903,0.0,3.225806451612903,0.0,0.0,0.0,0.0,0.0,0.0,6.451612903225806,0.0,0.0,0.0,0.0,0.0,0.0,0.0,0.0,0.0,0.0,0.0
atheism,0.0,0.0,0.0,0.0,0.0,0.0,0.0,0.3448275862068966,0.3448275862068966,0.0,0.0,5.172413793103448,0.0,5.172413793103448,0.0,0.3448275862068966,0.0,0.0,0.0,0.0,0.0,0.0,0.0,0.0,0.0,0.0,0.0,0.0,0.0,0.0,0.0,0.0
explainlikeimfive,0.45662100456621,0.0,0.0,0.45662100456621,0.91324200913242,0.0,0.0,0.91324200913242,0.91324200913242,0.0,0.0,1.36986301369863,0.0,5.0228310502283104,0.0,0.45662100456621,0.0,0.0,0.0,0.0,0.0,0.0,0.0,0.0,0.0,0.0,0.0,0.0,0.0,0.0,0.0,0.0
atheism,0.0,0.0,0.0,0.0,0.0,0.0,0.0,2.941176470588235,2.3529411764705883,0.0,0.0,2.3529411764705883,0.0,7.0588235294117645,0.0,0.0,0.0,0.0,0.0,0.0,0.0,0.0,0.0,0.0,0.0,0.0,0.0,0.0,0.0,0.0,0.0,0.0
atheism,0.0,0.0,0.0,0.0,0.0,0.0,0.0,0.0,0.0,0.0,0.0,4.285714285714286,0.0,7.142857142857142,0.0,1.4285714285714286,0.0,0.0,0.0,0.0,0.0,0.0,0.0,0.0,0.0,0.0,0.0,0.0,0.0,0.0,0.0,0.0
explainlikeimfive,0.0,0.0,0.0,0.0,0.0,0.0,0.0,0.5586592178770949,0.5586592178770949,0.0,0.0,7.82122905027933,0.0,6.145251396648044,0.0,0.5586592178770949,0.5586592178770949,0.0,0.0,0.0,0.0,0.0,0.0,0.0,0.0,0.0,0.0,0.0,0.0,0.0,0.0,0.0
todayilearned,0.0,0.0,0.0,0.0,0.0,0.0,0.0,0.0,0.0,0.0,0.0,4.444444444444445,0.0,6.666666666666667,0.0,0.0,0.0,0.0,0.0,0.0,0.0,0.0,0.0,0.0,0.0,0.0,0.0,0.0,0.0,0.0,0.0,0.0
todayilearned,0.0,0.0,0.0,0.0,0.0,0.0,0.0,0.0,0.0,0.0,0.0,2.631578947368421,0.0,2.631578947368421,0.0,0.0,0.0,0.0,0.0,0.0,2.631578947368421,0.0,0.0,0.0,0.0,0.0,0.0,0.0,0.0,0.0,0.0,0.0
todayilearned,0.0,0.0,0.0,0.684931506849315,0.0,0.0,0.0,0.3424657534246575,0.3424657534246575,0.0,0.0,2.73972602739726,0.0,4.4520547945205475,0.0,0.0,0.0,0.0,0.0,0.0,0.3424657534246575,0.0,0.0,0.0,0.0,0.0,0.0,0.0,0.0,0.0,0.0,0.0
todayilearned,0.0,0.0,0.0,0.0,0.0,0.0,0.0,0.0,0.0,0.0,0.0,2.1052631578947367,0.0,6.315789473684211,0.0,0.0,0.0,0.0,0.0,0.0,0.0,0.0,0.0,0.0,0.0,0.0,0.0,0.0,0.0,0.0,0.0,0.0
explainlikeimfive,0.0,0.0,0.0,0.0,0.0,0.0,0.0,1.6574585635359116,1.6574585635359116,0.0,0.0,5.524861878453039,0.5524861878453038,1.6574585635359116,0.0,0.5524861878453038,0.0,0.0,0.0,0.0,0.0,0.0,0.0,0.0,0.0,0.0,0.0,0.0,0.0,0.0,0.0,0.0
explainlikeimfive,0.0,0.0,0.0,0.0,0.0,0.0,0.0,0.0,0.0,0.0,0.0,0.6134969325153374,0.0,4.294478527607362,0.0,0.0,0.0,0.0,0.0,0.0,0.0,0.0,0.0,0.0,0.0,0.0,0.0,0.0,0.0,0.0,0.0,0.0
atheism,0.0,0.0,0.0,0.0,0.0,0.0,0.0,0.47732696897374705,0.47732696897374705,0.0,0.0,4.534606205250596,0.0,3.8186157517899764,0.0,0.0,0.0,0.0,0.0,0.0,0.47732696897374705,0.0,0.0,0.0,0.0,0.0,0.0,0.0,0.0,0.0,0.0,0.0
todayilearned,0.0,0.0,0.0,0.0,0.0,0.0,0.0,0.0,0.0,0.0,0.0,6.557377049180328,0.0,0.819672131147541,0.0,0.0,0.0,0.0,0.0,0.0,0.0,0.0,0.0,0.0,0.0,0.0,0.0,0.0,0.0,0.0,0.0,0.0
atheism,0.16806722689075632,0.0,0.0,0.0,0.16806722689075632,0.16806722689075632,0.0,1.1764705882352942,1.1764705882352942,0.16806722689075632,0.0,4.873949579831933,0.0,3.865546218487395,0.0,1.0084033613445378,0.16806722689075632,0.0,0.0,0.33613445378151263,0.0,0.0,0.0,0.0,0.0,0.0,0.0,0.0,0.16806722689075632,0.0,0.16806722689075632,0.0
atheism,0.0,0.0,0.0,0.0,0.0,0.0,0.0,0.0,0.0,0.0,0.0,6.2857142857142865,0.0,3.428571428571429,0.0,0.0,0.0,0.0,0.0,0.0,0.5714285714285714,0.0,0.0,0.0,0.0,0.0,0.0,0.0,0.0,0.0,0.0,0.0
atheism,0.0,0.0,0.0,0.0,0.0,0.0,0.0,0.0,0.0,0.0,0.0,2.5974025974025974,0.0,7.792207792207792,0.0,0.0,0.0,0.0,0.0,0.0,0.0,0.0,0.0,0.0,0.0,0.0,0.0,0.0,0.0,0.0,0.0,0.0
explainlikeimfive,0.0,0.0,0.20920502092050208,0.0,0.0,0.0,0.20920502092050208,0.20920502092050208,0.20920502092050208,0.0,0.0,5.02092050209205,0.0,4.184100418410042,0.0,0.0,0.0,0.0,0.0,0.0,0.0,0.0,0.0,0.0,0.0,0.0,0.0,0.0,0.0,0.0,0.0,0.0
explainlikeimfive,0.0,0.0,0.0,0.0,0.0,0.0,0.0,0.5434782608695652,0.5434782608695652,0.0,0.0,7.427536231884058,1.6304347826086956,3.804347826086957,0.0,0.0,0.18115942028985507,0.0,0.0,0.0,0.0,0.0,0.0,0.0,0.0,0.0,0.0,0.0,0.0,0.0,0.0,0.0
explainlikeimfive,0.0,0.0,0.0,0.0,0.6451612903225806,0.0,0.0,0.6451612903225806,0.0,0.0,0.0,7.741935483870968,0.0,4.516129032258064,0.0,0.6451612903225806,0.0,0.0,0.0,0.6451612903225806,0.0,0.0,0.0,0.0,0.6451612903225806,0.0,0.0,0.0,0.0,0.0,0.0,0.0
explainlikeimfive,0.0,0.0,0.0,0.0,0.0,0.0,0.0,0.0,0.0,0.0,0.0,5.0,0.0,2.5,0.0,2.5,0.0,0.0,0.0,2.5,0.0,0.0,2.5,0.0,2.5,0.0,0.0,0.0,0.0,0.0,0.0,0.0
explainlikeimfive,0.0,0.0,0.0,0.0,0.0,0.0,0.0,0.0,0.0,0.0,0.0,0.0,0.0,10.0,0.0,0.0,0.0,0.0,0.0,0.0,0.0,0.0,0.0,0.0,0.0,0.0,0.0,0.0,0.0,0.0,0.0,0.0
explainlikeimfive,0.0,0.0,0.0,0.0,0.0,0.0,0.0,0.0,0.0,0.0,0.0,3.3333333333333335,0.0,3.3333333333333335,0.0,3.3333333333333335,0.0,0.0,0.0,0.0,0.0,0.0,3.3333333333333335,0.0,3.3333333333333335,0.0,0.0,0.0,0.0,0.0,0.0,0.0
explainlikeimfive,0.0,0.0,0.0,0.0,0.0,0.0,0.0,2.631578947368421,2.631578947368421,0.0,0.0,3.9473684210526314,0.0,6.578947368421052,0.0,0.0,2.631578947368421,0.0,0.0,0.0,0.0,0.0,0.0,0.0,0.0,0.0,0.0,0.0,0.0,0.0,0.0,0.0
explainlikeimfive,0.0,0.0,0.0,0.0,0.0,0.0,0.0,0.0,0.0,0.0,0.0,1.25,0.0,6.25,0.0,0.0,0.0,0.0,0.0,0.0,0.0,0.0,0.0,0.0,0.0,0.0,0.0,0.0,0.0,0.0,0.0,0.0
todayilearned,0.0,0.0,0.0,0.0,0.0,0.0,0.0,2.0408163265306123,2.0408163265306123,0.0,0.0,8.16326530612245,2.0408163265306123,2.0408163265306123,0.0,4.081632653061225,0.0,0.0,0.0,0.0,0.0,0.0,0.0,0.0,0.0,0.0,0.0,0.0,0.0,0.0,0.0,0.0
todayilearned,0.0,0.0,0.0,0.0,0.0,0.0,0.0,2.941176470588235,2.941176470588235,0.0,0.0,0.0,0.0,2.941176470588235,0.0,0.0,0.0,0.0,0.0,0.0,0.0,0.0,0.0,0.0,0.0,0.0,0.0,0.0,0.0,0.0,0.0,0.0
atheism,0.0,0.0,0.0,0.0,0.0,0.0,0.0,1.1173184357541899,0.5586592178770949,0.0,0.0,3.35195530726257,0.0,2.2346368715083798,0.0,0.5586592178770949,5.027932960893855,0.0,0.0,0.0,0.0,0.0,5.027932960893855,0.0,5.027932960893855,0.0,0.0,0.0,0.0,0.0,0.0,0.0
atheism,0.0,0.0,0.0,0.0,0.0,0.0,0.0,1.153846153846154,1.153846153846154,0.0,0.0,1.9230769230769231,0.0,3.8461538461538463,0.0,0.0,0.0,0.0,0.0,0.0,0.0,0.0,0.0,0.0,0.0,0.0,0.0,0.0,0.0,0.0,0.0,0.0
atheism,0.0,0.0,0.0,0.0,0.0,0.0,0.2518891687657431,0.2518891687657431,0.2518891687657431,0.0,0.0,4.030226700251889,0.0,3.5264483627204033,0.0,0.7556675062972292,0.0,0.0,0.0,0.0,0.0,0.0,0.0,0.0,0.0,0.0,0.0,0.0,0.0,0.0,0.0,0.0
todayilearned,0.0,0.0,0.0,0.0,0.0,0.0,0.0,0.0,0.0,0.0,0.0,0.0,0.0,13.333333333333334,0.0,0.0,0.0,0.0,0.0,0.0,0.0,0.0,0.0,0.0,0.0,0.0,0.0,0.0,0.0,0.0,0.0,0.0
explainlikeimfive,0.7722007722007722,0.0,0.0,0.0,0.0,0.0,0.7722007722007722,1.1583011583011582,1.1583011583011582,0.0,0.0,5.7915057915057915,0.0,6.563706563706563,0.0,0.3861003861003861,0.0,0.0,0.0,0.0,0.0,0.0,0.0,0.0,0.0,0.0,0.0,0.0,0.0,0.0,0.0,0.0
explainlikeimfive,0.0,0.0,0.0,0.0,0.0,0.0,0.0,0.9009009009009009,0.9009009009009009,0.0,0.0,6.306306306306306,0.0,2.7027027027027026,0.0,0.0,0.0,0.0,0.0,0.0,0.0,0.0,0.0,0.0,0.0,0.0,0.0,0.0,0.0,0.0,0.0,0.0
atheism,0.0,0.0,0.0,0.0,0.0,0.0,0.0,0.0,0.0,0.0,0.0,5.88235294117647,0.0,4.901960784313726,0.0,0.0,0.0,0.0,0.0,1.9607843137254901,1.4705882352941175,0.0,0.0,0.0,0.0,0.0,0.0,0.0,0.0,0.0,0.0,0.0
atheism,0.0,0.0,0.0,0.0,0.0,0.0,0.0,0.0,0.0,0.0,0.0,3.0973451327433628,0.0,5.752212389380531,0.0,0.0,0.0,0.0,0.0,0.0,0.0,0.0,0.0,0.0,0.0,0.0,0.0,0.0,0.0,0.0,0.0,0.0
atheism,0.0,0.0,0.6578947368421052,0.0,0.0,0.0,0.0,1.9736842105263157,1.9736842105263157,0.0,0.0,8.552631578947368,0.0,3.9473684210526314,0.0,0.0,0.0,0.0,0.0,0.0,0.0,0.0,0.0,0.0,0.0,0.0,0.0,0.0,0.0,0.0,0.0,0.0
atheism,0.0,0.0,0.0,0.0,0.0,0.0,0.0,0.0,0.0,0.0,0.0,0.0,0.0,16.666666666666664,0.0,0.0,0.0,0.0,0.0,0.0,0.0,0.0,0.0,0.0,0.0,0.0,0.0,0.0,0.0,0.0,0.0,0.0
atheism,0.38314176245210724,0.0,0.0,0.0,0.0,0.0,0.0,0.0,0.0,0.0,0.0,6.513409961685824,0.0,3.4482758620689653,0.0,0.0,0.38314176245210724,0.0,0.0,0.0,0.38314176245210724,0.0,0.0,0.0,0.0,0.0,0.0,0.0,0.0,0.0,0.0,0.0
explainlikeimfive,0.0,0.0,0.0,0.0,0.0,0.0,0.0,0.7633587786259541,0.7633587786259541,0.0,0.0,2.7989821882951653,0.0,4.580152671755725,0.0,0.0,0.0,0.0,0.0,0.0,0.0,0.0,0.0,0.0,0.0,0.0,0.0,0.0,0.0,0.0,0.0,0.0
explainlikeimfive,0.0,0.0,0.0,0.0,0.0,0.0,0.0,1.083032490974729,0.36101083032490977,0.0,0.0,5.054151624548736,0.0,4.332129963898916,0.0,0.36101083032490977,0.7220216606498195,0.0,0.0,0.36101083032490977,0.0,0.0,0.7220216606498195,0.0,0.7220216606498195,0.0,0.0,0.0,0.0,0.0,0.0,0.0
explainlikeimfive,0.0,0.0,0.0,0.0,0.0,0.0,0.0,0.7142857142857143,0.7142857142857143,0.0,0.0,10.0,0.0,2.142857142857143,0.0,0.7142857142857143,0.0,0.0,0.0,0.0,1.4285714285714286,0.0,0.0,0.0,0.0,0.0,0.0,0.0,0.0,0.0,0.0,0.0
explainlikeimfive,0.0,0.0,0.0,0.0,0.0,0.0,0.0,5.0,2.5,0.0,0.0,0.0,0.0,5.0,0.0,0.0,0.0,0.0,0.0,0.0,0.0,0.0,2.5,0.0,2.5,0.0,0.0,0.0,0.0,0.0,0.0,0.0
todayilearned,0.3048780487804878,0.0,0.0,0.0,0.0,0.0,0.0,0.9146341463414633,0.9146341463414633,0.0,0.0,3.9634146341463414,0.0,3.9634146341463414,0.0,0.3048780487804878,0.3048780487804878,0.0,0.0,0.0,0.0,0.0,1.2195121951219512,0.0,1.2195121951219512,0.0,0.0,0.0,0.0,0.0,0.0,0.0
todayilearned,0.0,0.0,0.0,0.0,0.0,0.0,0.0,2.127659574468085,2.127659574468085,0.0,0.0,1.0638297872340425,0.0,4.25531914893617,0.0,0.0,0.0,0.0,0.0,0.0,0.0,0.0,0.0,0.0,0.0,0.0,0.0,0.0,0.0,0.0,0.0,0.0
todayilearned,0.0,0.0,0.0,0.0,0.0,0.0,0.5813953488372093,0.0,0.0,0.0,0.0,5.232558139534884,0.5813953488372093,10.465116279069768,0.0,0.0,0.5813953488372093,0.0,0.0,0.0,1.1627906976744187,0.0,0.0,0.0,0.0,0.0,0.0,0.0,0.0,0.0,0.0,0.0
todayilearned,0.0,0.0,0.0,0.0,1.0554089709762533,0.0,0.0,1.58311345646438,1.58311345646438,0.0,0.0,7.651715039577836,0.0,4.485488126649076,0.0,0.0,0.0,0.0,0.0,0.0,1.0554089709762533,0.0,0.0,0.0,0.0,0.0,0.0,0.0,0.0,0.0,0.0,0.0
todayilearned,0.0,0.0,0.0,0.0,0.0,0.0,0.0,0.0,0.0,0.0,0.0,3.3333333333333335,0.0,10.0,0.0,0.0,0.0,0.0,0.0,0.0,0.0,0.0,0.0,0.0,0.0,0.0,0.0,0.0,0.0,0.0,0.0,0.0
todayilearned,0.0,0.0,0.0,0.0,0.0,0.0,0.0,2.0,2.0,0.0,0.0,4.0,0.0,6.0,0.0,0.0,0.0,0.0,0.0,0.0,0.0,0.0,0.0,0.0,0.0,0.0,0.0,0.0,0.0,0.0,0.0,0.0
todayilearned,0.0,0.0,0.0,0.0,0.0,0.0,0.0,0.0,0.0,0.0,0.0,0.8438818565400843,0.0,7.172995780590717,0.0,0.0,0.0,0.0,0.0,0.0,0.42194092827004215,0.0,0.0,0.0,0.0,0.0,0.0,0.0,0.0,0.0,0.0,0.0
todayilearned,0.2967359050445104,0.0,0.0,0.0,0.0,0.0,0.2967359050445104,0.5934718100890208,0.8902077151335311,0.0,0.0,1.7804154302670623,0.0,6.528189910979229,0.0,0.2967359050445104,0.0,0.0,0.0,0.0,0.2967359050445104,0.0,0.0,0.0,0.0,0.0,0.0,0.0,0.0,0.0,0.0,0.0
explainlikeimfive,0.0,0.0,0.0,0.0,0.0,0.0,0.0,1.0869565217391304,1.0869565217391304,0.0,0.0,1.0869565217391304,0.0,6.521739130434782,0.0,2.1739130434782608,0.0,0.0,0.0,0.0,0.0,0.0,0.0,0.0,0.0,0.0,0.0,0.0,0.0,0.0,0.0,0.0
explainlikeimfive,0.0,0.0,0.0,0.0,0.0,0.0,0.0,1.0416666666666665,1.0416666666666665,0.0,0.0,3.125,0.0,6.25,0.0,1.0416666666666665,0.0,0.0,0.0,0.0,0.0,0.0,0.0,0.0,0.0,0.0,0.0,0.0,0.0,0.0,0.0,0.0
todayilearned,0.0,0.0,0.0,0.0,0.0,0.0,0.0,0.0,0.0,0.0,0.0,4.651162790697675,0.0,5.3156146179401995,0.0,0.33222591362126247,0.0,0.0,0.0,0.0,0.0,0.0,0.0,0.0,0.0,0.0,0.0,0.0,0.0,0.0,0.0,0.0
explainlikeimfive,0.0,0.0,0.0,0.0,0.0,0.0,0.0,0.0,0.0,0.0,0.0,2.601156069364162,0.0,3.7572254335260116,0.0,0.0,0.0,0.0,0.0,0.0,0.0,0.0,0.0,0.0,0.0,0.0,0.0,0.0,0.0,0.0,0.0,0.0
explainlikeimfive,0.6369426751592357,0.0,0.0,0.0,0.0,0.0,0.0,0.6369426751592357,0.6369426751592357,0.0,0.0,2.547770700636943,0.0,4.45859872611465,0.0,0.0,0.0,0.0,0.0,0.0,0.0,0.0,0.0,0.0,0.0,0.0,0.0,0.0,0.0,0.0,0.0,0.0
explainlikeimfive,0.0,0.0,0.0,0.0,0.0,0.0,0.0,0.7299270072992701,0.0,0.0,0.0,4.37956204379562,0.0,4.37956204379562,0.0,0.0,0.0,0.0,0.0,0.0,0.0,0.0,0.0,0.0,0.0,0.0,0.0,0.0,0.0,0.0,0.0,0.0
atheism,0.0,0.0,0.0,0.0,0.0,0.0,0.0,0.0,0.0,0.0,0.0,4.081632653061225,0.0,6.122448979591836,0.0,6.122448979591836,0.0,0.0,0.0,0.0,2.0408163265306123,0.0,0.0,0.0,0.0,0.0,0.0,0.0,0.0,0.0,0.0,0.0
explainlikeimfive,0.0,0.0,0.0,0.0,0.0,0.0,0.0,2.7027027027027026,1.3513513513513513,0.0,0.0,2.7027027027027026,0.0,6.756756756756757,0.0,0.0,0.0,0.0,0.0,0.0,0.0,0.0,1.3513513513513513,0.0,1.3513513513513513,0.0,0.0,0.0,0.0,0.0,0.0,0.0
explainlikeimfive,0.0,0.0,0.0,0.0,0.0,0.0,0.0,1.694915254237288,1.694915254237288,0.0,0.0,5.084745762711865,0.0,5.084745762711865,0.0,0.0,0.0,0.0,0.0,0.0,0.0,0.0,0.0,0.0,0.0,0.0,0.0,0.0,0.0,0.0,0.0,0.0
explainlikeimfive,0.0,0.0,0.0,0.0,0.2849002849002849,0.0,0.0,1.9943019943019942,1.7094017094017095,0.0,0.0,3.9886039886039883,0.0,5.128205128205128,0.0,0.2849002849002849,0.0,0.0,0.0,0.0,0.2849002849002849,0.0,0.0,0.0,0.0,0.0,0.0,0.0,0.0,0.0,0.0,0.0
explainlikeimfive,0.0,0.0,0.0,0.0,0.0,0.0,0.0,1.3289036544850499,1.3289036544850499,0.0,0.0,1.9933554817275747,0.0,3.322259136212625,0.0,0.0,0.33222591362126247,0.0,0.0,0.0,0.0,0.0,0.0,0.0,0.0,0.0,0.0,0.0,0.0,0.0,0.0,0.0
explainlikeimfive,0.7633587786259541,0.0,0.0,0.0,0.0,0.0,0.0,0.7633587786259541,0.7633587786259541,0.0,0.0,5.343511450381679,0.0,5.343511450381679,0.0,0.0,0.0,0.0,0.0,0.0,0.0,0.0,0.0,0.0,0.0,0.0,0.0,0.0,0.0,0.0,0.0,0.0
explainlikeimfive,0.7352941176470588,0.0,0.0,0.0,0.0,0.0,0.0,0.7352941176470588,0.7352941176470588,0.0,0.0,4.411764705882353,0.0,2.2058823529411766,0.0,0.0,0.7352941176470588,0.0,0.0,0.0,0.0,0.0,0.7352941176470588,0.0,0.7352941176470588,0.0,0.0,0.0,0.0,0.0,0.0,0.0
explainlikeimfive,0.0,0.0,0.0,0.0,0.0,0.0,0.0,0.0,0.0,0.0,0.0,4.444444444444445,0.0,4.444444444444445,0.0,0.0,0.0,0.0,0.0,0.0,0.0,0.0,0.0,0.0,0.0,0.0,0.0,0.0,0.0,0.0,0.0,0.0
explainlikeimfive,0.0,0.0,0.0,0.0,0.0,0.0,0.0,0.0,0.0,0.0,0.0,4.545454545454546,0.0,5.681818181818182,0.0,0.0,0.0,0.0,0.0,0.0,0.0,0.0,0.0,0.0,0.0,0.0,0.0,0.0,0.0,0.0,0.0,0.0
atheism,0.0,0.0,0.0,0.0,2.8169014084507045,0.0,0.0,0.7042253521126761,0.7042253521126761,0.0,0.0,4.225352112676056,0.0,6.338028169014084,0.0,0.0,0.0,0.0,0.0,0.0,0.0,0.0,0.0,0.0,0.0,0.0,0.0,0.0,0.0,0.0,0.0,0.0
explainlikeimfive,0.0,0.0,0.0,0.0,0.0,0.0,0.0,0.0,0.0,0.0,0.0,6.315789473684211,0.0,6.315789473684211,0.0,0.0,0.0,0.0,0.0,0.0,0.0,0.0,0.0,0.0,0.0,0.0,0.0,0.0,0.0,0.0,0.0,0.0
explainlikeimfive,0.5208333333333333,0.0,0.0,0.0,0.0,0.0,0.0,0.5208333333333333,0.5208333333333333,0.0,0.0,1.0416666666666665,0.0,3.6458333333333335,0.0,0.0,0.0,0.0,0.0,0.0,0.0,0.0,0.0,0.0,0.0,0.0,0.0,0.0,0.0,0.0,0.0,0.0
explainlikeimfive,0.0,0.0,0.0,0.0,0.0,0.0,0.0,0.0,0.0,0.0,0.0,4.712041884816754,0.0,5.2356020942408374,0.0,0.0,0.0,0.0,0.0,0.0,0.0,0.0,0.0,0.0,0.0,0.0,0.0,0.0,0.0,0.0,0.0,0.0
explainlikeimfive,0.0,0.0,0.0,0.0,0.0,0.0,0.0,0.0,0.0,0.0,0.0,1.5873015873015872,0.0,4.761904761904762,0.0,0.0,0.0,0.0,0.0,0.0,0.0,0.0,0.0,0.0,0.0,0.0,0.0,0.0,0.0,0.0,0.0,0.0
todayilearned,0.0,0.0,0.0,0.0,0.0,0.0,0.0,0.0,0.0,0.0,0.0,7.207207207207207,0.0,3.6036036036036037,0.0,0.0,0.0,0.0,0.0,0.0,0.0,0.0,0.0,0.0,0.0,0.0,0.0,0.0,0.0,0.0,0.0,0.0
explainlikeimfive,0.0,0.0,0.0,0.0,0.6896551724137931,0.0,0.0,2.0689655172413794,2.0689655172413794,0.0,0.0,5.517241379310345,0.0,4.137931034482759,0.0,0.6896551724137931,0.0,0.0,0.0,0.0,0.0,0.0,0.0,0.0,0.0,0.0,0.0,0.0,0.0,0.0,0.0,0.0
explainlikeimfive,0.8733624454148471,0.0,0.0,0.0,0.0,0.0,0.0,0.43668122270742354,1.7467248908296942,0.0,0.0,7.423580786026202,0.0,2.6200873362445414,0.0,0.43668122270742354,0.0,0.0,0.0,0.0,0.0,0.0,0.0,0.0,0.0,0.0,0.0,0.0,0.0,0.0,0.0,0.0
explainlikeimfive,0.0,0.0,0.0,0.0,0.0,0.0,0.0,2.158273381294964,2.158273381294964,0.0,0.0,6.474820143884892,0.7194244604316548,3.597122302158273,0.0,0.0,0.0,0.0,0.0,0.0,0.0,0.0,0.0,0.0,0.0,0.0,0.0,0.0,0.0,0.0,0.0,0.0
explainlikeimfive,0.0,0.0,0.0,0.0,0.0,0.0,0.0,0.0,0.0,0.0,0.0,1.8867924528301887,0.0,5.660377358490567,0.0,0.0,0.0,0.0,0.0,0.0,0.0,0.0,0.0,0.0,0.0,0.0,0.0,0.0,0.0,0.0,0.0,0.0
explainlikeimfive,0.0,0.0,0.0,0.0,0.0,0.0,0.0,0.0,0.0,0.0,0.0,6.25,0.0,4.166666666666666,0.0,0.0,0.0,0.0,0.0,0.0,0.0,0.0,0.0,0.0,0.0,0.0,0.0,0.0,0.0,0.0,0.0,0.0
explainlikeimfive,0.0,0.0,0.0,0.0,0.0,0.0,0.0,1.092896174863388,1.092896174863388,0.0,0.0,2.185792349726776,0.0,5.46448087431694,0.0,0.0,0.0,0.0,0.0,0.0,0.0,0.0,0.0,0.0,0.0,0.0,0.0,0.0,0.0,0.0,0.0,0.0
explainlikeimfive,0.0,0.0,0.0,0.0,0.0,0.0,0.0,0.36900369003690037,0.36900369003690037,0.0,0.0,4.059040590405904,0.0,2.952029520295203,0.0,0.0,0.0,0.0,0.0,0.36900369003690037,0.0,0.0,0.0,0.0,0.0,0.0,0.0,0.0,0.0,0.0,0.0,0.0
explainlikeimfive,0.0,0.0,0.0,0.0,0.19801980198019803,0.0,0.0,0.594059405940594,0.594059405940594,0.0,0.0,5.346534653465347,0.0,4.158415841584159,0.0,0.19801980198019803,0.19801980198019803,0.0,0.0,0.0,0.0,0.0,0.0,0.0,0.0,0.0,0.0,0.0,0.0,0.0,0.0,0.0
explainlikeimfive,0.0,0.0,0.0,0.0,0.0,0.0,0.0,2.0785219399538106,2.0785219399538106,0.0,0.0,6.0046189376443415,0.0,4.157043879907621,0.0,0.4618937644341801,0.23094688221709006,0.0,0.0,1.8475750577367205,0.0,0.0,0.0,0.0,0.0,0.0,0.0,0.0,0.0,0.0,0.0,0.0
explainlikeimfive,0.0,0.0,0.0,0.0,0.0,0.0,0.0,2.4271844660194173,2.4271844660194173,0.0,0.0,7.281553398058252,0.0,3.8834951456310676,0.0,0.0,0.0,0.0,0.0,0.0,0.0,0.0,0.0,0.0,0.0,0.0,0.0,0.0,0.0,0.0,0.0,0.0
atheism,0.0,0.0,0.0,0.0,0.0,0.0,0.7299270072992701,0.0,0.0,0.0,0.0,4.37956204379562,0.0,10.218978102189782,0.0,0.0,0.0,0.0,0.0,0.0,0.7299270072992701,0.0,0.0,0.0,0.0,0.0,0.0,0.0,0.0,0.0,0.0,0.0
explainlikeimfive,0.0,0.0,0.0,0.0,0.0,0.0,0.9009009009009009,0.0,0.0,0.0,0.0,5.405405405405405,0.0,5.405405405405405,0.0,0.0,0.0,0.0,0.0,0.0,0.0,0.0,0.0,0.0,0.0,0.0,0.0,0.0,0.0,0.0,0.0,0.0
todayilearned,0.0,0.0,0.0,0.0,0.0,0.0,0.0,1.2396694214876034,1.2396694214876034,0.0,0.0,4.958677685950414,0.0,5.785123966942149,0.0,0.0,0.0,0.0,0.0,0.0,0.0,0.0,0.0,0.0,0.0,0.0,0.0,0.0,0.0,0.0,0.0,0.0
todayilearned,1.4285714285714286,0.0,0.0,0.0,0.0,0.0,0.0,0.7142857142857143,0.7142857142857143,0.0,0.0,2.857142857142857,0.0,5.0,0.0,0.0,0.0,0.0,0.0,0.0,0.0,0.0,0.0,0.0,0.0,0.0,0.0,0.0,0.0,0.0,0.0,0.0
todayilearned,0.0,0.0,0.0,0.0,0.0,0.0,0.0,0.5405405405405406,0.0,0.0,0.0,5.405405405405405,0.5405405405405406,4.864864864864865,0.0,0.0,0.5405405405405406,0.0,0.0,0.0,0.0,0.0,0.5405405405405406,0.0,0.5405405405405406,0.0,0.0,0.0,0.0,0.0,0.0,0.0
todayilearned,0.0,0.0,0.0,0.0,0.0,0.0,0.0,0.5830903790087464,0.5830903790087464,0.0,0.0,2.0408163265306123,0.0,5.830903790087463,0.0,0.2915451895043732,0.0,0.0,0.0,0.0,0.5830903790087464,0.0,0.0,0.0,0.0,0.0,0.0,0.0,0.0,0.0,0.0,0.0
todayilearned,0.0,0.0,0.0,0.0,0.0,0.0,0.0,0.0,0.0,0.0,0.0,7.2992700729927,0.0,5.109489051094891,0.0,0.0,0.0,0.0,0.0,0.0,0.0,0.0,0.0,0.0,0.0,0.0,0.0,0.0,0.0,0.0,0.0,0.0
todayilearned,0.0,0.0,0.0,0.0,0.0,0.0,0.0,0.4784688995215311,0.4784688995215311,0.0,0.0,5.263157894736842,0.0,3.827751196172249,0.0,0.0,0.4784688995215311,0.0,0.0,0.0,0.4784688995215311,0.0,0.0,0.0,0.0,0.0,0.0,0.0,0.0,0.0,0.0,0.0
todayilearned,0.0,0.0,0.0,0.0,0.18148820326678766,0.0,0.18148820326678766,2.35934664246824,1.8148820326678767,0.0,0.0,1.0889292196007259,0.0,2.540834845735027,0.0,0.0,0.0,0.0,0.0,0.0,0.0,0.0,0.3629764065335753,0.0,0.3629764065335753,0.0,0.0,0.0,0.0,0.0,0.0,0.0
todayilearned,0.0,0.0,0.0,0.45871559633027525,0.0,0.0,0.0,1.146788990825688,1.146788990825688,0.0,0.0,1.3761467889908259,0.0,3.211009174311927,0.0,0.0,0.45871559633027525,0.0,0.0,0.0,0.0,0.0,0.0,0.0,0.0,0.0,0.0,0.0,0.0,0.0,0.0,0.0
explainlikeimfive,0.0,0.0,0.0,0.0,0.0,0.0,0.0,0.0,0.0,0.0,0.0,12.037037037037036,0.0,3.7037037037037033,0.0,0.0,0.0,0.0,0.0,0.0,0.0,0.0,0.0,0.0,0.0,0.0,0.0,0.0,0.0,0.0,0.0,0.0
atheism,0.0,0.0,0.0,0.0,0.0,0.0,0.0,1.0526315789473684,1.0526315789473684,0.0,0.0,4.2105263157894735,0.0,5.263157894736842,0.0,0.0,0.0,0.0,0.0,1.0526315789473684,0.0,0.0,0.0,0.0,0.0,0.0,0.0,0.0,0.0,0.0,0.0,0.0
explainlikeimfive,0.2840909090909091,0.0,0.0,0.0,0.0,0.0,0.0,1.1363636363636365,1.1363636363636365,0.0,0.0,4.829545454545454,0.2840909090909091,4.261363636363636,0.0,0.0,0.0,0.0,0.0,0.5681818181818182,0.0,0.0,0.0,0.0,0.0,0.0,0.0,0.0,0.0,0.0,0.0,0.0
explainlikeimfive,0.0,0.0,0.0,0.0,0.0,0.0,0.0,1.6129032258064515,1.6129032258064515,0.0,0.0,6.451612903225806,0.0,3.225806451612903,0.0,0.0,0.0,0.0,0.0,0.0,0.0,0.0,0.0,0.0,0.0,0.0,0.0,0.0,0.0,0.0,0.0,0.0
explainlikeimfive,0.0,0.0,0.0,0.0,0.0,0.0,0.0,1.486988847583643,1.486988847583643,0.0,0.37174721189591076,7.434944237918216,0.0,2.6022304832713754,0.0,0.0,0.0,0.0,0.7434944237918215,0.0,0.7434944237918215,0.0,0.0,0.0,0.0,0.0,0.0,0.0,0.0,0.0,0.0,0.0
atheism,0.0,0.0,0.0,0.0,0.0,0.0,0.0,1.6666666666666667,1.6666666666666667,0.0,0.0,7.777777777777778,0.0,4.444444444444445,0.0,0.0,0.0,0.0,0.0,0.0,0.0,0.0,0.0,0.0,0.0,0.0,0.0,0.0,0.0,0.0,0.0,0.0
explainlikeimfive,0.0,0.0,0.0,0.0,0.0,0.0,0.0,0.0,0.0,0.0,0.0,3.5897435897435894,0.0,6.153846153846154,0.0,0.5128205128205128,0.0,0.0,0.0,0.0,0.0,0.0,0.0,0.0,0.0,0.0,0.0,0.0,0.0,0.0,0.0,0.0
todayilearned,0.0,0.0,0.0,0.0,0.0,0.0,0.0,0.0,0.0,0.0,0.0,6.319702602230483,0.0,2.973977695167286,0.0,0.0,0.0,0.0,0.0,0.0,0.7434944237918215,0.0,0.0,0.0,0.0,0.0,0.0,0.0,0.0,0.0,0.0,0.0
todayilearned,0.0,0.0,0.0,0.0,0.0,0.0,0.0,0.0,0.0,0.0,0.0,5.208333333333334,0.0,4.166666666666666,0.0,0.0,0.0,0.0,0.0,0.0,0.0,0.0,0.0,0.0,0.0,0.0,0.0,0.0,0.0,0.0,0.0,0.0
explainlikeimfive,0.0,0.0,0.0,0.0,0.0,0.0,0.0,0.0,0.0,0.0,0.0,5.7057057057057055,0.0,5.7057057057057055,0.0,0.0,0.0,0.0,0.0,0.0,0.6006006006006006,0.0,0.0,0.0,0.0,0.0,0.0,0.0,0.0,0.0,0.0,0.0
todayilearned,0.0,0.0,0.0,0.0,0.0,0.0,0.0,1.25,1.25,0.0,0.0,1.25,0.0,6.25,0.0,0.0,0.0,0.0,0.0,0.0,1.25,0.0,0.0,0.0,0.0,0.0,0.0,0.0,0.0,0.0,0.0,0.0
explainlikeimfive,0.0,0.0,0.0,0.0,0.0,0.0,0.0,1.1049723756906076,1.1049723756906076,0.0,0.0,6.629834254143646,0.0,4.972375690607735,0.0,0.0,0.5524861878453038,0.0,0.0,0.0,0.0,0.0,0.0,0.0,0.0,0.0,0.0,0.0,0.0,0.0,0.0,0.0
explainlikeimfive,0.0,0.0,0.0,0.0,0.0,0.0,0.0,1.2875536480686696,1.2875536480686696,0.0,0.0,6.437768240343347,0.0,3.862660944206009,0.0,0.4291845493562232,0.0,0.0,0.0,0.0,0.0,0.0,0.0,0.0,0.0,0.0,0.0,0.0,0.0,0.0,0.0,0.0
explainlikeimfive,0.0,0.0,0.0,0.0,0.0,0.0,0.0,1.507537688442211,1.507537688442211,0.0,0.0,4.522613065326634,0.0,5.527638190954774,0.0,0.0,0.0,0.0,0.0,0.0,1.0050251256281406,0.0,0.0,0.0,0.0,0.0,0.0,0.0,0.0,0.0,0.0,0.0
todayilearned,0.0,0.0,0.0,0.0,0.0,0.0,0.0,0.0,0.0,0.0,0.0,3.571428571428571,0.0,7.142857142857142,0.0,0.0,0.0,0.0,0.0,0.0,0.0,0.0,0.0,0.0,0.0,0.0,0.0,0.0,0.0,0.0,0.0,0.0
atheism,0.0,0.0,0.0,0.0,0.0,0.0,0.0,1.8867924528301887,1.8867924528301887,0.0,0.0,5.660377358490567,0.0,5.660377358490567,0.0,0.0,0.0,0.0,0.0,0.0,0.0,0.0,0.0,0.0,0.0,0.0,0.0,0.0,0.0,0.0,0.0,0.0
todayilearned,0.0,0.0,0.0,0.0,0.0,0.0,0.0,2.083333333333333,2.083333333333333,0.0,0.0,4.166666666666666,0.0,2.083333333333333,0.0,0.0,0.0,0.0,0.0,0.0,0.0,0.0,0.0,0.0,0.0,0.0,0.0,0.0,0.0,0.0,0.0,0.0
todayilearned,0.0,0.0,0.0,0.0,0.0,0.0,0.0,0.591715976331361,0.591715976331361,0.0,0.0,0.591715976331361,0.0,6.804733727810651,0.0,0.2958579881656805,0.0,0.0,0.0,0.0,0.591715976331361,0.0,0.0,0.0,0.0,0.0,0.0,0.0,0.0,0.0,0.0,0.0
todayilearned,0.0,0.0,0.0,0.0,0.0,0.0,0.0,0.0,0.0,0.0,0.0,2.1505376344086025,0.0,4.838709677419355,0.0,0.5376344086021506,0.0,0.0,0.0,0.0,1.6129032258064515,0.0,0.0,0.0,0.0,0.0,0.0,0.0,0.0,0.0,0.0,0.0
todayilearned,0.0,0.0,0.0,0.0,0.0,0.546448087431694,0.0,0.18214936247723132,0.18214936247723132,0.0,0.0,4.189435336976321,0.0,3.825136612021858,0.0,0.0,0.36429872495446264,0.0,0.0,0.0,0.18214936247723132,0.0,0.0,0.0,0.0,0.0,0.0,0.0,0.0,0.0,0.0,0.0
todayilearned,0.0,0.0,0.0,0.0,0.0,0.0,0.0,0.0,0.0,0.0,0.0,2.976190476190476,0.0,4.166666666666666,0.0,0.5952380952380952,0.0,0.0,0.0,0.0,0.0,0.0,0.0,0.0,0.0,0.0,0.0,0.0,0.0,0.0,0.0,0.0
todayilearned,0.0,0.0,0.0,0.0,0.0,0.0,0.0,1.3071895424836601,1.3071895424836601,0.0,0.0,5.88235294117647,0.0,3.9215686274509802,0.0,0.0,0.0,0.0,0.0,0.0,1.3071895424836601,0.0,0.0,0.0,0.0,0.0,0.0,0.0,0.0,0.0,0.0,0.0
todayilearned,0.0,0.0,0.0,0.0,0.0,0.0,0.0,0.0,0.0,0.0,0.0,3.3333333333333335,0.0,3.3333333333333335,0.0,0.0,0.0,0.0,0.0,0.0,0.0,0.0,0.0,0.0,0.0,0.0,0.0,0.0,0.0,0.0,0.0,0.0
todayilearned,0.0,0.0,0.0,0.0,0.0,0.0,0.0,0.0,0.0,0.0,0.0,8.661417322834646,0.0,7.086614173228346,0.0,0.0,0.7874015748031495,0.0,0.0,0.0,0.7874015748031495,0.0,0.0,0.0,0.0,0.0,0.0,0.0,0.0,0.0,0.0,0.0
todayilearned,0.0,0.0,0.0,0.0,0.0,0.0,0.0,0.0,0.0,0.0,0.0,0.0,0.0,6.666666666666667,0.0,0.0,0.0,0.0,0.0,0.0,0.0,0.0,0.0,0.0,0.0,0.0,0.0,0.0,0.0,0.0,0.0,0.0
todayilearned,0.0,0.0,0.0,0.0,0.0,0.0,0.0,0.0,0.0,0.0,0.0,4.705882352941177,0.0,5.88235294117647,0.0,0.0,0.0,0.0,0.0,0.0,0.0,0.0,0.0,0.0,0.0,0.0,0.0,0.0,0.0,0.0,0.0,0.0
todayilearned,0.0,0.0,0.0,0.0,0.8,0.0,0.0,1.6,1.6,0.0,0.0,4.0,0.0,5.6000000000000005,0.0,0.8,0.0,0.0,0.0,0.0,0.0,0.0,0.0,0.0,0.0,0.0,0.0,0.0,0.0,0.0,0.0,0.0
todayilearned,0.0,0.0,0.0,0.0,0.0,0.0,0.0,1.5384615384615385,0.0,0.0,0.0,3.076923076923077,0.0,2.564102564102564,0.0,1.0256410256410255,1.0256410256410255,0.0,0.0,0.0,0.0,0.0,1.0256410256410255,0.0,1.0256410256410255,0.0,0.0,0.0,0.0,0.0,0.0,0.0
todayilearned,1.0273972602739725,0.0,0.0,0.0,0.0,0.0,0.0,1.0273972602739725,1.0273972602739725,0.0,0.0,4.794520547945205,0.3424657534246575,4.10958904109589,0.0,0.3424657534246575,0.0,0.0,0.0,0.0,1.7123287671232876,0.0,0.0,0.0,0.0,0.0,0.0,0.0,0.0,0.0,0.0,0.0
todayilearned,0.8130081300813009,0.0,0.0,0.0,0.0,0.0,0.8130081300813009,0.0,0.0,0.0,0.0,2.4390243902439024,0.0,3.2520325203252036,0.0,0.0,0.0,0.0,0.0,0.0,0.0,0.0,0.0,0.0,0.0,0.0,0.0,0.0,0.0,0.0,0.0,0.0
todayilearned,0.0,0.0,0.0,0.0,0.0,0.0,0.7092198581560284,2.127659574468085,2.127659574468085,0.0,0.0,5.673758865248227,0.0,2.8368794326241136,0.0,0.0,0.0,0.0,0.0,0.0,0.0,0.0,0.0,0.0,0.0,0.0,0.0,0.0,0.0,0.0,0.0,0.0
todayilearned,0.0,0.0,0.0,0.0,0.0,0.0,0.0,0.0,0.0,0.0,0.0,2.1739130434782608,0.0,4.3478260869565215,0.0,0.0,0.0,0.0,0.0,0.0,0.0,0.0,0.0,0.0,0.0,0.0,0.0,0.0,0.0,0.0,0.0,0.0
todayilearned,0.0,0.0,0.0,0.0,0.0,0.0,0.0,0.7092198581560284,0.7092198581560284,0.0,0.0,3.546099290780142,0.0,6.382978723404255,0.0,0.0,0.0,0.0,0.0,0.0,0.0,0.0,0.0,0.0,0.0,0.0,0.0,0.0,0.0,0.0,0.0,0.0
todayilearned,0.0,0.0,0.0,0.0,0.0,0.0,0.0,0.8988764044943821,0.7865168539325843,0.0,0.0,5.393258426966292,0.22471910112359553,3.258426966292135,0.0,0.11235955056179776,0.0,0.0,0.0,0.0,0.0,0.0,0.0,0.0,0.0,0.0,0.0,0.0,0.0,0.0,0.0,0.0
todayilearned,0.0,0.0,0.0,0.0,0.0,0.0,0.0,1.1111111111111112,1.0,0.0,0.0,5.666666666666666,0.2222222222222222,3.111111111111111,0.0,0.1111111111111111,0.0,0.0,0.0,0.0,0.1111111111111111,0.0,0.0,0.0,0.0,0.0,0.0,0.0,0.0,0.0,0.0,0.0
todayilearned,0.0,0.0,0.0,0.0,0.0,0.0,0.0,0.34965034965034963,0.34965034965034963,0.0,0.0,5.944055944055944,0.0,4.545454545454546,0.0,0.0,0.0,0.0,0.0,0.0,0.34965034965034963,0.0,0.0,0.0,0.0,0.0,0.0,0.0,0.0,0.0,0.0,0.0
todayilearned,0.0,0.0,0.0,0.0,0.0,0.0,0.0,0.8264462809917356,0.8264462809917356,0.0,0.0,4.958677685950414,0.0,5.785123966942149,0.0,0.0,0.0,0.0,0.0,0.0,1.6528925619834711,0.0,0.0,0.0,0.0,0.0,0.0,0.0,0.0,0.0,0.0,0.0
todayilearned,0.0,0.0,0.0,0.0,0.0,0.0,0.0,0.0,0.0,0.0,0.0,3.8461538461538463,0.0,3.8461538461538463,0.0,0.0,0.0,0.0,0.0,0.0,0.0,0.0,0.0,0.0,0.0,0.0,0.0,0.0,0.0,0.0,0.0,0.0
todayilearned,0.0,0.0,0.0,0.0,0.0,0.0,0.8620689655172413,0.0,0.0,0.0,0.0,1.7241379310344827,0.0,7.758620689655173,0.0,0.0,0.0,0.0,0.0,0.0,0.0,0.0,0.0,0.0,0.0,0.0,0.0,0.0,0.0,0.0,0.0,0.0
todayilearned,0.0,0.0,0.0,0.0,0.0,0.0,0.0,0.2724795640326975,0.0,0.0,0.0,4.4959128065395095,0.0,4.632152588555858,0.0,0.2724795640326975,0.13623978201634876,0.0,0.0,0.8174386920980926,0.4087193460490463,0.0,0.13623978201634876,0.0,0.13623978201634876,0.0,0.0,0.0,0.0,0.0,0.0,0.0
todayilearned,0.0,0.0,0.0,0.0,0.0,0.0,0.0,0.0,0.0,0.0,0.0,6.293706293706294,0.0,4.895104895104895,0.0,0.0,0.0,0.0,0.0,0.0,2.797202797202797,0.0,0.0,0.0,0.0,0.0,0.0,0.0,0.0,0.0,0.0,0.0
todayilearned,0.0,0.0,0.0,0.0,0.0,0.0,0.0,0.0,0.0,0.0,0.0,13.461538461538462,0.0,7.6923076923076925,0.0,0.0,0.0,0.0,0.0,0.0,0.0,0.0,0.0,0.0,0.0,0.0,0.0,0.0,0.0,0.0,0.0,0.0
todayilearned,0.0,0.0,0.0,0.0,0.0,0.0,0.0,0.5249343832020997,0.5249343832020997,0.0,0.0,2.8871391076115485,0.0,7.086614173228346,0.0,0.0,0.0,0.0,0.0,0.0,0.0,0.0,0.0,0.0,0.0,0.0,0.0,0.0,0.0,0.0,0.0,0.0
todayilearned,0.0,0.0,0.0,0.0,0.0,0.0,0.0,0.0,0.0,0.0,0.0,0.0,0.0,3.488372093023256,0.0,0.0,0.0,0.0,0.0,0.0,0.0,0.0,0.0,0.0,0.0,0.0,0.0,0.0,0.0,0.0,0.0,0.0
todayilearned,0.0,0.0,0.0,0.0,0.0,0.0,0.0,1.0752688172043012,1.0752688172043012,0.0,0.0,4.301075268817205,0.0,6.451612903225806,0.0,0.0,0.0,0.0,0.0,0.0,0.0,0.0,0.0,0.0,0.0,0.0,0.0,0.0,0.0,0.0,0.0,0.0
todayilearned,0.0,0.0,0.0,0.0,0.0,0.0,0.0,0.0,0.0,0.0,0.0,16.666666666666664,0.0,0.0,0.0,16.666666666666664,0.0,0.0,0.0,0.0,0.0,0.0,0.0,0.0,0.0,0.0,0.0,0.0,0.0,0.0,0.0,0.0
todayilearned,0.2544529262086514,0.0,0.0,0.0,0.0,0.0,0.0,1.2722646310432568,1.2722646310432568,0.0,0.0,3.0534351145038165,0.0,3.816793893129771,0.0,0.0,0.0,0.0,0.0,0.0,0.0,0.0,0.0,0.0,0.0,0.0,0.0,0.0,0.0,0.0,0.0,0.0
todayilearned,0.0,0.0,0.0,0.0,0.0,0.0,0.0,1.7543859649122806,1.7543859649122806,0.0,0.0,0.0,0.0,7.017543859649122,0.0,0.0,0.0,0.0,0.0,0.0,1.7543859649122806,0.0,0.0,0.0,0.0,0.0,0.0,0.0,0.0,0.0,0.0,0.0
todayilearned,0.1607717041800643,0.0,0.0,0.0,0.0,0.0,0.0,0.482315112540193,0.482315112540193,0.0,0.0,3.376205787781351,0.0,6.430868167202572,0.0,0.1607717041800643,0.0,0.0,0.0,0.0,0.1607717041800643,0.0,0.0,0.0,0.0,0.0,0.0,0.0,0.0,0.0,0.0,0.0
todayilearned,0.0,0.0,0.0,0.0,0.0,0.0,0.0,0.7633587786259541,0.7633587786259541,0.0,0.0,6.106870229007633,0.0,3.816793893129771,0.0,0.0,0.0,0.0,0.0,0.0,0.0,0.0,0.0,0.0,0.0,0.0,0.0,0.0,0.0,0.0,0.0,0.0
todayilearned,0.4291845493562232,0.0,0.0,0.0,0.0,0.0,0.0,1.7167381974248928,1.2875536480686696,0.0,0.0,2.575107296137339,0.0,3.4334763948497855,0.0,0.8583690987124464,0.4291845493562232,0.0,0.0,0.0,0.0,0.0,0.4291845493562232,0.0,0.4291845493562232,0.0,0.0,0.0,0.0,0.0,0.0,0.0
todayilearned,0.0,0.0,0.0,0.0,0.0,0.0,1.6666666666666667,1.0,1.0,0.0,0.0,2.3333333333333335,0.33333333333333337,3.3333333333333335,0.0,0.33333333333333337,0.0,0.0,0.0,0.0,0.33333333333333337,0.0,0.33333333333333337,0.0,0.33333333333333337,0.0,0.0,0.0,0.0,0.0,0.0,0.0
todayilearned,0.0,0.0,0.0,0.0,0.0,0.0,0.0,0.8333333333333334,0.8333333333333334,0.0,0.0,4.166666666666666,0.8333333333333334,2.5,0.0,0.0,0.0,0.0,0.0,0.0,0.0,0.0,0.0,0.0,0.0,0.0,0.0,0.0,0.0,0.0,0.0,0.0
todayilearned,0.0,0.0,0.0,0.0,0.0,0.0,0.5780346820809248,4.046242774566474,4.046242774566474,0.0,0.0,4.624277456647398,0.0,4.046242774566474,0.0,0.5780346820809248,0.0,0.0,0.0,0.0,0.0,0.0,0.0,0.0,0.0,0.0,0.0,0.0,0.0,0.0,0.0,0.0
todayilearned,0.0,0.0,0.0,0.0,0.0,0.0,0.0,0.0,0.0,0.0,0.0,6.115702479338843,0.0,4.628099173553719,0.0,0.3305785123966942,0.0,0.0,0.0,0.0,0.0,0.0,0.0,0.0,0.0,0.0,0.0,0.0,0.0,0.0,0.0,0.0
todayilearned,0.0,0.0,0.0,0.0,0.0,0.0,0.0,1.1695906432748537,1.1695906432748537,0.0,0.0,4.678362573099415,0.0,8.771929824561402,0.0,0.0,0.0,0.0,0.0,0.0,0.0,0.0,0.0,0.0,0.0,0.0,0.0,0.0,0.0,0.0,0.0,0.0
todayilearned,0.0,0.0,0.0,0.0,0.0,0.0,0.0,0.5494505494505495,0.5494505494505495,0.0,0.0,3.296703296703297,0.0,4.945054945054945,0.0,0.0,0.0,0.0,0.0,0.0,0.0,0.0,0.0,0.0,0.0,0.0,0.0,0.0,0.0,0.0,0.0,0.0
todayilearned,0.0,0.0,0.0,0.0,0.0,0.0,0.0,0.0,0.0,0.0,0.0,5.594405594405594,0.0,4.895104895104895,0.0,0.6993006993006993,0.0,0.0,0.0,0.0,0.6993006993006993,0.0,0.0,0.0,0.0,0.0,0.0,0.0,0.0,0.0,0.0,0.0
todayilearned,0.0,0.0,0.0,0.0,0.0,0.0,0.0,0.0,0.0,0.0,0.0,0.0,0.0,20.0,0.0,0.0,0.0,0.0,0.0,0.0,0.0,0.0,0.0,0.0,0.0,0.0,0.0,0.0,0.0,0.0,0.0,0.0
todayilearned,0.0,0.0,0.0,0.0,0.0,0.0,0.0,0.0,0.0,0.0,0.0,2.1739130434782608,0.0,4.3478260869565215,0.0,0.0,0.0,0.0,0.0,0.0,0.0,0.0,0.0,0.0,0.0,0.0,0.0,0.0,0.0,0.0,0.0,0.0
todayilearned,0.0,0.0,0.0,0.0,0.0,0.0,0.0,0.0,0.0,0.0,0.0,2.5316455696202533,0.0,3.79746835443038,0.0,0.0,0.0,0.0,0.0,0.0,0.0,0.0,0.0,0.0,0.0,0.0,0.0,0.0,0.0,0.0,0.0,0.0
todayilearned,0.0,0.0,0.0,0.0,0.0,0.0,0.0,0.0,0.0,0.0,0.0,0.8264462809917356,0.0,3.71900826446281,0.0,0.0,0.0,0.0,0.0,0.0,0.0,0.0,0.0,0.0,0.0,0.0,0.0,0.0,0.0,0.0,0.0,0.0
todayilearned,0.0,0.0,0.0,0.0,0.0,0.0,0.0,0.0,0.0,0.0,0.0,4.838709677419355,0.0,6.451612903225806,0.0,0.0,0.0,0.0,0.0,0.0,0.0,0.0,0.0,0.0,0.0,0.0,0.0,0.0,0.0,0.0,0.0,0.0
todayilearned,0.0,0.0,0.0,0.0,0.0,0.0,0.0,0.819672131147541,0.819672131147541,0.0,0.0,6.557377049180328,0.0,3.278688524590164,0.0,0.0,0.0,0.0,0.0,0.0,0.0,0.0,0.0,0.0,0.0,0.0,0.0,0.0,0.0,0.0,0.0,0.0
todayilearned,0.0,0.0,0.0,0.0,0.0,0.0,0.0,0.2044989775051125,0.2044989775051125,0.0,0.0,1.0224948875255624,0.408997955010225,3.067484662576687,0.0,0.0,0.408997955010225,0.0,0.0,0.0,0.0,0.0,0.0,0.0,0.0,0.0,0.0,0.0,0.0,0.0,0.0,0.0
todayilearned,0.0,0.0,0.0,0.0,0.0,0.0,0.0,0.0,0.0,0.0,0.0,7.936507936507936,0.0,3.1746031746031744,0.0,0.0,0.0,0.0,0.0,0.0,0.0,0.0,0.0,0.0,0.0,0.0,0.0,0.0,0.0,0.0,0.0,0.0
todayilearned,0.0,0.0,0.0,0.0,0.0,0.0,0.0,0.0,0.0,0.0,0.0,7.6923076923076925,0.0,7.6923076923076925,0.0,1.9230769230769231,0.0,0.0,0.0,0.0,0.0,0.0,0.0,0.0,0.0,0.0,0.0,0.0,0.0,0.0,0.0,0.0
todayilearned,0.0,0.0,0.0,0.0,0.0,0.0,0.0,1.0204081632653061,0.0,0.0,0.0,2.0408163265306123,1.0204081632653061,4.081632653061225,0.0,0.0,0.0,0.0,0.0,0.0,0.0,0.0,1.0204081632653061,0.0,1.0204081632653061,0.0,0.0,0.0,0.0,0.0,0.0,0.0
todayilearned,0.0,0.0,0.0,0.0,0.0,0.0,0.3875968992248062,1.1627906976744187,1.1627906976744187,0.0,0.0,3.10077519379845,0.0,5.038759689922481,0.0,0.0,0.0,0.0,0.0,0.0,0.3875968992248062,0.0,0.0,0.0,0.0,0.0,0.0,0.0,0.0,0.0,0.0,0.0
todayilearned,0.0,0.0,0.0,0.0,2.5773195876288657,0.0,0.0,1.0309278350515463,1.0309278350515463,0.0,0.0,8.24742268041237,0.5154639175257731,5.154639175257731,0.0,0.0,0.0,0.0,0.0,0.0,1.5463917525773196,0.0,0.0,0.0,0.0,0.0,0.0,0.0,0.0,0.0,0.0,0.0
todayilearned,0.0,0.0,0.0,0.0,0.0,0.0,0.0,1.5384615384615385,1.5384615384615385,0.0,0.0,1.5384615384615385,0.0,6.153846153846154,0.0,0.0,0.0,0.0,0.0,0.0,0.0,0.0,0.0,0.0,0.0,0.0,0.0,0.0,0.0,0.0,0.0,0.0
todayilearned,0.0,0.0,0.0,0.0,0.0,0.0,0.0,0.0,0.0,0.0,0.0,6.770833333333333,0.0,4.6875,0.0,0.5208333333333333,0.0,0.0,0.0,0.0,0.0,0.0,0.0,0.0,0.0,0.0,0.0,0.0,0.0,0.0,0.0,0.0
todayilearned,0.0,0.0,0.0,0.0,0.0,0.0,0.0,0.0,0.0,0.0,0.0,5.113636363636364,0.0,4.545454545454546,0.0,0.0,0.0,0.0,0.0,0.0,0.0,0.0,0.0,0.0,0.0,0.0,0.0,0.0,0.0,0.0,0.0,0.0
todayilearned,0.0,0.0,0.0,0.0,0.0,0.0,0.0,0.0,0.0,0.0,0.0,4.0,0.0,8.0,0.0,0.0,0.0,0.0,0.0,4.0,0.0,0.0,0.0,0.0,0.0,0.0,0.0,0.0,0.0,0.0,0.0,0.0
todayilearned,0.0,0.0,0.0,0.0,0.0,0.0,0.0,4.918032786885246,1.639344262295082,0.0,0.0,6.557377049180328,0.0,3.278688524590164,0.0,0.0,0.0,0.0,0.0,0.0,0.0,0.0,2.459016393442623,0.0,2.459016393442623,0.0,0.0,0.0,0.0,0.0,0.0,0.0
todayilearned,0.0,0.0,0.0,0.0,0.0,0.0,0.0,0.0,0.0,0.0,0.0,5.617977528089887,0.0,5.617977528089887,0.0,0.0,0.0,0.0,0.0,2.247191011235955,0.0,0.0,0.0,0.0,0.0,0.0,0.0,0.0,0.0,0.0,0.0,0.0
todayilearned,0.0,0.0,0.0,0.0,0.0,0.0,0.0,0.0,0.0,0.0,0.0,3.4482758620689653,0.0,12.068965517241379,0.0,0.0,0.0,0.0,0.0,0.0,0.0,0.0,0.0,0.0,0.0,0.0,0.0,0.0,0.0,0.0,0.0,0.0
todayilearned,0.0,0.0,0.0,0.0,0.0,0.0,0.0,0.47393364928909953,0.47393364928909953,0.0,0.0,4.739336492890995,0.0,6.161137440758294,0.0,0.0,0.0,0.0,0.0,0.0,0.0,0.0,0.0,0.0,0.0,0.0,0.0,0.0,0.0,0.0,0.0,0.0
todayilearned,0.0,0.0,0.0,0.0,0.0,0.0,0.0,0.0,0.0,0.0,0.0,6.9306930693069315,0.0,4.9504950495049505,0.0,1.9801980198019802,0.0,0.0,0.0,0.0,0.0,0.0,0.0,0.0,0.0,0.0,0.0,0.0,0.0,0.0,0.0,0.0
todayilearned,0.0,0.0,0.0,0.0,0.0,0.0,0.0,1.1494252873563218,0.0,0.0,0.0,2.2988505747126435,0.0,4.597701149425287,0.0,0.0,0.0,0.0,0.0,0.0,0.0,0.0,1.1494252873563218,0.0,1.1494252873563218,0.0,0.0,0.0,0.0,0.0,0.0,0.0
todayilearned,0.0,0.0,0.0,0.0,0.0,0.0,0.0,0.0,0.0,0.0,0.0,1.2345679012345678,0.0,4.938271604938271,0.0,0.0,0.0,0.0,0.0,0.0,0.0,0.0,0.0,0.0,0.0,0.0,0.0,0.0,0.0,0.0,0.0,0.0
todayilearned,0.0,0.0,0.0,0.0,0.0,0.0,0.0,0.0,0.0,0.0,0.0,1.7241379310344827,0.0,6.896551724137931,0.0,0.0,0.0,0.0,0.0,0.0,5.172413793103448,0.0,0.0,0.0,0.0,0.0,0.0,0.0,0.0,0.0,0.0,0.0
todayilearned,0.0,0.0,0.0,0.5633802816901409,0.0,0.0,0.0,1.1267605633802817,1.1267605633802817,0.0,0.0,4.507042253521127,0.0,3.6619718309859155,0.0,0.28169014084507044,0.0,0.0,0.0,0.0,0.0,0.0,0.0,0.0,0.0,0.0,0.0,0.0,0.0,0.0,0.0,0.0
todayilearned,0.38167938931297707,0.0,0.0,0.0,0.19083969465648853,0.0,0.38167938931297707,0.0,0.38167938931297707,0.0,0.0,4.007633587786259,0.0,5.343511450381679,0.0,0.38167938931297707,0.19083969465648853,0.0,0.0,0.0,0.38167938931297707,0.0,0.0,0.0,0.0,0.0,0.0,0.0,0.0,0.0,0.0,0.0
todayilearned,0.0,0.0,0.0,0.0,0.0,0.0,0.21253985122210414,1.381509032943677,1.2752391073326248,0.0,0.0,5.63230605738576,0.0,2.975557917109458,0.0,0.3188097768331562,0.3188097768331562,0.0,0.0,0.10626992561105207,0.8501594048884166,0.0,0.0,0.0,0.0,0.0,0.0,0.0,0.10626992561105207,0.0,0.10626992561105207,0.0
todayilearned,0.0,0.0,0.0,0.0,0.0,0.0,0.0,0.6902502157031924,0.6039689387402933,0.0,0.0,4.141501294219154,0.0,4.227782571182054,0.0,0.08628127696289906,0.08628127696289906,0.0,0.0,0.6039689387402933,0.6902502157031924,0.0,0.0,0.0,0.0,0.0,0.0,0.0,0.0,0.0,0.0,0.0
todayilearned,0.0,0.0,0.0,0.0,0.0,0.0,0.0,0.8771929824561403,2.631578947368421,0.0,0.0,5.263157894736842,0.0,3.508771929824561,0.0,0.0,0.0,0.0,0.0,0.0,0.0,0.0,0.0,0.0,0.0,0.0,0.0,0.0,0.0,0.0,0.0,0.0
todayilearned,0.0,0.0,0.0,0.0,0.0,0.0,0.0,0.0,0.0,0.0,0.0,5.714285714285714,0.0,2.857142857142857,0.0,2.857142857142857,0.0,0.0,0.0,2.857142857142857,0.0,0.0,2.857142857142857,0.0,0.0,0.0,0.0,0.0,0.0,0.0,0.0,0.0
todayilearned,0.0,0.0,0.0,0.0,0.0,0.0,0.0,0.8928571428571428,0.8928571428571428,0.0,0.0,8.928571428571429,0.0,6.25,0.0,0.0,0.0,0.0,0.0,0.0,0.0,0.0,0.0,0.0,0.0,0.0,0.0,0.0,0.0,0.0,0.0,0.0
todayilearned,0.0,0.0,0.0,0.0,0.0,0.0,0.0,2.5974025974025974,0.974025974025974,0.3246753246753247,0.0,4.870129870129871,0.0,3.571428571428571,0.0,0.0,0.0,0.0,0.0,0.0,0.0,0.0,1.2987012987012987,0.0,1.2987012987012987,0.0,0.0,0.0,0.0,0.0,0.0,0.0
todayilearned,0.0,0.0,0.0,0.0,0.0,0.0,0.0,0.5813953488372093,0.5813953488372093,0.0,0.0,1.1627906976744187,0.0,2.3255813953488373,0.0,0.0,0.0,0.0,0.0,0.0,0.0,0.0,0.0,0.0,0.0,0.0,0.0,0.0,0.0,0.0,0.0,0.0
todayilearned,0.0,0.0,0.0,0.0,0.0,0.0,0.0,0.7042253521126761,0.7042253521126761,0.0,0.0,6.338028169014084,0.0,4.929577464788732,0.0,0.0,0.0,0.0,0.0,0.0,0.0,0.0,0.0,0.0,0.0,0.0,0.0,0.0,0.0,0.0,0.0,0.0
todayilearned,0.0,0.0,0.0,0.0,0.0,0.0,0.0,2.380952380952381,2.380952380952381,0.0,0.0,0.0,0.0,4.761904761904762,0.0,0.0,0.0,0.0,0.0,0.0,0.0,0.0,0.0,0.0,0.0,0.0,0.0,0.0,0.0,0.0,0.0,0.0
todayilearned,0.0,0.0,0.0,0.0,0.0,0.0,0.0,1.639344262295082,1.639344262295082,0.0,0.0,8.19672131147541,0.0,4.918032786885246,0.0,0.0,0.0,0.0,0.0,0.0,0.0,0.0,0.0,0.0,0.0,0.0,0.0,0.0,0.0,0.0,0.0,0.0
todayilearned,0.0,0.0,0.0,0.0,0.0,0.0,0.0,1.2658227848101267,1.2658227848101267,0.0,0.0,3.79746835443038,0.0,3.79746835443038,0.0,0.0,0.0,0.0,0.0,0.0,0.0,0.0,0.0,0.0,0.0,0.0,0.0,0.0,0.0,0.0,0.0,0.0
todayilearned,0.9090909090909091,0.0,0.0,0.0,0.0,0.0,0.0,0.0,0.0,0.0,0.0,3.6363636363636362,0.0,4.545454545454546,0.0,0.0,0.0,0.0,0.0,0.0,0.0,0.0,0.0,0.0,0.0,0.0,0.0,0.0,0.0,0.0,0.0,0.0
todayilearned,0.0,0.0,0.0,0.0,0.0,0.0,0.0,0.0,0.0,0.0,0.0,1.8867924528301887,0.0,3.7735849056603774,0.0,0.0,0.0,0.0,0.0,0.0,0.0,0.0,0.0,0.0,0.0,0.0,0.0,0.0,0.0,0.0,0.0,0.0
todayilearned,0.881057268722467,0.0,0.0,0.0,0.0,0.0,0.4405286343612335,0.4405286343612335,0.4405286343612335,0.0,0.0,4.845814977973569,0.0,3.524229074889868,0.0,0.0,0.0,0.0,0.0,0.0,0.0,0.0,0.0,0.0,0.0,0.0,0.0,0.0,0.0,0.0,0.0,0.0
todayilearned,0.0,0.0,0.0,0.0,0.0,0.0,0.0,0.0,0.0,0.0,0.0,4.591836734693878,0.0,4.081632653061225,0.0,0.5102040816326531,0.0,0.0,0.0,0.0,0.5102040816326531,0.0,0.0,0.0,0.0,0.0,0.0,0.0,0.0,0.0,0.0,0.0
todayilearned,0.0,0.0,0.0,0.0,0.3703703703703704,0.0,0.0,1.8518518518518516,1.8518518518518516,0.0,0.0,2.2222222222222223,0.0,1.8518518518518516,0.0,0.0,0.0,0.0,0.0,0.0,1.8518518518518516,0.0,0.0,0.0,0.0,0.0,0.0,0.0,0.0,0.0,0.0,0.0
todayilearned,0.0,0.0,0.0,0.0,0.0,0.0,0.0,0.0,0.0,0.0,0.0,1.7857142857142856,0.0,19.642857142857142,0.0,0.0,0.0,0.0,0.0,0.0,0.0,0.0,0.0,0.0,0.0,0.0,0.0,0.0,0.0,0.0,0.0,0.0
todayilearned,0.16233766233766234,0.0,0.0,0.0,0.6493506493506493,0.3246753246753247,0.0,0.974025974025974,0.974025974025974,0.0,0.0,8.116883116883116,0.16233766233766234,5.194805194805195,0.0,0.487012987012987,0.0,0.0,0.0,0.16233766233766234,0.0,0.0,0.0,0.0,0.0,0.0,0.0,0.0,0.0,0.0,0.0,0.0
todayilearned,0.0,0.0,0.0,0.0,0.0,0.0,0.24154589371980675,0.966183574879227,0.4830917874396135,0.0,0.0,3.864734299516908,0.0,3.864734299516908,0.0,0.4830917874396135,0.0,0.0,0.0,0.0,0.0,0.0,0.4830917874396135,0.0,0.4830917874396135,0.0,0.0,0.0,0.0,0.0,0.0,0.0
todayilearned,0.0,0.0,0.0,0.0,0.0,0.0,0.0,1.8518518518518516,1.8518518518518516,0.0,0.0,3.7037037037037033,0.0,1.8518518518518516,0.0,0.0,0.0,0.0,0.0,0.0,0.0,0.0,0.0,0.0,0.0,0.0,0.0,0.0,0.0,0.0,0.0,0.0
todayilearned,0.0,0.0,0.0,0.0,0.0,0.0,0.0,0.0,0.0,0.0,0.0,5.932203389830509,0.0,5.932203389830509,0.0,0.0,0.0,0.0,0.0,0.847457627118644,1.694915254237288,0.0,0.0,0.0,0.0,0.0,0.0,0.0,0.0,0.0,0.0,0.0
todayilearned,0.0,0.0,0.0,0.0,0.0,0.0,0.0,0.0,0.0,0.0,0.0,5.617977528089887,0.0,3.3707865168539324,0.0,0.0,0.0,0.0,0.0,0.0,1.1235955056179776,0.0,0.0,0.0,0.0,0.0,0.0,0.0,0.0,0.0,0.0,0.0
todayilearned,0.0,0.0,0.0,0.0,0.0,0.0,0.0,1.0416666666666665,6.25,0.0,0.0,3.125,0.0,5.208333333333334,0.0,0.0,0.0,0.0,0.0,0.0,0.0,0.0,0.0,0.0,0.0,0.0,0.0,0.0,0.0,0.0,0.0,0.0
todayilearned,0.0,0.0,0.0,0.0,0.0,0.0,0.0,0.9090909090909091,0.9090909090909091,0.0,0.0,3.1818181818181817,0.0,5.454545454545454,0.0,0.0,0.0,0.0,0.0,0.0,0.45454545454545453,0.0,0.0,0.0,0.0,0.0,0.0,0.0,0.0,0.0,0.0,0.0
todayilearned,0.0,0.0,0.0,1.6666666666666667,0.0,0.0,0.0,1.6666666666666667,0.0,0.0,0.0,5.0,0.0,5.0,0.0,0.0,0.0,0.0,0.0,0.0,1.6666666666666667,0.0,0.0,0.0,1.6666666666666667,0.0,0.0,0.0,0.0,0.0,0.0,0.0
todayilearned,0.0,0.0,0.0,0.0,0.0,0.0,0.0,1.7241379310344827,1.7241379310344827,0.0,0.0,1.1494252873563218,0.0,3.4482758620689653,0.0,0.0,0.0,0.0,0.0,0.0,0.0,0.0,0.0,0.0,0.0,0.0,0.0,0.0,0.0,0.0,0.0,0.0
todayilearned,0.0,0.0,0.0,0.0,0.0,0.0,0.0,0.25,0.25,0.0,0.0,3.25,0.0,6.0,0.0,0.0,0.0,0.0,0.0,0.0,0.0,0.0,0.0,0.0,0.0,0.0,0.0,0.0,0.0,0.0,0.0,0.0
todayilearned,0.0,0.0,0.0,0.0,0.0,0.0,0.0,0.0,0.0,0.0,0.0,5.88235294117647,0.0,3.9215686274509802,0.0,0.0,0.0,0.0,0.0,0.0,0.0,0.0,0.0,0.0,0.0,0.0,0.0,0.0,0.0,0.0,0.0,0.0
todayilearned,0.0,0.0,0.0,0.0,0.8403361344537815,0.0,0.0,1.680672268907563,1.680672268907563,0.0,0.0,0.0,0.0,4.201680672268908,0.0,0.0,0.0,1.680672268907563,0.0,0.0,0.0,0.0,0.0,0.0,0.0,0.0,0.0,0.0,0.0,0.0,0.0,0.0
todayilearned,0.5617977528089888,0.0,0.0,0.0,0.0,0.0,0.0,0.5617977528089888,0.5617977528089888,0.0,0.0,3.3707865168539324,0.0,6.179775280898876,0.0,0.5617977528089888,0.0,0.0,0.0,0.0,0.5617977528089888,0.0,0.0,0.0,0.0,0.0,0.0,0.0,0.0,0.0,0.0,0.0
todayilearned,0.0,0.0,0.0,0.0,0.0,0.0,0.0,0.0,0.0,0.0,0.0,7.792207792207792,0.0,5.194805194805195,0.0,0.0,0.0,0.0,0.0,0.0,0.0,0.0,0.0,0.0,0.0,0.0,0.0,0.0,0.0,0.0,0.0,0.0
todayilearned,0.0,0.0,0.0,0.0,0.0,0.0,0.0,0.9186351706036745,0.5249343832020997,0.0,0.0,5.380577427821522,0.0,4.8556430446194225,0.0,0.9186351706036745,0.13123359580052493,0.0,0.0,0.0,0.39370078740157477,0.0,0.0,0.0,0.0,0.0,0.0,0.0,0.0,0.0,0.0,0.0
todayilearned,0.24813895781637718,0.0,0.0,0.0,0.0,0.0,0.0,1.488833746898263,1.240694789081886,0.0,0.0,7.196029776674938,0.9925558312655087,4.962779156327544,0.0,0.24813895781637718,0.0,0.0,0.0,1.488833746898263,0.24813895781637718,0.0,0.24813895781637718,0.0,0.24813895781637718,0.0,0.0,0.0,0.0,0.0,0.0,0.0
todayilearned,3.389830508474576,0.0,0.0,0.0,0.0,0.0,0.0,0.0,0.0,0.0,0.0,1.694915254237288,0.0,4.23728813559322,0.0,0.0,0.0,0.0,0.0,0.0,0.0,0.0,0.0,0.0,0.0,0.0,0.0,0.0,0.0,0.0,0.0,0.0
todayilearned,0.0,0.0,0.0,0.0,0.0,0.0,0.0,0.0,0.0,0.0,0.0,3.205128205128205,0.0,5.769230769230769,0.0,0.0,0.0,0.0,0.0,0.0,0.0,0.0,0.0,0.0,0.0,0.0,0.0,0.0,0.0,0.0,0.0,0.0
todayilearned,0.6666666666666667,0.0,0.0,0.0,0.0,0.0,0.0,0.0,0.0,0.0,0.0,4.666666666666667,0.33333333333333337,2.666666666666667,0.0,0.0,0.0,0.0,0.0,0.0,6.0,0.0,0.0,0.0,0.0,0.0,0.0,0.0,0.0,0.0,0.0,0.0
todayilearned,0.0,0.0,0.0,0.0,0.0,0.0,0.0,0.0,0.0,0.0,0.0,4.081632653061225,0.0,4.081632653061225,0.0,0.0,0.0,0.0,0.0,0.0,1.0204081632653061,0.0,0.0,0.0,0.0,0.0,0.0,0.0,0.0,0.0,0.0,0.0
todayilearned,0.0,0.0,0.0,0.0,0.0,0.0,0.0,0.0,0.0,0.0,0.0,4.225352112676056,0.0,2.8169014084507045,0.0,1.4084507042253522,0.0,0.0,0.0,0.0,0.0,0.0,0.0,0.0,0.0,0.0,0.0,0.0,0.0,0.0,0.0,0.0
todayilearned,0.0,0.0,0.0,0.0,0.6493506493506493,0.0,0.0,0.0,0.0,0.0,0.0,4.545454545454546,0.0,5.844155844155844,0.0,0.0,0.0,0.0,0.0,0.0,0.0,0.0,0.0,0.0,0.0,0.0,0.0,0.0,0.0,0.0,0.0,0.0
todayilearned,0.0,0.0,0.0,0.0,0.0,0.0,0.0,1.1560693641618496,1.1560693641618496,0.0,0.0,5.202312138728324,0.0,0.0,0.0,0.0,0.0,0.0,0.0,0.0,0.5780346820809248,0.0,0.0,0.0,0.0,0.0,0.0,0.0,0.0,0.0,0.0,0.0
todayilearned,0.0,0.0,0.0,0.0,0.0,0.0,0.0,0.0,0.0,0.0,0.0,2.287581699346405,0.0,5.555555555555555,0.0,0.0,0.0,0.0,0.0,0.0,0.0,0.0,0.0,0.0,0.0,0.0,0.0,0.0,0.0,0.0,0.0,0.0
todayilearned,0.0,0.0,0.0,0.0,0.0,1.4925373134328357,0.0,1.4925373134328357,0.0,0.0,0.0,0.0,0.0,8.955223880597014,0.0,1.4925373134328357,1.4925373134328357,0.0,0.0,0.0,0.0,0.0,1.4925373134328357,0.0,1.4925373134328357,0.0,0.0,0.0,0.0,0.0,0.0,0.0
todayilearned,0.0,0.0,0.0,0.0,0.0,0.0,0.0,0.0,0.0,0.0,0.0,3.1914893617021276,0.0,7.446808510638298,0.0,0.0,0.0,0.0,0.0,0.0,0.0,0.0,0.0,0.0,0.0,0.0,0.0,0.0,0.0,0.0,0.0,0.0
todayilearned,0.0,0.0,0.0,0.0,0.0,0.0,1.1627906976744187,0.5813953488372093,0.5813953488372093,0.0,0.0,5.813953488372093,0.0,2.9069767441860463,0.0,0.0,0.5813953488372093,0.0,0.0,0.0,0.0,0.0,0.0,0.0,0.0,0.0,0.0,0.0,0.0,0.0,0.0,0.0
todayilearned,0.0,0.0,0.0,0.0,0.0,0.0,0.0,0.0,0.0,0.0,0.0,7.602339181286549,0.0,3.508771929824561,0.0,0.0,0.0,0.0,0.0,0.0,0.0,0.0,0.0,0.0,0.0,0.0,0.0,0.0,0.0,0.0,0.0,0.0
todayilearned,0.0,0.0,0.0,0.0,0.0,0.0,0.0,0.0,0.0,0.0,0.0,5.714285714285714,0.0,4.761904761904762,0.0,0.0,0.0,0.0,0.0,0.0,0.0,0.0,0.0,0.0,0.0,0.0,0.0,0.0,0.0,0.0,0.0,0.0
todayilearned,0.0,0.0,0.0,0.0,0.0,0.0,0.0,0.390625,0.390625,0.0,0.0,4.296875,0.0,3.90625,0.0,0.78125,0.0,0.0,0.0,1.953125,0.0,0.0,0.0,0.0,0.0,0.0,0.0,0.0,0.0,0.0,0.0,0.0
todayilearned,1.4925373134328357,0.0,0.0,0.0,0.0,0.0,0.0,0.0,0.0,0.0,0.0,8.955223880597014,0.0,1.4925373134328357,0.0,0.0,0.0,0.0,0.0,0.0,0.0,0.0,0.0,0.0,0.0,0.0,0.0,0.0,0.0,0.0,0.0,0.0
todayilearned,0.0,0.0,0.0,0.0,0.0,0.0,0.0,0.0,0.0,0.0,0.0,0.7352941176470588,0.0,3.6764705882352944,0.0,0.0,0.0,0.0,0.0,0.0,0.0,0.0,0.0,0.0,0.0,0.0,0.0,0.0,0.0,0.0,0.0,0.0
todayilearned,0.0,0.0,0.0,0.0,0.0,0.0,0.0,0.0,0.0,0.0,0.0,5.590062111801243,0.0,4.3478260869565215,0.0,1.2422360248447204,0.0,0.0,0.0,1.8633540372670807,0.0,0.0,0.0,0.0,0.0,0.0,0.0,0.0,0.0,0.0,0.0,0.0
todayilearned,0.0,0.0,0.0,0.0,0.0,0.0,0.0,0.4291845493562232,0.4291845493562232,0.0,0.0,2.575107296137339,0.0,6.437768240343347,0.0,0.0,0.0,0.0,0.0,0.0,0.0,0.0,0.0,0.0,0.0,0.0,0.0,0.0,0.0,0.0,0.0,0.0
todayilearned,0.0,0.0,0.0,0.0,0.9174311926605505,0.0,0.0,0.0,0.0,0.0,0.0,0.0,0.0,5.5045871559633035,0.0,0.0,0.0,0.0,0.0,0.0,0.0,0.0,0.0,0.0,0.0,0.0,0.0,0.0,0.0,0.0,0.0,0.0
todayilearned,1.0638297872340425,0.0,0.0,0.0,0.0,0.0,0.0,0.0,0.0,0.0,0.0,6.382978723404255,0.0,6.028368794326241,0.0,0.3546099290780142,0.0,0.0,0.0,0.0,0.3546099290780142,0.0,0.0,0.0,0.0,0.0,0.0,0.0,0.0,0.0,0.0,0.0
todayilearned,0.0,0.0,0.0,0.0,0.2398081534772182,0.0,0.0,0.2398081534772182,0.2398081534772182,0.0,0.0,6.235011990407674,0.0,4.796163069544365,0.0,0.0,0.2398081534772182,0.0,0.0,0.2398081534772182,0.0,0.0,0.0,0.0,0.0,0.0,0.0,0.0,0.0,0.0,0.0,0.0
todayilearned,0.0,0.0,0.0,0.0,0.0,0.0,0.0,0.6711409395973155,0.0,0.0,0.0,2.013422818791946,0.0,4.026845637583892,0.0,0.0,0.0,0.0,0.0,0.0,0.0,0.0,0.0,0.0,0.0,0.0,0.0,0.0,0.0,0.0,0.0,0.0
todayilearned,0.0,0.0,0.0,0.0,0.0,0.0,0.0,1.1494252873563218,0.5747126436781609,0.0,0.0,4.597701149425287,0.0,5.747126436781609,0.0,0.0,0.0,0.0,0.0,0.0,0.0,0.0,0.5747126436781609,0.0,0.5747126436781609,0.0,0.0,0.0,0.0,0.0,0.0,0.0
todayilearned,0.0,0.0,0.0,0.0,0.0,0.0,0.0,0.0,0.0,0.0,0.0,0.0,0.0,0.0,0.0,0.0,0.0,0.0,0.0,0.0,0.0,0.0,0.0,0.0,0.0,0.0,0.0,0.0,0.0,0.0,0.0,0.0
todayilearned,0.0,0.0,0.0,0.0,0.0,0.0,0.0,0.0,0.0,0.0,0.0,22.22222222222222,0.0,11.11111111111111,0.0,0.0,0.0,0.0,0.0,0.0,0.0,0.0,0.0,0.0,0.0,0.0,0.0,0.0,0.0,0.0,0.0,0.0
todayilearned,0.0,0.0,0.0,0.0,0.0,0.0,0.0,0.0,0.0,0.0,0.0,0.0,0.0,4.651162790697675,0.0,0.0,0.0,0.0,0.0,0.0,0.0,0.0,0.0,0.0,0.0,0.0,0.0,0.0,0.0,0.0,0.0,0.0
todayilearned,0.0,0.0,0.0,0.0,0.0,0.0,0.2564102564102564,0.7692307692307693,0.2564102564102564,0.0,0.0,5.128205128205128,0.0,4.615384615384616,0.0,1.5384615384615385,0.0,0.0,0.0,1.5384615384615385,0.2564102564102564,0.0,0.5128205128205128,0.0,0.5128205128205128,0.0,0.0,0.0,0.0,0.0,0.0,0.0
todayilearned,0.0,0.0,0.0,0.0,0.0,0.0,0.0,1.2658227848101267,1.2658227848101267,0.0,0.0,4.430379746835443,0.0,2.5316455696202533,0.0,0.0,0.0,0.0,0.0,0.0,0.0,0.0,0.0,0.0,0.0,0.0,0.0,0.0,0.0,0.0,0.0,0.0
todayilearned,0.0,0.0,0.0,0.0,0.0,0.0,0.0,0.7462686567164178,0.7462686567164178,0.0,0.0,3.731343283582089,0.0,2.9850746268656714,0.0,0.0,0.0,0.0,0.0,0.0,0.0,0.0,0.0,0.0,0.0,0.0,0.0,0.0,0.0,0.0,0.0,0.0
todayilearned,0.0,0.0,0.0,0.0,4.166666666666666,0.0,0.0,0.0,0.0,0.0,0.0,4.166666666666666,0.0,4.166666666666666,0.0,0.0,0.0,0.0,0.0,0.0,0.0,0.0,0.0,0.0,0.0,0.0,0.0,0.0,0.0,0.0,0.0,0.0
todayilearned,0.0,0.0,0.0,0.0,0.0,0.0,0.0,1.7241379310344827,0.24630541871921183,0.0,0.0,5.41871921182266,0.0,4.433497536945813,0.0,0.24630541871921183,0.0,0.0,0.0,0.0,0.9852216748768473,0.0,1.477832512315271,0.0,1.477832512315271,0.0,0.0,0.0,0.0,0.0,0.0,0.0
todayilearned,0.0,0.0,0.0,0.0,0.0,0.0,0.0,0.3875968992248062,0.3875968992248062,0.0,0.0,6.2015503875969,0.0,8.13953488372093,0.0,0.0,0.0,0.0,0.0,0.0,0.0,0.0,0.0,0.0,0.0,0.0,0.0,0.0,0.0,0.0,0.0,0.0
todayilearned,0.8,0.0,0.0,0.0,0.0,0.0,0.0,0.0,0.0,0.0,0.0,5.6000000000000005,0.0,5.6000000000000005,0.0,0.0,0.0,0.0,0.0,0.0,0.0,0.0,0.0,0.0,0.0,0.0,0.0,0.0,0.0,0.0,0.0,0.0
todayilearned,0.35335689045936397,0.0,0.0,0.0,0.0,0.0,0.0,1.0600706713780919,1.0600706713780919,0.0,0.0,6.36042402826855,0.0,3.53356890459364,0.0,0.0,0.0,0.0,0.0,0.0,0.35335689045936397,0.0,0.0,0.0,0.0,0.0,0.0,0.0,0.0,0.0,0.0,0.0
todayilearned,0.0,0.0,0.0,0.0,0.0,0.0,0.0,1.0416666666666665,1.0416666666666665,0.0,0.0,7.291666666666667,0.0,3.125,0.0,0.0,0.0,0.0,0.0,0.0,0.0,0.0,0.0,0.0,0.0,0.0,0.0,0.0,0.0,0.0,0.0,0.0
todayilearned,0.0,0.0,0.0,0.0,0.0,0.0,0.0,0.0,0.0,0.0,0.0,2.8368794326241136,0.0,8.51063829787234,0.0,0.0,0.0,0.0,0.0,0.0,0.0,0.0,0.0,0.0,0.0,0.0,0.0,0.0,0.0,0.0,0.0,0.0
todayilearned,0.0,0.0,0.0,0.0,0.0,0.0,0.0,0.0,0.0,0.0,0.0,1.5873015873015872,0.0,7.936507936507936,0.0,0.0,0.0,0.0,0.0,0.0,0.0,0.0,0.0,0.0,0.0,0.0,0.0,0.0,0.0,0.0,0.0,0.0
todayilearned,0.0,0.0,0.0,0.0,0.0,0.0,0.0,0.24509803921568626,0.24509803921568626,0.0,0.0,3.308823529411765,0.0,4.534313725490196,0.0,0.12254901960784313,0.24509803921568626,0.0,0.0,0.0,0.0,0.0,0.0,0.0,0.0,0.0,0.0,0.0,0.0,0.0,0.0,0.0
todayilearned,0.0,0.0,0.0,0.0,0.0,0.0,0.0,0.0,0.0,0.0,0.0,0.0,0.0,9.30232558139535,0.0,0.0,0.0,0.0,0.0,0.0,0.0,0.0,0.0,0.0,0.0,0.0,0.0,0.0,0.0,0.0,0.0,0.0
todayilearned,0.0,0.0,0.0,0.0,0.0,0.0,0.0,0.0,0.0,0.0,0.0,3.6363636363636362,0.0,5.454545454545454,0.0,0.0,0.0,0.0,0.0,0.0,0.0,0.0,0.0,0.0,0.0,0.0,0.0,0.0,0.0,0.0,0.0,0.0
todayilearned,1.0416666666666665,0.0,0.0,0.0,0.0,0.0,0.0,1.0416666666666665,0.0,0.0,0.0,7.291666666666667,0.0,3.125,0.0,0.0,0.0,0.0,0.0,0.0,0.0,0.0,1.0416666666666665,0.0,1.0416666666666665,0.0,0.0,0.0,0.0,0.0,0.0,0.0
todayilearned,0.0,0.0,0.0,0.0,0.0,0.0,0.0,0.8097165991902834,0.8097165991902834,0.0,0.0,2.0242914979757085,0.0,4.4534412955465585,0.0,0.0,0.0,0.0,0.0,0.0,0.0,0.0,0.0,0.0,0.0,0.0,0.0,0.0,0.0,0.0,0.0,0.0
todayilearned,0.0,0.0,0.0,0.0,0.0,0.0,0.0,0.0,0.0,0.0,0.0,7.6923076923076925,0.0,7.6923076923076925,0.0,0.0,0.0,0.0,0.0,0.0,0.0,0.0,0.0,0.0,0.0,0.0,0.0,0.0,0.0,0.0,0.0,0.0
