subreddit,label_with_punct,label_without_punct,.,!,?,ELLIPSIS,MULTI_QUEST,MULTI_EXCL,QUEST-EXCL,EXCL-QUEST,flipped
AskReddit,positive,positive,66.66666666666667,0.0,0.0,0.0,0.0,0.0,0.0,0.0,False
AskReddit,negative,negative,50.0,0.0,0.0,0.0,0.0,0.0,0.0,0.0,False
AskReddit,negative,negative,47.4934036939314,0.0,0.0,0.0,0.0,0.0,0.0,0.0,False
AskReddit,negative,negative,45.04504504504504,0.0,9.00900900900901,0.0,0.0,0.0,0.0,0.0,False
AskReddit,negative,negative,38.96103896103896,0.0,12.987012987012989,0.0,0.0,0.0,0.0,0.0,False
AskReddit,negative,negative,47.353760445682454,0.0,2.785515320334262,0.0,0.0,0.0,0.0,0.0,False
AskReddit,negative,negative,54.48717948717949,0.0,0.0,0.0,0.0,0.0,0.0,0.0,False
AskReddit,negative,negative,50.42016806722689,0.0,0.0,8.403361344537815,0.0,0.0,0.0,0.0,False
AskReddit,positive,positive,102.15053763440861,5.376344086021506,0.0,0.0,0.0,0.0,0.0,0.0,False
AskReddit,negative,negative,26.143790849673202,0.0,0.0,0.0,0.0,0.0,0.0,0.0,False
AskReddit,positive,positive,47.24409448818898,0.0,0.0,0.0,0.0,0.0,0.0,0.0,False
AskReddit,negative,negative,31.358885017421603,3.484320557491289,3.484320557491289,0.0,0.0,0.0,0.0,0.0,False
AskReddit,positive,positive,68.9655172413793,0.0,6.896551724137931,6.896551724137931,0.0,0.0,0.0,0.0,False
AskReddit,negative,negative,48.78048780487805,0.0,0.0,0.0,0.0,0.0,0.0,0.0,False
AskReddit,negative,negative,27.43142144638404,0.0,0.0,0.0,0.0,0.0,0.0,0.0,False
AskReddit,positive,positive,50.2092050209205,0.0,4.184100418410042,0.0,0.0,0.0,0.0,0.0,False
AskReddit,positive,positive,42.14963119072708,5.268703898840885,5.268703898840885,2.107481559536354,0.0,1.053740779768177,0.0,0.0,False
AskReddit,positive,positive,71.06598984771574,0.0,0.0,10.15228426395939,0.0,0.0,0.0,0.0,False
AskReddit,negative,negative,45.26748971193416,8.23045267489712,0.0,0.0,0.0,0.0,0.0,0.0,False
AskReddit,negative,negative,68.9655172413793,0.0,0.0,0.0,0.0,0.0,0.0,0.0,False
AskReddit,positive,positive,62.5,0.0,0.0,0.0,0.0,0.0,0.0,0.0,False
AskReddit,negative,negative,58.27067669172932,0.0,1.8796992481203008,5.639097744360902,0.0,0.0,0.0,0.0,False
AskReddit,negative,negative,57.69230769230769,0.0,0.0,0.0,0.0,0.0,0.0,0.0,False
AskReddit,positive,positive,42.145593869731805,19.157088122605362,3.8314176245210727,0.0,0.0,0.0,0.0,0.0,False
AskReddit,negative,negative,56.65024630541872,0.0,0.0,7.389162561576354,0.0,0.0,0.0,0.0,False
AskReddit,negative,negative,48.07692307692308,0.0,7.211538461538462,7.211538461538462,0.0,0.0,0.0,0.0,False
AskReddit,positive,positive,68.18181818181817,0.0,0.0,0.0,0.0,0.0,0.0,0.0,False
AskReddit,negative,negative,81.32530120481927,3.0120481927710845,6.024096385542169,0.0,0.0,0.0,0.0,0.0,False
AskReddit,negative,negative,45.16129032258064,19.35483870967742,0.0,0.0,0.0,6.451612903225806,0.0,0.0,False
AskReddit,negative,negative,46.29629629629629,0.0,0.0,0.0,0.0,0.0,0.0,0.0,False
AskReddit,negative,positive,101.6949152542373,0.0,0.0,0.0,0.0,0.0,0.0,0.0,True
AskReddit,negative,negative,37.03703703703704,61.72839506172839,12.345679012345679,0.0,0.0,0.0,0.0,0.0,False
AskReddit,negative,negative,48.95104895104895,0.0,0.0,0.0,0.0,0.0,0.0,0.0,False
AskReddit,negative,negative,61.224489795918366,0.0,10.204081632653061,10.204081632653061,0.0,0.0,0.0,0.0,False
AskReddit,negative,negative,61.452513966480446,1.86219739292365,3.7243947858473,0.0,0.0,0.0,0.0,0.0,False
AskReddit,positive,positive,39.52569169960474,0.0,0.0,0.0,0.0,0.0,0.0,0.0,False
AskReddit,positive,positive,57.55395683453238,0.0,14.388489208633095,0.0,0.0,0.0,0.0,0.0,False
AskReddit,negative,negative,71.74887892376681,0.0,2.242152466367713,0.0,0.0,0.0,0.0,0.0,False
AskReddit,positive,positive,72.8862973760933,0.0,0.0,0.0,0.0,0.0,0.0,0.0,False
AskReddit,negative,negative,68.9655172413793,0.0,0.0,0.0,0.0,0.0,0.0,0.0,False
AskReddit,negative,negative,32.25806451612903,0.0,0.0,0.0,0.0,0.0,0.0,0.0,False
AskReddit,negative,negative,45.714285714285715,0.0,0.0,0.0,0.0,0.0,0.0,0.0,False
AskReddit,negative,negative,40.14598540145985,0.0,0.0,0.0,0.0,0.0,0.0,0.0,False
AskReddit,neutral,neutral,51.724137931034484,0.0,0.0,0.0,0.0,0.0,0.0,0.0,False
AskReddit,negative,negative,58.8235294117647,0.0,11.76470588235294,0.0,0.0,0.0,0.0,0.0,False
AskReddit,positive,positive,115.70247933884298,0.0,0.0,0.0,0.0,0.0,0.0,0.0,False
AskReddit,negative,negative,48.78048780487805,0.0,0.0,0.0,0.0,0.0,0.0,0.0,False
AskReddit,neutral,neutral,0.0,0.0,0.0,0.0,0.0,0.0,0.0,0.0,False
AskReddit,positive,positive,43.71584699453552,0.0,0.0,0.0,0.0,0.0,0.0,0.0,False
AskReddit,positive,positive,54.054054054054056,0.0,0.0,27.027027027027028,0.0,0.0,0.0,0.0,False
AskReddit,positive,positive,42.016806722689076,0.0,0.0,8.403361344537815,0.0,0.0,0.0,0.0,False
AskReddit,positive,positive,0.0,0.0,0.0,0.0,0.0,0.0,0.0,0.0,False
AskReddit,positive,positive,40.65040650406504,0.0,0.0,8.130081300813009,0.0,0.0,0.0,0.0,False
AskReddit,neutral,negative,41.666666666666664,0.0,0.0,5.952380952380952,0.0,0.0,0.0,0.0,True
AskReddit,negative,negative,65.17311608961303,0.0,50.91649694501019,2.0366598778004072,12.219959266802444,0.0,0.0,0.0,False
AskReddit,negative,negative,36.69724770642202,0.0,0.0,0.0,0.0,0.0,0.0,0.0,False
AskReddit,negative,negative,50.0,0.0,0.0,25.0,0.0,0.0,0.0,0.0,False
AskReddit,negative,negative,44.38642297650131,0.0,5.221932114882507,0.0,0.0,0.0,0.0,0.0,False
AskReddit,positive,positive,67.96116504854369,0.0,0.0,0.0,0.0,0.0,0.0,0.0,False
AskReddit,negative,negative,62.5,0.0,3.472222222222222,0.0,0.0,0.0,0.0,0.0,False
AskReddit,positive,positive,42.73504273504273,0.0,0.0,0.0,0.0,0.0,0.0,0.0,False
AskReddit,negative,negative,93.92265193370166,0.0,0.0,0.0,0.0,0.0,0.0,0.0,False
AskReddit,positive,positive,62.5,0.0,0.0,0.0,0.0,0.0,0.0,0.0,False
AskReddit,negative,negative,51.88679245283019,0.0,0.0,0.0,0.0,0.0,0.0,0.0,False
AskReddit,negative,negative,41.0958904109589,0.0,0.0,0.0,0.0,0.0,0.0,0.0,False
AskReddit,negative,negative,46.05263157894736,13.157894736842104,0.0,6.578947368421052,0.0,6.578947368421052,0.0,0.0,False
AskReddit,positive,positive,42.16867469879518,6.024096385542169,0.0,0.0,0.0,0.0,0.0,0.0,False
AskReddit,negative,negative,51.724137931034484,0.0,17.241379310344826,0.0,0.0,0.0,0.0,0.0,False
AskReddit,positive,positive,45.97701149425287,0.0,0.0,0.0,0.0,0.0,0.0,0.0,False
AskReddit,neutral,neutral,47.61904761904761,0.0,0.0,0.0,0.0,0.0,0.0,0.0,False
AskReddit,negative,negative,30.0,40.0,20.0,10.0,0.0,10.0,0.0,0.0,False
AskReddit,positive,positive,44.44444444444444,8.88888888888889,0.0,17.77777777777778,0.0,0.0,0.0,0.0,False
AskReddit,negative,negative,31.746031746031743,0.0,0.0,0.0,0.0,0.0,0.0,0.0,False
AskReddit,positive,positive,78.43137254901961,0.0,19.607843137254903,0.0,0.0,0.0,0.0,0.0,False
AskReddit,negative,negative,33.333333333333336,0.0,0.0,0.0,0.0,0.0,0.0,0.0,False
AskReddit,negative,negative,69.30693069306932,0.0,9.900990099009901,0.0,0.0,0.0,0.0,0.0,False
AskReddit,positive,positive,63.38028169014084,7.042253521126761,14.084507042253522,0.0,0.0,0.0,0.0,0.0,False
AskReddit,positive,positive,55.35055350553505,14.760147601476014,3.6900369003690034,0.0,0.0,0.0,0.0,0.0,False
AskReddit,negative,positive,122.09302325581395,0.0,5.813953488372093,0.0,0.0,0.0,0.0,0.0,True
AskReddit,positive,positive,81.21827411167511,0.0,0.0,0.0,0.0,0.0,0.0,0.0,False
AskReddit,negative,negative,44.776119402985074,0.0,0.0,0.0,0.0,0.0,0.0,0.0,False
AskReddit,positive,positive,56.76126878130217,0.0,0.0,0.0,0.0,0.0,0.0,0.0,False
AskReddit,negative,positive,30.0,0.0,0.0,0.0,0.0,0.0,0.0,0.0,True
AskReddit,negative,negative,73.17073170731707,0.0,4.878048780487805,0.0,0.0,0.0,0.0,0.0,False
AskReddit,negative,negative,53.097345132743364,0.0,0.0,0.0,0.0,0.0,0.0,0.0,False
AskReddit,negative,negative,56.81818181818181,0.0,0.0,0.0,0.0,0.0,0.0,0.0,False
AskReddit,positive,positive,43.71584699453552,0.0,0.0,5.46448087431694,0.0,0.0,0.0,0.0,False
AskReddit,negative,negative,57.69230769230769,0.0,19.230769230769234,0.0,0.0,0.0,0.0,0.0,False
AskReddit,negative,negative,12.987012987012989,0.0,0.0,0.0,0.0,0.0,0.0,0.0,False
AskReddit,negative,negative,41.91616766467065,0.0,0.0,5.9880239520958085,0.0,0.0,0.0,0.0,False
AskReddit,negative,negative,47.61904761904761,13.605442176870747,0.0,0.0,0.0,0.0,0.0,0.0,False
AskReddit,positive,positive,59.945504087193456,0.0,0.0,0.0,0.0,0.0,0.0,0.0,False
AskReddit,negative,negative,56.60377358490566,0.0,0.0,0.0,0.0,0.0,0.0,0.0,False
AskReddit,negative,negative,54.29864253393665,0.0,9.04977375565611,0.0,0.0,0.0,0.0,0.0,False
AskReddit,negative,negative,67.51054852320675,0.0,4.219409282700422,6.329113924050633,0.0,0.0,0.0,0.0,False
AskReddit,negative,negative,50.57471264367816,0.0,0.0,0.0,0.0,0.0,0.0,0.0,False
AskReddit,negative,negative,87.71929824561403,0.0,0.0,0.0,0.0,0.0,0.0,0.0,False
AskReddit,negative,negative,40.46242774566474,0.0,11.560693641618496,0.0,0.0,0.0,0.0,0.0,False
AskReddit,negative,negative,33.49282296650718,0.0,0.0,0.0,0.0,0.0,0.0,0.0,False
AskReddit,negative,negative,75.47169811320754,0.0,9.433962264150942,9.433962264150942,0.0,0.0,0.0,0.0,False
AskReddit,positive,positive,68.37606837606839,0.0,0.0,0.0,0.0,0.0,0.0,0.0,False
AskReddit,negative,negative,67.11409395973155,0.0,0.0,0.0,0.0,0.0,0.0,0.0,False
AskReddit,negative,negative,55.36332179930796,0.0,1.7301038062283738,0.0,0.0,0.0,0.0,0.0,False
AskReddit,negative,negative,86.61417322834646,0.0,0.0,0.0,0.0,0.0,0.0,0.0,False
AskReddit,positive,positive,57.268722466960355,0.0,0.0,0.0,0.0,0.0,0.0,0.0,False
AskReddit,positive,positive,48.543689320388346,3.236245954692557,0.0,0.0,0.0,0.0,0.0,0.0,False
AskReddit,positive,positive,50.72463768115942,0.0,0.0,0.0,0.0,0.0,0.0,0.0,False
AskReddit,negative,negative,80.80808080808082,0.0,0.0,0.0,0.0,0.0,0.0,0.0,False
AskReddit,positive,positive,58.8235294117647,7.352941176470588,0.0,0.0,0.0,0.0,0.0,0.0,False
AskReddit,positive,positive,93.02325581395348,0.0,0.0,23.25581395348837,0.0,0.0,0.0,0.0,False
AskReddit,neutral,neutral,47.61904761904761,0.0,0.0,0.0,0.0,0.0,0.0,0.0,False
AskReddit,positive,positive,52.38095238095238,9.523809523809526,4.761904761904763,0.0,0.0,0.0,0.0,0.0,False
AskReddit,positive,positive,37.73584905660377,0.0,0.0,0.0,0.0,0.0,0.0,0.0,False
AskReddit,positive,positive,57.14285714285714,0.0,0.0,0.0,0.0,0.0,0.0,0.0,False
AskReddit,positive,positive,58.8235294117647,0.0,0.0,0.0,0.0,0.0,0.0,0.0,False
AskReddit,neutral,neutral,0.0,0.0,0.0,0.0,0.0,0.0,0.0,0.0,False
AskReddit,negative,negative,51.85185185185185,14.814814814814815,0.0,0.0,0.0,0.0,0.0,0.0,False
AskReddit,negative,negative,49.707602339181285,0.0,0.0,2.923976608187134,0.0,0.0,0.0,0.0,False
AskReddit,positive,positive,55.55555555555555,0.0,0.0,0.0,0.0,0.0,0.0,0.0,False
AskReddit,positive,positive,0.0,0.0,0.0,0.0,0.0,0.0,0.0,0.0,False
AskReddit,positive,positive,64.39393939393939,1.893939393939394,1.893939393939394,0.0,0.0,0.0,0.0,0.0,False
AskReddit,neutral,neutral,45.45454545454545,0.0,0.0,0.0,0.0,0.0,0.0,0.0,False
AskReddit,positive,positive,43.26923076923077,0.0,0.0,0.0,0.0,0.0,0.0,0.0,False
AskReddit,positive,positive,29.12621359223301,0.0,4.854368932038835,0.0,0.0,0.0,0.0,0.0,False
AskReddit,negative,negative,87.1369294605809,0.0,0.0,0.0,0.0,0.0,0.0,0.0,False
AskReddit,positive,positive,54.054054054054056,13.513513513513514,0.0,0.0,0.0,0.0,0.0,0.0,False
AskReddit,positive,positive,78.56191744340879,1.3315579227696406,0.0,0.0,0.0,0.0,0.0,0.0,False
AskReddit,positive,positive,32.05128205128205,6.41025641025641,0.0,6.41025641025641,0.0,0.0,0.0,0.0,False
AskReddit,negative,negative,71.8232044198895,0.0,0.0,0.0,0.0,0.0,0.0,0.0,False
AskReddit,positive,positive,65.35947712418302,0.0,0.0,0.0,0.0,0.0,0.0,0.0,False
AskReddit,negative,negative,28.409090909090907,0.0,0.0,0.0,0.0,0.0,0.0,0.0,False
AskReddit,neutral,neutral,56.71641791044777,0.0,0.0,0.0,0.0,0.0,0.0,0.0,False
AskReddit,positive,positive,11.904761904761903,0.0,11.904761904761903,11.904761904761903,0.0,0.0,0.0,0.0,False
AskReddit,negative,negative,53.333333333333336,0.0,0.0,0.0,0.0,0.0,0.0,0.0,False
AskReddit,neutral,neutral,0.0,0.0,0.0,0.0,0.0,0.0,0.0,0.0,False
AskReddit,negative,negative,40.93567251461988,0.0,5.847953216374268,0.0,0.0,0.0,0.0,0.0,False
AskReddit,negative,negative,45.45454545454545,0.0,0.0,0.0,0.0,0.0,0.0,0.0,False
AskReddit,positive,positive,61.06870229007633,0.0,0.0,0.0,0.0,0.0,0.0,0.0,False
AskReddit,positive,positive,50.79365079365079,9.523809523809526,0.0,3.1746031746031744,0.0,0.0,0.0,0.0,False
AskReddit,negative,negative,47.94520547945205,0.0,6.8493150684931505,0.0,0.0,0.0,0.0,0.0,False
AskReddit,positive,positive,58.333333333333336,0.0,4.166666666666667,4.166666666666667,0.0,0.0,0.0,0.0,False
AskReddit,negative,negative,65.3061224489796,0.0,0.0,0.0,0.0,0.0,0.0,0.0,False
AskReddit,negative,negative,53.38078291814947,0.0,0.0,0.0,0.0,0.0,0.0,0.0,False
AskReddit,negative,negative,69.4980694980695,0.0,0.0,0.0,0.0,0.0,0.0,0.0,False
AskReddit,positive,positive,29.900332225913623,4.4296788482834994,0.0,0.0,0.0,0.0,0.0,0.0,False
AskReddit,positive,positive,37.38317757009346,0.0,0.0,0.0,0.0,0.0,0.0,0.0,False
AskReddit,positive,positive,65.93406593406594,0.0,10.989010989010989,0.0,0.0,0.0,0.0,0.0,False
AskReddit,negative,negative,50.0,0.0,0.0,0.0,0.0,0.0,0.0,0.0,False
AskReddit,positive,negative,9.900990099009901,0.0,0.0,0.0,0.0,0.0,0.0,0.0,True
AskReddit,positive,positive,61.855670103092784,0.0,0.0,0.0,0.0,0.0,0.0,0.0,False
AskReddit,positive,positive,58.53658536585366,0.0,0.0,0.0,0.0,0.0,0.0,0.0,False
AskReddit,neutral,negative,52.17391304347826,0.0,0.0,4.3478260869565215,0.0,0.0,0.0,0.0,True
AskReddit,negative,negative,17.699115044247787,0.0,0.0,0.0,0.0,0.0,0.0,0.0,False
AskReddit,positive,positive,35.92314118629908,2.506265664160401,1.670843776106934,0.0,0.0,0.0,0.835421888053467,0.0,False
AskReddit,positive,positive,36.144578313253014,12.048192771084338,24.096385542168676,0.0,0.0,0.0,0.0,0.0,False
AskReddit,negative,negative,37.28813559322034,6.779661016949152,0.0,0.0,0.0,3.389830508474576,0.0,0.0,False
AskReddit,positive,positive,49.01960784313725,0.0,2.450980392156863,2.450980392156863,0.0,0.0,0.0,0.0,False
AskReddit,positive,positive,56.03448275862069,0.0,4.310344827586206,4.310344827586206,0.0,0.0,0.0,0.0,False
AskReddit,negative,negative,92.85714285714286,7.142857142857142,0.0,0.0,0.0,0.0,0.0,0.0,False
AskReddit,negative,negative,68.80733944954129,4.587155963302752,0.0,0.0,0.0,0.0,0.0,0.0,False
AskReddit,positive,positive,29.41176470588235,0.0,0.0,0.0,0.0,0.0,0.0,0.0,False
AskReddit,negative,negative,68.9655172413793,0.0,0.0,0.0,0.0,0.0,0.0,0.0,False
AskReddit,positive,positive,10.869565217391305,0.0,0.0,0.0,0.0,0.0,0.0,0.0,False
AskReddit,negative,negative,36.630036630036635,0.0,3.663003663003663,0.0,0.0,0.0,0.0,0.0,False
AskReddit,positive,positive,62.5,0.0,0.0,0.0,0.0,0.0,0.0,0.0,False
AskReddit,positive,positive,52.10918114143921,0.0,2.4813895781637716,7.444168734491315,0.0,0.0,0.0,0.0,False
AskReddit,negative,negative,56.60377358490566,0.0,0.0,0.0,0.0,0.0,0.0,0.0,False
AskReddit,negative,negative,61.224489795918366,0.0,0.0,0.0,0.0,0.0,0.0,0.0,False
AskReddit,negative,negative,69.65174129353234,8.706467661691542,6.218905472636816,0.0,0.0,0.0,0.0,0.0,False
AskReddit,positive,positive,56.22489959839357,0.0,0.0,0.0,0.0,0.0,0.0,0.0,False
AskReddit,negative,negative,50.314465408805034,0.0,0.0,0.0,0.0,0.0,0.0,0.0,False
AskReddit,positive,positive,107.14285714285714,0.0,0.0,0.0,0.0,0.0,0.0,0.0,False
AskReddit,negative,negative,47.337278106508876,5.9171597633136095,0.0,0.0,0.0,0.0,0.0,0.0,False
AskReddit,negative,negative,69.34306569343066,0.0,10.948905109489052,0.0,0.0,0.0,0.0,0.0,False
AskReddit,positive,positive,46.69260700389105,0.0,3.8910505836575875,11.673151750972762,0.0,0.0,0.0,0.0,False
AskReddit,negative,negative,37.03703703703704,0.0,0.0,0.0,0.0,0.0,0.0,0.0,False
AskReddit,negative,negative,43.47826086956522,0.0,0.0,0.0,0.0,0.0,0.0,0.0,False
AskReddit,negative,negative,56.33802816901409,0.0,0.0,0.0,0.0,0.0,0.0,0.0,False
AskReddit,positive,positive,68.06282722513089,0.0,0.0,0.0,0.0,0.0,0.0,0.0,False
AskReddit,negative,negative,53.03030303030303,0.0,0.0,0.0,0.0,0.0,0.0,0.0,False
AskReddit,positive,positive,46.72897196261682,0.0,0.0,0.0,0.0,0.0,0.0,0.0,False
AskReddit,negative,negative,48.728813559322035,0.0,0.0,0.0,0.0,0.0,0.0,0.0,False
AskReddit,negative,negative,52.88461538461539,0.0,0.0,0.0,0.0,0.0,0.0,0.0,False
AskReddit,neutral,neutral,32.608695652173914,0.0,0.0,0.0,0.0,0.0,0.0,0.0,False
AskReddit,positive,positive,16.949152542372882,0.0,0.0,0.0,0.0,0.0,0.0,0.0,False
AskReddit,negative,negative,39.10614525139665,0.0,0.0,0.0,0.0,0.0,0.0,0.0,False
AskReddit,positive,positive,83.33333333333333,0.0,0.0,0.0,0.0,0.0,0.0,0.0,False
AskReddit,negative,negative,41.32231404958678,0.0,0.0,0.0,0.0,0.0,0.0,0.0,False
AskReddit,neutral,neutral,41.666666666666664,0.0,0.0,0.0,0.0,0.0,0.0,0.0,False
AskReddit,positive,positive,39.08794788273615,0.0,0.0,0.0,0.0,0.0,0.0,0.0,False
AskReddit,positive,positive,56.737588652482266,1.7730496453900708,3.5460992907801416,0.0,0.0,0.0,0.0,0.0,False
AskReddit,neutral,neutral,49.586776859504134,0.0,0.0,8.264462809917356,0.0,0.0,0.0,0.0,False
AskReddit,positive,positive,49.2063492063492,0.7936507936507936,0.0,0.0,0.0,0.0,0.0,0.0,False
AskReddit,positive,positive,55.865921787709496,0.0,5.58659217877095,0.0,0.0,0.0,0.0,0.0,False
AskReddit,positive,positive,28.368794326241133,0.0,0.0,0.0,0.0,0.0,0.0,0.0,False
AskReddit,negative,negative,58.8235294117647,0.0,0.0,0.0,0.0,0.0,0.0,0.0,False
AskReddit,negative,negative,72.35142118863048,0.0,0.0,0.0,0.0,0.0,0.0,0.0,False
AskReddit,negative,negative,51.181102362204726,0.0,0.0,0.0,0.0,0.0,0.0,0.0,False
AskReddit,positive,positive,90.9090909090909,0.0,0.0,0.0,0.0,0.0,0.0,0.0,False
AskReddit,negative,negative,86.66666666666667,0.0,0.0,0.0,0.0,0.0,0.0,0.0,False
AskReddit,positive,positive,53.43511450381679,0.0,0.0,0.0,0.0,0.0,0.0,0.0,False
AskReddit,negative,negative,38.07106598984772,0.0,0.0,2.5380710659898473,0.0,0.0,0.0,0.0,False
AskReddit,negative,negative,59.154929577464785,0.0,0.0,0.0,0.0,0.0,0.0,0.0,False
AskReddit,positive,positive,42.016806722689076,0.0,0.0,0.0,0.0,0.0,0.0,0.0,False
AskReddit,positive,positive,32.89473684210526,0.0,0.0,0.0,0.0,0.0,0.0,0.0,False
AskReddit,positive,positive,43.17789291882556,1.7271157167530224,1.7271157167530224,0.0,0.0,0.0,0.0,0.0,False
AskReddit,positive,positive,42.016806722689076,0.0,0.0,0.0,0.0,0.0,0.0,0.0,False
AskReddit,positive,positive,98.0392156862745,0.0,0.0,0.0,0.0,0.0,0.0,0.0,False
AskReddit,negative,negative,51.98776758409786,0.0,0.0,3.058103975535168,0.0,0.0,0.0,0.0,False
AskReddit,negative,negative,39.682539682539684,0.0,0.0,0.0,0.0,0.0,0.0,0.0,False
AskReddit,positive,positive,46.72897196261682,0.0,0.0,0.0,0.0,0.0,0.0,0.0,False
AskReddit,negative,negative,59.25925925925926,0.0,0.0,0.0,0.0,0.0,0.0,0.0,False
AskReddit,negative,negative,47.61904761904761,15.873015873015872,0.0,15.873015873015872,0.0,0.0,0.0,0.0,False
AskReddit,negative,negative,59.52380952380952,0.0,11.904761904761903,0.0,0.0,0.0,0.0,0.0,False
AskReddit,negative,negative,48.95104895104895,0.0,0.0,0.0,0.0,0.0,0.0,0.0,False
AskReddit,negative,negative,59.45945945945946,0.0,0.0,0.0,0.0,0.0,0.0,0.0,False
AskReddit,negative,negative,82.56880733944955,0.0,0.0,0.0,0.0,0.0,0.0,0.0,False
AskReddit,negative,negative,37.73584905660377,0.0,0.0,0.0,0.0,0.0,0.0,0.0,False
AskReddit,negative,negative,90.9090909090909,0.0,0.0,0.0,0.0,0.0,0.0,0.0,False
AskReddit,negative,negative,60.60606060606061,0.0,0.0,0.0,0.0,0.0,0.0,0.0,False
AskReddit,negative,negative,65.47619047619048,0.0,0.0,0.0,0.0,0.0,0.0,0.0,False
AskReddit,positive,positive,56.497175141242934,0.0,0.0,0.0,0.0,0.0,0.0,0.0,False
AskReddit,positive,positive,76.92307692307693,0.0,0.0,0.0,0.0,0.0,0.0,0.0,False
AskReddit,positive,positive,77.20588235294117,0.0,0.0,3.676470588235294,0.0,0.0,0.0,0.0,False
AskReddit,positive,positive,55.55555555555555,0.0,0.0,6.944444444444444,0.0,0.0,0.0,0.0,False
AskReddit,positive,positive,31.746031746031743,0.0,0.0,0.0,0.0,0.0,0.0,0.0,False
AskReddit,negative,negative,55.55555555555555,0.0,11.11111111111111,0.0,0.0,0.0,0.0,0.0,False
AskReddit,positive,positive,89.28571428571429,0.0,0.0,0.0,0.0,0.0,0.0,0.0,False
AskReddit,positive,positive,37.9746835443038,0.0,0.0,0.0,0.0,0.0,0.0,0.0,False
AskReddit,positive,positive,49.079754601226995,0.0,0.0,18.404907975460123,0.0,0.0,0.0,0.0,False
AskReddit,positive,positive,46.21072088724584,0.0,5.545286506469501,0.0,0.0,0.0,0.0,0.0,False
AskReddit,negative,negative,48.03493449781659,8.73362445414847,4.366812227074235,0.0,0.0,0.0,0.0,0.0,False
AskReddit,positive,positive,78.43137254901961,0.0,0.0,0.0,0.0,0.0,0.0,0.0,False
AskReddit,positive,positive,68.18181818181817,11.363636363636363,0.0,0.0,0.0,0.0,0.0,0.0,False
AskReddit,positive,positive,80.45977011494253,0.0,0.0,0.0,0.0,0.0,0.0,0.0,False
AskReddit,positive,positive,62.2568093385214,0.0,0.0,0.0,0.0,0.0,0.0,0.0,False
AskReddit,positive,positive,54.982817869415804,0.0,10.309278350515465,0.0,0.0,0.0,0.0,0.0,False
AskReddit,neutral,neutral,64.51612903225806,0.0,0.0,0.0,0.0,0.0,0.0,0.0,False
AskReddit,positive,positive,78.43137254901961,0.0,0.0,0.0,0.0,0.0,0.0,0.0,False
AskReddit,negative,negative,76.92307692307693,10.989010989010989,0.0,0.0,0.0,0.0,0.0,0.0,False
AskReddit,positive,positive,44.378698224852066,1.4792899408284024,0.0,0.0,0.0,0.0,0.0,0.0,False
AskReddit,negative,negative,43.47826086956522,0.0,0.0,0.0,0.0,0.0,0.0,0.0,False
AskReddit,negative,negative,83.33333333333333,0.0,0.0,0.0,0.0,0.0,0.0,0.0,False
AskReddit,negative,negative,59.25925925925926,0.0,0.0,0.0,0.0,0.0,0.0,0.0,False
AskReddit,positive,positive,49.107142857142854,4.464285714285714,4.464285714285714,8.928571428571429,0.0,0.0,0.0,0.0,False
AskReddit,positive,positive,38.13559322033898,0.0,0.0,0.0,0.0,0.0,0.0,0.0,False
AskReddit,negative,negative,74.07407407407408,0.0,0.0,0.0,0.0,0.0,0.0,0.0,False
AskReddit,negative,negative,47.72727272727273,0.0,0.0,0.0,0.0,0.0,0.0,0.0,False
AskReddit,positive,positive,48.19277108433735,0.0,0.0,0.0,0.0,0.0,0.0,0.0,False
AskReddit,negative,negative,56.60377358490566,0.0,0.0,0.0,0.0,0.0,0.0,0.0,False
AskReddit,positive,positive,55.214723926380366,0.0,0.0,0.0,0.0,0.0,0.0,0.0,False
AskReddit,negative,negative,10.0,0.0,0.0,0.0,0.0,0.0,0.0,0.0,False
AskReddit,positive,positive,58.25242718446602,0.0,0.0,0.0,0.0,0.0,0.0,0.0,False
AskReddit,negative,negative,36.144578313253014,0.0,0.0,0.0,0.0,0.0,0.0,0.0,False
AskReddit,positive,positive,37.73584905660377,0.0,0.0,0.0,0.0,0.0,0.0,0.0,False
AskReddit,positive,positive,65.21739130434783,0.0,0.0,0.0,0.0,0.0,0.0,0.0,False
AskReddit,neutral,neutral,86.95652173913044,0.0,0.0,0.0,0.0,0.0,0.0,0.0,False
AskReddit,positive,positive,166.66666666666666,0.0,0.0,0.0,0.0,0.0,0.0,0.0,False
AskReddit,positive,positive,42.5531914893617,0.0,7.092198581560283,0.0,0.0,0.0,0.0,0.0,False
AskReddit,positive,positive,44.44444444444444,0.0,0.0,0.0,0.0,0.0,0.0,0.0,False
AskReddit,negative,negative,59.25925925925926,0.0,0.0,0.0,0.0,0.0,0.0,0.0,False
AskReddit,positive,positive,51.28205128205128,0.0,0.0,6.41025641025641,0.0,0.0,0.0,0.0,False
AskReddit,neutral,neutral,0.0,0.0,0.0,46.51162790697674,0.0,0.0,0.0,0.0,False
AskReddit,neutral,neutral,101.44927536231884,0.0,0.0,0.0,0.0,0.0,0.0,0.0,False
AskReddit,positive,positive,65.21739130434783,21.73913043478261,0.0,0.0,0.0,0.0,0.0,0.0,False
AskReddit,positive,positive,56.33802816901409,0.0,0.0,0.0,0.0,0.0,0.0,0.0,False
AskReddit,negative,negative,72.58064516129033,0.0,0.0,0.0,0.0,0.0,0.0,0.0,False
AskReddit,positive,positive,56.0,0.0,0.0,8.0,0.0,0.0,0.0,0.0,False
AskReddit,positive,positive,52.63157894736842,0.0,0.0,0.0,0.0,0.0,0.0,0.0,False
AskReddit,negative,negative,54.054054054054056,0.0,36.03603603603604,0.0,0.0,0.0,0.0,0.0,False
AskReddit,positive,positive,59.52380952380952,11.904761904761903,0.0,0.0,0.0,0.0,0.0,0.0,False
AskReddit,positive,positive,54.054054054054056,0.0,9.00900900900901,0.0,0.0,0.0,0.0,0.0,False
AskReddit,positive,positive,50.0,0.0,0.0,0.0,0.0,0.0,0.0,0.0,False
AskReddit,negative,negative,72.91666666666667,0.0,31.25,0.0,0.0,0.0,0.0,0.0,False
AskReddit,negative,negative,62.5,0.0,0.0,0.0,0.0,0.0,0.0,0.0,False
AskReddit,neutral,neutral,58.8235294117647,58.8235294117647,0.0,0.0,0.0,0.0,0.0,0.0,False
AskReddit,negative,negative,52.63157894736842,0.0,0.0,7.518796992481203,0.0,0.0,0.0,0.0,False
AskReddit,positive,positive,80.0,0.0,0.0,0.0,0.0,0.0,0.0,0.0,False
AskReddit,positive,positive,50.63291139240506,0.0,0.0,0.0,0.0,0.0,0.0,0.0,False
AskReddit,positive,positive,30.303030303030305,0.0,0.0,15.151515151515152,0.0,0.0,0.0,0.0,False
AskReddit,neutral,neutral,96.77419354838709,0.0,0.0,0.0,0.0,0.0,0.0,0.0,False
AskReddit,negative,negative,60.60606060606061,0.0,0.0,0.0,0.0,0.0,0.0,0.0,False
AskReddit,negative,negative,31.25,0.0,0.0,7.8125,0.0,0.0,0.0,0.0,False
AskReddit,positive,positive,37.344398340248965,0.0,0.0,0.0,0.0,0.0,0.0,0.0,False
AskReddit,negative,negative,53.097345132743364,0.0,0.0,0.0,0.0,0.0,0.0,0.0,False
AskReddit,neutral,neutral,76.92307692307693,0.0,0.0,0.0,0.0,0.0,0.0,0.0,False
AskReddit,negative,negative,55.04587155963303,0.0,0.0,0.0,0.0,0.0,0.0,0.0,False
AskReddit,positive,positive,31.25,0.0,15.625,31.25,0.0,0.0,0.0,0.0,False
AskReddit,positive,positive,0.0,0.0,0.0,0.0,0.0,0.0,0.0,0.0,False
AskReddit,positive,positive,90.9090909090909,0.0,0.0,90.9090909090909,0.0,0.0,0.0,0.0,False
AskReddit,positive,positive,25.974025974025977,12.987012987012989,0.0,51.948051948051955,0.0,0.0,0.0,0.0,False
AskReddit,negative,negative,49.586776859504134,8.264462809917356,24.793388429752067,0.0,0.0,0.0,0.0,0.0,False
AskReddit,positive,positive,54.794520547945204,0.0,13.698630136986301,0.0,0.0,0.0,0.0,0.0,False
AskReddit,positive,positive,36.36363636363636,0.0,0.0,0.0,0.0,0.0,0.0,0.0,False
AskReddit,positive,positive,54.716981132075475,0.0,1.8867924528301887,0.0,0.0,0.0,0.0,0.0,False
AskReddit,negative,positive,43.24324324324324,0.0,21.62162162162162,0.0,0.0,0.0,0.0,0.0,True
AskReddit,negative,negative,48.9060489060489,7.722007722007723,20.592020592020592,11.583011583011583,1.287001287001287,1.287001287001287,0.0,0.0,False
AskReddit,positive,negative,57.79334500875657,0.0,5.253940455341506,3.502626970227671,0.0,0.0,0.0,0.0,True
AskReddit,positive,positive,51.724137931034484,8.620689655172413,0.0,0.0,0.0,0.0,0.0,0.0,False
AskReddit,positive,positive,55.85106382978723,0.0,0.0,10.638297872340425,0.0,0.0,0.0,0.0,False
leagueoflegends,neutral,neutral,65.21739130434783,0.0,10.869565217391305,0.0,0.0,0.0,0.0,0.0,False
leagueoflegends,negative,negative,37.03703703703704,0.0,0.0,0.0,0.0,0.0,0.0,0.0,False
leagueoflegends,positive,positive,39.0625,0.0,0.0,15.625,0.0,0.0,0.0,0.0,False
leagueoflegends,negative,negative,46.610169491525426,0.0,0.0,0.0,0.0,0.0,0.0,0.0,False
leagueoflegends,positive,positive,19.184652278177456,7.194244604316547,4.796163069544364,7.194244604316547,0.0,0.0,0.0,0.0,False
leagueoflegends,negative,positive,34.48275862068965,34.48275862068965,17.241379310344826,0.0,0.0,0.0,0.0,0.0,True
leagueoflegends,negative,negative,21.052631578947366,0.0,0.0,10.526315789473683,0.0,0.0,0.0,0.0,False
leagueoflegends,negative,negative,36.36363636363636,0.0,4.545454545454545,0.0,0.0,0.0,0.0,0.0,False
leagueoflegends,positive,positive,13.986013986013987,0.0,0.0,0.0,0.0,0.0,0.0,0.0,False
leagueoflegends,positive,positive,37.83783783783784,0.0,5.405405405405405,0.0,0.0,0.0,0.0,0.0,False
leagueoflegends,negative,negative,37.03703703703704,0.0,0.0,0.0,0.0,0.0,0.0,0.0,False
leagueoflegends,positive,positive,36.36363636363636,0.0,0.0,0.0,0.0,0.0,0.0,0.0,False
leagueoflegends,negative,negative,32.432432432432435,0.0,0.0,0.0,0.0,0.0,0.0,0.0,False
leagueoflegends,negative,negative,8.695652173913043,0.0,0.0,0.0,0.0,0.0,0.0,0.0,False
leagueoflegends,positive,positive,67.41573033707866,0.0,0.0,0.0,0.0,0.0,0.0,0.0,False
leagueoflegends,positive,positive,30.303030303030305,0.0,0.0,0.0,0.0,0.0,0.0,0.0,False
leagueoflegends,negative,negative,50.42016806722689,0.0,0.0,0.0,0.0,0.0,0.0,0.0,False
leagueoflegends,positive,positive,34.883720930232556,0.0,0.0,0.0,0.0,0.0,0.0,0.0,False
leagueoflegends,negative,negative,107.14285714285714,0.0,0.0,0.0,0.0,0.0,0.0,0.0,False
leagueoflegends,negative,negative,50.505050505050505,0.0,0.0,0.0,0.0,0.0,0.0,0.0,False
leagueoflegends,negative,negative,32.128514056224894,0.0,0.0,0.0,0.0,0.0,0.0,0.0,False
leagueoflegends,negative,negative,46.21848739495798,0.0,2.100840336134454,0.0,0.0,0.0,0.0,0.0,False
leagueoflegends,positive,positive,49.586776859504134,0.0,0.0,0.0,0.0,0.0,0.0,0.0,False
leagueoflegends,positive,positive,33.61344537815126,8.403361344537815,0.0,0.0,0.0,0.0,0.0,0.0,False
leagueoflegends,positive,positive,46.97986577181208,0.0,0.0,3.3557046979865772,0.0,0.0,0.0,0.0,False
leagueoflegends,positive,positive,44.0251572327044,0.0,0.0,0.0,0.0,0.0,0.0,0.0,False
leagueoflegends,positive,positive,40.32258064516129,0.0,2.688172043010753,0.0,0.0,0.0,0.0,0.0,False
leagueoflegends,positive,positive,35.92814371257485,5.9880239520958085,0.0,0.0,0.0,0.0,0.0,0.0,False
leagueoflegends,positive,positive,44.44444444444444,0.0,0.0,0.0,0.0,0.0,0.0,0.0,False
leagueoflegends,positive,positive,48.07692307692308,0.0,0.0,0.0,0.0,0.0,0.0,0.0,False
leagueoflegends,negative,negative,7.575757575757576,15.151515151515152,0.0,0.0,0.0,0.0,0.0,0.0,False
leagueoflegends,positive,positive,40.54054054054054,0.0,13.513513513513514,0.0,0.0,0.0,0.0,0.0,False
leagueoflegends,negative,negative,41.666666666666664,0.0,0.0,0.0,0.0,0.0,0.0,0.0,False
leagueoflegends,positive,positive,36.4963503649635,0.0,0.0,0.0,0.0,0.0,0.0,0.0,False
leagueoflegends,positive,positive,36.36363636363636,0.0,0.0,0.0,0.0,0.0,0.0,0.0,False
leagueoflegends,positive,positive,27.777777777777775,0.0,0.0,0.0,0.0,0.0,0.0,0.0,False
leagueoflegends,negative,negative,36.58536585365854,0.0,0.0,0.0,0.0,0.0,0.0,0.0,False
leagueoflegends,positive,positive,27.397260273972602,0.0,0.0,0.0,0.0,0.0,0.0,0.0,False
leagueoflegends,positive,positive,0.0,0.0,71.42857142857143,0.0,0.0,0.0,0.0,0.0,False
leagueoflegends,negative,negative,61.452513966480446,0.0,0.0,0.0,0.0,0.0,0.0,0.0,False
leagueoflegends,positive,positive,26.845637583892618,0.0,0.0,0.0,0.0,0.0,0.0,0.0,False
leagueoflegends,positive,positive,34.78260869565217,0.0,8.695652173913043,0.0,0.0,0.0,0.0,0.0,False
leagueoflegends,negative,negative,53.57142857142857,0.0,0.0,0.0,0.0,0.0,0.0,0.0,False
leagueoflegends,positive,positive,97.70114942528737,0.0,5.747126436781609,0.0,0.0,0.0,0.0,0.0,False
leagueoflegends,positive,positive,21.73913043478261,0.0,14.492753623188406,0.0,0.0,0.0,0.0,0.0,False
leagueoflegends,positive,positive,29.76190476190476,0.0,0.0,0.0,0.0,0.0,0.0,0.0,False
leagueoflegends,positive,positive,33.70786516853933,0.0,0.0,0.0,0.0,0.0,0.0,0.0,False
leagueoflegends,positive,positive,61.53846153846154,0.0,5.128205128205129,0.0,0.0,0.0,0.0,0.0,False
leagueoflegends,positive,positive,64.63878326996198,7.604562737642586,7.604562737642586,0.0,0.0,0.0,0.0,0.0,False
leagueoflegends,positive,positive,46.875,0.0,0.0,0.0,0.0,0.0,0.0,0.0,False
leagueoflegends,positive,positive,43.79562043795621,0.0,0.0,0.0,0.0,0.0,0.0,0.0,False
leagueoflegends,positive,positive,48.07692307692308,0.0,0.0,0.0,0.0,0.0,0.0,0.0,False
leagueoflegends,positive,positive,39.473684210526315,0.0,0.0,0.0,0.0,0.0,0.0,0.0,False
leagueoflegends,positive,positive,46.875,0.0,0.0,0.0,0.0,0.0,0.0,0.0,False
leagueoflegends,positive,positive,78.3132530120482,0.0,0.0,0.0,0.0,0.0,0.0,0.0,False
leagueoflegends,positive,positive,20.833333333333332,0.0,0.0,0.0,0.0,0.0,0.0,0.0,False
leagueoflegends,positive,positive,100.0,0.0,0.0,0.0,0.0,0.0,0.0,0.0,False
leagueoflegends,positive,positive,0.0,0.0,0.0,0.0,0.0,0.0,0.0,0.0,False
leagueoflegends,positive,positive,111.1111111111111,0.0,0.0,0.0,0.0,0.0,0.0,0.0,False
leagueoflegends,positive,positive,33.057851239669425,0.0,0.0,0.0,0.0,0.0,0.0,0.0,False
leagueoflegends,negative,negative,45.80152671755725,0.0,0.0,0.0,0.0,0.0,0.0,0.0,False
leagueoflegends,positive,positive,42.944785276073624,0.0,0.0,0.0,0.0,0.0,0.0,0.0,False
leagueoflegends,negative,negative,47.05882352941176,0.0,0.0,0.0,0.0,0.0,0.0,0.0,False
leagueoflegends,positive,positive,21.978021978021978,0.0,21.978021978021978,0.0,0.0,0.0,0.0,0.0,False
leagueoflegends,positive,positive,47.24409448818898,0.0,7.874015748031496,0.0,0.0,0.0,0.0,0.0,False
leagueoflegends,negative,negative,70.17543859649122,0.0,0.0,0.0,0.0,0.0,0.0,0.0,False
leagueoflegends,positive,positive,44.44444444444444,0.0,0.0,0.0,0.0,0.0,0.0,0.0,False
leagueoflegends,positive,positive,50.84745762711865,0.0,0.0,0.0,0.0,0.0,0.0,0.0,False
leagueoflegends,positive,positive,29.12621359223301,0.0,9.70873786407767,0.0,0.0,0.0,0.0,0.0,False
leagueoflegends,positive,positive,90.9090909090909,0.0,0.0,0.0,0.0,0.0,0.0,0.0,False
leagueoflegends,positive,positive,27.027027027027028,0.0,0.0,0.0,0.0,0.0,0.0,0.0,False
leagueoflegends,positive,positive,57.47126436781609,0.0,11.494252873563218,0.0,0.0,0.0,0.0,0.0,False
leagueoflegends,positive,positive,31.578947368421055,0.0,0.0,0.0,0.0,0.0,0.0,0.0,False
leagueoflegends,positive,positive,71.42857142857143,0.0,0.0,0.0,0.0,0.0,0.0,0.0,False
leagueoflegends,neutral,neutral,35.08771929824561,0.0,70.17543859649122,0.0,0.0,0.0,0.0,0.0,False
leagueoflegends,positive,positive,23.12138728323699,0.0,11.560693641618496,0.0,0.0,0.0,0.0,0.0,False
leagueoflegends,positive,positive,39.21568627450981,0.0,0.0,0.0,0.0,0.0,0.0,0.0,False
leagueoflegends,positive,positive,48.19277108433735,0.0,0.0,0.0,0.0,0.0,0.0,0.0,False
leagueoflegends,positive,positive,19.607843137254903,0.0,0.0,0.0,0.0,0.0,0.0,0.0,False
leagueoflegends,positive,positive,57.69230769230769,0.0,6.41025641025641,0.0,0.0,0.0,0.0,0.0,False
leagueoflegends,positive,positive,53.763440860215056,0.0,0.0,0.0,0.0,0.0,0.0,0.0,False
leagueoflegends,negative,negative,111.1111111111111,0.0,0.0,0.0,0.0,0.0,0.0,0.0,False
leagueoflegends,positive,positive,32.25806451612903,0.0,0.0,0.0,0.0,0.0,0.0,0.0,False
leagueoflegends,positive,positive,54.263565891472865,7.751937984496124,0.0,0.0,0.0,0.0,0.0,0.0,False
leagueoflegends,positive,positive,33.43465045592705,0.0,0.0,0.0,0.0,0.0,0.0,0.0,False
leagueoflegends,negative,negative,69.14893617021276,0.0,0.0,0.0,0.0,0.0,0.0,0.0,False
leagueoflegends,positive,positive,41.284403669724774,0.0,0.0,0.0,0.0,0.0,0.0,0.0,False
leagueoflegends,negative,negative,69.14893617021276,0.0,0.0,0.0,0.0,0.0,0.0,0.0,False
leagueoflegends,negative,negative,14.492753623188406,0.0,0.0,0.0,0.0,0.0,0.0,0.0,False
leagueoflegends,positive,positive,41.0958904109589,0.0,0.0,0.0,0.0,0.0,0.0,0.0,False
leagueoflegends,positive,positive,49.792531120331944,0.0,0.0,0.0,0.0,0.0,0.0,0.0,False
leagueoflegends,positive,positive,32.25806451612903,0.0,0.0,6.451612903225806,0.0,0.0,0.0,0.0,False
leagueoflegends,negative,negative,47.61904761904761,0.0,11.904761904761903,0.0,0.0,0.0,0.0,0.0,False
leagueoflegends,positive,positive,37.73584905660377,0.0,0.0,0.0,0.0,0.0,0.0,0.0,False
leagueoflegends,positive,positive,14.492753623188406,0.0,0.0,0.0,0.0,0.0,0.0,0.0,False
leagueoflegends,positive,positive,33.61344537815126,0.0,0.0,0.0,0.0,0.0,0.0,0.0,False
leagueoflegends,positive,positive,57.971014492753625,0.0,0.0,0.0,0.0,0.0,0.0,0.0,False
leagueoflegends,positive,positive,48.309178743961354,0.0,0.0,0.0,0.0,0.0,0.0,0.0,False
leagueoflegends,positive,positive,8.771929824561402,0.0,43.859649122807014,8.771929824561402,0.0,0.0,0.0,0.0,False
leagueoflegends,positive,positive,43.66812227074236,0.0,0.0,0.0,0.0,0.0,0.0,0.0,False
leagueoflegends,negative,negative,0.0,0.0,0.0,0.0,0.0,0.0,0.0,0.0,False
leagueoflegends,negative,negative,50.0,0.0,0.0,0.0,0.0,0.0,0.0,0.0,False
leagueoflegends,positive,positive,34.48275862068965,0.0,0.0,0.0,0.0,0.0,0.0,0.0,False
leagueoflegends,positive,positive,0.0,86.95652173913044,0.0,0.0,0.0,0.0,0.0,0.0,False
leagueoflegends,positive,positive,30.0,0.0,10.0,0.0,0.0,0.0,0.0,0.0,False
leagueoflegends,negative,negative,29.41176470588235,0.0,0.0,0.0,0.0,0.0,0.0,0.0,False
leagueoflegends,positive,positive,40.89219330855018,0.0,0.0,3.717472118959108,0.0,0.0,0.0,0.0,False
leagueoflegends,positive,positive,33.333333333333336,0.0,6.666666666666667,0.0,0.0,0.0,0.0,0.0,False
leagueoflegends,positive,positive,26.200873362445414,0.0,48.03493449781659,0.0,4.366812227074235,0.0,0.0,0.0,False
leagueoflegends,positive,positive,57.971014492753625,0.0,0.0,0.0,0.0,0.0,0.0,0.0,False
leagueoflegends,positive,positive,57.69230769230769,0.0,0.0,0.0,0.0,0.0,0.0,0.0,False
leagueoflegends,negative,negative,46.82274247491638,0.0,0.0,0.0,0.0,0.0,0.0,0.0,False
leagueoflegends,positive,positive,56.70103092783505,0.0,2.577319587628866,0.0,0.0,0.0,0.0,0.0,False
leagueoflegends,negative,positive,44.44444444444444,0.0,7.407407407407407,0.0,0.0,0.0,0.0,0.0,True
leagueoflegends,positive,positive,43.47826086956522,0.0,0.0,0.0,0.0,0.0,0.0,0.0,False
leagueoflegends,negative,negative,76.33587786259542,0.0,0.0,0.0,0.0,0.0,0.0,0.0,False
leagueoflegends,positive,positive,14.018691588785046,0.0,0.0,0.0,0.0,0.0,0.0,0.0,False
leagueoflegends,positive,positive,71.42857142857143,0.0,5.4945054945054945,5.4945054945054945,0.0,0.0,0.0,0.0,False
leagueoflegends,negative,positive,19.867549668874172,0.0,0.0,0.0,0.0,0.0,0.0,0.0,True
leagueoflegends,positive,positive,39.603960396039604,0.0,0.0,0.0,0.0,0.0,0.0,0.0,False
leagueoflegends,positive,positive,72.16494845360825,0.0,0.0,0.0,0.0,0.0,0.0,0.0,False
leagueoflegends,negative,negative,20.61855670103093,0.0,10.309278350515465,0.0,0.0,0.0,0.0,0.0,False
leagueoflegends,positive,positive,31.84713375796178,6.369426751592357,0.0,0.0,0.0,0.0,0.0,0.0,False
leagueoflegends,positive,positive,38.46153846153847,0.0,0.0,0.0,0.0,0.0,0.0,0.0,False
leagueoflegends,positive,positive,37.81512605042017,0.0,0.0,0.0,0.0,0.0,0.0,0.0,False
leagueoflegends,positive,positive,31.007751937984494,0.0,0.0,0.0,0.0,0.0,0.0,0.0,False
leagueoflegends,negative,negative,0.0,0.0,12.987012987012989,0.0,0.0,0.0,0.0,0.0,False
leagueoflegends,negative,negative,58.394160583941606,0.0,0.0,0.0,0.0,0.0,0.0,0.0,False
leagueoflegends,neutral,negative,37.8657487091222,0.0,0.0,0.0,0.0,0.0,0.0,0.0,True
leagueoflegends,positive,positive,29.41176470588235,0.0,0.0,0.0,0.0,0.0,0.0,0.0,False
leagueoflegends,positive,positive,49.18032786885246,0.0,0.0,0.0,0.0,0.0,0.0,0.0,False
leagueoflegends,positive,positive,96.15384615384616,0.0,0.0,0.0,0.0,0.0,0.0,0.0,False
leagueoflegends,positive,positive,52.17391304347826,0.0,0.0,0.0,0.0,0.0,0.0,0.0,False
leagueoflegends,negative,negative,45.97701149425287,0.0,0.0,0.0,0.0,0.0,0.0,0.0,False
leagueoflegends,negative,negative,54.34782608695652,0.0,0.0,0.0,0.0,0.0,0.0,0.0,False
leagueoflegends,negative,negative,46.29629629629629,0.0,9.25925925925926,0.0,0.0,0.0,0.0,0.0,False
leagueoflegends,positive,positive,87.5,0.0,0.0,0.0,0.0,0.0,0.0,0.0,False
leagueoflegends,negative,negative,40.93567251461988,0.0,0.0,0.0,0.0,0.0,0.0,0.0,False
leagueoflegends,positive,positive,29.520295202952028,0.0,0.0,0.0,0.0,0.0,0.0,0.0,False
leagueoflegends,positive,positive,32.25806451612903,0.0,0.0,0.0,0.0,0.0,0.0,0.0,False
leagueoflegends,positive,positive,56.60377358490566,0.0,0.0,0.0,0.0,0.0,0.0,0.0,False
leagueoflegends,negative,negative,52.63157894736842,0.0,0.0,0.0,0.0,0.0,0.0,0.0,False
leagueoflegends,negative,negative,34.883720930232556,0.0,0.0,0.0,0.0,0.0,0.0,0.0,False
leagueoflegends,positive,positive,54.34782608695652,0.0,0.0,0.0,0.0,0.0,0.0,0.0,False
leagueoflegends,positive,positive,45.04504504504504,0.0,0.0,0.0,0.0,0.0,0.0,0.0,False
leagueoflegends,negative,negative,36.36363636363636,0.0,0.0,0.0,0.0,0.0,0.0,0.0,False
leagueoflegends,negative,negative,53.57142857142857,0.0,0.0,0.0,0.0,0.0,0.0,0.0,False
leagueoflegends,positive,positive,52.63157894736842,0.0,0.0,0.0,0.0,0.0,0.0,0.0,False
leagueoflegends,negative,negative,42.42424242424243,0.0,0.0,0.0,0.0,0.0,0.0,0.0,False
leagueoflegends,negative,negative,33.5195530726257,0.0,5.58659217877095,0.0,0.0,0.0,0.0,0.0,False
leagueoflegends,positive,positive,46.15384615384615,0.0,0.0,0.0,0.0,0.0,0.0,0.0,False
leagueoflegends,negative,negative,42.25352112676056,3.5211267605633805,0.0,7.042253521126761,0.0,0.0,0.0,0.0,False
leagueoflegends,positive,positive,80.0,0.0,0.0,0.0,0.0,0.0,0.0,0.0,False
leagueoflegends,positive,positive,43.956043956043956,0.0,16.483516483516485,0.0,0.0,0.0,0.0,0.0,False
leagueoflegends,positive,positive,61.72839506172839,0.0,12.345679012345679,0.0,0.0,0.0,0.0,0.0,False
leagueoflegends,positive,positive,35.55555555555556,0.0,4.444444444444445,0.0,0.0,0.0,0.0,0.0,False
leagueoflegends,negative,negative,34.68208092485549,0.0,0.0,0.0,0.0,0.0,0.0,0.0,False
leagueoflegends,positive,positive,30.985915492957748,2.8169014084507045,0.0,0.0,0.0,0.0,0.0,0.0,False
leagueoflegends,neutral,neutral,333.3333333333333,0.0,0.0,0.0,0.0,0.0,0.0,0.0,False
leagueoflegends,negative,negative,62.5,0.0,0.0,0.0,0.0,0.0,0.0,0.0,False
leagueoflegends,positive,positive,5.128205128205129,0.0,0.0,0.0,0.0,0.0,0.0,0.0,False
leagueoflegends,negative,negative,61.224489795918366,0.0,0.0,0.0,0.0,0.0,0.0,0.0,False
leagueoflegends,positive,positive,54.719562243502054,1.3679890560875512,9.575923392612859,0.0,0.0,0.0,0.0,0.0,False
leagueoflegends,positive,positive,31.358885017421603,0.0,3.484320557491289,0.0,0.0,0.0,0.0,0.0,False
leagueoflegends,positive,positive,78.78787878787878,0.0,12.121212121212121,0.0,0.0,0.0,0.0,0.0,False
leagueoflegends,negative,negative,40.816326530612244,0.0,0.0,0.0,0.0,0.0,0.0,0.0,False
leagueoflegends,neutral,neutral,36.36363636363636,0.0,0.0,36.36363636363636,0.0,0.0,0.0,0.0,False
leagueoflegends,positive,positive,16.393442622950822,0.0,0.0,0.0,0.0,0.0,0.0,0.0,False
leagueoflegends,positive,positive,27.64976958525346,4.608294930875576,0.0,0.0,0.0,0.0,0.0,0.0,False
leagueoflegends,positive,positive,55.81395348837209,0.0,4.651162790697675,0.0,0.0,0.0,0.0,0.0,False
leagueoflegends,positive,positive,0.0,0.0,4.694835680751174,0.0,0.0,0.0,0.0,0.0,False
leagueoflegends,positive,positive,42.16867469879518,0.0,0.0,0.0,0.0,0.0,0.0,0.0,False
leagueoflegends,positive,positive,40.65040650406504,0.0,0.0,0.0,0.0,0.0,0.0,0.0,False
leagueoflegends,negative,negative,0.0,0.0,0.0,0.0,0.0,0.0,0.0,0.0,False
leagueoflegends,positive,positive,90.9090909090909,0.0,0.0,0.0,0.0,0.0,0.0,0.0,False
leagueoflegends,negative,negative,58.13953488372093,5.813953488372093,11.627906976744185,0.0,0.0,0.0,0.0,0.0,False
leagueoflegends,positive,positive,44.75308641975308,0.0,1.5432098765432098,0.0,0.0,0.0,0.0,0.0,False
leagueoflegends,negative,negative,81.08108108108108,0.0,0.0,0.0,0.0,0.0,0.0,0.0,False
leagueoflegends,positive,positive,53.333333333333336,0.0,0.0,0.0,0.0,0.0,0.0,0.0,False
leagueoflegends,negative,negative,39.21568627450981,0.0,0.0,9.803921568627452,0.0,0.0,0.0,0.0,False
leagueoflegends,positive,positive,80.64516129032258,0.0,0.0,0.0,0.0,0.0,0.0,0.0,False
leagueoflegends,negative,negative,70.17543859649122,0.0,0.0,0.0,0.0,0.0,0.0,0.0,False
leagueoflegends,neutral,neutral,15.873015873015872,0.0,0.0,15.873015873015872,0.0,0.0,0.0,0.0,False
leagueoflegends,positive,positive,46.8384074941452,0.0,0.0,0.0,0.0,0.0,0.0,0.0,False
leagueoflegends,positive,positive,109.58904109589041,0.0,0.0,0.0,0.0,0.0,0.0,0.0,False
leagueoflegends,negative,negative,44.58598726114649,0.0,0.0,0.0,0.0,0.0,0.0,0.0,False
leagueoflegends,negative,negative,71.42857142857143,0.0,0.0,0.0,0.0,0.0,0.0,0.0,False
leagueoflegends,negative,negative,75.34246575342465,0.0,0.0,0.0,0.0,0.0,0.0,0.0,False
leagueoflegends,negative,negative,40.0,0.0,0.0,0.0,0.0,0.0,0.0,0.0,False
leagueoflegends,positive,positive,23.929471032745592,0.0,5.037783375314861,0.0,0.0,0.0,0.0,0.0,False
leagueoflegends,positive,positive,34.313725490196084,0.0,4.901960784313726,0.0,0.0,0.0,0.0,0.0,False
leagueoflegends,positive,positive,30.76923076923077,0.0,0.0,0.0,0.0,0.0,0.0,0.0,False
leagueoflegends,positive,positive,0.0,0.0,0.0,0.0,0.0,0.0,0.0,0.0,False
leagueoflegends,neutral,neutral,67.79661016949153,0.0,0.0,0.0,0.0,0.0,0.0,0.0,False
leagueoflegends,positive,positive,73.86363636363637,0.0,11.363636363636363,0.0,0.0,0.0,0.0,0.0,False
leagueoflegends,positive,positive,39.130434782608695,4.3478260869565215,0.0,4.3478260869565215,0.0,0.0,0.0,0.0,False
leagueoflegends,negative,negative,57.37704918032787,0.0,0.0,0.0,0.0,0.0,0.0,0.0,False
leagueoflegends,negative,negative,53.65853658536585,0.0,0.0,0.0,0.0,0.0,0.0,0.0,False
leagueoflegends,positive,positive,48.24561403508772,0.0,0.0,0.0,0.0,0.0,0.0,0.0,False
leagueoflegends,negative,negative,44.642857142857146,0.0,8.928571428571429,17.857142857142858,0.0,0.0,0.0,0.0,False
leagueoflegends,positive,positive,38.314176245210724,0.0,0.0,0.0,0.0,0.0,0.0,0.0,False
leagueoflegends,positive,positive,66.66666666666667,22.22222222222222,0.0,0.0,0.0,0.0,0.0,0.0,False
leagueoflegends,positive,positive,38.25136612021858,0.0,10.92896174863388,0.0,0.0,0.0,0.0,0.0,False
leagueoflegends,positive,positive,64.1025641025641,0.0,0.0,0.0,0.0,0.0,0.0,0.0,False
leagueoflegends,positive,positive,54.054054054054056,0.0,0.0,0.0,0.0,0.0,0.0,0.0,False
leagueoflegends,positive,positive,47.61904761904761,0.0,0.0,0.0,0.0,0.0,0.0,0.0,False
leagueoflegends,positive,positive,44.0,0.0,8.0,0.0,0.0,0.0,0.0,0.0,False
leagueoflegends,negative,negative,71.42857142857143,0.0,0.0,0.0,0.0,0.0,0.0,0.0,False
leagueoflegends,positive,positive,37.73584905660377,0.0,0.0,0.0,0.0,0.0,0.0,0.0,False
leagueoflegends,positive,positive,68.9655172413793,0.0,0.0,0.0,0.0,0.0,0.0,0.0,False
leagueoflegends,negative,negative,51.470588235294116,0.0,0.0,0.0,0.0,0.0,0.0,0.0,False
leagueoflegends,negative,negative,13.888888888888888,0.0,0.0,0.0,0.0,0.0,0.0,0.0,False
leagueoflegends,positive,positive,44.776119402985074,0.0,0.0,0.0,0.0,0.0,0.0,0.0,False
leagueoflegends,positive,positive,72.91666666666667,2.6041666666666665,5.208333333333333,7.8125,0.0,0.0,0.0,0.0,False
leagueoflegends,negative,negative,40.54054054054054,0.0,0.0,0.0,0.0,0.0,0.0,0.0,False
leagueoflegends,positive,positive,62.93706293706294,0.0,0.0,0.0,0.0,0.0,0.0,0.0,False
leagueoflegends,positive,positive,58.57740585774059,4.184100418410042,4.184100418410042,0.0,0.0,0.0,0.0,0.0,False
leagueoflegends,negative,negative,38.67403314917127,0.0,0.0,0.0,0.0,0.0,0.0,0.0,False
leagueoflegends,negative,negative,41.666666666666664,0.0,0.0,0.0,0.0,0.0,0.0,0.0,False
leagueoflegends,negative,negative,38.37471783295711,0.0,0.0,0.0,0.0,0.0,0.0,0.0,False
leagueoflegends,positive,positive,26.31578947368421,0.0,0.0,0.0,0.0,0.0,0.0,0.0,False
leagueoflegends,positive,positive,32.608695652173914,0.0,0.0,0.0,0.0,0.0,0.0,0.0,False
leagueoflegends,positive,negative,14.084507042253522,0.0,28.169014084507044,14.084507042253522,0.0,0.0,0.0,0.0,True
leagueoflegends,positive,positive,24.691358024691358,6.172839506172839,6.172839506172839,0.0,0.0,0.0,0.0,0.0,False
leagueoflegends,negative,negative,40.0,0.0,10.0,0.0,0.0,0.0,0.0,0.0,False
leagueoflegends,positive,positive,44.0251572327044,0.0,0.0,0.0,0.0,0.0,0.0,0.0,False
leagueoflegends,positive,positive,83.33333333333333,0.0,0.0,0.0,0.0,0.0,0.0,0.0,False
leagueoflegends,positive,positive,0.0,0.0,74.07407407407408,0.0,0.0,0.0,0.0,0.0,False
leagueoflegends,negative,negative,54.794520547945204,0.0,0.0,0.0,0.0,0.0,0.0,0.0,False
leagueoflegends,negative,negative,20.408163265306122,0.0,0.0,0.0,0.0,0.0,0.0,0.0,False
leagueoflegends,negative,negative,17.857142857142858,0.0,0.0,0.0,0.0,0.0,0.0,0.0,False
leagueoflegends,positive,positive,50.45045045045045,1.8018018018018018,0.0,1.8018018018018018,0.0,0.0,0.0,0.0,False
leagueoflegends,neutral,neutral,55.55555555555555,0.0,0.0,0.0,0.0,0.0,0.0,0.0,False
leagueoflegends,positive,positive,37.73584905660377,0.0,0.0,0.0,0.0,0.0,0.0,0.0,False
leagueoflegends,neutral,neutral,166.66666666666666,0.0,0.0,0.0,0.0,0.0,0.0,0.0,False
leagueoflegends,positive,positive,0.0,0.0,0.0,0.0,0.0,0.0,0.0,0.0,False
leagueoflegends,negative,negative,51.81347150259067,0.0,0.0,0.0,0.0,0.0,0.0,0.0,False
leagueoflegends,positive,positive,63.63636363636363,0.0,9.09090909090909,0.0,0.0,0.0,0.0,0.0,False
leagueoflegends,positive,positive,38.96103896103896,0.0,12.987012987012989,0.0,0.0,0.0,0.0,0.0,False
leagueoflegends,positive,positive,45.97701149425287,0.0,22.988505747126435,0.0,0.0,0.0,0.0,0.0,False
leagueoflegends,positive,positive,48.07692307692308,0.0,0.0,0.0,0.0,0.0,0.0,0.0,False
leagueoflegends,negative,negative,41.42011834319527,5.9171597633136095,0.0,0.0,0.0,0.0,0.0,0.0,False
leagueoflegends,positive,positive,44.11764705882353,0.0,0.0,0.0,0.0,0.0,0.0,0.0,False
leagueoflegends,positive,positive,41.00227790432802,0.0,0.0,0.0,0.0,0.0,0.0,0.0,False
leagueoflegends,negative,negative,49.29577464788732,0.0,0.0,0.0,0.0,0.0,0.0,0.0,False
leagueoflegends,positive,positive,54.054054054054056,0.0,0.0,0.0,0.0,0.0,0.0,0.0,False
leagueoflegends,negative,negative,0.0,0.0,0.0,0.0,0.0,0.0,0.0,0.0,False
leagueoflegends,positive,positive,57.971014492753625,0.0,0.0,0.0,0.0,0.0,0.0,0.0,False
leagueoflegends,positive,positive,40.816326530612244,6.802721088435374,0.0,0.0,0.0,0.0,0.0,0.0,False
leagueoflegends,positive,positive,47.61904761904761,0.0,0.0,0.0,0.0,0.0,0.0,0.0,False
leagueoflegends,positive,positive,40.983606557377044,0.0,0.0,0.0,0.0,0.0,0.0,0.0,False
leagueoflegends,positive,positive,33.70786516853933,0.0,0.0,0.0,0.0,0.0,0.0,0.0,False
leagueoflegends,positive,positive,60.60606060606061,0.0,0.0,0.0,0.0,0.0,0.0,0.0,False
leagueoflegends,positive,positive,29.41176470588235,0.0,0.0,0.0,0.0,0.0,0.0,0.0,False
leagueoflegends,negative,negative,69.76744186046511,0.0,0.0,0.0,0.0,0.0,0.0,0.0,False
leagueoflegends,positive,positive,96.15384615384616,0.0,0.0,0.0,0.0,0.0,0.0,0.0,False
leagueoflegends,positive,positive,39.80099502487562,0.0,0.0,0.0,0.0,0.0,0.0,0.0,False
leagueoflegends,positive,positive,33.333333333333336,0.0,0.0,2.0833333333333335,0.0,0.0,0.0,0.0,False
leagueoflegends,positive,positive,38.75968992248062,0.0,7.751937984496124,0.0,0.0,0.0,0.0,0.0,False
leagueoflegends,negative,negative,59.52380952380952,11.904761904761903,0.0,0.0,0.0,0.0,0.0,0.0,False
leagueoflegends,positive,positive,36.36363636363636,0.0,0.0,0.0,0.0,0.0,0.0,0.0,False
leagueoflegends,negative,negative,0.0,76.92307692307693,0.0,38.46153846153847,0.0,0.0,0.0,0.0,False
leagueoflegends,positive,positive,38.96103896103896,0.0,0.0,0.0,0.0,0.0,0.0,0.0,False
leagueoflegends,negative,negative,52.63157894736842,0.0,0.0,0.0,0.0,0.0,0.0,0.0,False
leagueoflegends,positive,positive,32.0,0.0,8.0,0.0,0.0,0.0,0.0,0.0,False
leagueoflegends,positive,positive,22.058823529411764,0.0,0.0,0.0,0.0,0.0,0.0,0.0,False
leagueoflegends,positive,positive,48.543689320388346,0.0,0.0,0.0,0.0,0.0,0.0,0.0,False
leagueoflegends,positive,positive,31.34796238244514,0.0,0.0,9.404388714733543,0.0,0.0,0.0,0.0,False
leagueoflegends,negative,negative,65.21739130434783,0.0,5.434782608695652,0.0,0.0,0.0,0.0,0.0,False
leagueoflegends,positive,positive,21.27659574468085,0.0,21.27659574468085,0.0,0.0,0.0,0.0,0.0,False
leagueoflegends,negative,negative,285.7142857142857,0.0,0.0,0.0,0.0,0.0,0.0,0.0,False
leagueoflegends,negative,negative,0.0,0.0,0.0,0.0,0.0,0.0,0.0,0.0,False
leagueoflegends,positive,positive,0.0,0.0,0.0,0.0,0.0,0.0,0.0,0.0,False
leagueoflegends,positive,positive,62.20095693779904,0.0,0.0,0.0,0.0,0.0,0.0,0.0,False
leagueoflegends,positive,positive,52.63157894736842,0.0,17.543859649122805,0.0,0.0,0.0,0.0,0.0,False
leagueoflegends,positive,positive,56.60377358490566,0.0,0.0,0.0,0.0,0.0,0.0,0.0,False
leagueoflegends,positive,positive,46.44268774703558,0.0,0.0,0.0,0.0,0.0,0.0,0.0,False
leagueoflegends,positive,positive,55.89307411907655,0.0,1.215066828675577,0.0,0.0,0.0,0.0,0.0,False
leagueoflegends,negative,negative,64.51612903225806,0.0,0.0,0.0,0.0,0.0,0.0,0.0,False
leagueoflegends,positive,positive,34.78260869565217,17.391304347826086,0.0,0.0,0.0,0.0,0.0,0.0,False
leagueoflegends,negative,negative,76.33587786259542,0.0,7.633587786259541,0.0,0.0,0.0,0.0,0.0,False
leagueoflegends,positive,positive,27.932960893854748,0.0,16.75977653631285,5.58659217877095,0.0,0.0,0.0,0.0,False
leagueoflegends,negative,negative,59.32203389830509,0.0,0.0,0.0,0.0,0.0,0.0,0.0,False
leagueoflegends,positive,positive,26.91511387163561,4.140786749482402,0.0,0.0,0.0,2.070393374741201,0.0,0.0,False
leagueoflegends,positive,positive,45.8295142071494,15.582034830430796,20.164986251145738,7.332722273143905,0.0,0.0,0.0,0.0,False
leagueoflegends,negative,negative,83.33333333333333,0.0,0.0,0.0,0.0,0.0,0.0,0.0,False
leagueoflegends,positive,positive,58.8235294117647,0.0,0.0,0.0,0.0,0.0,0.0,0.0,False
leagueoflegends,negative,negative,45.80152671755725,0.0,0.0,0.0,0.0,0.0,0.0,0.0,False
leagueoflegends,negative,negative,34.48275862068965,0.0,0.0,6.896551724137931,0.0,0.0,0.0,0.0,False
leagueoflegends,positive,positive,35.175879396984925,0.0,0.0,0.0,0.0,0.0,0.0,0.0,False
leagueoflegends,positive,positive,27.027027027027028,0.0,0.0,0.0,0.0,0.0,0.0,0.0,False
leagueoflegends,positive,positive,58.47953216374269,0.0,0.0,0.0,0.0,0.0,0.0,0.0,False
leagueoflegends,positive,positive,22.22222222222222,0.0,4.444444444444445,0.0,0.0,0.0,0.0,0.0,False
leagueoflegends,positive,positive,86.95652173913044,0.0,0.0,0.0,0.0,0.0,0.0,0.0,False
leagueoflegends,negative,negative,66.66666666666667,0.0,0.0,0.0,0.0,0.0,0.0,0.0,False
leagueoflegends,negative,negative,19.011406844106464,0.0,0.0,0.0,0.0,0.0,0.0,0.0,False
leagueoflegends,negative,negative,26.041666666666668,0.0,0.0,0.0,0.0,0.0,0.0,0.0,False
leagueoflegends,positive,positive,43.689320388349515,0.0,0.0,0.0,0.0,0.0,0.0,0.0,False
leagueoflegends,positive,positive,43.927648578811365,0.0,0.0,0.0,0.0,0.0,0.0,0.0,False
leagueoflegends,positive,positive,35.55555555555556,0.0,0.0,0.0,0.0,0.0,0.0,0.0,False
AdviceAnimals,positive,positive,54.29864253393665,0.0,0.0,2.2624434389140275,0.0,0.0,0.0,0.0,False
AdviceAnimals,negative,negative,19.04761904761905,0.0,0.0,0.0,0.0,0.0,0.0,0.0,False
AdviceAnimals,negative,negative,54.6875,7.8125,0.0,0.0,0.0,0.0,0.0,0.0,False
AdviceAnimals,positive,positive,37.87878787878788,7.575757575757576,0.0,0.0,0.0,0.0,0.0,0.0,False
AdviceAnimals,negative,negative,40.0,0.0,0.0,0.0,0.0,0.0,0.0,0.0,False
AdviceAnimals,negative,negative,20.527859237536656,5.865102639296188,2.932551319648094,23.46041055718475,0.0,0.0,0.0,0.0,False
AdviceAnimals,neutral,neutral,76.92307692307693,0.0,0.0,76.92307692307693,0.0,0.0,0.0,0.0,False
AdviceAnimals,positive,positive,64.81481481481481,4.62962962962963,13.888888888888888,0.0,0.0,0.0,0.0,0.0,False
AdviceAnimals,positive,positive,39.32584269662921,11.235955056179774,5.617977528089887,0.0,0.0,0.0,0.0,0.0,False
AdviceAnimals,negative,negative,37.671232876712324,0.0,0.0,6.8493150684931505,0.0,0.0,0.0,0.0,False
AdviceAnimals,positive,positive,12.738853503184714,0.0,0.0,25.477707006369428,0.0,0.0,0.0,0.0,False
AdviceAnimals,negative,negative,63.63636363636363,0.0,0.0,9.09090909090909,0.0,0.0,0.0,0.0,False
AdviceAnimals,positive,positive,41.50943396226415,0.0,1.8867924528301887,0.0,0.0,0.0,0.0,0.0,False
AdviceAnimals,positive,positive,0.0,0.0,166.66666666666666,0.0,0.0,0.0,0.0,0.0,False
AdviceAnimals,negative,negative,58.8235294117647,0.0,0.0,0.0,0.0,0.0,0.0,0.0,False
AdviceAnimals,negative,negative,71.42857142857143,0.0,0.0,0.0,0.0,0.0,0.0,0.0,False
AdviceAnimals,negative,negative,86.61417322834646,31.496062992125985,7.874015748031496,7.874015748031496,0.0,0.0,0.0,0.0,False
AdviceAnimals,negative,negative,37.03703703703704,37.03703703703704,0.0,37.03703703703704,0.0,0.0,0.0,0.0,False
AdviceAnimals,negative,negative,57.53968253968254,0.0,0.0,1.984126984126984,0.0,0.0,0.0,0.0,False
AdviceAnimals,positive,positive,49.382716049382715,0.0,6.172839506172839,0.0,0.0,0.0,0.0,0.0,False
AdviceAnimals,positive,positive,28.30188679245283,0.0,0.0,0.0,0.0,0.0,0.0,0.0,False
AdviceAnimals,positive,positive,49.707602339181285,0.0,0.0,0.0,0.0,0.0,0.0,0.0,False
AdviceAnimals,positive,positive,55.55555555555555,0.0,0.0,0.0,0.0,0.0,0.0,0.0,False
AdviceAnimals,negative,positive,64.1025641025641,0.0,0.0,0.0,0.0,0.0,0.0,0.0,True
AdviceAnimals,positive,positive,61.53846153846154,0.0,0.0,0.0,0.0,0.0,0.0,0.0,False
AdviceAnimals,positive,positive,54.6875,0.0,0.0,0.0,0.0,0.0,0.0,0.0,False
AdviceAnimals,negative,negative,27.35562310030395,0.0,0.0,0.0,0.0,0.0,0.0,0.0,False
AdviceAnimals,positive,positive,95.58823529411764,0.0,0.0,0.0,0.0,0.0,0.0,0.0,False
AdviceAnimals,negative,negative,46.875,0.0,0.0,0.0,0.0,0.0,0.0,0.0,False
AdviceAnimals,positive,positive,55.55555555555555,0.0,0.0,0.0,0.0,0.0,0.0,0.0,False
AdviceAnimals,negative,negative,50.0,0.0,0.0,0.0,0.0,0.0,0.0,0.0,False
AdviceAnimals,positive,positive,64.35643564356435,4.9504950495049505,0.0,0.0,0.0,0.0,0.0,0.0,False
AdviceAnimals,negative,negative,41.1764705882353,0.0,0.0,0.0,0.0,0.0,0.0,0.0,False
AdviceAnimals,positive,positive,35.714285714285715,0.0,0.0,0.0,0.0,0.0,0.0,0.0,False
AdviceAnimals,negative,negative,57.971014492753625,0.0,0.0,0.0,0.0,0.0,0.0,0.0,False
AdviceAnimals,positive,positive,55.55555555555555,0.0,0.0,0.0,0.0,0.0,0.0,0.0,False
AdviceAnimals,positive,positive,500.0,0.0,0.0,0.0,0.0,0.0,0.0,0.0,False
AdviceAnimals,negative,negative,55.55555555555555,6.944444444444444,6.944444444444444,0.0,0.0,0.0,0.0,0.0,False
AdviceAnimals,negative,negative,117.6470588235294,0.0,0.0,0.0,0.0,0.0,0.0,0.0,False
AdviceAnimals,positive,positive,71.42857142857143,0.0,0.0,0.0,0.0,0.0,0.0,0.0,False
AdviceAnimals,negative,positive,67.44868035190615,2.932551319648094,5.865102639296188,0.9775171065493646,0.0,0.0,0.0,0.0,True
AdviceAnimals,positive,positive,52.63157894736842,0.0,0.0,0.0,0.0,0.0,0.0,0.0,False
AdviceAnimals,negative,negative,46.51162790697674,0.0,0.0,0.0,0.0,0.0,0.0,0.0,False
AdviceAnimals,positive,positive,56.87203791469194,0.0,0.0,0.0,0.0,0.0,0.0,0.0,False
AdviceAnimals,negative,negative,75.78397212543554,0.0,1.7421602787456445,0.0,0.0,0.0,0.0,0.0,False
AdviceAnimals,negative,negative,20.0,0.0,40.0,0.0,0.0,0.0,0.0,0.0,False
AdviceAnimals,negative,negative,30.67484662576687,0.0,6.134969325153374,0.0,0.0,0.0,0.0,0.0,False
AdviceAnimals,positive,positive,45.45454545454545,11.363636363636363,0.0,0.0,0.0,0.0,0.0,0.0,False
AdviceAnimals,neutral,neutral,500.0,0.0,0.0,0.0,0.0,0.0,0.0,0.0,False
AdviceAnimals,positive,positive,14.285714285714285,35.714285714285715,0.0,0.0,0.0,0.0,0.0,0.0,False
AdviceAnimals,negative,negative,66.66666666666667,0.0,0.0,0.0,0.0,0.0,0.0,0.0,False
AdviceAnimals,positive,positive,78.125,0.0,0.0,0.0,0.0,0.0,0.0,0.0,False
AdviceAnimals,positive,negative,53.57142857142857,0.0,0.0,0.0,0.0,0.0,0.0,0.0,True
AdviceAnimals,positive,positive,68.9655172413793,0.0,0.0,0.0,0.0,0.0,0.0,0.0,False
AdviceAnimals,negative,negative,49.60835509138381,0.0,5.221932114882507,0.0,0.0,0.0,0.0,0.0,False
AdviceAnimals,positive,negative,31.25,0.0,0.0,0.0,0.0,0.0,0.0,0.0,True
AdviceAnimals,negative,negative,51.546391752577314,0.0,20.61855670103093,0.0,0.0,0.0,0.0,0.0,False
AdviceAnimals,neutral,positive,40.32258064516129,0.0,0.0,0.0,0.0,0.0,0.0,0.0,True
AdviceAnimals,positive,positive,42.5531914893617,0.0,0.0,0.0,0.0,0.0,0.0,0.0,False
AdviceAnimals,positive,positive,53.67231638418079,2.824858757062147,2.824858757062147,0.0,0.0,0.0,0.0,0.0,False
AdviceAnimals,neutral,neutral,76.92307692307693,0.0,0.0,25.64102564102564,0.0,0.0,0.0,0.0,False
AdviceAnimals,positive,positive,52.20883534136546,0.0,0.0,0.0,0.0,0.0,0.0,0.0,False
AdviceAnimals,positive,positive,74.62686567164178,0.0,0.0,0.0,0.0,0.0,0.0,0.0,False
AdviceAnimals,negative,negative,74.53416149068323,0.0,0.0,0.0,0.0,0.0,0.0,0.0,False
AdviceAnimals,positive,positive,9.433962264150942,0.0,94.33962264150944,9.433962264150942,0.0,0.0,0.0,0.0,False
AdviceAnimals,positive,positive,34.48275862068965,0.0,0.0,0.0,0.0,0.0,0.0,0.0,False
AdviceAnimals,positive,positive,56.81818181818181,0.0,0.0,0.0,0.0,0.0,0.0,0.0,False
AdviceAnimals,negative,negative,15.8311345646438,0.0,23.7467018469657,10.554089709762533,0.0,0.0,0.0,0.0,False
AdviceAnimals,positive,positive,58.44155844155844,0.0,19.48051948051948,0.0,0.0,0.0,0.0,0.0,False
AdviceAnimals,positive,positive,29.850746268656717,0.0,0.0,0.0,0.0,0.0,0.0,0.0,False
AdviceAnimals,negative,negative,34.602076124567475,3.4602076124567476,0.0,0.0,0.0,0.0,0.0,0.0,False
AdviceAnimals,negative,negative,27.027027027027028,54.054054054054056,0.0,6.756756756756757,0.0,13.513513513513514,0.0,0.0,False
AdviceAnimals,negative,negative,51.04408352668213,0.0,4.640371229698376,0.0,0.0,0.0,0.0,0.0,False
AdviceAnimals,negative,negative,52.87356321839081,0.0,4.597701149425287,0.0,0.0,0.0,0.0,0.0,False
AdviceAnimals,positive,negative,72.28915662650603,12.048192771084338,12.048192771084338,0.0,0.0,0.0,0.0,0.0,True
AdviceAnimals,positive,positive,48.19277108433735,0.0,0.0,12.048192771084338,0.0,0.0,0.0,0.0,False
AdviceAnimals,negative,negative,42.857142857142854,0.0,0.0,0.0,0.0,0.0,0.0,0.0,False
AdviceAnimals,negative,negative,50.561797752808985,0.0,0.0,0.0,0.0,0.0,0.0,0.0,False
AdviceAnimals,negative,negative,41.666666666666664,0.0,0.0,0.0,0.0,0.0,0.0,0.0,False
AdviceAnimals,negative,negative,42.25352112676056,0.0,0.0,14.084507042253522,0.0,0.0,0.0,0.0,False
AdviceAnimals,negative,negative,0.0,0.0,9.900990099009901,0.0,0.0,0.0,0.0,0.0,False
AdviceAnimals,positive,positive,65.63706563706563,1.9305019305019306,0.0,3.8610038610038613,0.0,0.0,0.0,0.0,False
AdviceAnimals,negative,negative,48.78048780487805,0.0,2.710027100271003,0.0,0.0,0.0,0.0,0.0,False
AdviceAnimals,negative,negative,31.578947368421055,0.0,0.0,0.0,0.0,0.0,0.0,0.0,False
AdviceAnimals,negative,positive,32.994923857868024,0.0,7.614213197969543,2.5380710659898473,0.0,0.0,0.0,0.0,True
AdviceAnimals,positive,positive,79.36507936507937,0.0,15.873015873015872,0.0,0.0,0.0,0.0,0.0,False
AdviceAnimals,negative,negative,47.61904761904761,0.0,0.0,0.0,0.0,0.0,0.0,0.0,False
AdviceAnimals,positive,positive,57.69230769230769,0.0,0.0,0.0,0.0,0.0,0.0,0.0,False
AdviceAnimals,neutral,neutral,56.60377358490566,0.0,0.0,0.0,0.0,0.0,0.0,0.0,False
AdviceAnimals,negative,negative,84.05797101449275,2.898550724637681,2.898550724637681,5.797101449275362,0.0,0.0,0.0,0.0,False
AdviceAnimals,negative,negative,32.467532467532465,0.0,0.0,0.0,0.0,0.0,0.0,0.0,False
AdviceAnimals,negative,negative,44.33497536945813,0.0,0.0,0.0,0.0,0.0,0.0,0.0,False
AdviceAnimals,positive,positive,40.72398190045249,0.0,0.0,0.0,0.0,0.0,0.0,0.0,False
AdviceAnimals,negative,negative,49.504950495049506,0.0,0.0,0.0,0.0,0.0,0.0,0.0,False
AdviceAnimals,negative,negative,20.408163265306122,0.0,0.0,0.0,0.0,0.0,0.0,0.0,False
AdviceAnimals,positive,positive,13.698630136986301,0.0,13.698630136986301,0.0,0.0,0.0,0.0,0.0,False
AdviceAnimals,positive,positive,40.0,0.0,0.0,0.0,0.0,0.0,0.0,0.0,False
AdviceAnimals,positive,positive,34.78260869565217,0.0,34.78260869565217,0.0,0.0,0.0,0.0,0.0,False
AdviceAnimals,positive,positive,33.980582524271846,0.0,0.0,0.0,0.0,0.0,0.0,0.0,False
AdviceAnimals,negative,negative,45.45454545454545,0.0,0.0,0.0,0.0,0.0,0.0,0.0,False
AdviceAnimals,negative,negative,52.083333333333336,20.833333333333332,0.0,0.0,0.0,0.0,0.0,0.0,False
AdviceAnimals,negative,negative,30.0,10.0,0.0,5.0,0.0,0.0,0.0,0.0,False
AdviceAnimals,negative,negative,55.118110236220474,0.0,31.496062992125985,0.0,0.0,0.0,0.0,0.0,False
AdviceAnimals,positive,positive,36.03603603603604,0.0,0.0,0.0,0.0,0.0,0.0,0.0,False
AdviceAnimals,positive,positive,98.76543209876543,0.0,0.0,0.0,0.0,0.0,0.0,0.0,False
AdviceAnimals,positive,positive,53.82436260623229,0.0,0.0,14.164305949008499,0.0,0.0,0.0,0.0,False
AdviceAnimals,negative,negative,78.43137254901961,0.0,0.0,0.0,0.0,0.0,0.0,0.0,False
AdviceAnimals,negative,negative,45.11278195488722,0.0,7.518796992481203,0.0,0.0,0.0,0.0,0.0,False
AdviceAnimals,negative,negative,55.08474576271186,0.0,0.0,0.0,0.0,0.0,0.0,0.0,False
AdviceAnimals,positive,positive,49.382716049382715,0.0,0.0,0.0,0.0,0.0,0.0,0.0,False
AdviceAnimals,positive,positive,52.341597796143255,0.0,0.0,2.7548209366391188,0.0,0.0,0.0,0.0,False
AdviceAnimals,positive,positive,56.81818181818181,0.0,0.0,0.0,0.0,0.0,0.0,0.0,False
AdviceAnimals,positive,positive,39.473684210526315,0.0,0.0,0.0,0.0,0.0,0.0,0.0,False
AdviceAnimals,neutral,neutral,36.36363636363636,0.0,0.0,0.0,0.0,0.0,0.0,0.0,False
AdviceAnimals,negative,negative,57.69230769230769,0.0,4.807692307692308,0.0,0.0,0.0,0.0,0.0,False
AdviceAnimals,positive,positive,43.01075268817205,0.0,0.0,0.0,0.0,0.0,0.0,0.0,False
AdviceAnimals,negative,negative,33.057851239669425,0.0,0.0,0.0,0.0,0.0,0.0,0.0,False
AdviceAnimals,positive,negative,43.47826086956522,0.0,0.0,0.0,0.0,0.0,0.0,0.0,True
AdviceAnimals,negative,neutral,46.33204633204633,0.0,19.305019305019304,3.8610038610038613,0.0,0.0,0.0,0.0,True
AdviceAnimals,positive,positive,38.929440389294406,0.0,0.0,0.0,0.0,0.0,0.0,0.0,False
AdviceAnimals,negative,negative,37.03703703703704,0.0,2.849002849002849,0.0,0.0,0.0,0.0,0.0,False
AdviceAnimals,negative,negative,61.06870229007633,0.0,0.0,0.0,0.0,0.0,0.0,0.0,False
AdviceAnimals,negative,negative,47.05882352941176,0.0,2.352941176470588,0.0,0.0,0.0,0.0,0.0,False
AdviceAnimals,negative,negative,60.60606060606061,0.0,0.0,0.0,0.0,0.0,0.0,0.0,False
AdviceAnimals,positive,positive,37.5,0.0,0.0,0.0,0.0,0.0,0.0,0.0,False
AdviceAnimals,positive,positive,54.054054054054056,0.0,27.027027027027028,0.0,0.0,0.0,0.0,0.0,False
AdviceAnimals,positive,positive,37.03703703703704,0.0,0.0,0.0,0.0,0.0,0.0,0.0,False
AdviceAnimals,positive,positive,32.520325203252035,0.0,0.0,8.130081300813009,0.0,0.0,0.0,0.0,False
AdviceAnimals,positive,positive,48.19277108433735,0.0,4.016064257028112,0.0,0.0,0.0,0.0,0.0,False
AdviceAnimals,negative,negative,46.69260700389105,0.0,0.0,0.0,0.0,0.0,0.0,0.0,False
AdviceAnimals,negative,negative,59.21052631578947,26.31578947368421,0.0,0.0,0.0,6.578947368421052,0.0,0.0,False
AdviceAnimals,negative,negative,57.69230769230769,0.0,28.846153846153847,0.0,0.0,0.0,0.0,0.0,False
AdviceAnimals,negative,negative,76.92307692307693,0.0,0.0,0.0,0.0,0.0,0.0,0.0,False
AdviceAnimals,positive,positive,22.3463687150838,0.0,0.0,0.0,0.0,0.0,0.0,0.0,False
AdviceAnimals,positive,positive,93.75,0.0,0.0,0.0,0.0,0.0,0.0,0.0,False
AdviceAnimals,positive,positive,47.61904761904761,0.0,0.0,0.0,0.0,0.0,0.0,0.0,False
AdviceAnimals,positive,positive,41.98473282442748,0.0,0.0,0.0,0.0,0.0,0.0,0.0,False
AdviceAnimals,positive,positive,47.94520547945205,0.0,0.0,0.0,0.0,0.0,0.0,0.0,False
AdviceAnimals,positive,positive,56.33802816901409,0.0,0.0,0.0,0.0,0.0,0.0,0.0,False
AdviceAnimals,negative,negative,103.44827586206897,0.0,0.0,0.0,0.0,0.0,0.0,0.0,False
AdviceAnimals,positive,positive,54.054054054054056,0.0,0.0,13.513513513513514,0.0,0.0,0.0,0.0,False
AdviceAnimals,positive,negative,32.608695652173914,5.434782608695652,0.0,5.434782608695652,0.0,0.0,0.0,0.0,True
AdviceAnimals,negative,positive,51.09489051094891,0.0,0.0,0.0,0.0,0.0,0.0,0.0,True
AdviceAnimals,positive,positive,69.18238993710692,0.0,0.0,0.0,0.0,0.0,0.0,0.0,False
AdviceAnimals,negative,negative,58.8235294117647,0.0,0.0,0.0,0.0,0.0,0.0,0.0,False
AdviceAnimals,negative,negative,28.037383177570092,0.0,0.0,9.345794392523365,0.0,0.0,0.0,0.0,False
AdviceAnimals,negative,negative,41.666666666666664,0.0,0.0,0.0,0.0,0.0,0.0,0.0,False
AdviceAnimals,positive,negative,69.56521739130434,0.0,8.695652173913043,0.0,0.0,0.0,0.0,0.0,True
AdviceAnimals,negative,negative,48.24561403508772,0.0,0.0,4.385964912280701,0.0,0.0,0.0,0.0,False
AdviceAnimals,positive,positive,51.948051948051955,0.0,6.493506493506494,0.0,0.0,0.0,0.0,0.0,False
AdviceAnimals,negative,negative,45.45454545454545,0.0,7.575757575757576,0.0,0.0,0.0,0.0,0.0,False
AdviceAnimals,positive,positive,20.202020202020204,0.0,0.0,20.202020202020204,0.0,0.0,0.0,0.0,False
AdviceAnimals,negative,negative,72.46376811594203,0.0,0.0,0.0,0.0,0.0,0.0,0.0,False
AdviceAnimals,negative,negative,47.61904761904761,11.904761904761903,23.809523809523807,0.0,0.0,0.0,0.0,0.0,False
AdviceAnimals,negative,negative,65.21739130434783,0.0,0.0,0.0,0.0,0.0,0.0,0.0,False
AdviceAnimals,positive,positive,52.23880597014925,0.0,3.7313432835820897,3.7313432835820897,0.0,0.0,0.0,0.0,False
AdviceAnimals,positive,positive,35.714285714285715,11.904761904761903,0.0,0.0,0.0,0.0,0.0,0.0,False
AdviceAnimals,positive,positive,41.32231404958678,0.0,0.0,0.0,0.0,0.0,0.0,0.0,False
AdviceAnimals,positive,positive,58.25242718446602,19.41747572815534,0.0,0.0,0.0,0.0,0.0,0.0,False
AdviceAnimals,positive,positive,69.76744186046511,0.0,0.0,0.0,0.0,0.0,0.0,0.0,False
AdviceAnimals,negative,negative,32.786885245901644,0.0,0.0,3.278688524590164,0.0,0.0,0.0,0.0,False
AdviceAnimals,negative,negative,58.8235294117647,0.0,0.0,0.0,0.0,0.0,0.0,0.0,False
AdviceAnimals,negative,negative,71.42857142857143,0.0,0.0,0.0,0.0,0.0,0.0,0.0,False
AdviceAnimals,positive,positive,57.971014492753625,0.0,0.0,0.0,0.0,0.0,0.0,0.0,False
AdviceAnimals,positive,positive,35.97122302158273,0.0,0.0,0.0,0.0,0.0,0.0,0.0,False
AdviceAnimals,neutral,neutral,35.294117647058826,0.0,0.0,0.0,0.0,0.0,0.0,0.0,False
AdviceAnimals,positive,positive,50.63291139240506,0.0,0.0,0.0,0.0,0.0,0.0,0.0,False
AdviceAnimals,negative,negative,51.66051660516605,0.0,0.0,0.0,0.0,0.0,0.0,0.0,False
AdviceAnimals,negative,negative,60.24096385542169,0.0,0.0,0.0,0.0,0.0,0.0,0.0,False
AdviceAnimals,negative,negative,60.0,20.0,0.0,0.0,0.0,0.0,0.0,0.0,False
AdviceAnimals,positive,positive,65.93406593406594,0.0,0.0,0.0,0.0,0.0,0.0,0.0,False
AdviceAnimals,negative,negative,51.09489051094891,0.0,3.6496350364963503,0.0,0.0,0.0,0.0,0.0,False
AdviceAnimals,negative,negative,33.5195530726257,5.58659217877095,0.0,0.0,0.0,0.0,0.0,0.0,False
AdviceAnimals,negative,negative,57.69230769230769,38.46153846153847,0.0,0.0,0.0,19.230769230769234,0.0,0.0,False
AdviceAnimals,negative,negative,37.03703703703704,0.0,9.25925925925926,0.0,0.0,0.0,0.0,0.0,False
AdviceAnimals,neutral,neutral,50.84745762711865,0.0,0.0,0.0,0.0,0.0,0.0,0.0,False
AdviceAnimals,positive,positive,54.054054054054056,0.0,0.0,0.0,0.0,0.0,0.0,0.0,False
AdviceAnimals,negative,negative,48.07692307692308,0.0,9.615384615384617,9.615384615384617,0.0,0.0,0.0,0.0,False
AdviceAnimals,negative,negative,52.17391304347826,0.0,8.695652173913043,0.0,0.0,0.0,0.0,0.0,False
AdviceAnimals,positive,positive,43.66812227074236,0.0,17.46724890829694,4.366812227074235,0.0,0.0,0.0,0.0,False
AdviceAnimals,negative,negative,59.13978494623656,0.0,0.0,5.376344086021506,0.0,0.0,0.0,0.0,False
AdviceAnimals,neutral,neutral,120.0,0.0,0.0,0.0,0.0,0.0,0.0,0.0,False
AdviceAnimals,positive,positive,29.739776951672862,0.0,0.0,7.434944237918216,0.0,0.0,0.0,0.0,False
AdviceAnimals,negative,negative,43.01075268817205,0.0,0.0,0.0,0.0,0.0,0.0,0.0,False
AdviceAnimals,positive,positive,33.65384615384615,0.0,0.0,0.0,0.0,0.0,0.0,0.0,False
AdviceAnimals,negative,negative,20.0,0.0,0.0,0.0,0.0,0.0,0.0,0.0,False
AdviceAnimals,neutral,neutral,75.0,0.0,0.0,0.0,0.0,0.0,0.0,0.0,False
AdviceAnimals,positive,positive,55.55555555555555,0.0,0.0,0.0,0.0,0.0,0.0,0.0,False
AdviceAnimals,negative,negative,57.69230769230769,0.0,0.0,0.0,0.0,0.0,0.0,0.0,False
AdviceAnimals,negative,negative,52.910052910052904,0.0,0.0,0.0,0.0,0.0,0.0,0.0,False
AdviceAnimals,positive,positive,54.054054054054056,0.0,0.0,0.0,0.0,0.0,0.0,0.0,False
AdviceAnimals,negative,negative,78.125,0.0,0.0,0.0,0.0,0.0,0.0,0.0,False
AdviceAnimals,positive,positive,100.0,0.0,0.0,0.0,0.0,0.0,0.0,0.0,False
AdviceAnimals,positive,positive,31.578947368421055,0.0,21.052631578947366,10.526315789473683,0.0,0.0,0.0,0.0,False
AdviceAnimals,positive,positive,42.10526315789473,0.0,0.0,0.0,0.0,0.0,0.0,0.0,False
AdviceAnimals,neutral,neutral,166.66666666666666,0.0,0.0,0.0,0.0,0.0,0.0,0.0,False
AdviceAnimals,positive,positive,41.00227790432802,0.0,6.83371298405467,0.0,0.0,0.0,0.0,0.0,False
AdviceAnimals,positive,positive,80.0,0.0,0.0,0.0,0.0,0.0,0.0,0.0,False
AdviceAnimals,negative,negative,38.16793893129771,0.0,0.0,0.0,0.0,0.0,0.0,0.0,False
AdviceAnimals,negative,negative,57.69230769230769,9.615384615384617,0.0,0.0,0.0,0.0,0.0,0.0,False
AdviceAnimals,neutral,neutral,67.96116504854369,0.0,0.0,0.0,0.0,0.0,0.0,0.0,False
AdviceAnimals,negative,negative,76.92307692307693,0.0,0.0,0.0,0.0,0.0,0.0,0.0,False
AdviceAnimals,negative,negative,86.95652173913044,0.0,43.47826086956522,0.0,0.0,0.0,0.0,0.0,False
AdviceAnimals,negative,negative,43.47826086956522,0.0,0.0,0.0,0.0,0.0,0.0,0.0,False
AdviceAnimals,positive,positive,40.0,0.0,0.0,0.0,0.0,0.0,0.0,0.0,False
AdviceAnimals,positive,positive,71.42857142857143,0.0,0.0,0.0,0.0,0.0,0.0,0.0,False
AdviceAnimals,negative,negative,53.03030303030303,7.575757575757576,0.0,0.0,0.0,0.0,0.0,0.0,False
AdviceAnimals,positive,positive,71.42857142857143,0.0,0.0,0.0,0.0,0.0,0.0,0.0,False
AdviceAnimals,positive,positive,19.108280254777068,0.0,0.0,0.0,0.0,0.0,0.0,0.0,False
AdviceAnimals,positive,positive,47.61904761904761,0.0,23.809523809523807,0.0,0.0,0.0,0.0,0.0,False
AdviceAnimals,negative,negative,33.333333333333336,0.0,16.666666666666668,0.0,0.0,0.0,0.0,0.0,False
AdviceAnimals,negative,negative,56.37982195845697,0.0,0.0,0.0,0.0,0.0,0.0,0.0,False
AdviceAnimals,negative,negative,43.47826086956522,0.0,0.0,0.0,0.0,0.0,0.0,0.0,False
AdviceAnimals,negative,negative,24.916943521594686,0.0,23.25581395348837,0.0,0.0,0.0,0.0,0.0,False
AdviceAnimals,negative,negative,65.98984771573605,0.0,5.076142131979695,0.0,0.0,0.0,0.0,0.0,False
AdviceAnimals,positive,positive,76.33587786259542,0.0,22.900763358778626,0.0,0.0,0.0,0.0,0.0,False
AdviceAnimals,positive,positive,58.25242718446602,0.0,4.854368932038835,0.0,0.0,0.0,0.0,0.0,False
AdviceAnimals,positive,positive,51.546391752577314,0.0,0.0,10.309278350515465,0.0,0.0,0.0,0.0,False
AdviceAnimals,negative,negative,33.333333333333336,0.0,0.0,0.0,0.0,0.0,0.0,0.0,False
AdviceAnimals,negative,negative,50.2283105022831,0.0,9.1324200913242,0.0,0.0,0.0,0.0,0.0,False
AdviceAnimals,positive,positive,56.60377358490566,0.0,0.0,0.0,0.0,0.0,0.0,0.0,False
AdviceAnimals,neutral,neutral,31.746031746031743,0.0,0.0,0.0,0.0,0.0,0.0,0.0,False
AdviceAnimals,negative,negative,44.776119402985074,0.0,0.0,0.0,0.0,0.0,0.0,0.0,False
AdviceAnimals,negative,negative,60.60606060606061,0.0,0.0,0.0,0.0,0.0,0.0,0.0,False
AdviceAnimals,positive,positive,36.5296803652968,0.0,4.5662100456621,4.5662100456621,0.0,0.0,0.0,0.0,False
AdviceAnimals,negative,negative,38.46153846153847,0.0,0.0,0.0,0.0,0.0,0.0,0.0,False
AdviceAnimals,negative,negative,61.855670103092784,0.0,0.0,0.0,0.0,0.0,0.0,0.0,False
AdviceAnimals,negative,negative,52.23880597014925,0.0,0.0,0.0,0.0,0.0,0.0,0.0,False
AdviceAnimals,positive,positive,41.32231404958678,0.0,8.264462809917356,0.0,0.0,0.0,0.0,0.0,False
AdviceAnimals,negative,negative,45.34005037783375,0.0,12.594458438287154,2.5188916876574305,0.0,0.0,0.0,0.0,False
AdviceAnimals,positive,positive,23.809523809523807,0.0,7.936507936507936,0.0,0.0,0.0,0.0,0.0,False
AdviceAnimals,positive,positive,63.82978723404255,0.0,0.0,0.0,0.0,0.0,0.0,0.0,False
AdviceAnimals,positive,positive,51.546391752577314,0.0,0.0,0.0,0.0,0.0,0.0,0.0,False
AdviceAnimals,negative,negative,12.76595744680851,0.0,0.0,0.0,0.0,0.0,0.0,0.0,False
AdviceAnimals,positive,positive,33.333333333333336,0.0,8.333333333333334,8.333333333333334,0.0,0.0,0.0,0.0,False
AdviceAnimals,positive,positive,49.64539007092199,0.0,0.0,0.0,0.0,0.0,0.0,0.0,False
AdviceAnimals,negative,negative,64.1025641025641,0.0,0.0,0.0,0.0,0.0,0.0,0.0,False
AdviceAnimals,positive,positive,0.0,0.0,0.0,0.0,0.0,0.0,0.0,0.0,False
AdviceAnimals,neutral,neutral,0.0,0.0,0.0,0.0,0.0,0.0,0.0,0.0,False
AdviceAnimals,positive,positive,65.04065040650407,0.0,0.0,0.0,0.0,0.0,0.0,0.0,False
AdviceAnimals,negative,negative,66.17647058823529,0.0,7.352941176470588,0.0,0.0,0.0,0.0,0.0,False
AdviceAnimals,positive,positive,0.0,0.0,0.0,0.0,0.0,0.0,0.0,0.0,False
AdviceAnimals,neutral,neutral,26.31578947368421,0.0,26.31578947368421,0.0,0.0,0.0,0.0,0.0,False
AdviceAnimals,neutral,neutral,0.0,0.0,0.0,0.0,0.0,0.0,0.0,0.0,False
AdviceAnimals,negative,negative,45.87155963302752,0.0,0.0,0.0,0.0,0.0,0.0,0.0,False
AdviceAnimals,negative,negative,56.497175141242934,0.0,11.299435028248588,0.0,0.0,0.0,0.0,0.0,False
AdviceAnimals,positive,positive,55.55555555555555,0.0,0.0,0.0,0.0,0.0,0.0,0.0,False
AdviceAnimals,negative,negative,69.8529411764706,7.352941176470588,3.676470588235294,0.0,0.0,0.0,0.0,0.0,False
AdviceAnimals,negative,negative,68.37606837606839,0.0,0.0,0.0,0.0,0.0,0.0,0.0,False
AdviceAnimals,negative,negative,39.21568627450981,0.0,19.607843137254903,0.0,0.0,0.0,0.0,0.0,False
AdviceAnimals,positive,positive,39.735099337748345,0.0,6.622516556291391,0.0,0.0,0.0,0.0,0.0,False
AdviceAnimals,negative,negative,65.35947712418302,0.0,0.0,0.0,0.0,0.0,0.0,0.0,False
AdviceAnimals,negative,negative,49.382716049382715,3.0864197530864197,6.172839506172839,0.0,0.0,0.0,0.0,0.0,False
AdviceAnimals,negative,negative,61.15107913669065,0.0,10.79136690647482,3.5971223021582737,0.0,0.0,0.0,0.0,False
AdviceAnimals,positive,positive,40.0,0.0,13.333333333333334,0.0,0.0,0.0,0.0,0.0,False
AdviceAnimals,positive,positive,23.809523809523807,0.0,17.857142857142858,0.0,0.0,0.0,0.0,0.0,False
AdviceAnimals,negative,negative,81.96721311475409,0.0,0.0,0.0,0.0,0.0,0.0,0.0,False
AdviceAnimals,positive,positive,60.88560885608856,0.0,7.380073800738007,1.8450184501845017,0.0,0.0,0.0,0.0,False
AdviceAnimals,positive,positive,55.55555555555555,0.0,0.0,0.0,0.0,0.0,0.0,0.0,False
AdviceAnimals,negative,negative,44.776119402985074,0.0,0.0,0.0,0.0,0.0,0.0,0.0,False
AdviceAnimals,positive,positive,65.83629893238434,0.0,1.779359430604982,1.779359430604982,0.0,0.0,0.0,0.0,False
AdviceAnimals,positive,positive,64.74820143884892,0.0,0.0,3.5971223021582737,0.0,0.0,0.0,0.0,False
AdviceAnimals,positive,positive,46.51162790697674,0.0,0.0,0.0,0.0,0.0,0.0,0.0,False
AdviceAnimals,positive,positive,63.82978723404255,0.0,0.0,0.0,0.0,0.0,0.0,0.0,False
AdviceAnimals,positive,positive,54.94505494505494,0.0,0.0,0.0,0.0,0.0,0.0,0.0,False
AdviceAnimals,positive,positive,44.20549581839905,1.194743130227001,2.389486260454002,5.973715651135007,0.0,0.0,0.0,0.0,False
AdviceAnimals,positive,positive,50.0,0.0,0.0,0.0,0.0,0.0,0.0,0.0,False
AdviceAnimals,negative,negative,57.69230769230769,0.0,0.0,0.0,0.0,0.0,0.0,0.0,False
AdviceAnimals,positive,positive,21.73913043478261,0.0,0.0,0.0,0.0,0.0,0.0,0.0,False
AdviceAnimals,positive,positive,83.33333333333333,0.0,0.0,0.0,0.0,0.0,0.0,0.0,False
AdviceAnimals,positive,positive,35.08771929824561,17.543859649122805,17.543859649122805,8.771929824561402,4.385964912280701,4.385964912280701,0.0,0.0,False
AdviceAnimals,negative,negative,62.5,0.0,0.0,0.0,0.0,0.0,0.0,0.0,False
AdviceAnimals,negative,negative,35.714285714285715,0.0,8.928571428571429,0.0,0.0,0.0,0.0,0.0,False
AdviceAnimals,negative,negative,38.88888888888889,0.0,5.555555555555555,0.0,0.0,0.0,0.0,0.0,False
AdviceAnimals,positive,positive,35.08771929824561,0.0,5.847953216374268,0.0,0.0,0.0,0.0,0.0,False
AdviceAnimals,negative,negative,66.66666666666667,0.0,0.0,0.0,0.0,0.0,0.0,0.0,False
AdviceAnimals,positive,positive,41.666666666666664,0.0,0.0,0.0,0.0,0.0,0.0,0.0,False
AdviceAnimals,positive,positive,48.68913857677903,0.0,3.745318352059925,0.0,0.0,0.0,0.0,0.0,False
AdviceAnimals,positive,positive,41.0958904109589,0.0,0.0,27.397260273972602,0.0,0.0,0.0,0.0,False
AdviceAnimals,negative,negative,61.224489795918366,0.0,0.0,0.0,0.0,0.0,0.0,0.0,False
AdviceAnimals,positive,positive,60.47516198704104,0.0,0.0,0.0,0.0,0.0,0.0,0.0,False
AdviceAnimals,positive,positive,63.02521008403361,0.0,0.0,12.605042016806722,0.0,0.0,0.0,0.0,False
AdviceAnimals,positive,positive,47.61904761904761,0.0,0.0,0.0,0.0,0.0,0.0,0.0,False
AdviceAnimals,negative,negative,0.0,0.0,17.142857142857142,0.0,0.0,0.0,0.0,0.0,False
AdviceAnimals,negative,negative,47.41379310344827,0.0,4.310344827586206,0.0,0.0,0.0,0.0,0.0,False
AdviceAnimals,positive,positive,56.52173913043478,0.0,4.3478260869565215,0.0,0.0,0.0,0.0,0.0,False
AdviceAnimals,positive,positive,61.611374407582936,0.0,4.739336492890995,0.0,0.0,0.0,0.0,0.0,False
AdviceAnimals,positive,positive,61.611374407582936,0.0,4.739336492890995,0.0,0.0,0.0,0.0,0.0,False
AdviceAnimals,positive,positive,25.0,0.0,0.0,0.0,0.0,0.0,0.0,0.0,False
AdviceAnimals,negative,negative,14.925373134328359,0.0,29.850746268656717,0.0,0.0,0.0,0.0,0.0,False
AdviceAnimals,positive,positive,58.13953488372093,0.0,0.0,0.0,0.0,0.0,0.0,0.0,False
AdviceAnimals,negative,negative,61.72839506172839,0.0,12.345679012345679,0.0,0.0,0.0,0.0,0.0,False
AdviceAnimals,positive,positive,67.79661016949153,0.0,0.0,0.0,0.0,0.0,0.0,0.0,False
AdviceAnimals,positive,negative,43.24324324324324,0.0,0.0,16.216216216216218,0.0,0.0,0.0,0.0,True
AdviceAnimals,positive,positive,56.97445972495088,1.9646365422396854,0.0,0.0,0.0,0.0,0.0,0.0,False
AdviceAnimals,negative,negative,27.586206896551722,0.0,0.0,0.0,0.0,0.0,0.0,0.0,False
AdviceAnimals,positive,positive,74.07407407407408,22.22222222222222,0.0,0.0,0.0,7.407407407407407,0.0,0.0,False
AdviceAnimals,positive,positive,0.0,0.0,31.25,0.0,0.0,0.0,0.0,0.0,False
AdviceAnimals,negative,negative,28.57142857142857,0.0,0.0,0.0,0.0,0.0,0.0,0.0,False
AdviceAnimals,positive,positive,37.03703703703704,0.0,0.0,0.0,0.0,0.0,0.0,0.0,False
funny,positive,positive,32.467532467532465,0.0,6.493506493506494,0.0,0.0,0.0,0.0,0.0,False
funny,neutral,neutral,48.88888888888889,0.0,0.0,0.0,0.0,0.0,0.0,0.0,False
funny,positive,positive,55.55555555555555,0.0,0.0,0.0,0.0,0.0,0.0,0.0,False
funny,negative,negative,29.41176470588235,0.0,0.0,0.0,0.0,0.0,0.0,0.0,False
funny,positive,positive,45.45454545454545,0.0,7.575757575757576,0.0,0.0,0.0,0.0,0.0,False
funny,positive,positive,0.0,37.03703703703704,37.03703703703704,0.0,0.0,0.0,0.0,0.0,False
funny,positive,positive,90.9090909090909,0.0,45.45454545454545,0.0,0.0,0.0,0.0,0.0,False
funny,positive,positive,41.666666666666664,0.0,0.0,0.0,0.0,0.0,0.0,0.0,False
funny,positive,positive,37.38317757009346,0.0,0.0,0.0,0.0,0.0,0.0,0.0,False
funny,negative,negative,166.66666666666666,0.0,0.0,0.0,0.0,0.0,0.0,0.0,False
funny,negative,negative,47.05882352941176,0.0,23.52941176470588,0.0,0.0,0.0,0.0,0.0,False
funny,negative,negative,43.40836012861737,1.607717041800643,0.0,0.0,0.0,0.0,0.0,0.0,False
funny,positive,positive,0.0,0.0,0.0,0.0,0.0,0.0,0.0,0.0,False
funny,positive,positive,23.809523809523807,23.809523809523807,0.0,0.0,0.0,0.0,0.0,0.0,False
funny,negative,negative,39.77272727272727,0.0,0.0,5.681818181818182,0.0,0.0,0.0,0.0,False
funny,positive,positive,30.927835051546392,5.154639175257732,5.154639175257732,5.154639175257732,0.0,0.0,0.0,0.0,False
funny,negative,negative,56.60377358490566,0.0,0.0,0.0,0.0,0.0,0.0,0.0,False
funny,negative,negative,11.363636363636363,0.0,0.0,0.0,0.0,0.0,0.0,0.0,False
funny,positive,positive,30.76923076923077,0.0,0.0,0.0,0.0,0.0,0.0,0.0,False
funny,negative,negative,65.21739130434783,0.0,0.0,0.0,0.0,0.0,0.0,0.0,False
funny,positive,positive,37.03703703703704,0.0,0.0,0.0,0.0,0.0,0.0,0.0,False
funny,negative,negative,66.66666666666667,0.0,0.0,0.0,0.0,0.0,0.0,0.0,False
funny,positive,positive,31.25,0.0,0.0,0.0,0.0,0.0,0.0,0.0,False
funny,positive,positive,41.83266932270916,1.9920318725099602,0.0,0.0,0.0,0.0,0.0,0.0,False
funny,positive,positive,85.71428571428571,0.0,0.0,0.0,0.0,0.0,0.0,0.0,False
funny,positive,positive,61.696658097686374,0.0,5.141388174807197,0.0,0.0,0.0,0.0,0.0,False
funny,negative,negative,27.64976958525346,4.608294930875576,0.0,0.0,0.0,2.304147465437788,0.0,0.0,False
funny,positive,positive,95.74468085106383,0.0,0.0,0.0,0.0,0.0,0.0,0.0,False
funny,negative,negative,27.777777777777775,0.0,0.0,0.0,0.0,0.0,0.0,0.0,False
funny,positive,positive,52.63157894736842,0.0,0.0,0.0,0.0,0.0,0.0,0.0,False
funny,negative,negative,47.05882352941176,0.0,0.0,0.0,0.0,0.0,0.0,0.0,False
funny,negative,negative,65.21739130434783,0.0,0.0,0.0,0.0,0.0,0.0,0.0,False
funny,negative,negative,46.875,0.0,5.208333333333333,0.0,0.0,0.0,0.0,0.0,False
funny,positive,positive,38.04347826086957,0.0,5.434782608695652,0.0,0.0,0.0,0.0,0.0,False
funny,positive,positive,47.43083003952569,0.0,11.857707509881422,3.952569169960474,0.0,0.0,0.0,0.0,False
funny,positive,positive,76.92307692307693,0.0,0.0,0.0,0.0,0.0,0.0,0.0,False
funny,negative,negative,58.8235294117647,0.0,0.0,0.0,0.0,0.0,0.0,0.0,False
funny,negative,negative,46.51162790697674,0.0,0.0,0.0,0.0,0.0,0.0,0.0,False
funny,positive,positive,95.23809523809523,0.0,0.0,0.0,0.0,0.0,0.0,0.0,False
funny,positive,positive,48.78048780487805,0.0,0.0,0.0,0.0,0.0,0.0,0.0,False
funny,positive,positive,47.16981132075472,0.0,0.0,0.0,0.0,0.0,0.0,0.0,False
funny,positive,positive,44.11764705882353,0.0,0.0,7.352941176470588,0.0,0.0,0.0,0.0,False
funny,positive,positive,48.78048780487805,0.0,0.0,0.0,0.0,0.0,0.0,0.0,False
funny,negative,negative,0.0,0.0,0.0,0.0,0.0,0.0,0.0,0.0,False
funny,negative,negative,0.0,0.0,29.41176470588235,0.0,0.0,0.0,0.0,0.0,False
funny,negative,negative,58.282208588957054,3.067484662576687,0.0,0.0,0.0,0.0,0.0,0.0,False
funny,negative,negative,20.408163265306122,13.605442176870747,0.0,6.802721088435374,0.0,0.0,0.0,0.0,False
funny,positive,positive,33.70786516853933,44.9438202247191,0.0,11.235955056179774,0.0,11.235955056179774,0.0,0.0,False
funny,positive,positive,0.0,100.0,0.0,0.0,0.0,0.0,0.0,0.0,False
funny,negative,negative,47.90419161676647,0.0,5.9880239520958085,0.0,0.0,0.0,0.0,0.0,False
funny,positive,positive,127.6595744680851,0.0,42.5531914893617,0.0,0.0,0.0,0.0,0.0,False
funny,negative,negative,53.84615384615385,0.0,0.0,0.0,0.0,0.0,0.0,0.0,False
funny,negative,negative,47.12041884816754,0.0,0.0,0.0,0.0,0.0,0.0,0.0,False
funny,positive,positive,49.18032786885246,0.0,0.0,0.0,0.0,0.0,0.0,0.0,False
funny,negative,negative,26.737967914438503,0.0,0.0,0.0,0.0,0.0,0.0,0.0,False
funny,negative,negative,58.8235294117647,0.0,0.0,0.0,0.0,0.0,0.0,0.0,False
funny,positive,positive,38.46153846153847,0.0,38.46153846153847,0.0,0.0,0.0,0.0,0.0,False
funny,negative,negative,60.24096385542169,0.0,0.0,0.0,0.0,0.0,0.0,0.0,False
funny,negative,negative,47.61904761904761,0.0,0.0,0.0,0.0,0.0,0.0,0.0,False
funny,negative,negative,23.809523809523807,0.0,0.0,0.0,0.0,0.0,0.0,0.0,False
funny,neutral,neutral,48.387096774193544,0.0,0.0,0.0,0.0,0.0,0.0,0.0,False
funny,negative,negative,55.55555555555555,0.0,0.0,0.0,0.0,0.0,0.0,0.0,False
funny,positive,positive,46.32152588555858,0.0,2.7247956403269753,0.0,0.0,0.0,0.0,0.0,False
funny,neutral,neutral,52.63157894736842,0.0,0.0,0.0,0.0,0.0,0.0,0.0,False
funny,negative,negative,27.906976744186046,0.0,2.3255813953488373,0.0,0.0,0.0,0.0,0.0,False
funny,positive,positive,45.45454545454545,0.0,0.0,0.0,0.0,0.0,0.0,0.0,False
funny,positive,positive,63.29113924050633,25.31645569620253,0.0,0.0,0.0,0.0,0.0,0.0,False
funny,positive,positive,48.64864864864865,0.0,0.0,0.0,0.0,0.0,0.0,0.0,False
funny,negative,negative,39.682539682539684,0.0,0.0,7.936507936507936,0.0,0.0,0.0,0.0,False
funny,neutral,neutral,26.737967914438503,0.0,0.0,5.347593582887701,0.0,0.0,0.0,0.0,False
funny,positive,positive,62.60296540362438,4.942339373970346,9.884678747940692,1.6474464579901154,3.2948929159802307,0.0,0.0,0.0,False
funny,positive,neutral,28.037383177570092,4.672897196261682,0.0,9.345794392523365,0.0,0.0,0.0,0.0,True
funny,negative,negative,82.3529411764706,0.0,0.0,0.0,0.0,0.0,0.0,0.0,False
funny,positive,positive,44.0251572327044,0.0,0.0,0.0,0.0,0.0,0.0,0.0,False
funny,negative,negative,93.02325581395348,0.0,0.0,0.0,0.0,0.0,0.0,0.0,False
funny,positive,positive,38.96103896103896,8.658008658008658,4.329004329004329,12.987012987012989,0.0,0.0,0.0,0.0,False
funny,neutral,neutral,0.0,0.0,0.0,0.0,0.0,0.0,0.0,0.0,False
funny,neutral,neutral,58.8235294117647,0.0,0.0,0.0,0.0,0.0,0.0,0.0,False
funny,negative,negative,90.9090909090909,0.0,0.0,0.0,0.0,0.0,0.0,0.0,False
funny,positive,positive,58.8235294117647,0.0,0.0,0.0,0.0,0.0,0.0,0.0,False
funny,positive,positive,53.097345132743364,17.699115044247787,0.0,0.0,0.0,0.0,0.0,0.0,False
funny,negative,negative,37.85488958990536,12.618296529968454,0.0,0.0,0.0,0.0,0.0,0.0,False
funny,positive,negative,25.64102564102564,0.0,12.82051282051282,0.0,0.0,0.0,0.0,0.0,True
funny,negative,negative,56.91056910569105,0.0,16.260162601626018,0.0,0.0,0.0,0.0,0.0,False
funny,negative,negative,44.9438202247191,0.0,0.0,0.0,0.0,0.0,0.0,0.0,False
funny,positive,positive,70.58823529411765,0.0,0.0,0.0,0.0,0.0,0.0,0.0,False
funny,negative,negative,78.43137254901961,0.0,0.0,0.0,0.0,0.0,0.0,0.0,False
funny,negative,negative,58.13953488372093,20.348837209302328,26.16279069767442,17.441860465116278,5.813953488372093,2.9069767441860463,0.0,0.0,False
funny,neutral,neutral,57.971014492753625,0.0,0.0,0.0,0.0,0.0,0.0,0.0,False
funny,negative,negative,35.39823008849557,0.0,8.849557522123893,0.0,0.0,0.0,0.0,0.0,False
funny,positive,positive,63.063063063063055,0.0,18.01801801801802,0.0,0.0,0.0,0.0,0.0,False
funny,neutral,neutral,0.0,0.0,0.0,0.0,0.0,0.0,0.0,0.0,False
funny,positive,positive,26.94610778443114,0.0,2.9940119760479043,0.0,0.0,0.0,0.0,0.0,False
funny,positive,positive,80.0,0.0,0.0,0.0,0.0,0.0,0.0,0.0,False
funny,negative,negative,40.60913705583756,0.0,0.0,0.0,0.0,0.0,0.0,0.0,False
funny,positive,positive,19.704433497536947,0.0,0.0,0.0,0.0,0.0,0.0,0.0,False
funny,positive,positive,36.58536585365854,0.0,0.0,0.0,0.0,0.0,0.0,0.0,False
funny,positive,positive,17.241379310344826,0.0,0.0,17.241379310344826,0.0,0.0,0.0,0.0,False
funny,negative,negative,57.07196029776674,2.4813895781637716,0.0,2.4813895781637716,0.0,0.0,0.0,0.0,False
funny,negative,negative,83.33333333333333,0.0,0.0,0.0,0.0,0.0,0.0,0.0,False
funny,positive,positive,65.50218340611353,0.0,0.0,0.0,0.0,0.0,0.0,0.0,False
funny,positive,positive,33.333333333333336,0.0,0.0,4.166666666666667,0.0,0.0,0.0,0.0,False
funny,positive,positive,33.898305084745765,0.0,0.0,0.0,0.0,0.0,0.0,0.0,False
funny,positive,positive,54.6448087431694,0.0,0.0,0.0,0.0,0.0,0.0,0.0,False
funny,positive,positive,45.16129032258064,0.0,0.0,0.0,0.0,0.0,0.0,0.0,False
funny,positive,positive,58.8235294117647,0.0,4.524886877828055,0.0,0.0,0.0,0.0,0.0,False
funny,negative,negative,23.166023166023166,0.0,3.8610038610038613,0.0,0.0,0.0,0.0,0.0,False
funny,positive,positive,33.14917127071823,0.0,0.0,0.0,0.0,0.0,0.0,0.0,False
funny,positive,positive,25.728987993138936,0.0,3.4305317324185247,0.0,0.0,0.0,0.0,0.0,False
funny,positive,positive,28.57142857142857,0.0,5.714285714285714,11.428571428571429,0.0,0.0,0.0,0.0,False
funny,negative,negative,90.9090909090909,0.0,0.0,0.0,0.0,0.0,0.0,0.0,False
funny,negative,negative,38.25136612021858,0.0,5.46448087431694,0.0,0.0,0.0,0.0,0.0,False
funny,negative,positive,36.269430051813465,0.0,0.0,0.0,0.0,0.0,0.0,0.0,True
funny,positive,positive,133.33333333333334,0.0,0.0,0.0,0.0,0.0,0.0,0.0,False
funny,positive,positive,49.01960784313725,19.607843137254903,0.0,0.0,0.0,0.0,0.0,0.0,False
funny,negative,negative,40.46242774566474,0.0,5.780346820809248,0.0,0.0,0.0,0.0,0.0,False
funny,positive,positive,44.44444444444444,0.0,0.0,0.0,0.0,0.0,0.0,0.0,False
funny,positive,positive,43.290043290043286,0.0,0.0,0.0,0.0,0.0,0.0,0.0,False
funny,positive,positive,52.17391304347826,0.0,0.0,0.0,0.0,0.0,0.0,0.0,False
funny,positive,positive,50.0,0.0,0.0,0.0,0.0,0.0,0.0,0.0,False
funny,neutral,neutral,43.47826086956522,0.0,0.0,0.0,0.0,0.0,0.0,0.0,False
funny,positive,positive,41.666666666666664,0.0,0.0,10.416666666666666,0.0,0.0,0.0,0.0,False
funny,negative,negative,55.55555555555555,0.0,0.0,0.0,0.0,0.0,0.0,0.0,False
funny,positive,positive,43.25437693099897,0.0,0.0,0.0,0.0,0.0,0.0,0.0,False
funny,negative,negative,57.14285714285714,0.0,0.0,0.0,0.0,0.0,0.0,0.0,False
funny,negative,negative,16.393442622950822,0.0,0.0,0.0,0.0,0.0,0.0,0.0,False
funny,positive,positive,37.47072599531616,0.0,21.07728337236534,0.0,2.34192037470726,0.0,0.0,0.0,False
funny,negative,negative,105.26315789473684,0.0,0.0,0.0,0.0,0.0,0.0,0.0,False
funny,positive,positive,166.66666666666666,0.0,0.0,0.0,0.0,0.0,0.0,0.0,False
funny,negative,negative,38.83495145631068,0.0,9.70873786407767,0.0,0.0,0.0,0.0,0.0,False
funny,positive,positive,42.016806722689076,0.0,0.0,0.0,0.0,0.0,0.0,0.0,False
funny,positive,positive,71.89542483660131,6.5359477124183005,6.5359477124183005,0.0,0.0,0.0,0.0,0.0,False
funny,positive,positive,33.557046979865774,0.0,0.0,6.7114093959731544,0.0,0.0,0.0,0.0,False
funny,positive,positive,49.01960784313725,0.0,0.0,0.0,0.0,0.0,0.0,0.0,False
funny,positive,positive,66.66666666666667,0.0,0.0,0.0,0.0,0.0,0.0,0.0,False
funny,positive,negative,47.61904761904761,0.0,0.0,9.523809523809526,0.0,0.0,0.0,0.0,True
funny,positive,positive,53.763440860215056,2.688172043010753,2.688172043010753,0.0,0.0,0.0,0.0,0.0,False
funny,positive,positive,80.0,0.0,0.0,0.0,0.0,0.0,0.0,0.0,False
funny,positive,positive,44.24778761061947,13.274336283185841,22.123893805309734,0.0,4.424778761061947,4.424778761061947,0.0,0.0,False
funny,negative,negative,55.14705882352941,0.0,0.0,11.029411764705882,0.0,0.0,0.0,0.0,False
funny,positive,positive,59.701492537313435,0.0,0.0,0.0,0.0,0.0,0.0,0.0,False
funny,negative,negative,38.46153846153847,0.0,0.0,0.0,0.0,0.0,0.0,0.0,False
funny,negative,negative,35.79952267303103,11.933174224343675,4.773269689737471,0.0,0.0,2.3866348448687353,0.0,0.0,False
funny,neutral,neutral,51.724137931034484,0.0,0.0,0.0,0.0,0.0,0.0,0.0,False
funny,negative,negative,52.980132450331126,0.0,6.622516556291391,0.0,0.0,0.0,0.0,0.0,False
funny,positive,positive,78.94736842105263,0.0,0.0,0.0,0.0,0.0,0.0,0.0,False
funny,negative,negative,41.666666666666664,0.0,0.0,0.0,0.0,0.0,0.0,0.0,False
funny,negative,negative,42.73504273504273,4.273504273504274,0.0,4.273504273504274,0.0,0.0,0.0,0.0,False
funny,positive,positive,53.333333333333336,13.333333333333334,0.0,0.0,0.0,0.0,0.0,0.0,False
funny,positive,positive,66.66666666666667,0.0,22.22222222222222,0.0,0.0,0.0,0.0,0.0,False
funny,positive,positive,78.94736842105263,0.0,0.0,0.0,0.0,0.0,0.0,0.0,False
funny,positive,positive,82.1917808219178,0.0,0.0,13.698630136986301,0.0,0.0,0.0,0.0,False
funny,positive,positive,55.55555555555555,0.0,0.0,0.0,0.0,0.0,0.0,0.0,False
funny,positive,positive,71.42857142857143,0.0,0.0,0.0,0.0,0.0,0.0,0.0,False
funny,positive,positive,71.42857142857143,4.464285714285714,0.0,0.0,0.0,0.0,0.0,0.0,False
funny,negative,negative,67.96116504854369,0.0,0.0,0.0,0.0,0.0,0.0,0.0,False
funny,positive,positive,78.3132530120482,0.0,0.0,0.0,0.0,0.0,0.0,0.0,False
funny,positive,positive,25.64102564102564,0.0,0.0,0.0,0.0,0.0,0.0,0.0,False
funny,neutral,neutral,250.0,0.0,0.0,0.0,0.0,0.0,0.0,0.0,False
funny,negative,negative,66.66666666666667,0.0,0.0,0.0,0.0,0.0,0.0,0.0,False
funny,negative,negative,30.15075376884422,0.0,0.0,0.0,0.0,0.0,0.0,0.0,False
funny,positive,positive,32.786885245901644,0.0,8.196721311475411,0.0,0.0,0.0,0.0,0.0,False
funny,negative,negative,56.60377358490566,18.867924528301884,0.0,0.0,0.0,0.0,0.0,0.0,False
funny,negative,negative,44.11764705882353,0.0,0.0,0.0,0.0,0.0,0.0,0.0,False
funny,positive,positive,46.51162790697674,0.0,5.813953488372093,0.0,0.0,0.0,0.0,0.0,False
funny,negative,negative,47.61904761904761,0.0,0.0,0.0,0.0,0.0,0.0,0.0,False
funny,negative,negative,40.54054054054054,0.0,6.756756756756757,13.513513513513514,0.0,0.0,0.0,0.0,False
funny,positive,negative,46.29629629629629,18.51851851851852,0.0,0.0,0.0,0.0,0.0,0.0,True
funny,negative,negative,46.66666666666667,0.0,0.0,0.0,0.0,0.0,0.0,0.0,False
funny,positive,positive,74.46808510638297,0.0,0.0,10.638297872340425,0.0,0.0,0.0,0.0,False
funny,positive,positive,19.76284584980237,0.0,0.0,0.0,0.0,0.0,0.0,0.0,False
funny,positive,positive,48.458149779735685,0.0,0.0,0.0,0.0,0.0,0.0,0.0,False
funny,negative,negative,59.11330049261083,0.0,29.556650246305416,4.926108374384237,0.0,0.0,0.0,0.0,False
funny,positive,positive,24.390243902439025,0.0,0.0,0.0,0.0,0.0,0.0,0.0,False
funny,positive,positive,67.56756756756756,0.0,0.0,0.0,0.0,0.0,0.0,0.0,False
funny,positive,positive,78.94736842105263,17.543859649122805,26.31578947368421,26.31578947368421,0.0,0.0,0.0,0.0,False
funny,negative,positive,39.21568627450981,0.0,6.5359477124183005,13.071895424836601,0.0,0.0,0.0,0.0,True
funny,positive,negative,34.912718204488776,0.0,4.987531172069826,2.493765586034913,0.0,0.0,0.0,0.0,True
funny,negative,negative,71.42857142857143,0.0,0.0,0.0,0.0,0.0,0.0,0.0,False
funny,negative,negative,33.78378378378378,0.0,3.3783783783783785,0.0,0.0,0.0,0.0,0.0,False
funny,negative,negative,67.3076923076923,0.0,0.0,0.0,0.0,0.0,0.0,0.0,False
funny,negative,negative,48.913043478260875,0.0,0.0,0.0,0.0,0.0,0.0,0.0,False
funny,negative,negative,66.66666666666667,0.0,0.0,0.0,0.0,0.0,0.0,0.0,False
funny,negative,negative,23.904382470119522,3.9840637450199203,0.0,0.0,0.0,0.0,0.0,0.0,False
funny,neutral,neutral,0.0,0.0,0.0,0.0,0.0,0.0,0.0,0.0,False
funny,negative,negative,54.54545454545454,0.0,0.0,0.0,0.0,0.0,0.0,0.0,False
funny,negative,negative,79.36507936507937,0.0,15.873015873015872,0.0,0.0,0.0,0.0,0.0,False
funny,positive,positive,53.57142857142857,0.0,0.0,0.0,0.0,0.0,0.0,0.0,False
funny,negative,negative,46.15384615384615,0.0,0.0,0.0,0.0,0.0,0.0,0.0,False
funny,positive,neutral,47.61904761904761,0.0,0.0,0.0,0.0,0.0,0.0,0.0,True
funny,neutral,neutral,29.41176470588235,0.0,0.0,0.0,0.0,0.0,0.0,0.0,False
funny,positive,positive,50.78125,0.0,3.90625,0.0,0.0,0.0,0.0,0.0,False
funny,positive,positive,55.55555555555555,0.0,11.11111111111111,0.0,0.0,0.0,0.0,0.0,False
funny,positive,positive,52.63157894736842,0.0,0.0,26.31578947368421,0.0,0.0,0.0,0.0,False
funny,positive,positive,37.10575139146568,0.0,1.8552875695732838,1.8552875695732838,0.0,0.0,0.0,0.0,False
funny,positive,positive,61.53846153846154,0.0,0.0,0.0,0.0,0.0,0.0,0.0,False
funny,negative,negative,34.883720930232556,0.0,0.0,0.0,0.0,0.0,0.0,0.0,False
funny,positive,positive,55.55555555555555,0.0,27.777777777777775,0.0,0.0,0.0,0.0,0.0,False
funny,negative,negative,25.477707006369428,0.0,6.369426751592357,0.0,0.0,0.0,0.0,0.0,False
funny,positive,positive,49.12663755458515,3.2751091703056767,4.366812227074235,0.0,0.0,0.0,0.0,0.0,False
funny,negative,negative,43.47826086956522,21.73913043478261,0.0,0.0,0.0,0.0,0.0,0.0,False
funny,negative,negative,0.0,0.0,0.0,71.42857142857143,0.0,0.0,0.0,0.0,False
funny,positive,positive,54.054054054054056,0.0,0.0,0.0,0.0,0.0,0.0,0.0,False
funny,positive,positive,39.473684210526315,0.0,0.0,0.0,0.0,0.0,0.0,0.0,False
funny,negative,positive,49.01960784313725,0.0,0.0,0.0,0.0,0.0,0.0,0.0,True
funny,negative,negative,59.4059405940594,0.0,0.0,0.0,0.0,0.0,0.0,0.0,False
funny,negative,negative,53.475935828877006,0.0,0.0,0.0,0.0,0.0,0.0,0.0,False
funny,positive,positive,51.948051948051955,0.0,0.0,0.0,0.0,0.0,0.0,0.0,False
funny,negative,negative,70.17543859649122,0.0,0.0,0.0,0.0,0.0,0.0,0.0,False
funny,negative,negative,46.875,0.0,0.0,0.0,0.0,0.0,0.0,0.0,False
funny,positive,positive,45.80152671755725,0.0,0.0,15.267175572519083,0.0,0.0,0.0,0.0,False
funny,negative,negative,33.898305084745765,0.0,0.0,0.0,0.0,0.0,0.0,0.0,False
funny,positive,positive,36.69724770642202,0.0,0.0,0.0,0.0,0.0,0.0,0.0,False
funny,positive,positive,40.0,0.0,0.0,0.0,0.0,0.0,0.0,0.0,False
funny,positive,neutral,16.949152542372882,0.0,8.474576271186441,0.0,0.0,0.0,0.0,0.0,True
funny,negative,negative,68.9655172413793,0.0,0.0,0.0,0.0,0.0,0.0,0.0,False
funny,negative,negative,57.47126436781609,22.988505747126435,0.0,0.0,0.0,0.0,0.0,0.0,False
funny,negative,negative,32.467532467532465,0.0,6.493506493506494,0.0,0.0,0.0,0.0,0.0,False
funny,positive,positive,44.24778761061947,0.0,0.0,0.0,0.0,0.0,0.0,0.0,False
funny,positive,positive,45.45454545454545,0.0,0.0,0.0,0.0,0.0,0.0,0.0,False
funny,positive,positive,0.0,0.0,0.0,0.0,0.0,0.0,0.0,0.0,False
funny,positive,positive,31.914893617021274,0.0,0.0,0.0,0.0,0.0,0.0,0.0,False
funny,positive,positive,67.56756756756756,0.0,0.0,0.0,0.0,0.0,0.0,0.0,False
funny,positive,positive,32.786885245901644,0.0,0.0,0.0,0.0,0.0,0.0,0.0,False
funny,positive,positive,29.7029702970297,0.0,0.0,0.0,0.0,0.0,0.0,0.0,False
funny,negative,negative,51.724137931034484,0.0,0.0,0.0,0.0,0.0,0.0,0.0,False
funny,positive,positive,47.61904761904761,7.936507936507936,0.0,0.0,0.0,0.0,0.0,0.0,False
funny,positive,positive,106.06060606060606,0.0,0.0,0.0,0.0,0.0,0.0,0.0,False
funny,positive,positive,21.73913043478261,0.0,0.0,0.0,0.0,0.0,0.0,0.0,False
funny,positive,positive,65.78947368421052,0.0,0.0,0.0,0.0,0.0,0.0,0.0,False
funny,positive,positive,65.78947368421052,0.0,0.0,0.0,0.0,0.0,0.0,0.0,False
funny,positive,positive,28.409090909090907,0.0,0.0,0.0,0.0,0.0,0.0,0.0,False
funny,positive,positive,46.72897196261682,0.0,3.115264797507788,0.0,0.0,0.0,0.0,0.0,False
funny,positive,positive,72.91666666666667,0.0,0.0,0.0,0.0,0.0,0.0,0.0,False
funny,positive,positive,64.1711229946524,0.0,0.0,5.347593582887701,0.0,0.0,0.0,0.0,False
funny,negative,negative,49.39919893190921,0.0,1.335113484646195,2.67022696929239,0.0,0.0,0.0,0.0,False
funny,negative,negative,63.49206349206349,29.98236331569665,5.291005291005291,1.763668430335097,0.0,0.0,0.0,0.0,False
funny,negative,negative,41.666666666666664,0.0,0.0,0.0,0.0,0.0,0.0,0.0,False
funny,positive,positive,30.303030303030305,20.202020202020204,10.101010101010102,0.0,0.0,0.0,0.0,0.0,False
funny,positive,positive,47.091412742382275,0.0,0.0,0.0,0.0,0.0,0.0,0.0,False
funny,positive,positive,72.28915662650603,0.0,0.0,0.0,0.0,0.0,0.0,0.0,False
funny,negative,negative,47.16981132075472,0.0,9.433962264150942,0.0,0.0,0.0,0.0,0.0,False
funny,negative,negative,63.063063063063055,0.0,4.504504504504505,0.0,0.0,0.0,0.0,0.0,False
funny,negative,negative,67.16417910447761,0.0,3.7313432835820897,0.0,0.0,0.0,0.0,0.0,False
funny,positive,positive,65.93406593406594,0.0,0.0,5.4945054945054945,0.0,0.0,0.0,0.0,False
funny,positive,positive,42.25352112676056,0.0,0.0,56.33802816901409,0.0,0.0,0.0,0.0,False
funny,positive,positive,55.19480519480519,0.0,0.0,0.0,0.0,0.0,0.0,0.0,False
funny,positive,positive,83.33333333333333,0.0,0.0,0.0,0.0,0.0,0.0,0.0,False
funny,positive,positive,47.61904761904761,47.61904761904761,47.61904761904761,0.0,0.0,0.0,0.0,0.0,False
funny,positive,positive,31.16883116883117,0.0,2.5974025974025974,0.0,0.0,0.0,0.0,0.0,False
funny,negative,negative,41.23711340206186,0.0,0.0,0.0,0.0,0.0,0.0,0.0,False
funny,negative,negative,45.45454545454545,0.0,0.0,0.0,0.0,0.0,0.0,0.0,False
funny,positive,positive,43.47826086956522,0.0,0.0,0.0,0.0,0.0,0.0,0.0,False
funny,positive,positive,74.07407407407408,0.0,0.0,0.0,0.0,0.0,0.0,0.0,False
funny,positive,positive,46.15384615384615,0.0,0.0,30.76923076923077,0.0,0.0,0.0,0.0,False
funny,negative,negative,55.55555555555555,0.0,0.0,0.0,0.0,0.0,0.0,0.0,False
funny,positive,positive,35.294117647058826,0.0,0.0,0.0,0.0,0.0,0.0,0.0,False
funny,positive,positive,25.0,0.0,0.0,0.0,0.0,0.0,0.0,0.0,False
funny,positive,positive,68.02721088435375,0.0,0.0,0.0,0.0,0.0,0.0,0.0,False
funny,negative,negative,29.556650246305416,0.0,4.926108374384237,0.0,0.0,0.0,0.0,0.0,False
funny,positive,positive,45.97701149425287,11.494252873563218,0.0,0.0,0.0,0.0,0.0,0.0,False
funny,positive,positive,60.24096385542169,0.0,12.048192771084338,0.0,0.0,0.0,0.0,0.0,False
funny,positive,positive,32.786885245901644,0.0,5.46448087431694,0.0,0.0,0.0,0.0,0.0,False
funny,positive,positive,53.097345132743364,0.0,0.0,0.0,0.0,0.0,0.0,0.0,False
funny,negative,negative,16.949152542372882,0.0,0.0,0.0,0.0,0.0,0.0,0.0,False
funny,positive,positive,52.63157894736842,0.0,0.0,0.0,0.0,0.0,0.0,0.0,False
funny,positive,positive,94.01709401709401,0.0,0.0,0.0,0.0,0.0,0.0,0.0,False
funny,negative,negative,47.61904761904761,0.0,0.0,7.936507936507936,0.0,0.0,0.0,0.0,False
funny,positive,positive,36.312849162011176,0.0,0.0,2.793296089385475,0.0,0.0,0.0,0.0,False
funny,negative,negative,71.42857142857143,0.0,0.0,0.0,0.0,0.0,0.0,0.0,False
funny,negative,negative,56.91056910569105,0.0,0.0,0.0,0.0,0.0,0.0,0.0,False
funny,negative,negative,65.35947712418302,0.0,0.0,0.0,0.0,0.0,0.0,0.0,False
funny,negative,negative,43.16546762589928,0.0,0.0,0.0,0.0,0.0,0.0,0.0,False
funny,positive,positive,114.28571428571428,0.0,0.0,0.0,0.0,0.0,0.0,0.0,False
funny,negative,negative,46.082949308755765,0.0,0.0,4.608294930875576,0.0,0.0,0.0,0.0,False
funny,positive,negative,52.083333333333336,0.0,0.0,0.0,0.0,0.0,0.0,0.0,True
funny,negative,negative,51.948051948051955,0.0,0.0,0.0,0.0,0.0,0.0,0.0,False
funny,negative,negative,13.513513513513514,108.10810810810811,0.0,0.0,0.0,27.027027027027028,0.0,0.0,False
funny,negative,negative,41.666666666666664,0.0,0.0,20.833333333333332,0.0,0.0,0.0,0.0,False
funny,negative,negative,58.25242718446602,0.0,9.70873786407767,0.0,0.0,0.0,0.0,0.0,False
funny,negative,negative,31.11111111111111,0.0,4.444444444444445,0.0,0.0,0.0,0.0,0.0,False
funny,positive,positive,41.067761806981515,0.0,2.053388090349076,0.0,0.0,0.0,0.0,0.0,False
funny,positive,positive,51.546391752577314,0.0,0.0,0.0,0.0,0.0,0.0,0.0,False
funny,positive,positive,18.867924528301884,0.0,0.0,28.30188679245283,0.0,0.0,0.0,0.0,False
funny,negative,negative,38.12316715542522,8.797653958944283,5.865102639296188,5.865102639296188,0.0,2.932551319648094,0.0,0.0,False
funny,negative,negative,50.84745762711865,0.0,8.474576271186441,0.0,0.0,0.0,0.0,0.0,False
funny,positive,positive,64.51612903225806,0.0,0.0,0.0,0.0,0.0,0.0,0.0,False
funny,positive,positive,26.431718061674008,0.0,0.0,0.0,0.0,0.0,0.0,0.0,False
funny,positive,negative,55.55555555555555,0.0,0.0,0.0,0.0,0.0,0.0,0.0,True
funny,neutral,neutral,84.7457627118644,0.0,0.0,0.0,0.0,0.0,0.0,0.0,False
funny,positive,positive,54.794520547945204,0.0,0.0,0.0,0.0,0.0,0.0,0.0,False
funny,negative,negative,53.333333333333336,0.0,0.0,0.0,0.0,0.0,0.0,0.0,False
funny,positive,positive,39.02439024390244,0.0,0.0,9.75609756097561,0.0,0.0,0.0,0.0,False
funny,positive,positive,62.5,0.0,0.0,0.0,0.0,0.0,0.0,0.0,False
funny,neutral,neutral,0.0,0.0,0.0,0.0,0.0,0.0,0.0,0.0,False
funny,positive,positive,63.82978723404255,0.0,0.0,0.0,0.0,0.0,0.0,0.0,False
funny,positive,positive,70.17543859649122,0.0,0.0,0.0,0.0,0.0,0.0,0.0,False
funny,positive,positive,54.54545454545454,0.0,0.0,0.0,0.0,0.0,0.0,0.0,False
funny,negative,negative,50.0,0.0,0.0,0.0,0.0,0.0,0.0,0.0,False
funny,positive,positive,35.85657370517929,0.0,0.0,0.0,0.0,0.0,0.0,0.0,False
pics,negative,negative,40.89219330855018,0.0,0.0,0.0,0.0,0.0,0.0,0.0,False
pics,positive,positive,83.33333333333333,0.0,0.0,0.0,0.0,0.0,0.0,0.0,False
pics,neutral,neutral,68.4931506849315,13.698630136986301,0.0,0.0,0.0,0.0,0.0,0.0,False
pics,negative,negative,72.72727272727272,0.0,0.0,0.0,0.0,0.0,0.0,0.0,False
pics,negative,negative,27.027027027027028,0.0,0.0,20.27027027027027,0.0,0.0,0.0,0.0,False
pics,positive,positive,56.70103092783505,0.0,0.0,0.0,0.0,0.0,0.0,0.0,False
pics,negative,negative,750.0,0.0,0.0,0.0,0.0,0.0,0.0,0.0,False
pics,neutral,neutral,111.1111111111111,0.0,0.0,0.0,0.0,0.0,0.0,0.0,False
pics,positive,positive,76.92307692307693,0.0,0.0,0.0,0.0,0.0,0.0,0.0,False
pics,negative,negative,81.4814814814815,0.0,0.0,0.0,0.0,0.0,0.0,0.0,False
pics,negative,negative,80.0,0.0,0.0,0.0,0.0,0.0,0.0,0.0,False
pics,positive,positive,48.95104895104895,0.0,0.0,0.0,0.0,0.0,0.0,0.0,False
pics,positive,positive,46.51162790697674,0.0,0.0,0.0,0.0,0.0,0.0,0.0,False
pics,positive,negative,40.816326530612244,0.0,0.0,0.0,0.0,0.0,0.0,0.0,True
pics,positive,positive,62.5,0.0,0.0,0.0,0.0,0.0,0.0,0.0,False
pics,positive,positive,83.33333333333333,0.0,0.0,0.0,0.0,0.0,0.0,0.0,False
pics,positive,positive,37.03703703703704,0.0,0.0,0.0,0.0,0.0,0.0,0.0,False
pics,negative,negative,45.7516339869281,13.071895424836601,0.0,6.5359477124183005,0.0,0.0,0.0,0.0,False
pics,negative,negative,69.56521739130434,0.0,0.0,0.0,0.0,0.0,0.0,0.0,False
pics,positive,positive,74.62686567164178,0.0,0.0,0.0,0.0,0.0,0.0,0.0,False
pics,neutral,neutral,73.52941176470588,0.0,0.0,0.0,0.0,0.0,0.0,0.0,False
pics,negative,negative,57.14285714285714,0.0,0.0,0.0,0.0,0.0,0.0,0.0,False
pics,negative,negative,26.31578947368421,0.0,0.0,0.0,0.0,0.0,0.0,0.0,False
pics,positive,positive,105.26315789473684,0.0,0.0,0.0,0.0,0.0,0.0,0.0,False
pics,positive,positive,11.235955056179774,0.0,0.0,0.0,0.0,0.0,0.0,0.0,False
pics,negative,negative,0.0,0.0,0.0,90.9090909090909,0.0,0.0,0.0,0.0,False
pics,negative,negative,58.51063829787234,0.0,5.319148936170213,0.0,0.0,0.0,0.0,0.0,False
pics,positive,positive,45.45454545454545,0.0,0.0,0.0,0.0,0.0,0.0,0.0,False
pics,negative,negative,21.58273381294964,0.0,0.0,0.0,0.0,0.0,0.0,0.0,False
pics,negative,negative,56.91056910569105,0.0,0.0,0.0,0.0,0.0,0.0,0.0,False
pics,positive,positive,45.04504504504504,0.0,0.0,0.0,0.0,0.0,0.0,0.0,False
pics,negative,negative,30.737704918032787,0.0,4.0983606557377055,2.0491803278688527,0.0,0.0,0.0,0.0,False
pics,positive,positive,27.777777777777775,0.0,0.0,0.0,0.0,0.0,0.0,0.0,False
pics,negative,negative,34.375,0.0,0.0,0.0,0.0,0.0,0.0,0.0,False
pics,positive,positive,69.76744186046511,0.0,0.0,29.069767441860463,0.0,0.0,0.0,0.0,False
pics,neutral,neutral,104.16666666666667,0.0,0.0,0.0,0.0,0.0,0.0,0.0,False
pics,positive,positive,55.55555555555555,0.0,0.0,27.777777777777775,0.0,0.0,0.0,0.0,False
pics,positive,positive,56.25,0.0,0.0,0.0,0.0,0.0,0.0,0.0,False
pics,positive,positive,47.16981132075472,0.0,0.0,0.0,0.0,0.0,0.0,0.0,False
pics,positive,positive,54.741711642251346,0.7710100231303006,0.7710100231303006,6.168080185042405,0.0,0.0,0.0,0.0,False
pics,negative,negative,34.090909090909086,0.0,0.0,11.363636363636363,0.0,0.0,0.0,0.0,False
pics,positive,positive,61.135371179039296,0.0,0.0,0.0,0.0,0.0,0.0,0.0,False
pics,positive,positive,46.51162790697674,0.0,0.0,0.0,0.0,0.0,0.0,0.0,False
pics,positive,positive,42.6829268292683,0.0,3.048780487804878,6.097560975609756,0.0,0.0,0.0,0.0,False
pics,positive,positive,43.75,0.0,0.0,0.0,0.0,0.0,0.0,0.0,False
pics,negative,negative,22.535211267605636,0.0,0.0,0.0,0.0,0.0,0.0,0.0,False
pics,positive,positive,28.57142857142857,0.0,28.57142857142857,0.0,0.0,0.0,0.0,0.0,False
pics,positive,positive,33.4448160535117,0.0,0.0,0.0,0.0,0.0,0.0,0.0,False
pics,positive,positive,49.01960784313725,0.0,0.0,0.0,0.0,0.0,0.0,0.0,False
pics,negative,negative,53.78973105134474,4.88997555012225,7.334963325183374,0.0,2.444987775061125,2.444987775061125,0.0,0.0,False
pics,negative,negative,66.66666666666667,0.0,0.0,0.0,0.0,0.0,0.0,0.0,False
pics,negative,negative,49.18032786885246,0.0,0.0,0.0,0.0,0.0,0.0,0.0,False
pics,negative,negative,53.24074074074074,2.314814814814815,0.0,0.0,0.0,0.0,0.0,0.0,False
pics,positive,positive,49.01960784313725,0.0,0.0,0.0,0.0,0.0,0.0,0.0,False
pics,negative,negative,51.724137931034484,0.0,0.0,0.0,0.0,0.0,0.0,0.0,False
pics,positive,positive,74.07407407407408,0.0,0.0,0.0,0.0,0.0,0.0,0.0,False
pics,positive,positive,32.25806451612903,0.0,0.0,0.0,0.0,0.0,0.0,0.0,False
pics,positive,positive,54.054054054054056,0.0,0.0,0.0,0.0,0.0,0.0,0.0,False
pics,negative,negative,25.31645569620253,0.0,0.0,0.0,0.0,0.0,0.0,0.0,False
pics,negative,negative,42.10526315789473,0.0,0.0,0.0,0.0,0.0,0.0,0.0,False
pics,negative,negative,39.10614525139665,0.0,0.0,0.0,0.0,0.0,0.0,0.0,False
pics,positive,positive,27.491408934707902,3.4364261168384878,0.0,0.0,0.0,0.0,0.0,0.0,False
pics,negative,negative,63.02521008403361,0.0,8.403361344537815,0.0,0.0,0.0,0.0,0.0,False
pics,positive,positive,30.303030303030305,0.0,0.0,0.0,0.0,0.0,0.0,0.0,False
pics,negative,negative,30.534351145038165,0.0,0.0,0.0,0.0,0.0,0.0,0.0,False
pics,negative,negative,38.46153846153847,0.0,0.0,0.0,0.0,0.0,0.0,0.0,False
pics,positive,positive,58.53658536585366,4.878048780487805,0.0,0.0,0.0,0.0,0.0,0.0,False
pics,negative,negative,75.55555555555556,0.0,0.0,0.0,0.0,0.0,0.0,0.0,False
pics,positive,positive,73.17073170731707,0.0,0.0,0.0,0.0,0.0,0.0,0.0,False
pics,positive,negative,60.30150753768844,0.0,0.0,0.0,0.0,0.0,0.0,0.0,True
pics,positive,positive,42.61363636363636,0.0,2.840909090909091,0.0,0.0,0.0,0.0,0.0,False
pics,positive,positive,37.91469194312796,4.739336492890995,9.47867298578199,4.739336492890995,0.0,0.0,0.0,0.0,False
pics,negative,negative,60.60606060606061,0.0,0.0,0.0,0.0,0.0,0.0,0.0,False
pics,negative,negative,63.95348837209303,0.0,0.0,0.0,0.0,0.0,0.0,0.0,False
pics,negative,negative,48.387096774193544,0.0,0.0,0.0,0.0,0.0,0.0,0.0,False
pics,positive,positive,61.94690265486726,0.0,0.0,0.0,0.0,0.0,0.0,0.0,False
pics,neutral,negative,11.76470588235294,0.0,0.0,47.05882352941176,0.0,0.0,0.0,0.0,True
pics,negative,negative,51.569506726457405,0.0,0.0,0.0,0.0,0.0,0.0,0.0,False
pics,neutral,neutral,66.0377358490566,0.0,0.0,0.0,0.0,0.0,0.0,0.0,False
pics,negative,negative,51.36986301369863,0.0,0.0,6.8493150684931505,0.0,0.0,0.0,0.0,False
pics,negative,negative,66.0377358490566,0.0,0.0,0.0,0.0,0.0,0.0,0.0,False
pics,positive,positive,29.556650246305416,0.0,0.0,0.0,0.0,0.0,0.0,0.0,False
pics,negative,negative,35.83061889250815,0.0,0.0,0.0,0.0,0.0,0.0,0.0,False
pics,negative,negative,81.63265306122449,0.0,0.0,0.0,0.0,0.0,0.0,0.0,False
pics,negative,negative,44.776119402985074,3.7313432835820897,0.0,0.0,0.0,0.0,0.0,0.0,False
pics,positive,positive,27.17391304347826,0.0,0.0,0.0,0.0,0.0,0.0,0.0,False
pics,positive,positive,71.12970711297072,0.0,0.0,0.0,0.0,0.0,0.0,0.0,False
pics,negative,negative,0.0,0.0,0.0,56.60377358490566,0.0,0.0,0.0,0.0,False
pics,positive,positive,31.914893617021274,10.638297872340425,0.0,0.0,0.0,0.0,0.0,0.0,False
pics,positive,positive,11.494252873563218,0.0,80.45977011494253,0.0,0.0,0.0,0.0,0.0,False
pics,positive,positive,28.57142857142857,0.0,0.0,0.0,0.0,0.0,0.0,0.0,False
pics,positive,positive,69.4980694980695,0.0,7.722007722007723,0.0,0.0,0.0,0.0,0.0,False
pics,negative,negative,44.44444444444444,0.0,22.22222222222222,0.0,0.0,0.0,0.0,0.0,False
pics,neutral,neutral,0.0,0.0,0.0,0.0,0.0,0.0,0.0,0.0,False
pics,neutral,neutral,81.08108108108108,0.0,0.0,0.0,0.0,0.0,0.0,0.0,False
pics,negative,neutral,0.0,72.72727272727272,109.09090909090908,54.54545454545454,18.18181818181818,18.18181818181818,0.0,0.0,True
pics,negative,negative,46.51162790697674,11.627906976744185,0.0,5.813953488372093,0.0,0.0,0.0,0.0,False
pics,positive,positive,57.69230769230769,4.807692307692308,24.03846153846154,0.0,0.0,0.0,0.0,0.0,False
pics,negative,negative,32.432432432432435,0.0,0.0,0.0,0.0,0.0,0.0,0.0,False
pics,positive,positive,47.61904761904761,23.809523809523807,0.0,0.0,0.0,0.0,0.0,0.0,False
pics,positive,positive,35.714285714285715,71.42857142857143,35.714285714285715,0.0,0.0,0.0,0.0,0.0,False
pics,positive,positive,41.49377593360996,4.149377593360996,0.0,4.149377593360996,0.0,0.0,0.0,0.0,False
pics,negative,negative,46.97986577181208,0.0,0.0,0.0,0.0,0.0,0.0,0.0,False
pics,positive,positive,49.504950495049506,9.900990099009901,0.0,0.0,0.0,3.3003300330033003,0.0,0.0,False
pics,negative,negative,48.78048780487805,0.0,0.0,0.0,0.0,0.0,0.0,0.0,False
pics,positive,positive,43.8871473354232,0.0,1.567398119122257,0.0,0.0,0.0,0.0,0.0,False
pics,positive,positive,29.850746268656717,0.0,7.462686567164179,3.7313432835820897,0.0,0.0,0.0,0.0,False
pics,positive,positive,82.64462809917356,0.0,0.0,0.0,0.0,0.0,0.0,0.0,False
pics,neutral,neutral,43.47826086956522,0.0,0.0,0.0,0.0,0.0,0.0,0.0,False
pics,positive,positive,48.0,0.0,2.6666666666666665,0.0,0.0,0.0,0.0,0.0,False
pics,positive,positive,22.727272727272727,0.0,0.0,0.0,0.0,0.0,0.0,0.0,False
pics,negative,negative,37.03703703703704,0.0,0.0,12.345679012345679,0.0,0.0,0.0,0.0,False
pics,positive,positive,49.079754601226995,18.404907975460123,0.0,0.0,0.0,0.0,0.0,0.0,False
pics,negative,negative,0.0,76.92307692307693,76.92307692307693,0.0,0.0,0.0,0.0,0.0,False
pics,positive,neutral,41.666666666666664,0.0,0.0,0.0,0.0,0.0,0.0,0.0,True
pics,positive,positive,41.95804195804196,6.993006993006993,20.97902097902098,13.986013986013987,0.0,0.0,0.0,0.0,False
pics,negative,negative,25.64102564102564,0.0,0.0,0.0,0.0,0.0,0.0,0.0,False
pics,positive,positive,25.423728813559325,4.237288135593221,4.237288135593221,0.0,0.0,0.0,0.0,0.0,False
pics,positive,positive,65.21739130434783,0.0,0.0,0.0,0.0,0.0,0.0,0.0,False
pics,positive,positive,51.76470588235294,0.0,4.705882352941176,0.0,0.0,0.0,0.0,0.0,False
pics,positive,positive,43.72623574144487,0.0,0.0,0.0,0.0,0.0,0.0,0.0,False
pics,positive,positive,63.063063063063055,0.0,0.0,0.0,0.0,0.0,0.0,0.0,False
pics,positive,positive,45.80152671755725,0.0,22.900763358778626,0.0,0.0,0.0,0.0,0.0,False
pics,positive,positive,27.149321266968325,0.0,9.04977375565611,0.0,0.0,0.0,0.0,0.0,False
pics,negative,negative,51.948051948051955,0.0,0.0,0.0,0.0,0.0,0.0,0.0,False
pics,positive,positive,35.294117647058826,0.0,0.0,0.0,0.0,0.0,0.0,0.0,False
pics,negative,negative,18.51851851851852,0.0,0.0,0.0,0.0,0.0,0.0,0.0,False
pics,negative,negative,70.3125,0.0,0.0,0.0,0.0,0.0,0.0,0.0,False
pics,negative,negative,27.918781725888326,0.0,0.0,0.0,0.0,0.0,0.0,0.0,False
pics,positive,positive,47.337278106508876,0.0,0.0,0.0,0.0,0.0,0.0,0.0,False
pics,negative,positive,50.11655011655012,0.0,0.0,0.0,0.0,0.0,0.0,0.0,True
pics,positive,positive,59.701492537313435,0.0,0.0,0.0,0.0,0.0,0.0,0.0,False
pics,negative,negative,55.55555555555555,0.0,0.0,0.0,0.0,0.0,0.0,0.0,False
pics,positive,positive,50.0,0.0,1.9230769230769231,0.0,0.0,0.0,0.0,0.0,False
pics,positive,positive,65.21739130434783,0.0,0.0,0.0,0.0,0.0,0.0,0.0,False
pics,positive,positive,111.1111111111111,0.0,0.0,0.0,0.0,0.0,0.0,0.0,False
pics,positive,positive,37.31343283582089,0.0,0.0,0.0,0.0,0.0,0.0,0.0,False
pics,positive,positive,80.45977011494253,2.8735632183908044,2.8735632183908044,0.0,0.0,0.0,0.0,0.0,False
pics,negative,negative,46.51162790697674,0.0,0.0,0.0,0.0,0.0,0.0,0.0,False
pics,negative,negative,95.23809523809523,0.0,0.0,0.0,0.0,0.0,0.0,0.0,False
pics,negative,negative,142.85714285714286,0.0,0.0,0.0,0.0,0.0,0.0,0.0,False
pics,negative,negative,36.36363636363636,0.0,18.18181818181818,0.0,0.0,0.0,0.0,0.0,False
pics,positive,positive,43.47826086956522,43.47826086956522,0.0,0.0,0.0,0.0,0.0,0.0,False
pics,negative,negative,45.45454545454545,0.0,0.0,0.0,0.0,0.0,0.0,0.0,False
pics,negative,negative,41.666666666666664,0.0,0.0,0.0,0.0,0.0,0.0,0.0,False
pics,positive,positive,29.41176470588235,58.8235294117647,29.41176470588235,0.0,0.0,0.0,0.0,0.0,False
pics,negative,positive,39.603960396039604,0.0,0.0,0.0,0.0,0.0,0.0,0.0,True
pics,negative,negative,73.52941176470588,0.0,0.0,0.0,0.0,0.0,0.0,0.0,False
pics,negative,negative,40.54054054054054,0.0,0.0,13.513513513513514,0.0,0.0,0.0,0.0,False
pics,positive,positive,82.1917808219178,0.0,13.698630136986301,0.0,0.0,0.0,0.0,0.0,False
pics,positive,positive,46.15384615384615,0.0,0.0,0.0,0.0,0.0,0.0,0.0,False
pics,negative,neutral,49.382716049382715,12.345679012345679,0.0,0.0,0.0,0.0,0.0,0.0,True
pics,positive,positive,75.47169811320754,0.0,6.289308176100629,0.0,0.0,0.0,0.0,0.0,False
pics,negative,negative,64.93506493506493,0.0,0.0,0.0,0.0,0.0,0.0,0.0,False
pics,positive,positive,47.24409448818898,0.0,0.0,2.6246719160104988,0.0,0.0,0.0,0.0,False
pics,positive,positive,26.058631921824105,0.0,0.0,0.0,0.0,0.0,0.0,0.0,False
pics,positive,positive,27.417027417027416,7.215007215007215,4.329004329004329,23.08802308802309,0.0,0.0,0.0,0.0,False
pics,negative,negative,65.35947712418302,0.0,32.67973856209151,0.0,0.0,0.0,0.0,0.0,False
pics,positive,positive,45.87155963302752,0.0,0.0,0.0,0.0,0.0,0.0,0.0,False
pics,neutral,neutral,0.0,0.0,100.0,0.0,0.0,0.0,0.0,0.0,False
pics,positive,positive,41.23711340206186,0.0,0.0,0.0,0.0,0.0,0.0,0.0,False
pics,positive,positive,60.773480662983424,11.049723756906078,0.0,0.0,0.0,0.0,0.0,0.0,False
pics,neutral,neutral,69.76744186046511,0.0,0.0,0.0,0.0,0.0,0.0,0.0,False
pics,positive,positive,43.956043956043956,0.0,0.0,0.0,0.0,0.0,0.0,0.0,False
pics,positive,positive,81.08108108108108,0.0,0.0,0.0,0.0,0.0,0.0,0.0,False
pics,positive,positive,55.55555555555555,0.0,55.55555555555555,0.0,0.0,0.0,0.0,0.0,False
pics,positive,positive,39.473684210526315,0.0,0.0,0.0,0.0,0.0,0.0,0.0,False
pics,negative,negative,39.21568627450981,0.0,0.0,0.0,0.0,0.0,0.0,0.0,False
pics,negative,negative,65.7439446366782,0.0,10.380622837370241,0.0,0.0,0.0,0.0,0.0,False
pics,negative,negative,42.42424242424243,0.0,0.0,6.0606060606060606,0.0,0.0,0.0,0.0,False
pics,positive,positive,55.55555555555555,9.25925925925926,0.0,0.0,0.0,0.0,0.0,0.0,False
pics,positive,positive,62.5,0.0,0.0,0.0,0.0,0.0,0.0,0.0,False
pics,positive,positive,33.49282296650718,0.0,4.784688995215311,0.0,0.0,0.0,0.0,0.0,False
pics,negative,negative,79.75460122699386,0.0,0.0,0.0,0.0,0.0,0.0,0.0,False
pics,negative,negative,45.45454545454545,0.0,15.151515151515152,0.0,0.0,0.0,0.0,0.0,False
pics,negative,negative,49.792531120331944,4.149377593360996,4.149377593360996,0.0,0.0,0.0,0.0,0.0,False
pics,positive,positive,45.45454545454545,0.0,0.0,0.0,0.0,0.0,0.0,0.0,False
pics,negative,negative,106.38297872340425,0.0,0.0,0.0,0.0,0.0,0.0,0.0,False
pics,neutral,neutral,111.1111111111111,0.0,0.0,0.0,0.0,0.0,0.0,0.0,False
pics,negative,negative,48.78048780487805,0.0,0.0,0.0,0.0,0.0,0.0,0.0,False
pics,positive,positive,35.21126760563381,0.0,0.0,0.0,0.0,0.0,0.0,0.0,False
pics,positive,positive,47.61904761904761,0.0,0.0,5.291005291005291,0.0,0.0,0.0,0.0,False
pics,negative,negative,108.10810810810811,0.0,0.0,0.0,0.0,0.0,0.0,0.0,False
pics,positive,positive,43.47826086956522,0.0,0.0,0.0,0.0,0.0,0.0,0.0,False
pics,neutral,neutral,51.546391752577314,0.0,0.0,10.309278350515465,0.0,0.0,0.0,0.0,False
pics,negative,negative,0.0,57.69230769230769,0.0,0.0,0.0,0.0,0.0,0.0,False
pics,negative,negative,36.0,8.0,4.0,0.0,0.0,0.0,0.0,0.0,False
pics,negative,negative,34.73491773308958,0.0,3.656307129798903,1.8281535648994516,0.0,0.0,0.0,0.0,False
pics,positive,positive,30.821917808219176,0.0,0.0,3.4246575342465753,0.0,0.0,0.0,0.0,False
pics,negative,negative,34.43328550932568,2.8694404591104736,4.30416068866571,1.4347202295552368,1.4347202295552368,0.0,0.0,0.0,False
pics,positive,positive,37.03703703703704,0.0,0.0,0.0,0.0,0.0,0.0,0.0,False
pics,negative,negative,58.8235294117647,0.0,21.390374331550802,0.0,0.0,0.0,0.0,0.0,False
pics,positive,positive,50.0,0.0,0.0,0.0,0.0,0.0,0.0,0.0,False
pics,negative,negative,34.285714285714285,0.0,0.0,5.714285714285714,0.0,0.0,0.0,0.0,False
pics,negative,negative,35.714285714285715,0.0,0.0,0.0,0.0,0.0,0.0,0.0,False
pics,negative,negative,54.263565891472865,0.0,0.0,0.0,0.0,0.0,0.0,0.0,False
pics,negative,negative,37.03703703703704,0.0,0.0,0.0,0.0,0.0,0.0,0.0,False
pics,negative,negative,25.974025974025977,0.0,0.0,0.0,0.0,0.0,0.0,0.0,False
pics,negative,negative,0.0,0.0,0.0,0.0,0.0,0.0,0.0,0.0,False
pics,negative,negative,58.8235294117647,0.0,0.0,0.0,0.0,0.0,0.0,0.0,False
pics,negative,negative,45.138888888888886,6.944444444444444,3.472222222222222,3.472222222222222,0.0,0.0,0.0,0.0,False
pics,negative,negative,36.779324055666,0.0,1.9880715705765406,2.982107355864811,0.0,0.0,0.0,0.0,False
pics,negative,negative,67.48466257668711,0.0,12.269938650306749,0.0,0.0,0.0,0.0,0.0,False
pics,positive,positive,82.56880733944955,0.0,0.0,0.0,0.0,0.0,0.0,0.0,False
pics,positive,positive,47.05882352941176,11.76470588235294,0.0,0.0,0.0,0.0,0.0,0.0,False
pics,positive,positive,33.557046979865774,0.0,0.0,0.0,0.0,0.0,0.0,0.0,False
pics,negative,negative,37.73584905660377,0.0,0.0,0.0,0.0,0.0,0.0,0.0,False
pics,negative,negative,58.8235294117647,0.0,0.0,0.0,0.0,0.0,0.0,0.0,False
pics,positive,positive,55.55555555555555,0.0,0.0,0.0,0.0,0.0,0.0,0.0,False
pics,negative,negative,25.64102564102564,0.0,0.0,0.0,0.0,0.0,0.0,0.0,False
pics,negative,negative,88.23529411764706,0.0,14.705882352941176,0.0,0.0,0.0,0.0,0.0,False
pics,positive,positive,74.76635514018692,0.0,0.0,0.0,0.0,0.0,0.0,0.0,False
pics,negative,negative,67.66917293233082,0.0,0.0,0.0,0.0,0.0,0.0,0.0,False
pics,negative,negative,35.294117647058826,0.0,11.76470588235294,0.0,0.0,0.0,0.0,0.0,False
pics,positive,positive,45.97701149425287,5.747126436781609,0.0,0.0,0.0,0.0,0.0,0.0,False
pics,negative,negative,47.85478547854786,3.3003300330033003,1.6501650165016502,0.0,0.0,0.0,0.0,0.0,False
pics,positive,positive,55.55555555555555,0.0,0.0,0.0,0.0,0.0,0.0,0.0,False
pics,negative,negative,64.1025641025641,0.0,0.0,0.0,0.0,0.0,0.0,0.0,False
pics,positive,positive,47.05882352941176,0.0,0.0,0.0,0.0,0.0,0.0,0.0,False
pics,positive,positive,51.546391752577314,10.309278350515465,0.0,0.0,0.0,0.0,0.0,0.0,False
pics,positive,positive,57.971014492753625,0.0,0.0,0.0,0.0,0.0,0.0,0.0,False
pics,positive,positive,32.05128205128205,0.0,0.0,0.0,0.0,0.0,0.0,0.0,False
pics,negative,negative,46.97986577181208,0.0,0.0,0.0,0.0,0.0,0.0,0.0,False
pics,positive,positive,59.32203389830509,0.0,0.0,4.237288135593221,0.0,0.0,0.0,0.0,False
pics,negative,negative,38.91050583657588,0.0,0.0,0.0,0.0,0.0,0.0,0.0,False
pics,positive,positive,78.3132530120482,0.0,0.0,0.0,0.0,0.0,0.0,0.0,False
pics,positive,positive,54.72636815920398,0.0,0.0,4.975124378109452,0.0,0.0,0.0,0.0,False
pics,negative,negative,44.642857142857146,0.0,0.0,0.0,0.0,0.0,0.0,0.0,False
pics,positive,positive,50.955414012738856,0.0,0.0,0.0,0.0,0.0,0.0,0.0,False
pics,positive,positive,42.944785276073624,0.0,0.0,6.134969325153374,0.0,0.0,0.0,0.0,False
pics,positive,positive,52.910052910052904,0.0,0.0,0.0,0.0,0.0,0.0,0.0,False
pics,negative,negative,44.44444444444444,0.0,0.0,0.0,0.0,0.0,0.0,0.0,False
pics,positive,positive,42.10526315789473,0.0,10.526315789473683,0.0,0.0,0.0,0.0,0.0,False
pics,negative,negative,63.82978723404255,0.0,0.0,0.0,0.0,0.0,0.0,0.0,False
pics,neutral,neutral,100.0,0.0,0.0,0.0,0.0,0.0,0.0,0.0,False
pics,positive,positive,52.63157894736842,0.0,0.0,0.0,0.0,0.0,0.0,0.0,False
pics,negative,negative,43.16546762589928,0.0,7.194244604316547,0.0,0.0,0.0,0.0,0.0,False
pics,positive,positive,72.72727272727272,0.0,0.0,0.0,0.0,0.0,0.0,0.0,False
pics,negative,negative,39.130434782608695,0.0,0.0,0.0,0.0,0.0,0.0,0.0,False
pics,positive,positive,47.61904761904761,0.0,47.61904761904761,0.0,0.0,0.0,0.0,0.0,False
pics,negative,negative,52.910052910052904,0.0,0.0,0.0,0.0,0.0,0.0,0.0,False
pics,positive,positive,51.42857142857143,0.0,0.0,5.714285714285714,0.0,0.0,0.0,0.0,False
pics,positive,positive,17.241379310344826,0.0,0.0,0.0,0.0,0.0,0.0,0.0,False
pics,negative,negative,64.1025641025641,12.82051282051282,0.0,0.0,0.0,0.0,0.0,0.0,False
pics,positive,positive,48.03493449781659,0.0,0.0,0.0,0.0,0.0,0.0,0.0,False
pics,neutral,neutral,43.47826086956522,0.0,0.0,0.0,0.0,0.0,0.0,0.0,False
pics,positive,positive,63.29113924050633,0.0,0.0,0.0,0.0,0.0,0.0,0.0,False
pics,neutral,neutral,47.2972972972973,0.0,0.0,0.0,0.0,0.0,0.0,0.0,False
pics,negative,negative,29.940119760479043,0.0,0.0,0.0,0.0,0.0,0.0,0.0,False
pics,negative,positive,60.43956043956044,0.0,0.0,0.0,0.0,0.0,0.0,0.0,True
pics,negative,negative,17.793594306049823,3.558718861209964,0.0,0.0,0.0,0.0,0.0,0.0,False
pics,positive,positive,0.0,0.0,0.0,0.0,0.0,0.0,0.0,0.0,False
pics,positive,positive,22.22222222222222,0.0,11.11111111111111,5.555555555555555,5.555555555555555,0.0,0.0,0.0,False
pics,negative,negative,48.17275747508306,0.0,0.0,0.0,0.0,0.0,0.0,0.0,False
pics,positive,positive,14.285714285714285,114.28571428571428,0.0,128.57142857142856,0.0,14.285714285714285,0.0,0.0,False
pics,negative,negative,43.30708661417323,0.0,0.0,0.0,0.0,0.0,0.0,0.0,False
pics,positive,positive,74.76635514018692,0.0,0.0,0.0,0.0,0.0,0.0,0.0,False
pics,positive,positive,0.0,47.61904761904761,95.23809523809523,0.0,0.0,0.0,0.0,0.0,False
pics,negative,negative,38.46153846153847,0.0,0.0,6.41025641025641,0.0,0.0,0.0,0.0,False
pics,negative,negative,56.81818181818181,0.0,0.0,0.0,0.0,0.0,0.0,0.0,False
pics,negative,negative,68.9655172413793,0.0,34.48275862068965,0.0,0.0,0.0,0.0,0.0,False
pics,negative,negative,59.13978494623656,0.0,0.0,0.0,0.0,0.0,0.0,0.0,False
pics,positive,positive,56.93069306930693,0.0,2.4752475247524752,0.0,0.0,0.0,0.0,0.0,False
pics,positive,positive,75.47169811320754,0.0,0.0,0.0,0.0,0.0,0.0,0.0,False
pics,positive,positive,60.60606060606061,10.101010101010102,0.0,0.0,0.0,0.0,0.0,0.0,False
pics,positive,positive,61.72839506172839,0.0,0.0,0.0,0.0,0.0,0.0,0.0,False
pics,positive,positive,34.090909090909086,0.0,0.0,0.0,0.0,0.0,0.0,0.0,False
pics,positive,positive,46.51162790697674,0.0,0.0,0.0,0.0,0.0,0.0,0.0,False
pics,positive,positive,45.45454545454545,0.0,0.0,0.0,0.0,0.0,0.0,0.0,False
pics,negative,negative,46.51162790697674,23.25581395348837,23.25581395348837,0.0,0.0,0.0,0.0,0.0,False
pics,negative,negative,29.41176470588235,0.0,0.0,0.0,0.0,0.0,0.0,0.0,False
pics,positive,positive,66.29834254143645,0.0,0.0,0.0,0.0,0.0,0.0,0.0,False
pics,negative,negative,40.816326530612244,0.0,0.0,0.0,0.0,0.0,0.0,0.0,False
pics,positive,negative,54.794520547945204,0.0,0.0,0.0,0.0,0.0,0.0,0.0,True
pics,positive,positive,48.543689320388346,0.0,0.0,0.0,0.0,0.0,0.0,0.0,False
pics,neutral,neutral,66.66666666666667,0.0,0.0,0.0,0.0,0.0,0.0,0.0,False
pics,positive,positive,0.0,0.0,0.0,0.0,0.0,0.0,0.0,0.0,False
pics,neutral,neutral,60.0,0.0,0.0,0.0,0.0,0.0,0.0,0.0,False
pics,positive,positive,35.294117647058826,0.0,0.0,11.76470588235294,0.0,0.0,0.0,0.0,False
pics,neutral,neutral,48.78048780487805,0.0,0.0,0.0,0.0,0.0,0.0,0.0,False
pics,negative,negative,85.3658536585366,2.4390243902439024,2.4390243902439024,7.317073170731708,0.0,0.0,0.0,0.0,False
pics,neutral,neutral,120.0,0.0,0.0,0.0,0.0,0.0,0.0,0.0,False
pics,negative,negative,53.763440860215056,0.0,0.0,10.752688172043012,0.0,0.0,0.0,0.0,False
pics,negative,negative,59.52380952380952,0.0,0.0,0.0,0.0,0.0,0.0,0.0,False
pics,positive,positive,31.746031746031743,0.0,0.0,0.0,0.0,0.0,0.0,0.0,False
pics,positive,positive,45.80152671755725,0.0,0.0,0.0,0.0,0.0,0.0,0.0,False
pics,positive,positive,63.926940639269404,0.0,18.2648401826484,0.0,0.0,0.0,0.0,0.0,False
pics,positive,positive,76.92307692307693,0.0,0.0,0.0,0.0,0.0,0.0,0.0,False
pics,positive,positive,61.53846153846154,0.0,0.0,0.0,0.0,0.0,0.0,0.0,False
pics,positive,positive,44.9438202247191,0.0,0.0,0.0,0.0,0.0,0.0,0.0,False
pics,negative,negative,46.05263157894736,4.385964912280701,0.0,4.385964912280701,0.0,0.0,0.0,0.0,False
pics,positive,positive,65.57377049180329,0.0,0.0,0.0,0.0,0.0,0.0,0.0,False
pics,positive,positive,50.314465408805034,0.0,0.0,0.0,0.0,0.0,0.0,0.0,False
pics,positive,positive,58.8235294117647,0.0,0.0,0.0,0.0,0.0,0.0,0.0,False
pics,positive,positive,29.508196721311478,0.0,0.0,0.0,0.0,0.0,0.0,0.0,False
pics,positive,negative,75.5813953488372,0.0,5.813953488372093,0.0,0.0,0.0,0.0,0.0,True
pics,positive,positive,39.5778364116095,0.0,0.0,0.0,0.0,0.0,0.0,0.0,False
pics,negative,negative,88.23529411764706,0.0,0.0,0.0,0.0,0.0,0.0,0.0,False
pics,positive,negative,31.25,15.625,0.0,0.0,0.0,0.0,0.0,0.0,True
pics,positive,positive,23.809523809523807,0.0,95.23809523809523,0.0,23.809523809523807,0.0,0.0,0.0,False
gaming,positive,positive,54.94505494505494,0.0,0.0,10.989010989010989,0.0,0.0,0.0,0.0,False
gaming,positive,positive,36.809815950920246,0.0,0.0,0.0,0.0,0.0,0.0,0.0,False
gaming,negative,negative,49.01960784313725,0.0,4.901960784313726,0.0,0.0,0.0,0.0,0.0,False
gaming,positive,positive,18.34862385321101,0.0,0.0,18.34862385321101,0.0,0.0,0.0,0.0,False
gaming,neutral,neutral,0.0,0.0,0.0,0.0,0.0,0.0,0.0,0.0,False
gaming,positive,positive,11.494252873563218,0.0,0.0,20.114942528735632,0.0,0.0,0.0,0.0,False
gaming,negative,negative,25.64102564102564,0.0,0.0,38.46153846153847,0.0,0.0,0.0,0.0,False
gaming,positive,positive,85.71428571428571,14.285714285714285,14.285714285714285,0.0,0.0,0.0,0.0,0.0,False
gaming,negative,negative,53.333333333333336,0.0,0.0,0.0,0.0,0.0,0.0,0.0,False
gaming,negative,negative,107.14285714285714,0.0,0.0,0.0,0.0,0.0,0.0,0.0,False
gaming,positive,positive,62.5,0.0,0.0,0.0,0.0,0.0,0.0,0.0,False
gaming,neutral,neutral,23.25581395348837,0.0,0.0,0.0,0.0,0.0,0.0,0.0,False
gaming,positive,positive,37.83783783783784,0.0,0.0,0.0,0.0,0.0,0.0,0.0,False
gaming,positive,positive,53.333333333333336,0.0,0.0,26.666666666666668,0.0,0.0,0.0,0.0,False
gaming,positive,positive,54.054054054054056,0.0,0.0,0.0,0.0,0.0,0.0,0.0,False
gaming,positive,positive,41.666666666666664,0.0,0.0,0.0,0.0,0.0,0.0,0.0,False
gaming,positive,positive,52.87356321839081,0.0,4.597701149425287,2.2988505747126435,0.0,0.0,0.0,0.0,False
gaming,negative,negative,73.52941176470588,0.0,0.0,0.0,0.0,0.0,0.0,0.0,False
gaming,negative,negative,57.437407952871865,0.0,4.418262150220913,0.0,0.0,0.0,0.0,0.0,False
gaming,positive,positive,73.03370786516854,0.0,0.0,0.0,0.0,0.0,0.0,0.0,False
gaming,neutral,neutral,51.724137931034484,0.0,34.48275862068965,0.0,0.0,0.0,0.0,0.0,False
gaming,positive,positive,55.172413793103445,0.0,0.0,0.0,0.0,0.0,0.0,0.0,False
gaming,positive,positive,53.52112676056338,0.0,0.0,2.8169014084507045,0.0,0.0,0.0,0.0,False
gaming,positive,positive,21.459227467811157,8.583690987124463,0.0,0.0,0.0,0.0,0.0,0.0,False
gaming,positive,positive,36.36363636363636,0.0,0.0,36.36363636363636,0.0,0.0,0.0,0.0,False
gaming,positive,positive,42.5531914893617,0.0,0.0,0.0,0.0,0.0,0.0,0.0,False
gaming,positive,positive,31.19266055045872,0.0,0.0,0.0,0.0,0.0,0.0,0.0,False
gaming,negative,negative,52.35602094240838,0.0,5.235602094240838,0.0,0.0,0.0,0.0,0.0,False
gaming,neutral,neutral,35.55555555555556,0.0,0.0,0.0,0.0,0.0,0.0,0.0,False
gaming,positive,positive,22.22222222222222,0.0,5.555555555555555,0.0,0.0,0.0,0.0,0.0,False
gaming,negative,negative,54.263565891472865,0.0,7.751937984496124,7.751937984496124,0.0,0.0,0.0,0.0,False
gaming,negative,negative,67.79661016949153,0.0,0.0,16.949152542372882,0.0,0.0,0.0,0.0,False
gaming,positive,positive,60.15625,1.5625,0.78125,2.34375,0.0,0.0,0.0,0.0,False
gaming,positive,positive,32.67973856209151,0.0,0.0,0.0,0.0,0.0,0.0,0.0,False
gaming,negative,negative,0.0,0.0,0.0,0.0,0.0,0.0,0.0,0.0,False
gaming,positive,positive,36.40776699029126,12.135922330097086,9.70873786407767,9.70873786407767,0.0,0.0,0.0,0.0,False
gaming,positive,positive,57.47126436781609,0.0,22.988505747126435,0.0,0.0,0.0,0.0,0.0,False
gaming,positive,positive,48.07692307692308,0.0,0.0,0.0,0.0,0.0,0.0,0.0,False
gaming,negative,negative,37.77335984095427,0.0,1.9880715705765406,0.0,0.0,0.0,0.0,0.0,False
gaming,positive,positive,41.91616766467065,0.0,0.0,0.0,0.0,0.0,0.0,0.0,False
gaming,positive,positive,106.38297872340425,0.0,0.0,21.27659574468085,0.0,0.0,0.0,0.0,False
gaming,positive,positive,82.64462809917356,0.0,0.0,0.0,0.0,0.0,0.0,0.0,False
gaming,negative,negative,39.77272727272727,0.0,0.0,5.681818181818182,0.0,0.0,0.0,0.0,False
gaming,positive,positive,0.0,100.0,0.0,0.0,0.0,0.0,0.0,0.0,False
gaming,positive,positive,41.666666666666664,0.0,0.0,0.0,0.0,0.0,0.0,0.0,False
gaming,positive,positive,51.02040816326531,0.0,10.204081632653061,0.0,0.0,0.0,0.0,0.0,False
gaming,negative,negative,59.4059405940594,0.0,0.0,0.0,0.0,0.0,0.0,0.0,False
gaming,positive,positive,51.28205128205128,4.273504273504274,0.0,0.0,0.0,0.0,0.0,0.0,False
gaming,positive,positive,48.78048780487805,0.0,0.0,0.0,0.0,0.0,0.0,0.0,False
gaming,negative,negative,72.8476821192053,0.0,0.0,0.0,0.0,0.0,0.0,0.0,False
gaming,negative,negative,68.4931506849315,0.0,0.0,0.0,0.0,0.0,0.0,0.0,False
gaming,negative,negative,56.33802816901409,0.0,0.0,0.0,0.0,0.0,0.0,0.0,False
gaming,positive,positive,13.698630136986301,0.0,13.698630136986301,0.0,0.0,0.0,0.0,0.0,False
gaming,negative,negative,86.20689655172414,0.0,0.0,0.0,0.0,0.0,0.0,0.0,False
gaming,neutral,neutral,62.5,0.0,0.0,0.0,0.0,0.0,0.0,0.0,False
gaming,positive,positive,45.45454545454545,0.0,0.0,0.0,0.0,0.0,0.0,0.0,False
gaming,positive,positive,47.61904761904761,0.0,0.0,0.0,0.0,0.0,0.0,0.0,False
gaming,negative,negative,21.844660194174757,0.0,7.281553398058253,0.0,0.0,0.0,0.0,0.0,False
gaming,positive,positive,41.666666666666664,0.0,0.0,0.0,0.0,0.0,0.0,0.0,False
gaming,positive,positive,55.55555555555555,27.777777777777775,0.0,0.0,0.0,0.0,0.0,0.0,False
gaming,negative,negative,63.82978723404255,0.0,0.0,21.27659574468085,0.0,0.0,0.0,0.0,False
gaming,negative,negative,90.9090909090909,0.0,0.0,0.0,0.0,0.0,0.0,0.0,False
gaming,positive,positive,66.0377358490566,0.0,0.0,0.0,0.0,0.0,0.0,0.0,False
gaming,positive,positive,25.423728813559325,0.0,0.0,0.0,0.0,0.0,0.0,0.0,False
gaming,positive,positive,36.84210526315789,0.0,0.0,0.0,0.0,0.0,0.0,0.0,False
gaming,negative,negative,52.63157894736842,0.0,0.0,0.0,0.0,0.0,0.0,0.0,False
gaming,negative,positive,83.33333333333333,0.0,0.0,11.904761904761903,0.0,0.0,0.0,0.0,True
gaming,negative,negative,35.61643835616438,0.0,0.0,0.0,0.0,0.0,0.0,0.0,False
gaming,positive,positive,52.63157894736842,0.0,0.0,10.526315789473683,0.0,0.0,0.0,0.0,False
gaming,negative,negative,59.701492537313435,7.462686567164179,44.776119402985074,0.0,7.462686567164179,0.0,0.0,0.0,False
gaming,negative,negative,31.531531531531527,0.0,0.0,0.0,0.0,0.0,0.0,0.0,False
gaming,positive,positive,36.36363636363636,0.0,0.0,0.0,0.0,0.0,0.0,0.0,False
gaming,positive,positive,52.287581699346404,0.0,0.0,0.0,0.0,0.0,0.0,0.0,False
gaming,negative,negative,27.027027027027028,0.0,0.0,0.0,0.0,0.0,0.0,0.0,False
gaming,negative,negative,47.61904761904761,23.809523809523807,0.0,0.0,0.0,11.904761904761903,0.0,0.0,False
gaming,negative,negative,53.475935828877006,0.0,0.0,0.0,0.0,0.0,0.0,0.0,False
gaming,positive,positive,81.08108108108108,0.0,0.0,0.0,0.0,0.0,0.0,0.0,False
gaming,positive,positive,37.73584905660377,0.0,37.73584905660377,0.0,0.0,0.0,0.0,0.0,False
gaming,positive,positive,56.33802816901409,0.0,0.0,0.0,0.0,0.0,0.0,0.0,False
gaming,positive,positive,57.14285714285714,0.0,0.0,0.0,0.0,0.0,0.0,0.0,False
gaming,positive,positive,60.28368794326241,0.0,3.5460992907801416,0.0,0.0,0.0,0.0,0.0,False
gaming,negative,negative,48.19277108433735,0.0,0.0,0.0,0.0,0.0,0.0,0.0,False
gaming,negative,negative,33.942558746736296,0.0,0.0,0.0,0.0,0.0,0.0,0.0,False
gaming,positive,positive,62.22222222222222,0.0,0.0,4.444444444444445,0.0,0.0,0.0,0.0,False
gaming,positive,positive,44.0324449594438,1.1587485515643106,4.634994206257242,0.0,1.1587485515643106,0.0,0.0,0.0,False
gaming,positive,positive,52.23880597014925,0.0,0.0,0.0,0.0,0.0,0.0,0.0,False
gaming,negative,negative,44.11764705882353,0.0,0.0,0.0,0.0,0.0,0.0,0.0,False
gaming,negative,negative,89.74358974358974,0.0,12.82051282051282,0.0,0.0,0.0,0.0,0.0,False
gaming,negative,negative,32.89473684210526,6.578947368421052,0.0,0.0,0.0,0.0,0.0,0.0,False
gaming,negative,negative,39.21568627450981,0.0,0.0,0.0,0.0,0.0,0.0,0.0,False
gaming,positive,positive,27.210884353741495,6.802721088435374,0.0,0.0,0.0,0.0,0.0,0.0,False
gaming,negative,negative,61.224489795918366,0.0,0.0,0.0,0.0,0.0,0.0,0.0,False
gaming,negative,negative,50.314465408805034,0.0,0.0,0.0,0.0,0.0,0.0,0.0,False
gaming,positive,positive,85.3658536585366,12.195121951219512,0.0,0.0,0.0,0.0,0.0,0.0,False
gaming,positive,positive,41.666666666666664,0.0,0.0,0.0,0.0,0.0,0.0,0.0,False
gaming,negative,negative,36.144578313253014,0.0,0.0,0.0,0.0,0.0,0.0,0.0,False
gaming,positive,positive,63.82978723404255,0.0,0.0,0.0,0.0,0.0,0.0,0.0,False
gaming,positive,negative,19.230769230769234,57.69230769230769,0.0,0.0,0.0,0.0,0.0,0.0,True
gaming,positive,positive,56.0,0.0,0.0,0.0,0.0,0.0,0.0,0.0,False
gaming,positive,positive,6.369426751592357,0.0,12.738853503184714,6.369426751592357,0.0,0.0,0.0,0.0,False
gaming,positive,positive,47.61904761904761,0.0,0.0,0.0,0.0,0.0,0.0,0.0,False
gaming,positive,positive,38.46153846153847,5.4945054945054945,5.4945054945054945,0.0,0.0,0.0,0.0,0.0,False
gaming,negative,negative,31.531531531531527,0.0,9.00900900900901,4.504504504504505,0.0,0.0,0.0,0.0,False
gaming,positive,positive,28.77697841726619,0.0,0.0,0.0,0.0,0.0,0.0,0.0,False
gaming,positive,positive,41.95804195804196,0.0,0.0,6.993006993006993,0.0,0.0,0.0,0.0,False
gaming,positive,positive,28.30188679245283,0.0,0.0,0.0,0.0,0.0,0.0,0.0,False
gaming,neutral,neutral,51.724137931034484,0.0,8.620689655172413,0.0,0.0,0.0,0.0,0.0,False
gaming,positive,positive,19.41747572815534,9.70873786407767,4.854368932038835,0.0,0.0,0.0,0.0,0.0,False
gaming,positive,positive,63.15789473684211,0.0,0.0,0.0,0.0,0.0,0.0,0.0,False
gaming,negative,negative,47.97979797979798,0.0,0.0,10.101010101010102,0.0,0.0,0.0,0.0,False
gaming,positive,positive,43.47826086956522,0.0,4.3478260869565215,2.1739130434782608,0.0,0.0,0.0,0.0,False
gaming,positive,positive,45.3781512605042,0.0,0.0,0.0,0.0,0.0,0.0,0.0,False
gaming,positive,positive,54.54545454545454,0.0,0.0,0.0,0.0,0.0,0.0,0.0,False
gaming,positive,positive,51.15089514066496,0.0,0.0,5.115089514066496,0.0,0.0,0.0,0.0,False
gaming,positive,positive,62.85714285714286,0.0,5.714285714285714,0.0,0.0,0.0,0.0,0.0,False
gaming,negative,negative,79.36507936507937,0.0,15.873015873015872,0.0,0.0,0.0,0.0,0.0,False
gaming,positive,positive,70.17543859649122,0.0,0.0,0.0,0.0,0.0,0.0,0.0,False
gaming,negative,negative,45.24886877828054,0.0,0.0,0.0,0.0,0.0,0.0,0.0,False
gaming,positive,positive,36.58536585365854,0.0,0.0,0.0,0.0,0.0,0.0,0.0,False
gaming,neutral,neutral,18.867924528301884,0.0,18.867924528301884,0.0,0.0,0.0,0.0,0.0,False
gaming,negative,negative,56.25,0.0,0.0,0.0,0.0,0.0,0.0,0.0,False
gaming,negative,negative,40.54054054054054,0.0,0.0,0.0,0.0,0.0,0.0,0.0,False
gaming,positive,positive,56.17977528089887,0.0,0.0,0.0,0.0,0.0,0.0,0.0,False
gaming,negative,negative,65.78947368421052,0.0,0.0,6.578947368421052,0.0,0.0,0.0,0.0,False
gaming,negative,negative,32.786885245901644,0.0,16.393442622950822,8.196721311475411,0.0,0.0,0.0,0.0,False
gaming,negative,negative,65.04065040650407,0.0,4.065040650406504,0.0,0.0,0.0,0.0,0.0,False
gaming,negative,negative,45.45454545454545,0.0,0.0,0.0,0.0,0.0,0.0,0.0,False
gaming,negative,negative,65.04065040650407,0.0,0.0,0.0,0.0,0.0,0.0,0.0,False
gaming,negative,negative,69.95884773662551,0.0,4.11522633744856,0.0,0.0,0.0,0.0,0.0,False
gaming,negative,negative,40.697674418604656,0.0,0.0,0.0,0.0,0.0,0.0,0.0,False
gaming,negative,negative,38.83495145631068,0.0,0.0,0.0,0.0,0.0,0.0,0.0,False
gaming,negative,negative,55.172413793103445,0.0,0.0,0.0,0.0,0.0,0.0,0.0,False
gaming,negative,negative,30.303030303030305,0.0,0.0,0.0,0.0,0.0,0.0,0.0,False
gaming,negative,negative,31.746031746031743,0.0,0.0,15.873015873015872,0.0,0.0,0.0,0.0,False
gaming,negative,negative,76.92307692307693,0.0,0.0,0.0,0.0,0.0,0.0,0.0,False
gaming,negative,negative,41.23711340206186,0.0,51.546391752577314,0.0,0.0,0.0,0.0,0.0,False
gaming,negative,negative,70.79646017699115,0.0,0.0,0.0,0.0,0.0,0.0,0.0,False
gaming,positive,positive,35.08771929824561,0.0,0.0,0.0,0.0,0.0,0.0,0.0,False
gaming,negative,negative,47.05882352941176,0.0,0.0,0.0,0.0,0.0,0.0,0.0,False
gaming,negative,negative,41.666666666666664,0.0,0.0,0.0,0.0,0.0,0.0,0.0,False
gaming,negative,negative,41.666666666666664,0.0,0.0,13.888888888888888,0.0,0.0,0.0,0.0,False
gaming,positive,positive,54.27974947807934,4.17536534446764,0.0,0.0,0.0,0.0,0.0,0.0,False
gaming,negative,negative,48.9938757655293,0.8748906386701663,4.374453193350831,2.6246719160104988,0.0,0.0,0.0,0.0,False
gaming,positive,positive,51.724137931034484,0.0,0.0,0.0,0.0,0.0,0.0,0.0,False
gaming,positive,positive,61.42506142506143,0.0,1.2285012285012284,1.2285012285012284,0.0,0.0,0.0,0.0,False
gaming,positive,positive,88.23529411764706,0.0,0.0,0.0,0.0,0.0,0.0,0.0,False
gaming,positive,positive,40.2930402930403,0.0,0.0,0.0,0.0,0.0,0.0,0.0,False
gaming,neutral,neutral,46.51162790697674,0.0,0.0,23.25581395348837,0.0,0.0,0.0,0.0,False
gaming,positive,positive,31.25,0.0,15.625,0.0,0.0,0.0,0.0,0.0,False
gaming,positive,positive,55.55555555555555,0.0,13.888888888888888,0.0,0.0,0.0,0.0,0.0,False
gaming,negative,negative,58.8235294117647,0.0,0.0,0.0,0.0,0.0,0.0,0.0,False
gaming,positive,positive,48.1283422459893,0.0,0.0,5.347593582887701,0.0,0.0,0.0,0.0,False
gaming,positive,positive,71.42857142857143,0.0,0.0,71.42857142857143,0.0,0.0,0.0,0.0,False
gaming,positive,positive,35.92814371257485,0.0,5.9880239520958085,5.9880239520958085,0.0,0.0,0.0,0.0,False
gaming,negative,negative,36.36363636363636,27.27272727272727,9.09090909090909,0.0,0.0,9.09090909090909,0.0,0.0,False
gaming,positive,positive,49.01960784313725,0.0,0.0,0.0,0.0,0.0,0.0,0.0,False
gaming,positive,positive,60.3448275862069,0.0,0.0,0.0,0.0,0.0,0.0,0.0,False
gaming,positive,positive,40.697674418604656,0.0,0.0,0.0,0.0,0.0,0.0,0.0,False
gaming,negative,negative,45.45454545454545,0.0,0.0,0.0,0.0,0.0,0.0,0.0,False
gaming,negative,neutral,50.955414012738856,0.0,6.369426751592357,0.0,0.0,0.0,0.0,0.0,True
gaming,negative,negative,58.6552217453505,0.0,0.0,1.4306151645207439,0.0,0.0,0.0,0.0,False
gaming,positive,positive,40.46242774566474,0.0,0.0,0.0,0.0,0.0,0.0,0.0,False
gaming,negative,negative,51.724137931034484,0.0,0.0,0.0,0.0,0.0,0.0,0.0,False
gaming,positive,positive,96.77419354838709,0.0,32.25806451612903,0.0,0.0,0.0,0.0,0.0,False
gaming,positive,positive,50.0,6.25,6.25,0.0,0.0,0.0,0.0,0.0,False
gaming,positive,positive,58.8235294117647,0.0,0.0,0.0,0.0,0.0,0.0,0.0,False
gaming,negative,negative,105.26315789473684,0.0,0.0,0.0,0.0,0.0,0.0,0.0,False
gaming,positive,positive,64.51612903225806,0.0,0.0,0.0,0.0,0.0,0.0,0.0,False
gaming,positive,positive,38.46153846153847,0.0,4.273504273504274,0.0,0.0,0.0,0.0,0.0,False
gaming,positive,positive,54.054054054054056,0.0,0.0,18.01801801801802,0.0,0.0,0.0,0.0,False
gaming,positive,positive,20.0,0.0,20.0,20.0,0.0,0.0,0.0,0.0,False
gaming,negative,negative,55.55555555555555,0.0,0.0,0.0,0.0,0.0,0.0,0.0,False
gaming,positive,positive,54.58515283842795,0.0,0.0,0.0,0.0,0.0,0.0,0.0,False
gaming,positive,positive,52.63157894736842,0.0,13.157894736842104,0.0,0.0,0.0,0.0,0.0,False
gaming,negative,negative,60.0,0.0,0.0,0.0,0.0,0.0,0.0,0.0,False
gaming,positive,positive,55.118110236220474,0.0,0.0,7.874015748031496,0.0,0.0,0.0,0.0,False
gaming,positive,positive,55.83756345177665,0.0,0.0,0.0,0.0,0.0,0.0,0.0,False
gaming,negative,negative,64.1025641025641,0.0,0.0,0.0,0.0,0.0,0.0,0.0,False
gaming,negative,negative,44.11764705882353,0.0,0.0,0.0,0.0,0.0,0.0,0.0,False
gaming,positive,positive,41.37931034482759,0.0,0.0,0.0,0.0,0.0,0.0,0.0,False
gaming,positive,positive,72.28915662650603,0.0,0.0,0.0,0.0,0.0,0.0,0.0,False
gaming,negative,negative,36.84210526315789,0.0,0.0,0.0,0.0,0.0,0.0,0.0,False
gaming,positive,positive,48.148148148148145,0.0,0.0,7.407407407407407,0.0,0.0,0.0,0.0,False
gaming,positive,positive,52.083333333333336,0.0,0.0,0.0,0.0,0.0,0.0,0.0,False
gaming,positive,positive,65.57377049180329,0.0,0.0,0.0,0.0,0.0,0.0,0.0,False
gaming,positive,positive,16.393442622950822,0.0,0.0,0.0,0.0,0.0,0.0,0.0,False
gaming,negative,negative,58.8235294117647,9.803921568627452,0.0,0.0,0.0,0.0,0.0,0.0,False
gaming,positive,positive,54.054054054054056,0.0,22.52252252252252,9.00900900900901,0.0,0.0,0.0,0.0,False
gaming,negative,negative,54.054054054054056,0.0,0.0,0.0,0.0,0.0,0.0,0.0,False
gaming,negative,negative,35.842293906810035,0.0,0.0,0.0,0.0,0.0,0.0,0.0,False
gaming,positive,positive,39.62703962703962,0.0,4.662004662004662,0.0,0.0,0.0,0.0,0.0,False
gaming,positive,positive,41.32231404958678,0.0,8.264462809917356,8.264462809917356,0.0,0.0,0.0,0.0,False
gaming,positive,positive,45.824847250509166,0.0,4.0733197556008145,1.0183299389002036,0.0,0.0,0.0,0.0,False
gaming,positive,positive,55.55555555555555,0.0,0.0,0.0,0.0,0.0,0.0,0.0,False
gaming,negative,negative,84.15841584158416,0.0,0.0,0.0,0.0,0.0,0.0,0.0,False
gaming,positive,positive,36.69724770642202,0.0,0.0,9.174311926605505,0.0,0.0,0.0,0.0,False
gaming,negative,negative,21.27659574468085,0.0,0.0,21.27659574468085,0.0,0.0,0.0,0.0,False
gaming,negative,negative,71.42857142857143,0.0,0.0,0.0,0.0,0.0,0.0,0.0,False
gaming,negative,negative,20.61855670103093,0.0,10.309278350515465,0.0,0.0,0.0,0.0,0.0,False
gaming,negative,negative,19.607843137254903,0.0,0.0,0.0,0.0,0.0,0.0,0.0,False
gaming,negative,negative,35.21126760563381,0.0,7.042253521126761,7.042253521126761,0.0,0.0,0.0,0.0,False
gaming,positive,positive,37.5,0.0,0.0,0.0,0.0,0.0,0.0,0.0,False
gaming,positive,positive,38.46153846153847,0.0,0.0,0.0,0.0,0.0,0.0,0.0,False
gaming,positive,positive,25.31645569620253,0.0,0.0,0.0,0.0,0.0,0.0,0.0,False
gaming,positive,positive,22.22222222222222,0.0,22.22222222222222,22.22222222222222,0.0,0.0,0.0,0.0,False
gaming,positive,positive,51.724137931034484,0.0,0.0,0.0,0.0,0.0,0.0,0.0,False
gaming,positive,positive,36.03603603603604,36.03603603603604,9.00900900900901,0.0,0.0,0.0,0.0,0.0,False
gaming,negative,negative,38.96103896103896,0.0,0.0,0.0,0.0,0.0,0.0,0.0,False
gaming,positive,positive,39.603960396039604,0.0,4.9504950495049505,0.0,0.0,0.0,0.0,0.0,False
gaming,positive,positive,46.24277456647398,0.0,5.780346820809248,0.0,0.0,0.0,0.0,0.0,False
gaming,negative,negative,49.01960784313725,0.0,0.0,0.0,0.0,0.0,0.0,0.0,False
gaming,negative,negative,68.9655172413793,0.0,0.0,0.0,0.0,0.0,0.0,0.0,False
gaming,negative,negative,43.20987654320987,0.0,12.345679012345679,3.0864197530864197,0.0,0.0,0.0,0.0,False
gaming,negative,negative,23.4375,0.0,0.0,0.0,0.0,0.0,0.0,0.0,False
gaming,negative,negative,41.904761904761905,1.9047619047619047,1.9047619047619047,3.8095238095238093,0.0,0.0,0.0,0.0,False
gaming,negative,negative,53.05039787798409,18.56763925729443,2.6525198938992043,0.0,0.0,0.0,0.0,0.0,False
gaming,positive,positive,75.34246575342465,0.0,0.0,0.0,0.0,0.0,0.0,0.0,False
gaming,positive,positive,9.00900900900901,0.0,0.0,9.00900900900901,0.0,0.0,0.0,0.0,False
gaming,negative,negative,47.008547008547005,0.0,0.0,0.0,0.0,0.0,0.0,0.0,False
gaming,negative,negative,53.57142857142857,0.0,0.0,0.0,0.0,0.0,0.0,0.0,False
gaming,negative,negative,26.31578947368421,0.0,0.0,0.0,0.0,0.0,0.0,0.0,False
gaming,negative,negative,33.557046979865774,0.0,0.0,0.0,0.0,0.0,0.0,0.0,False
gaming,negative,negative,65.08875739644971,0.0,0.0,0.0,0.0,0.0,0.0,0.0,False
gaming,positive,positive,37.73584905660377,0.0,0.0,0.0,0.0,0.0,0.0,0.0,False
gaming,positive,positive,48.543689320388346,0.0,0.0,0.0,0.0,0.0,0.0,0.0,False
gaming,positive,positive,35.21126760563381,0.0,0.0,0.0,0.0,0.0,0.0,0.0,False
gaming,negative,negative,42.42424242424243,0.0,0.0,0.0,0.0,0.0,0.0,0.0,False
gaming,positive,positive,38.46153846153847,0.0,0.0,0.0,0.0,0.0,0.0,0.0,False
gaming,positive,positive,39.10614525139665,0.0,0.0,0.0,0.0,0.0,0.0,0.0,False
gaming,positive,positive,38.70967741935484,0.0,0.0,0.0,0.0,0.0,0.0,0.0,False
gaming,negative,negative,49.504950495049506,0.0,0.0,9.900990099009901,0.0,0.0,0.0,0.0,False
gaming,neutral,neutral,0.0,0.0,125.0,125.0,0.0,0.0,0.0,0.0,False
gaming,positive,positive,60.810810810810814,0.0,0.0,6.756756756756757,0.0,0.0,0.0,0.0,False
gaming,negative,negative,88.60759493670886,0.0,0.0,0.0,0.0,0.0,0.0,0.0,False
gaming,neutral,neutral,46.51162790697674,0.0,0.0,0.0,0.0,0.0,0.0,0.0,False
gaming,positive,positive,43.333333333333336,0.0,3.3333333333333335,3.3333333333333335,0.0,0.0,0.0,0.0,False
gaming,negative,negative,46.709129511677276,4.246284501061571,0.0,1.0615711252653928,0.0,0.0,0.0,0.0,False
gaming,positive,positive,54.6875,31.25,0.0,0.0,0.0,0.0,0.0,0.0,False
gaming,negative,negative,84.50704225352112,0.0,0.0,0.0,0.0,0.0,0.0,0.0,False
gaming,positive,positive,53.50553505535055,0.0,5.535055350553505,0.0,0.0,0.0,0.0,0.0,False
gaming,positive,positive,57.291666666666664,0.0,5.208333333333333,0.0,0.0,0.0,0.0,0.0,False
gaming,negative,negative,35.08771929824561,0.0,0.0,0.0,0.0,0.0,0.0,0.0,False
gaming,positive,positive,32.05128205128205,0.0,6.41025641025641,0.0,0.0,0.0,0.0,0.0,False
gaming,positive,positive,31.578947368421055,0.0,0.0,0.0,0.0,0.0,0.0,0.0,False
gaming,positive,positive,55.04587155963303,0.0,0.0,0.0,0.0,0.0,0.0,0.0,False
gaming,negative,negative,33.333333333333336,0.0,0.0,0.0,0.0,0.0,0.0,0.0,False
gaming,negative,negative,70.51282051282051,0.0,0.0,0.0,0.0,0.0,0.0,0.0,False
gaming,negative,negative,48.611111111111114,3.472222222222222,6.944444444444444,0.0,0.0,0.0,0.0,0.0,False
gaming,neutral,neutral,14.705882352941176,0.0,0.0,0.0,0.0,0.0,0.0,0.0,False
gaming,positive,positive,58.8235294117647,0.0,0.0,0.0,0.0,0.0,0.0,0.0,False
gaming,negative,negative,55.94405594405595,0.0,6.993006993006993,0.0,0.0,0.0,0.0,0.0,False
gaming,negative,negative,125.0,0.0,0.0,0.0,0.0,0.0,0.0,0.0,False
gaming,positive,positive,27.68166089965398,0.0,6.920415224913495,3.4602076124567476,0.0,0.0,0.0,0.0,False
gaming,negative,negative,63.63636363636363,0.0,9.09090909090909,0.0,0.0,0.0,0.0,0.0,False
gaming,negative,negative,50.0,0.0,0.0,12.5,0.0,0.0,0.0,0.0,False
gaming,positive,positive,31.25,0.0,0.0,0.0,0.0,0.0,0.0,0.0,False
gaming,negative,negative,40.189125295508276,4.7281323877068555,0.0,11.82033096926714,0.0,0.0,0.0,0.0,False
gaming,negative,negative,29.850746268656717,0.0,7.462686567164179,0.0,0.0,0.0,0.0,0.0,False
gaming,negative,negative,52.63157894736842,0.0,0.0,0.0,0.0,0.0,0.0,0.0,False
gaming,negative,positive,63.82978723404255,0.0,0.0,5.319148936170213,0.0,0.0,0.0,0.0,True
gaming,positive,positive,21.27659574468085,0.0,0.0,42.5531914893617,0.0,0.0,0.0,0.0,False
gaming,negative,negative,42.183622828784124,0.0,0.0,2.4813895781637716,0.0,0.0,0.0,0.0,False
gaming,negative,negative,58.333333333333336,0.0,0.0,0.0,0.0,0.0,0.0,0.0,False
gaming,negative,negative,34.090909090909086,0.0,0.0,0.0,0.0,0.0,0.0,0.0,False
gaming,positive,positive,43.16546762589928,7.194244604316547,0.0,0.0,0.0,0.0,0.0,0.0,False
gaming,negative,negative,37.73584905660377,6.289308176100629,18.867924528301884,0.0,0.0,0.0,0.0,0.0,False
gaming,neutral,neutral,36.58536585365854,0.0,12.195121951219512,0.0,0.0,0.0,0.0,0.0,False
gaming,positive,positive,60.30150753768844,0.0,0.0,0.0,0.0,0.0,0.0,0.0,False
gaming,positive,positive,37.5,0.0,0.0,0.0,0.0,0.0,0.0,0.0,False
gaming,positive,positive,15.384615384615385,0.0,30.76923076923077,0.0,0.0,0.0,0.0,0.0,False
gaming,negative,negative,29.661016949152543,0.0,0.0,0.0,0.0,0.0,0.0,0.0,False
gaming,negative,negative,40.229885057471265,0.0,0.0,0.0,0.0,0.0,0.0,0.0,False
gaming,positive,positive,43.30708661417323,0.0,0.0,0.0,0.0,0.0,0.0,0.0,False
gaming,negative,negative,35.04043126684636,2.6954177897574128,13.477088948787063,0.0,0.0,0.0,0.0,0.0,False
gaming,positive,positive,40.816326530612244,0.0,0.0,0.0,0.0,0.0,0.0,0.0,False
gaming,positive,positive,57.59162303664921,0.0,0.0,0.0,0.0,0.0,0.0,0.0,False
gaming,positive,positive,47.61904761904761,0.0,0.0,0.0,0.0,0.0,0.0,0.0,False
gaming,positive,positive,64.1025641025641,0.0,0.0,0.0,0.0,0.0,0.0,0.0,False
gaming,positive,positive,49.18032786885246,0.0,16.393442622950822,0.0,0.0,0.0,0.0,0.0,False
gaming,negative,negative,64.51612903225806,0.0,0.0,0.0,0.0,0.0,0.0,0.0,False
gaming,negative,negative,35.294117647058826,0.0,5.88235294117647,0.0,0.0,0.0,0.0,0.0,False
gaming,negative,negative,68.06282722513089,10.471204188481677,10.471204188481677,0.0,5.235602094240838,0.0,0.0,0.0,False
gaming,positive,positive,43.47826086956522,0.0,0.0,5.434782608695652,0.0,0.0,0.0,0.0,False
gaming,positive,positive,45.7516339869281,0.0,0.0,6.5359477124183005,0.0,0.0,0.0,0.0,False
gaming,negative,negative,62.05250596658711,0.0,2.3866348448687353,0.0,0.0,0.0,0.0,0.0,False
gaming,positive,positive,56.2015503875969,0.0,0.0,0.0,0.0,0.0,0.0,0.0,False
gaming,negative,negative,36.144578313253014,0.0,0.0,12.048192771084338,0.0,0.0,0.0,0.0,False
gaming,positive,positive,44.9438202247191,0.0,0.0,0.0,0.0,0.0,0.0,0.0,False
gaming,negative,negative,52.63157894736842,0.0,0.0,0.0,0.0,0.0,0.0,0.0,False
gaming,positive,positive,67.66917293233082,0.0,0.0,0.0,0.0,0.0,0.0,0.0,False
gaming,negative,negative,44.44444444444444,0.0,0.0,0.0,0.0,0.0,0.0,0.0,False
gaming,positive,negative,38.817005545286506,1.8484288354898337,1.8484288354898337,5.545286506469501,0.0,0.0,0.0,0.0,True
gaming,negative,negative,83.33333333333333,0.0,13.888888888888888,0.0,0.0,0.0,0.0,0.0,False
gaming,positive,positive,65.21739130434783,10.869565217391305,0.0,0.0,0.0,0.0,0.0,0.0,False
gaming,positive,positive,48.78048780487805,0.0,0.0,0.0,0.0,0.0,0.0,0.0,False
gaming,positive,positive,69.56521739130434,0.0,0.0,0.0,0.0,0.0,0.0,0.0,False
gaming,positive,positive,111.1111111111111,0.0,0.0,0.0,0.0,0.0,0.0,0.0,False
gaming,positive,positive,66.66666666666667,0.0,0.0,0.0,0.0,0.0,0.0,0.0,False
gaming,positive,positive,75.23510971786834,0.0,0.0,3.134796238244514,0.0,0.0,0.0,0.0,False
gaming,positive,positive,44.24778761061947,0.0,17.699115044247787,0.0,0.0,0.0,0.0,0.0,False
politics,positive,positive,52.63157894736842,0.0,0.0,0.0,0.0,0.0,0.0,0.0,False
politics,negative,negative,59.0030518819939,1.0172939979654119,9.155645981688709,0.0,2.0345879959308237,0.0,0.0,0.0,False
politics,negative,negative,62.5,0.0,13.888888888888888,0.0,0.0,0.0,0.0,0.0,False
politics,negative,negative,40.90909090909091,0.0,0.0,0.0,0.0,0.0,0.0,0.0,False
politics,positive,positive,49.64539007092199,0.0,0.0,0.0,0.0,0.0,0.0,0.0,False
politics,positive,positive,43.0622009569378,0.0,0.0,0.0,0.0,0.0,0.0,0.0,False
politics,positive,positive,48.19277108433735,0.0,4.016064257028112,0.0,0.0,0.0,0.0,0.0,False
politics,negative,negative,46.43962848297214,0.0,0.0,0.0,0.0,0.0,0.0,0.0,False
politics,negative,negative,70.42253521126761,0.0,0.0,0.0,0.0,0.0,0.0,0.0,False
politics,negative,negative,39.80099502487562,0.0,9.950248756218905,0.0,0.0,0.0,0.0,0.0,False
politics,negative,negative,48.78048780487805,0.0,0.0,0.0,0.0,0.0,0.0,0.0,False
politics,negative,negative,36.0,4.0,4.0,8.0,0.0,0.0,0.0,0.0,False
politics,negative,negative,50.63291139240506,0.0,0.0,0.0,0.0,0.0,0.0,0.0,False
politics,negative,negative,42.5531914893617,0.0,10.638297872340425,10.638297872340425,0.0,0.0,0.0,0.0,False
politics,negative,negative,62.5,0.0,0.0,0.0,0.0,0.0,0.0,0.0,False
politics,negative,negative,57.69230769230769,0.0,6.41025641025641,0.0,0.0,0.0,0.0,0.0,False
politics,negative,negative,32.0855614973262,0.0,0.0,0.0,0.0,0.0,0.0,0.0,False
politics,negative,negative,74.32432432432432,0.0,0.0,6.756756756756757,0.0,0.0,0.0,0.0,False
politics,negative,negative,50.2283105022831,0.0,4.5662100456621,13.698630136986301,0.0,0.0,0.0,0.0,False
politics,negative,negative,57.55395683453238,0.0,0.0,7.194244604316547,0.0,0.0,0.0,0.0,False
politics,negative,negative,30.136986301369863,0.0,10.95890410958904,0.0,0.0,0.0,0.0,0.0,False
politics,positive,positive,32.55813953488372,0.0,0.0,4.651162790697675,0.0,0.0,0.0,0.0,False
politics,positive,positive,74.07407407407408,0.0,0.0,0.0,0.0,0.0,0.0,0.0,False
politics,negative,negative,32.0,8.0,16.0,0.0,0.0,0.0,0.0,0.0,False
politics,positive,positive,44.576523031203564,1.4858841010401187,2.9717682020802374,0.0,0.0,0.0,0.0,0.0,False
politics,negative,negative,68.9655172413793,0.0,0.0,0.0,0.0,0.0,0.0,0.0,False
politics,positive,positive,18.867924528301884,0.0,18.867924528301884,0.0,0.0,0.0,0.0,0.0,False
politics,positive,positive,54.31309904153355,0.0,0.0,0.0,0.0,0.0,0.0,0.0,False
politics,positive,positive,52.38095238095238,0.0,0.0,0.0,0.0,0.0,0.0,0.0,False
politics,positive,positive,41.0958904109589,0.0,0.0,0.0,0.0,0.0,0.0,0.0,False
politics,negative,negative,44.776119402985074,0.0,0.0,29.850746268656717,0.0,0.0,0.0,0.0,False
politics,positive,positive,30.76923076923077,0.0,0.0,0.0,0.0,0.0,0.0,0.0,False
politics,positive,positive,58.8235294117647,0.0,0.0,0.0,0.0,0.0,0.0,0.0,False
politics,positive,positive,90.9090909090909,0.0,0.0,0.0,0.0,0.0,0.0,0.0,False
politics,negative,negative,31.25,0.0,0.0,0.0,0.0,0.0,0.0,0.0,False
politics,positive,positive,80.85106382978724,0.0,4.25531914893617,0.0,0.0,0.0,0.0,0.0,False
politics,positive,positive,43.24324324324324,0.0,0.0,2.7027027027027026,0.0,0.0,0.0,0.0,False
politics,negative,negative,45.19774011299435,0.0,0.0,0.0,0.0,0.0,0.0,0.0,False
politics,positive,positive,51.18829981718464,0.0,0.0,0.0,0.0,0.0,0.0,0.0,False
politics,negative,negative,89.55223880597015,0.0,0.0,0.0,0.0,0.0,0.0,0.0,False
politics,negative,negative,80.0,0.0,0.0,0.0,0.0,0.0,0.0,0.0,False
politics,neutral,neutral,58.8235294117647,0.0,0.0,0.0,0.0,0.0,0.0,0.0,False
politics,positive,positive,53.03030303030303,0.0,0.0,0.0,0.0,0.0,0.0,0.0,False
politics,negative,negative,48.275862068965516,0.0,0.0,0.0,0.0,0.0,0.0,0.0,False
politics,neutral,neutral,36.144578313253014,0.0,0.0,0.0,0.0,0.0,0.0,0.0,False
politics,positive,negative,41.43646408839779,0.0,1.3812154696132597,0.0,0.0,0.0,0.0,0.0,True
politics,negative,negative,47.61904761904761,0.0,15.873015873015872,0.0,0.0,0.0,0.0,0.0,False
politics,negative,negative,50.69124423963134,0.0,0.0,0.0,0.0,0.0,0.0,0.0,False
politics,positive,positive,31.25,0.0,0.0,0.0,0.0,0.0,0.0,0.0,False
politics,positive,positive,43.16546762589928,0.0,7.194244604316547,0.0,0.0,0.0,0.0,0.0,False
politics,positive,positive,24.390243902439025,0.0,0.0,0.0,0.0,0.0,0.0,0.0,False
politics,negative,negative,46.413502109704645,2.109704641350211,2.109704641350211,0.0,0.0,0.0,0.0,0.0,False
politics,positive,positive,55.55555555555555,0.0,5.555555555555555,0.0,0.0,0.0,0.0,0.0,False
politics,positive,negative,39.603960396039604,0.0,0.0,0.0,0.0,0.0,0.0,0.0,True
politics,negative,negative,66.66666666666667,0.0,0.0,0.0,0.0,0.0,0.0,0.0,False
politics,positive,positive,67.41573033707866,0.0,0.0,0.0,0.0,0.0,0.0,0.0,False
politics,negative,negative,39.40886699507389,0.0,0.0,0.0,0.0,0.0,0.0,0.0,False
politics,positive,positive,42.96875,0.0,5.859375,3.90625,0.0,0.0,0.0,0.0,False
politics,negative,negative,33.333333333333336,0.0,33.333333333333336,66.66666666666667,0.0,0.0,0.0,0.0,False
politics,negative,negative,75.0,0.0,0.0,0.0,0.0,0.0,0.0,0.0,False
politics,positive,positive,51.948051948051955,0.0,0.0,0.0,0.0,0.0,0.0,0.0,False
politics,negative,negative,38.46153846153847,0.0,0.0,0.0,0.0,0.0,0.0,0.0,False
politics,positive,positive,50.84745762711865,3.389830508474576,13.559322033898304,0.0,0.0,0.0,0.0,0.0,False
politics,negative,negative,43.90243902439024,0.0,0.0,0.0,0.0,0.0,0.0,0.0,False
politics,negative,negative,24.691358024691358,0.0,12.345679012345679,0.0,0.0,0.0,0.0,0.0,False
politics,positive,positive,49.64539007092199,28.368794326241133,35.46099290780142,0.0,0.0,7.092198581560283,0.0,0.0,False
politics,positive,positive,60.0,20.0,0.0,0.0,0.0,10.0,0.0,0.0,False
politics,negative,negative,44.554455445544555,0.0,0.0,4.9504950495049505,0.0,0.0,0.0,0.0,False
politics,neutral,neutral,0.0,0.0,0.0,0.0,0.0,0.0,0.0,0.0,False
politics,negative,negative,61.224489795918366,0.0,0.0,0.0,0.0,0.0,0.0,0.0,False
politics,negative,negative,30.821917808219176,0.0,3.4246575342465753,3.4246575342465753,0.0,0.0,0.0,0.0,False
politics,positive,positive,31.5031503150315,0.0,0.0,0.0,0.0,0.0,0.0,0.0,False
politics,negative,negative,35.64356435643564,0.0,0.0,0.0,0.0,0.0,0.0,0.0,False
politics,negative,negative,34.764826175869125,0.0,6.134969325153374,0.0,0.0,0.0,0.0,0.0,False
politics,negative,negative,56.91056910569105,0.0,40.65040650406504,8.130081300813009,0.0,0.0,0.0,0.0,False
politics,positive,positive,49.29577464788732,0.0,7.042253521126761,0.0,0.0,0.0,0.0,0.0,False
politics,negative,negative,69.44444444444444,0.0,0.0,13.888888888888888,0.0,0.0,0.0,0.0,False
politics,negative,positive,59.006211180124225,0.7763975155279502,2.329192546583851,2.329192546583851,0.0,0.0,0.0,0.0,True
politics,neutral,positive,0.0,0.0,111.1111111111111,0.0,0.0,0.0,0.0,0.0,True
politics,positive,positive,48.387096774193544,0.0,10.752688172043012,0.0,0.0,0.0,0.0,0.0,False
politics,negative,negative,0.0,125.0,125.0,0.0,0.0,0.0,0.0,0.0,False
politics,negative,negative,46.875,0.0,0.0,3.90625,0.0,0.0,0.0,0.0,False
politics,positive,positive,47.61904761904761,0.0,0.0,0.0,0.0,0.0,0.0,0.0,False
politics,positive,positive,43.47826086956522,0.0,0.0,0.0,0.0,0.0,0.0,0.0,False
politics,positive,positive,60.97560975609756,12.195121951219512,0.0,0.0,0.0,0.0,0.0,0.0,False
politics,negative,negative,71.42857142857143,0.0,0.0,0.0,0.0,0.0,0.0,0.0,False
politics,positive,positive,47.61904761904761,0.0,11.904761904761903,0.0,0.0,0.0,0.0,0.0,False
politics,negative,negative,64.67661691542288,0.0,4.975124378109452,0.0,0.0,0.0,0.0,0.0,False
politics,negative,negative,57.915057915057915,0.0,0.0,3.8610038610038613,0.0,0.0,0.0,0.0,False
politics,positive,positive,48.387096774193544,0.0,6.451612903225806,0.0,0.0,0.0,0.0,0.0,False
politics,positive,positive,64.51612903225806,0.0,0.0,0.0,0.0,0.0,0.0,0.0,False
politics,negative,negative,35.39823008849557,0.0,0.0,17.699115044247787,0.0,0.0,0.0,0.0,False
politics,positive,positive,44.44444444444444,0.0,0.0,0.0,0.0,0.0,0.0,0.0,False
politics,negative,negative,106.38297872340425,0.0,0.0,0.0,0.0,0.0,0.0,0.0,False
politics,negative,negative,55.85106382978723,0.0,0.0,2.6595744680851063,0.0,0.0,0.0,0.0,False
politics,positive,positive,36.144578313253014,0.0,18.072289156626507,0.0,0.0,0.0,0.0,0.0,False
politics,positive,positive,60.97560975609756,0.0,0.0,0.0,0.0,0.0,0.0,0.0,False
politics,positive,positive,40.89219330855018,0.0,3.717472118959108,3.717472118959108,0.0,0.0,0.0,0.0,False
politics,positive,positive,41.80064308681672,0.0,12.861736334405144,0.0,0.0,0.0,0.0,0.0,False
politics,negative,positive,57.34767025089606,0.0,0.0,0.0,0.0,0.0,0.0,0.0,True
politics,negative,negative,34.78260869565217,0.0,0.0,0.0,0.0,0.0,0.0,0.0,False
politics,positive,positive,48.8599348534202,0.0,22.80130293159609,0.0,0.0,0.0,0.0,0.0,False
politics,positive,positive,63.15789473684211,0.0,42.10526315789473,0.0,0.0,0.0,0.0,0.0,False
politics,positive,positive,21.12676056338028,0.0,0.0,0.0,0.0,0.0,0.0,0.0,False
politics,positive,positive,59.78260869565218,0.0,0.0,0.0,0.0,0.0,0.0,0.0,False
politics,negative,negative,28.57142857142857,0.0,0.0,0.0,0.0,0.0,0.0,0.0,False
politics,negative,negative,42.857142857142854,0.0,0.0,0.0,0.0,0.0,0.0,0.0,False
politics,negative,negative,21.73913043478261,0.0,0.0,0.0,0.0,0.0,0.0,0.0,False
politics,negative,negative,38.46153846153847,0.0,7.6923076923076925,0.0,0.0,0.0,0.0,0.0,False
politics,positive,positive,58.8235294117647,0.0,0.0,0.0,0.0,0.0,0.0,0.0,False
politics,positive,positive,60.60606060606061,0.0,0.0,0.0,0.0,0.0,0.0,0.0,False
politics,negative,positive,68.37606837606839,0.0,8.547008547008549,0.0,0.0,0.0,0.0,0.0,True
politics,positive,positive,62.5,0.0,0.0,0.0,0.0,0.0,0.0,0.0,False
politics,negative,negative,34.48275862068965,0.0,3.8314176245210727,22.988505747126435,0.0,0.0,0.0,0.0,False
politics,positive,positive,57.69230769230769,0.0,0.0,0.0,0.0,0.0,0.0,0.0,False
politics,positive,positive,43.26923076923077,0.0,0.0,0.0,0.0,0.0,0.0,0.0,False
politics,neutral,neutral,0.0,100.0,0.0,0.0,0.0,0.0,0.0,0.0,False
politics,negative,negative,58.8235294117647,0.0,0.0,0.0,0.0,0.0,0.0,0.0,False
politics,negative,negative,43.47826086956522,0.0,0.0,0.0,0.0,0.0,0.0,0.0,False
politics,positive,positive,85.71428571428571,0.0,0.0,0.0,0.0,0.0,0.0,0.0,False
politics,positive,positive,52.63157894736842,0.0,0.0,0.0,0.0,0.0,0.0,0.0,False
politics,positive,positive,55.393586005830905,0.0,2.9154518950437316,0.0,0.0,0.0,0.0,0.0,False
politics,neutral,neutral,76.92307692307693,0.0,0.0,0.0,0.0,0.0,0.0,0.0,False
politics,negative,negative,41.49377593360996,4.149377593360996,0.0,0.0,0.0,0.0,0.0,0.0,False
politics,positive,positive,27.491408934707902,1.7182130584192439,7.731958762886598,25.773195876288657,0.0,0.0,0.0,0.0,False
politics,positive,positive,123.59550561797752,0.0,0.0,0.0,0.0,0.0,0.0,0.0,False
politics,negative,negative,23.25581395348837,0.0,0.0,0.0,0.0,0.0,0.0,0.0,False
politics,negative,positive,49.61832061068702,0.0,3.8167938931297707,0.0,0.0,0.0,0.0,0.0,True
politics,negative,negative,32.37410071942446,0.0,0.0,0.0,0.0,0.0,0.0,0.0,False
politics,negative,negative,55.55555555555555,0.0,0.0,0.0,0.0,0.0,0.0,0.0,False
politics,positive,positive,57.14285714285714,0.0,0.0,0.0,0.0,0.0,0.0,0.0,False
politics,negative,negative,48.68913857677903,3.745318352059925,3.745318352059925,0.0,0.0,0.0,0.0,0.0,False
politics,negative,negative,35.97122302158273,0.0,0.0,0.0,0.0,0.0,0.0,0.0,False
politics,positive,positive,45.936395759717314,0.0,10.60070671378092,0.0,0.0,0.0,0.0,0.0,False
politics,positive,positive,60.171919770773634,0.0,0.0,0.0,0.0,0.0,0.0,0.0,False
politics,negative,negative,55.55555555555555,0.0,0.0,0.0,0.0,0.0,0.0,0.0,False
politics,positive,positive,40.54054054054054,0.0,0.0,0.0,0.0,0.0,0.0,0.0,False
politics,positive,positive,46.948356807511736,0.0,14.084507042253522,0.0,0.0,0.0,0.0,0.0,False
politics,negative,negative,46.15384615384615,0.0,5.128205128205129,0.0,0.0,0.0,0.0,0.0,False
politics,negative,negative,31.25,0.0,25.0,0.0,0.0,0.0,0.0,0.0,False
politics,positive,positive,79.20792079207921,0.0,0.0,0.0,0.0,0.0,0.0,0.0,False
politics,positive,positive,40.40404040404041,0.0,10.101010101010102,0.0,0.0,0.0,0.0,0.0,False
politics,positive,positive,46.97986577181208,0.0,0.0,0.0,0.0,0.0,0.0,0.0,False
politics,negative,negative,66.0377358490566,0.0,9.433962264150942,0.0,0.0,0.0,0.0,0.0,False
politics,positive,positive,24.096385542168676,0.0,2.008032128514056,1.004016064257028,0.0,0.0,0.0,0.0,False
politics,positive,positive,58.8235294117647,0.0,6.5359477124183005,0.0,0.0,0.0,0.0,0.0,False
politics,negative,negative,79.64601769911505,0.0,8.849557522123893,0.0,0.0,0.0,0.0,0.0,False
politics,negative,negative,65.57377049180329,0.0,32.786885245901644,0.0,0.0,0.0,0.0,0.0,False
politics,negative,negative,35.08771929824561,0.0,8.771929824561402,8.771929824561402,0.0,0.0,0.0,0.0,False
politics,positive,positive,22.727272727272727,0.0,0.0,0.0,0.0,0.0,0.0,0.0,False
politics,positive,positive,42.6829268292683,0.0,30.48780487804878,0.0,0.0,0.0,0.0,0.0,False
politics,negative,negative,51.88679245283019,4.716981132075471,4.716981132075471,0.0,0.0,0.0,0.0,0.0,False
politics,negative,negative,38.83495145631068,0.0,0.0,0.0,0.0,0.0,0.0,0.0,False
politics,positive,positive,40.37267080745342,0.0,0.0,0.0,0.0,0.0,0.0,0.0,False
politics,negative,negative,58.201058201058196,0.0,5.291005291005291,0.0,0.0,0.0,0.0,0.0,False
politics,negative,negative,10.309278350515465,15.463917525773196,30.927835051546392,20.61855670103093,5.154639175257732,0.0,0.0,0.0,False
politics,negative,negative,35.08771929824561,0.0,0.0,0.0,0.0,0.0,0.0,0.0,False
politics,positive,positive,48.07692307692308,4.807692307692308,9.615384615384617,0.0,0.0,0.0,0.0,0.0,False
politics,positive,positive,32.608695652173914,0.0,0.0,0.0,0.0,0.0,0.0,0.0,False
politics,positive,positive,21.978021978021978,0.0,0.0,0.0,0.0,0.0,0.0,0.0,False
politics,negative,negative,58.394160583941606,0.0,0.0,7.299270072992701,0.0,0.0,0.0,0.0,False
politics,positive,positive,44.862518089725036,0.0,7.23589001447178,0.0,0.0,0.0,0.0,0.0,False
politics,neutral,neutral,82.1917808219178,0.0,27.397260273972602,0.0,0.0,0.0,0.0,0.0,False
politics,positive,positive,74.07407407407408,0.0,7.407407407407407,0.0,0.0,0.0,0.0,0.0,False
politics,positive,positive,33.61344537815126,0.0,8.403361344537815,0.0,0.0,0.0,0.0,0.0,False
politics,positive,positive,54.34782608695652,0.0,0.0,0.0,0.0,0.0,0.0,0.0,False
politics,positive,positive,125.0,0.0,0.0,0.0,0.0,0.0,0.0,0.0,False
politics,negative,negative,21.95121951219512,0.0,19.51219512195122,0.0,0.0,0.0,0.0,0.0,False
politics,positive,positive,37.2093023255814,0.0,23.25581395348837,4.651162790697675,0.0,0.0,0.0,0.0,False
politics,positive,positive,30.303030303030305,0.0,0.0,0.0,0.0,0.0,0.0,0.0,False
politics,positive,positive,30.567685589519648,0.0,0.0,0.0,0.0,0.0,0.0,0.0,False
politics,positive,positive,64.51612903225806,0.0,0.0,0.0,0.0,0.0,0.0,0.0,False
politics,positive,positive,45.18072289156626,0.0,0.0,0.0,0.0,0.0,0.0,0.0,False
politics,negative,negative,33.333333333333336,0.0,4.166666666666667,0.0,0.0,0.0,0.0,0.0,False
politics,negative,negative,55.55555555555555,0.0,0.0,0.0,0.0,0.0,0.0,0.0,False
politics,negative,negative,18.09954751131222,0.0,4.524886877828055,4.524886877828055,0.0,0.0,0.0,0.0,False
politics,positive,positive,64.0495867768595,0.0,0.0,4.132231404958678,0.0,0.0,0.0,0.0,False
politics,positive,positive,52.63157894736842,17.543859649122805,0.0,0.0,0.0,0.0,0.0,0.0,False
politics,positive,positive,0.0,0.0,0.0,0.0,0.0,0.0,0.0,0.0,False
politics,negative,negative,70.17543859649122,0.0,0.0,0.0,0.0,0.0,0.0,0.0,False
politics,negative,negative,53.333333333333336,0.0,0.0,0.0,0.0,0.0,0.0,0.0,False
politics,negative,negative,45.97701149425287,0.0,0.0,0.0,0.0,0.0,0.0,0.0,False
politics,positive,positive,62.14689265536723,0.0,5.649717514124294,0.0,0.0,0.0,0.0,0.0,False
politics,negative,negative,58.69074492099323,2.257336343115124,15.80135440180587,0.0,0.0,0.0,0.0,0.0,False
politics,negative,negative,36.36363636363636,9.09090909090909,27.27272727272727,0.0,0.0,0.0,0.0,0.0,False
politics,positive,positive,27.027027027027028,0.0,0.0,0.0,0.0,0.0,0.0,0.0,False
politics,negative,negative,74.02234636871509,0.0,1.3966480446927374,0.0,0.0,0.0,0.0,0.0,False
politics,positive,positive,92.19858156028369,0.0,14.184397163120567,0.0,0.0,0.0,0.0,0.0,False
politics,negative,negative,23.84500745156483,1.4903129657228018,0.0,1.4903129657228018,0.0,0.0,0.0,0.0,False
politics,positive,positive,20.0,0.0,20.0,0.0,0.0,0.0,0.0,0.0,False
politics,positive,positive,61.452513966480446,0.0,0.0,0.0,0.0,0.0,0.0,0.0,False
politics,positive,positive,68.44106463878327,0.0,3.802281368821293,0.0,0.0,0.0,0.0,0.0,False
politics,neutral,neutral,97.5609756097561,0.0,0.0,0.0,0.0,0.0,0.0,0.0,False
politics,negative,negative,44.6927374301676,0.0,0.0,0.0,0.0,0.0,0.0,0.0,False
politics,positive,positive,40.93567251461988,0.0,0.0,0.0,0.0,0.0,0.0,0.0,False
politics,positive,positive,30.534351145038165,0.0,3.8167938931297707,0.0,0.0,0.0,0.0,0.0,False
politics,positive,positive,45.6989247311828,0.0,5.376344086021506,0.0,0.0,0.0,0.0,0.0,False
politics,positive,positive,17.241379310344826,0.0,17.241379310344826,0.0,0.0,0.0,0.0,0.0,False
politics,positive,positive,45.68527918781726,0.0,5.076142131979695,0.0,0.0,0.0,0.0,0.0,False
politics,positive,positive,52.98913043478261,9.510869565217392,1.358695652173913,0.0,0.0,0.0,0.0,0.0,False
politics,positive,positive,47.61904761904761,0.0,0.0,0.0,0.0,0.0,0.0,0.0,False
politics,positive,positive,46.610169491525426,0.0,8.474576271186441,4.237288135593221,0.0,0.0,0.0,0.0,False
politics,positive,positive,42.25352112676056,0.0,0.0,0.0,0.0,0.0,0.0,0.0,False
politics,positive,positive,35.21126760563381,0.0,7.042253521126761,0.0,0.0,0.0,0.0,0.0,False
politics,negative,negative,52.63157894736842,0.0,0.0,0.0,0.0,0.0,0.0,0.0,False
politics,negative,negative,41.860465116279066,18.6046511627907,0.0,4.651162790697675,0.0,4.651162790697675,0.0,0.0,False
politics,negative,negative,67.66917293233082,0.0,0.0,0.0,0.0,0.0,0.0,0.0,False
politics,positive,positive,40.0,0.0,0.0,0.0,0.0,0.0,0.0,0.0,False
politics,positive,positive,41.597337770382694,0.0,0.0,1.663893510815308,0.0,0.0,0.0,0.0,False
politics,negative,negative,57.065217391304344,0.0,2.717391304347826,2.717391304347826,0.0,0.0,0.0,0.0,False
politics,negative,negative,35.21126760563381,0.0,0.0,0.0,0.0,0.0,0.0,0.0,False
politics,positive,positive,62.82722513089005,0.0,5.235602094240838,5.235602094240838,0.0,0.0,0.0,0.0,False
politics,positive,positive,28.985507246376812,0.0,0.0,9.66183574879227,0.0,0.0,0.0,0.0,False
politics,negative,negative,43.47826086956522,0.0,0.0,0.0,0.0,0.0,0.0,0.0,False
politics,positive,positive,80.0,26.666666666666668,26.666666666666668,0.0,0.0,0.0,0.0,13.333333333333334,False
politics,positive,positive,47.7326968973747,2.3866348448687353,4.773269689737471,2.3866348448687353,0.0,0.0,0.0,0.0,False
politics,negative,negative,39.34426229508197,0.0,0.0,0.0,0.0,0.0,0.0,0.0,False
politics,positive,positive,36.69724770642202,0.0,0.0,0.0,0.0,0.0,0.0,0.0,False
politics,positive,positive,76.53061224489797,0.0,0.0,0.0,0.0,0.0,0.0,0.0,False
politics,negative,negative,27.027027027027028,0.0,0.0,9.00900900900901,0.0,0.0,0.0,0.0,False
politics,neutral,neutral,59.701492537313435,0.0,0.0,0.0,0.0,0.0,0.0,0.0,False
politics,positive,positive,42.3728813559322,0.0,0.0,0.0,0.0,0.0,0.0,0.0,False
politics,negative,negative,39.473684210526315,0.0,0.0,0.0,0.0,0.0,0.0,0.0,False
politics,negative,negative,85.1063829787234,0.0,0.0,0.0,0.0,0.0,0.0,0.0,False
politics,positive,positive,53.57142857142857,0.0,8.928571428571429,0.0,0.0,0.0,0.0,0.0,False
politics,positive,positive,36.303630363036305,0.0,0.0,1.1001100110011,0.0,0.0,0.0,0.0,False
politics,negative,positive,36.739380022962116,0.0,0.0,1.1481056257175661,0.0,0.0,0.0,0.0,True
politics,negative,negative,22.47191011235955,0.0,0.0,0.0,0.0,0.0,0.0,0.0,False
politics,negative,negative,54.263565891472865,0.0,0.0,0.0,0.0,0.0,0.0,0.0,False
politics,negative,negative,71.03825136612022,0.0,16.393442622950822,5.46448087431694,0.0,0.0,0.0,0.0,False
politics,positive,positive,50.63291139240506,0.0,0.0,0.0,0.0,0.0,0.0,0.0,False
politics,positive,positive,51.88679245283019,0.0,0.0,4.716981132075471,0.0,0.0,0.0,0.0,False
politics,positive,positive,41.37931034482759,0.0,0.0,0.0,0.0,0.0,0.0,0.0,False
politics,positive,positive,51.76470588235294,0.0,2.352941176470588,0.0,0.0,0.0,0.0,0.0,False
politics,positive,positive,55.94405594405595,0.0,0.0,6.993006993006993,0.0,0.0,0.0,0.0,False
politics,negative,negative,37.2093023255814,0.0,9.30232558139535,0.0,0.0,0.0,0.0,0.0,False
politics,negative,negative,34.883720930232556,0.0,11.627906976744185,0.0,0.0,0.0,0.0,0.0,False
politics,negative,negative,40.0,0.0,0.0,0.0,0.0,0.0,0.0,0.0,False
politics,positive,positive,57.69230769230769,0.0,0.0,0.0,0.0,0.0,0.0,0.0,False
politics,positive,positive,46.875,0.0,0.0,0.0,0.0,0.0,0.0,0.0,False
politics,negative,negative,15.625,0.0,15.625,0.0,0.0,0.0,0.0,0.0,False
politics,negative,negative,43.47826086956522,0.0,0.0,0.0,0.0,0.0,0.0,0.0,False
politics,negative,negative,44.776119402985074,0.0,0.0,0.0,0.0,0.0,0.0,0.0,False
politics,positive,positive,96.77419354838709,0.0,21.505376344086024,0.0,0.0,0.0,0.0,0.0,False
politics,positive,positive,51.02040816326531,0.0,0.0,0.0,0.0,0.0,0.0,0.0,False
politics,positive,positive,38.216560509554135,0.0,0.0,6.369426751592357,0.0,0.0,0.0,0.0,False
politics,negative,negative,47.61904761904761,0.0,0.0,0.0,0.0,0.0,0.0,0.0,False
politics,positive,positive,42.19409282700422,0.0,0.0,0.0,0.0,0.0,0.0,0.0,False
politics,negative,negative,45.0,0.0,5.0,0.0,0.0,0.0,0.0,0.0,False
politics,negative,negative,21.472392638036812,0.0,6.134969325153374,6.134969325153374,0.0,0.0,0.0,0.0,False
politics,negative,negative,24.242424242424242,0.0,6.0606060606060606,0.0,0.0,0.0,0.0,0.0,False
politics,positive,positive,53.097345132743364,4.424778761061947,8.849557522123893,4.424778761061947,0.0,0.0,0.0,0.0,False
politics,negative,negative,66.80161943319838,0.0,0.0,0.0,0.0,0.0,0.0,0.0,False
politics,positive,positive,12.345679012345679,0.0,0.0,0.0,0.0,0.0,0.0,0.0,False
politics,negative,negative,0.0,0.0,0.0,0.0,0.0,0.0,0.0,0.0,False
politics,negative,negative,90.9090909090909,0.0,0.0,0.0,0.0,0.0,0.0,0.0,False
politics,negative,negative,44.776119402985074,9.950248756218905,4.975124378109452,0.0,0.0,0.0,0.0,0.0,False
politics,negative,negative,34.04255319148936,0.0,4.25531914893617,4.25531914893617,0.0,0.0,0.0,0.0,False
politics,negative,negative,53.763440860215056,0.0,0.0,0.0,0.0,0.0,0.0,0.0,False
politics,negative,negative,39.603960396039604,0.0,0.0,0.0,0.0,0.0,0.0,0.0,False
politics,positive,positive,32.55813953488372,0.0,2.3255813953488373,0.0,0.0,0.0,0.0,0.0,False
politics,negative,negative,33.333333333333336,0.0,0.0,11.11111111111111,0.0,0.0,0.0,0.0,False
politics,negative,negative,41.666666666666664,0.0,0.0,0.0,0.0,0.0,0.0,0.0,False
politics,negative,negative,58.8235294117647,0.0,0.0,0.0,0.0,0.0,0.0,0.0,False
politics,positive,positive,46.931407942238266,0.0,3.6101083032490977,0.0,0.0,0.0,0.0,0.0,False
politics,positive,positive,61.594202898550726,0.0,0.0,0.0,0.0,0.0,0.0,0.0,False
politics,negative,negative,45.04504504504504,0.0,0.0,0.0,0.0,0.0,0.0,0.0,False
politics,positive,positive,49.382716049382715,0.0,4.11522633744856,0.0,0.0,0.0,0.0,0.0,False
politics,positive,positive,61.611374407582936,4.739336492890995,9.47867298578199,0.0,0.0,0.0,0.0,0.0,False
politics,negative,negative,28.125,0.0,6.25,0.0,0.0,0.0,0.0,0.0,False
politics,neutral,neutral,0.0,0.0,0.0,0.0,0.0,0.0,0.0,0.0,False
politics,neutral,neutral,0.0,0.0,0.0,0.0,0.0,0.0,0.0,0.0,False
politics,negative,negative,22.22222222222222,0.0,2.2222222222222223,0.0,0.0,0.0,0.0,0.0,False
politics,positive,positive,44.11764705882353,0.0,0.0,0.0,0.0,0.0,0.0,0.0,False
politics,negative,negative,68.9655172413793,0.0,0.0,0.0,0.0,0.0,0.0,0.0,False
politics,negative,negative,43.10344827586207,0.0,0.0,0.0,0.0,0.0,0.0,0.0,False
politics,negative,negative,25.31645569620253,0.0,12.658227848101266,0.0,0.0,0.0,0.0,0.0,False
politics,positive,positive,76.08695652173914,0.0,0.0,5.434782608695652,0.0,0.0,0.0,0.0,False
politics,negative,negative,33.65384615384615,0.0,9.615384615384617,0.0,0.0,0.0,0.0,0.0,False
politics,positive,negative,58.8235294117647,0.0,0.0,0.0,0.0,0.0,0.0,0.0,True
politics,negative,negative,64.93506493506493,0.0,0.0,0.0,0.0,0.0,0.0,0.0,False
politics,positive,positive,62.99212598425197,0.0,0.0,0.0,0.0,0.0,0.0,0.0,False
politics,negative,negative,62.22222222222222,0.0,0.0,0.0,0.0,0.0,0.0,0.0,False
politics,positive,positive,40.40404040404041,0.0,20.202020202020204,0.0,0.0,0.0,0.0,0.0,False
politics,positive,positive,41.84100418410041,0.0,4.184100418410042,0.0,0.0,0.0,0.0,0.0,False
politics,negative,positive,30.76923076923077,0.0,0.0,0.0,0.0,0.0,0.0,0.0,True
politics,negative,negative,52.26480836236934,0.0,0.0,0.0,0.0,0.0,0.0,0.0,False
politics,positive,negative,67.41573033707866,0.0,0.0,0.0,0.0,0.0,0.0,0.0,True
politics,negative,negative,82.08955223880596,0.0,82.08955223880596,0.0,0.0,0.0,0.0,0.0,False
politics,negative,negative,42.27642276422764,1.6260162601626016,6.504065040650406,0.0,0.0,0.0,0.0,0.0,False
politics,positive,positive,41.0958904109589,0.0,0.0,0.0,0.0,0.0,0.0,0.0,False
politics,positive,positive,70.96774193548387,0.0,0.0,0.0,0.0,0.0,0.0,0.0,False
politics,positive,neutral,48.913043478260875,0.0,0.0,0.0,0.0,0.0,0.0,0.0,True
politics,positive,positive,57.432432432432435,0.0,3.3783783783783785,0.0,0.0,0.0,0.0,0.0,False
politics,positive,positive,31.25,3.90625,3.90625,0.0,0.0,0.0,0.0,0.0,False
politics,positive,positive,25.12562814070352,0.0,0.0,0.0,0.0,0.0,0.0,0.0,False
politics,negative,negative,35.294117647058826,0.0,0.0,0.0,0.0,0.0,0.0,0.0,False
politics,neutral,neutral,153.84615384615387,0.0,0.0,0.0,0.0,0.0,0.0,0.0,False
politics,negative,negative,32.388663967611336,0.0,0.0,0.0,0.0,0.0,0.0,0.0,False
politics,negative,negative,37.03703703703704,3.898635477582846,5.847953216374268,0.0,0.0,0.0,0.0,0.0,False
atheism,negative,negative,23.62204724409449,7.874015748031496,0.0,0.0,0.0,0.0,0.0,0.0,False
atheism,positive,negative,40.35874439461883,0.0,22.42152466367713,0.0,0.0,0.0,0.0,0.0,True
atheism,positive,positive,12.658227848101266,0.0,12.658227848101266,0.0,0.0,0.0,0.0,0.0,False
atheism,positive,positive,47.1976401179941,0.0,11.799410029498524,2.949852507374631,0.0,0.0,0.0,0.0,False
atheism,negative,negative,35.21126760563381,0.0,28.169014084507044,7.042253521126761,0.0,0.0,0.0,0.0,False
atheism,positive,positive,19.8300283286119,0.0,8.4985835694051,0.0,0.0,0.0,0.0,0.0,False
atheism,positive,positive,32.89473684210526,0.0,6.578947368421052,0.0,0.0,0.0,0.0,0.0,False
atheism,positive,positive,78.65168539325842,0.0,14.9812734082397,0.0,7.49063670411985,0.0,0.0,0.0,False
atheism,negative,negative,44.0251572327044,0.0,0.0,6.289308176100629,0.0,0.0,0.0,0.0,False
atheism,negative,negative,62.5,0.0,0.0,0.0,0.0,0.0,0.0,0.0,False
atheism,positive,positive,22.727272727272727,0.0,0.0,0.0,0.0,0.0,0.0,0.0,False
atheism,positive,positive,28.77697841726619,0.0,0.0,7.194244604316547,0.0,0.0,0.0,0.0,False
atheism,negative,negative,47.61904761904761,0.0,0.0,59.52380952380952,0.0,0.0,0.0,0.0,False
atheism,negative,negative,47.61904761904761,0.0,15.873015873015872,0.0,0.0,0.0,0.0,0.0,False
atheism,positive,positive,68.59504132231405,4.132231404958678,5.785123966942148,2.479338842975207,0.0,0.0,0.0,0.0,False
atheism,negative,negative,50.63291139240506,0.0,0.0,0.0,0.0,0.0,0.0,0.0,False
atheism,negative,negative,16.516516516516514,0.0,0.0,0.0,0.0,0.0,0.0,0.0,False
atheism,positive,positive,88.23529411764706,0.0,0.0,0.0,0.0,0.0,0.0,0.0,False
atheism,positive,positive,46.464646464646464,0.0,2.0202020202020203,6.0606060606060606,0.0,0.0,0.0,0.0,False
atheism,positive,positive,73.17073170731707,0.0,0.0,0.0,0.0,0.0,0.0,0.0,False
atheism,negative,negative,51.28205128205128,0.0,0.0,0.0,0.0,0.0,0.0,0.0,False
atheism,positive,positive,52.02312138728324,0.0,17.341040462427745,5.780346820809248,0.0,0.0,0.0,0.0,False
atheism,negative,negative,46.35761589403974,0.0,0.0,0.0,0.0,0.0,0.0,0.0,False
atheism,negative,negative,49.586776859504134,0.0,13.223140495867769,0.0,0.0,0.0,0.0,0.0,False
atheism,positive,positive,31.25,0.0,15.625,0.0,0.0,0.0,0.0,0.0,False
atheism,positive,positive,52.44755244755245,0.0,0.0,3.4965034965034967,0.0,0.0,0.0,0.0,False
atheism,positive,neutral,59.64912280701754,0.0,7.017543859649123,0.0,0.0,0.0,0.0,0.0,True
atheism,positive,positive,50.84745762711865,0.0,16.949152542372882,33.898305084745765,0.0,0.0,0.0,0.0,False
atheism,positive,positive,44.776119402985074,0.0,0.0,0.0,0.0,0.0,0.0,0.0,False
atheism,positive,positive,0.0,0.0,0.0,166.66666666666666,0.0,0.0,0.0,0.0,False
atheism,positive,positive,51.948051948051955,0.0,0.0,0.0,0.0,0.0,0.0,0.0,False
atheism,negative,negative,61.53846153846154,5.128205128205129,5.128205128205129,0.0,0.0,0.0,0.0,0.0,False
atheism,negative,negative,31.331592689295036,0.0,2.6109660574412534,0.0,0.0,0.0,0.0,0.0,False
atheism,positive,positive,44.11764705882353,0.0,7.352941176470588,0.0,0.0,0.0,0.0,0.0,False
atheism,negative,negative,66.0377358490566,0.0,0.0,0.0,0.0,0.0,0.0,0.0,False
atheism,positive,positive,10.869565217391305,0.0,7.246376811594203,0.0,0.0,0.0,0.0,0.0,False
atheism,negative,negative,24.390243902439025,0.0,0.0,24.390243902439025,0.0,0.0,0.0,0.0,False
atheism,positive,positive,48.8599348534202,0.0,0.0,0.0,0.0,0.0,0.0,0.0,False
atheism,negative,negative,71.42857142857143,0.0,0.0,0.0,0.0,0.0,0.0,0.0,False
atheism,negative,negative,62.82722513089005,0.0,0.0,0.0,0.0,0.0,0.0,0.0,False
atheism,positive,positive,47.94520547945205,0.0,0.0,0.0,0.0,0.0,0.0,0.0,False
atheism,positive,positive,61.40350877192982,0.0,0.0,8.771929824561402,0.0,0.0,0.0,0.0,False
atheism,positive,positive,76.1904761904762,0.0,0.0,9.523809523809526,0.0,0.0,0.0,0.0,False
atheism,negative,negative,93.02325581395348,0.0,0.0,23.25581395348837,0.0,0.0,0.0,0.0,False
atheism,negative,negative,66.66666666666667,0.0,0.0,0.0,0.0,0.0,0.0,0.0,False
atheism,positive,positive,59.13978494623656,0.0,2.688172043010753,0.0,0.0,0.0,0.0,0.0,False
atheism,positive,positive,35.79418344519016,4.47427293064877,8.94854586129754,0.0,0.0,0.0,0.0,0.0,False
atheism,negative,negative,55.276381909547744,0.0,2.512562814070352,5.025125628140704,0.0,0.0,0.0,0.0,False
atheism,negative,negative,5.747126436781609,0.0,5.747126436781609,0.0,0.0,0.0,0.0,0.0,False
atheism,negative,negative,57.14285714285714,14.285714285714285,0.0,0.0,0.0,0.0,0.0,0.0,False
atheism,positive,positive,45.45454545454545,0.0,6.493506493506494,0.0,0.0,0.0,0.0,0.0,False
atheism,negative,negative,54.34782608695652,0.0,10.869565217391305,0.0,0.0,0.0,0.0,0.0,False
atheism,negative,negative,32.67973856209151,0.0,19.607843137254903,0.0,0.0,0.0,0.0,0.0,False
atheism,positive,positive,31.25,0.0,11.029411764705882,1.838235294117647,0.0,0.0,0.0,0.0,False
atheism,positive,positive,27.522935779816514,0.0,0.0,12.232415902140673,0.0,0.0,0.0,0.0,False
atheism,positive,positive,22.988505747126435,5.747126436781609,11.494252873563218,5.747126436781609,0.0,0.0,0.0,0.0,False
atheism,positive,positive,60.60606060606061,0.0,0.0,0.0,0.0,0.0,0.0,0.0,False
atheism,positive,positive,83.33333333333333,0.0,0.0,0.0,0.0,0.0,0.0,0.0,False
atheism,negative,negative,72.31404958677686,0.0,0.0,2.066115702479339,0.0,0.0,0.0,0.0,False
atheism,negative,negative,45.16129032258064,0.0,0.0,0.0,0.0,0.0,0.0,0.0,False
atheism,positive,positive,30.581039755351682,0.0,6.116207951070336,0.0,0.0,0.0,0.0,0.0,False
atheism,positive,positive,65.93406593406594,0.0,0.0,10.989010989010989,0.0,0.0,0.0,0.0,False
atheism,negative,negative,33.333333333333336,0.0,0.0,0.0,0.0,0.0,0.0,0.0,False
atheism,negative,negative,44.24778761061947,0.0,0.0,0.0,0.0,0.0,0.0,0.0,False
atheism,positive,positive,50.79365079365079,0.0,0.0,0.0,0.0,0.0,0.0,0.0,False
atheism,negative,negative,53.097345132743364,0.0,35.39823008849557,0.0,0.0,0.0,0.0,0.0,False
atheism,negative,negative,67.96116504854369,0.0,19.41747572815534,0.0,0.0,0.0,0.0,0.0,False
atheism,negative,negative,52.63157894736842,0.0,0.0,0.0,0.0,0.0,0.0,0.0,False
atheism,negative,negative,38.96103896103896,0.0,12.987012987012989,0.0,0.0,0.0,0.0,0.0,False
atheism,positive,positive,68.9655172413793,0.0,0.0,0.0,0.0,0.0,0.0,0.0,False
atheism,negative,negative,55.55555555555555,0.0,0.0,0.0,0.0,0.0,0.0,0.0,False
atheism,positive,positive,35.294117647058826,0.0,0.0,0.0,0.0,0.0,0.0,0.0,False
atheism,negative,negative,59.701492537313435,0.0,0.0,0.0,0.0,0.0,0.0,0.0,False
atheism,positive,positive,81.81818181818181,0.0,0.0,0.0,0.0,0.0,0.0,0.0,False
atheism,negative,negative,55.55555555555555,0.0,0.0,0.0,0.0,0.0,0.0,0.0,False
atheism,negative,negative,51.948051948051955,0.0,0.0,0.0,0.0,0.0,0.0,0.0,False
atheism,positive,positive,64.22018348623854,9.174311926605505,0.0,0.0,0.0,0.0,0.0,0.0,False
atheism,positive,positive,42.857142857142854,14.285714285714285,0.0,0.0,0.0,0.0,0.0,0.0,False
atheism,positive,positive,47.94520547945205,0.0,0.0,0.0,0.0,0.0,0.0,0.0,False
atheism,negative,negative,59.171597633136095,0.0,0.0,5.9171597633136095,0.0,0.0,0.0,0.0,False
atheism,positive,positive,74.3801652892562,0.0,0.0,0.0,0.0,0.0,0.0,0.0,False
atheism,positive,positive,45.45454545454545,0.0,0.0,0.0,0.0,0.0,0.0,0.0,False
atheism,negative,negative,37.87878787878788,0.0,7.575757575757576,0.0,0.0,0.0,0.0,0.0,False
atheism,negative,negative,75.47169811320754,0.0,0.0,0.0,0.0,0.0,0.0,0.0,False
atheism,negative,negative,52.63157894736842,0.0,0.0,0.0,0.0,0.0,0.0,0.0,False
atheism,positive,positive,48.257372654155496,0.0,0.0,0.0,0.0,0.0,0.0,0.0,False
atheism,positive,positive,35.46099290780142,0.0,0.0,0.0,0.0,0.0,0.0,0.0,False
atheism,positive,positive,42.6829268292683,0.0,12.195121951219512,0.0,0.0,0.0,0.0,0.0,False
atheism,negative,negative,28.037383177570092,0.0,28.037383177570092,0.0,0.0,0.0,0.0,0.0,False
atheism,negative,negative,53.27868852459016,0.0,20.491803278688522,0.0,0.0,0.0,0.0,0.0,False
atheism,negative,negative,77.66990291262135,0.0,9.70873786407767,0.0,0.0,0.0,0.0,0.0,False
atheism,negative,negative,46.63212435233161,0.0,0.0,0.0,0.0,0.0,0.0,0.0,False
atheism,positive,negative,74.07407407407408,0.0,0.0,37.03703703703704,0.0,0.0,0.0,0.0,True
atheism,negative,negative,13.333333333333334,0.0,26.666666666666668,0.0,0.0,0.0,0.0,0.0,False
atheism,negative,negative,50.0,0.0,0.0,0.0,0.0,0.0,0.0,0.0,False
atheism,positive,positive,53.49794238683128,0.0,8.23045267489712,0.0,0.0,0.0,0.0,0.0,False
atheism,negative,negative,34.42028985507246,0.0,0.0,0.0,0.0,0.0,0.0,0.0,False
atheism,negative,negative,35.714285714285715,5.1020408163265305,0.0,0.0,0.0,0.0,0.0,0.0,False
atheism,negative,negative,34.48275862068965,0.0,7.957559681697613,2.6525198938992043,0.0,0.0,0.0,0.0,False
atheism,positive,positive,43.35260115606936,0.0,0.0,0.0,0.0,0.0,0.0,0.0,False
atheism,positive,positive,35.39823008849557,0.0,17.699115044247787,0.0,0.0,0.0,0.0,0.0,False
atheism,negative,negative,46.51162790697674,0.0,0.0,0.0,0.0,0.0,0.0,0.0,False
atheism,positive,positive,55.55555555555555,0.0,0.0,0.0,0.0,0.0,0.0,0.0,False
atheism,negative,negative,54.054054054054056,0.0,18.01801801801802,0.0,0.0,0.0,0.0,0.0,False
atheism,negative,negative,59.07172995780591,0.0,0.0,0.0,0.0,0.0,0.0,0.0,False
atheism,positive,negative,33.24808184143223,5.115089514066496,0.0,0.0,0.0,0.0,0.0,0.0,True
atheism,negative,negative,59.5482546201232,0.0,0.0,0.0,0.0,0.0,0.0,0.0,False
atheism,positive,positive,90.9090909090909,0.0,0.0,0.0,0.0,0.0,0.0,0.0,False
atheism,positive,positive,46.51162790697674,0.0,0.0,0.0,0.0,0.0,0.0,0.0,False
atheism,positive,positive,64.1025641025641,0.0,12.82051282051282,0.0,0.0,0.0,0.0,0.0,False
atheism,negative,negative,83.33333333333333,0.0,31.25,0.0,0.0,0.0,0.0,0.0,False
atheism,negative,negative,27.777777777777775,6.944444444444444,13.888888888888888,6.944444444444444,0.0,0.0,0.0,0.0,False
atheism,negative,negative,17.391304347826086,0.0,26.08695652173913,8.695652173913043,0.0,0.0,0.0,0.0,False
atheism,negative,negative,40.50632911392405,0.0,0.0,0.0,0.0,0.0,0.0,0.0,False
atheism,positive,positive,64.32748538011695,0.0,0.0,0.0,0.0,0.0,0.0,0.0,False
atheism,negative,negative,0.0,0.0,0.0,48.78048780487805,0.0,0.0,0.0,0.0,False
atheism,positive,positive,84.90566037735849,0.0,0.0,0.0,0.0,0.0,0.0,0.0,False
atheism,negative,negative,51.06382978723404,0.0,2.127659574468085,0.0,0.0,0.0,0.0,0.0,False
atheism,negative,negative,67.75067750677506,0.0,0.0,0.0,0.0,0.0,0.0,0.0,False
atheism,positive,positive,51.948051948051955,0.0,0.0,0.0,0.0,0.0,0.0,0.0,False
atheism,negative,negative,58.8235294117647,0.0,0.0,0.0,0.0,0.0,0.0,0.0,False
atheism,negative,negative,60.24096385542169,0.0,0.0,0.0,0.0,0.0,0.0,0.0,False
atheism,positive,positive,34.96503496503497,0.0,13.986013986013987,0.0,0.0,0.0,0.0,0.0,False
atheism,negative,negative,26.859504132231407,8.264462809917356,4.132231404958678,4.132231404958678,0.0,0.0,0.0,0.0,False
atheism,positive,positive,54.34782608695652,0.0,0.0,0.0,0.0,0.0,0.0,0.0,False
atheism,negative,negative,41.666666666666664,0.0,3.787878787878788,0.0,0.0,0.0,0.0,0.0,False
atheism,negative,negative,77.92207792207792,0.0,12.987012987012989,0.0,0.0,0.0,0.0,0.0,False
atheism,positive,positive,33.333333333333336,0.0,0.0,0.0,0.0,0.0,0.0,0.0,False
atheism,negative,negative,76.47058823529413,0.0,0.0,0.0,0.0,0.0,0.0,0.0,False
atheism,positive,positive,55.55555555555555,4.273504273504274,4.273504273504274,0.0,0.0,0.0,0.0,0.0,False
atheism,positive,positive,71.8232044198895,2.7624309392265194,5.524861878453039,8.287292817679557,0.0,0.0,0.0,0.0,False
atheism,positive,positive,101.26582278481013,0.0,0.0,0.0,0.0,0.0,0.0,0.0,False
atheism,positive,positive,50.42016806722689,0.0,0.0,0.0,0.0,0.0,0.0,0.0,False
atheism,negative,negative,36.69724770642202,3.058103975535168,0.0,0.0,0.0,0.0,0.0,0.0,False
atheism,positive,positive,55.55555555555555,0.0,0.0,0.0,0.0,0.0,0.0,0.0,False
atheism,negative,negative,40.0,0.0,0.0,0.0,0.0,0.0,0.0,0.0,False
atheism,negative,negative,47.05882352941176,0.0,0.0,0.0,0.0,0.0,0.0,0.0,False
atheism,neutral,neutral,55.214723926380366,0.0,6.134969325153374,0.0,0.0,0.0,0.0,0.0,False
atheism,positive,positive,50.0,4.545454545454545,0.0,0.0,0.0,0.0,0.0,0.0,False
atheism,positive,positive,35.05154639175258,0.0,0.0,0.0,0.0,0.0,0.0,0.0,False
atheism,positive,positive,52.083333333333336,0.0,0.0,0.0,0.0,0.0,0.0,0.0,False
atheism,negative,negative,37.03703703703704,0.0,7.407407407407407,7.407407407407407,0.0,0.0,0.0,0.0,False
atheism,positive,positive,49.382716049382715,0.0,0.0,12.345679012345679,0.0,0.0,0.0,0.0,False
atheism,positive,positive,65.0,0.0,25.0,0.0,0.0,0.0,0.0,0.0,False
atheism,positive,positive,71.42857142857143,0.0,0.0,0.0,0.0,0.0,0.0,0.0,False
atheism,positive,positive,64.93506493506493,0.0,0.0,0.0,0.0,0.0,0.0,0.0,False
atheism,positive,positive,40.65040650406504,0.0,4.065040650406504,0.0,0.0,0.0,0.0,0.0,False
atheism,negative,negative,0.0,83.33333333333333,166.66666666666666,0.0,0.0,0.0,0.0,0.0,False
atheism,negative,negative,0.0,0.0,0.0,120.0,0.0,0.0,0.0,0.0,False
atheism,negative,negative,45.45454545454545,0.0,9.09090909090909,0.0,0.0,0.0,0.0,0.0,False
atheism,negative,negative,70.8215297450425,0.0,4.24929178470255,0.0,0.0,0.0,0.0,0.0,False
atheism,neutral,neutral,37.03703703703704,0.0,0.0,37.03703703703704,0.0,0.0,0.0,0.0,False
atheism,positive,positive,86.95652173913044,21.73913043478261,0.0,0.0,0.0,0.0,0.0,0.0,False
atheism,positive,positive,37.267080745341616,0.0,12.422360248447204,6.211180124223602,0.0,0.0,0.0,0.0,False
atheism,negative,positive,39.21568627450981,0.0,0.0,9.803921568627452,0.0,0.0,0.0,0.0,True
atheism,negative,negative,64.51612903225806,0.0,0.0,0.0,0.0,0.0,0.0,0.0,False
atheism,negative,negative,44.44444444444444,0.0,0.0,0.0,0.0,0.0,0.0,0.0,False
atheism,negative,negative,51.118210862619804,3.1948881789137378,3.1948881789137378,0.0,0.0,0.0,0.0,0.0,False
atheism,negative,negative,63.82978723404255,0.0,0.0,0.0,0.0,0.0,0.0,0.0,False
atheism,positive,positive,25.0,0.0,0.0,0.0,0.0,0.0,0.0,0.0,False
atheism,neutral,negative,37.65690376569038,0.0,0.0,0.0,0.0,0.0,0.0,0.0,True
atheism,positive,positive,46.76753782668501,2.751031636863824,0.0,0.0,0.0,0.0,0.0,0.0,False
atheism,positive,positive,55.55555555555555,0.0,0.0,0.0,0.0,0.0,0.0,0.0,False
atheism,positive,negative,56.60377358490566,0.0,6.289308176100629,0.0,0.0,0.0,0.0,0.0,True
atheism,negative,negative,59.11330049261083,0.0,0.0,0.0,0.0,0.0,0.0,0.0,False
atheism,negative,negative,46.96132596685083,0.0,6.906077348066298,0.0,0.0,0.0,0.0,0.0,False
atheism,positive,positive,37.5,0.0,0.0,0.0,0.0,0.0,0.0,0.0,False
atheism,positive,positive,25.974025974025977,0.0,12.987012987012989,0.0,0.0,0.0,0.0,0.0,False
atheism,positive,positive,33.333333333333336,0.0,0.0,0.0,0.0,0.0,0.0,0.0,False
atheism,negative,negative,26.31578947368421,0.0,0.0,0.0,0.0,0.0,0.0,0.0,False
atheism,positive,positive,30.303030303030305,0.0,0.0,0.0,0.0,0.0,0.0,0.0,False
atheism,positive,positive,32.388663967611336,0.0,4.048582995951417,4.048582995951417,0.0,0.0,0.0,0.0,False
atheism,positive,positive,32.388663967611336,0.0,4.048582995951417,4.048582995951417,0.0,0.0,0.0,0.0,False
atheism,negative,negative,30.303030303030305,0.0,3.3670033670033668,0.0,0.0,0.0,0.0,0.0,False
atheism,positive,positive,53.60134003350084,0.0,1.6750418760469012,0.0,0.0,0.0,0.0,0.0,False
atheism,neutral,negative,48.484848484848484,0.0,0.0,0.0,0.0,0.0,0.0,0.0,True
atheism,positive,positive,38.83495145631068,0.0,0.0,0.0,0.0,0.0,0.0,0.0,False
atheism,negative,negative,20.202020202020204,0.0,10.101010101010102,0.0,0.0,0.0,0.0,0.0,False
atheism,positive,positive,29.41176470588235,0.0,0.0,0.0,0.0,0.0,0.0,0.0,False
atheism,negative,negative,50.0,10.0,10.0,0.0,0.0,0.0,0.0,0.0,False
atheism,positive,positive,67.56756756756756,0.0,0.0,0.0,0.0,0.0,0.0,0.0,False
atheism,positive,positive,66.66666666666667,0.0,14.814814814814815,0.0,0.0,0.0,0.0,0.0,False
atheism,negative,negative,49.72375690607735,0.0,11.049723756906078,5.524861878453039,0.0,0.0,0.0,0.0,False
atheism,positive,positive,31.25,3.472222222222222,6.944444444444444,6.944444444444444,0.0,0.0,0.0,0.0,False
atheism,negative,negative,32.467532467532465,0.0,0.0,0.0,0.0,0.0,0.0,0.0,False
atheism,positive,positive,52.980132450331126,0.0,0.0,0.0,0.0,0.0,0.0,0.0,False
atheism,positive,positive,60.773480662983424,0.0,0.0,0.0,0.0,0.0,0.0,0.0,False
atheism,positive,positive,28.57142857142857,0.0,0.0,0.0,0.0,0.0,0.0,0.0,False
atheism,negative,negative,33.057851239669425,0.0,0.0,0.0,0.0,0.0,0.0,0.0,False
atheism,negative,negative,0.0,0.0,0.0,142.85714285714286,0.0,0.0,0.0,0.0,False
atheism,negative,negative,32.786885245901644,0.0,0.0,0.0,0.0,0.0,0.0,0.0,False
atheism,positive,positive,40.816326530612244,0.0,3.401360544217687,6.802721088435374,0.0,0.0,0.0,0.0,False
atheism,positive,positive,44.955044955044954,0.0,1.998001998001998,4.995004995004995,0.0,0.0,0.0,0.0,False
atheism,negative,negative,44.11764705882353,0.0,0.0,0.0,0.0,0.0,0.0,0.0,False
atheism,positive,positive,64.76190476190476,0.0,0.0,1.9047619047619047,0.0,0.0,0.0,0.0,False
atheism,positive,positive,59.52380952380952,0.0,0.0,0.0,0.0,0.0,0.0,0.0,False
atheism,positive,positive,51.546391752577314,0.0,20.61855670103093,0.0,0.0,0.0,0.0,0.0,False
atheism,positive,positive,50.0,0.0,12.5,0.0,0.0,0.0,0.0,0.0,False
atheism,negative,negative,58.8235294117647,0.0,0.0,0.0,0.0,0.0,0.0,0.0,False
atheism,negative,negative,59.78260869565218,0.0,0.0,10.869565217391305,0.0,0.0,0.0,0.0,False
atheism,negative,negative,25.31645569620253,0.0,12.658227848101266,0.0,0.0,0.0,0.0,0.0,False
atheism,positive,positive,42.25352112676056,0.0,5.633802816901409,0.0,0.0,0.0,0.0,0.0,False
atheism,positive,positive,50.505050505050505,0.0,0.0,0.0,0.0,0.0,0.0,0.0,False
atheism,positive,positive,51.16279069767442,0.0,0.0,0.0,0.0,0.0,0.0,0.0,False
atheism,positive,positive,69.56521739130434,4.3478260869565215,4.3478260869565215,0.0,0.0,0.0,0.0,0.0,False
atheism,positive,positive,58.8235294117647,0.0,6.191950464396285,0.0,0.0,0.0,0.0,0.0,False
atheism,positive,positive,57.291666666666664,0.0,0.0,0.0,0.0,0.0,0.0,0.0,False
atheism,negative,negative,43.24324324324324,0.0,5.405405405405405,0.0,0.0,0.0,0.0,0.0,False
atheism,positive,positive,51.724137931034484,0.0,12.931034482758621,0.0,0.0,0.0,0.0,0.0,False
atheism,negative,negative,79.36507936507937,0.0,0.0,0.0,0.0,0.0,0.0,0.0,False
atheism,negative,positive,43.47826086956522,0.0,0.0,0.0,0.0,0.0,0.0,0.0,True
atheism,positive,positive,38.64734299516908,0.0,0.0,0.0,0.0,0.0,0.0,0.0,False
atheism,negative,negative,44.11764705882353,0.0,0.0,0.0,0.0,0.0,0.0,0.0,False
atheism,positive,positive,51.344743276283616,0.0,0.0,0.0,0.0,0.0,0.0,0.0,False
atheism,negative,negative,45.87155963302752,0.0,0.0,0.0,0.0,0.0,0.0,0.0,False
atheism,negative,negative,44.28044280442804,0.0,7.380073800738007,3.6900369003690034,0.0,0.0,0.0,0.0,False
atheism,positive,positive,38.46153846153847,0.0,0.0,0.0,0.0,0.0,0.0,0.0,False
atheism,positive,positive,45.60260586319218,13.029315960912053,0.0,3.257328990228013,0.0,0.0,0.0,0.0,False
atheism,positive,positive,22.47191011235955,0.0,0.0,0.0,0.0,0.0,0.0,0.0,False
atheism,positive,negative,62.5,0.0,0.0,0.0,0.0,0.0,0.0,0.0,True
atheism,neutral,neutral,86.95652173913044,0.0,0.0,0.0,0.0,0.0,0.0,0.0,False
atheism,positive,positive,34.48275862068965,0.0,12.539184952978056,0.0,0.0,0.0,0.0,0.0,False
atheism,negative,negative,36.827195467422094,0.0,0.0,0.0,0.0,0.0,0.0,0.0,False
atheism,positive,positive,61.72839506172839,0.0,0.0,0.0,0.0,0.0,0.0,0.0,False
atheism,positive,positive,44.44444444444444,0.0,0.0,0.0,0.0,0.0,0.0,0.0,False
atheism,negative,negative,32.73040482342808,4.3066322136089585,1.7226528854435832,1.7226528854435832,0.0,0.0,0.0,0.0,False
atheism,positive,positive,39.823008849557525,0.0,4.424778761061947,4.424778761061947,0.0,0.0,0.0,0.0,False
atheism,negative,negative,16.393442622950822,0.0,0.0,0.0,0.0,0.0,0.0,0.0,False
atheism,negative,negative,28.57142857142857,0.0,0.0,0.0,0.0,0.0,0.0,0.0,False
atheism,positive,positive,200.0,0.0,0.0,0.0,0.0,0.0,0.0,0.0,False
atheism,positive,neutral,72.62569832402235,0.0,0.0,5.58659217877095,0.0,0.0,0.0,0.0,True
atheism,positive,negative,40.40404040404041,0.0,0.0,10.101010101010102,0.0,0.0,0.0,0.0,True
atheism,negative,negative,44.776119402985074,0.0,0.0,0.0,0.0,0.0,0.0,0.0,False
atheism,negative,negative,42.145593869731805,0.0,3.8314176245210727,0.0,0.0,0.0,0.0,0.0,False
atheism,positive,positive,32.25806451612903,0.0,0.0,0.0,0.0,0.0,0.0,0.0,False
atheism,negative,negative,60.60606060606061,0.0,15.151515151515152,0.0,0.0,0.0,0.0,0.0,False
atheism,positive,positive,57.291666666666664,5.208333333333333,0.0,0.0,0.0,0.0,0.0,0.0,False
atheism,negative,negative,25.10460251046025,0.0,0.0,0.0,0.0,0.0,0.0,0.0,False
atheism,positive,positive,48.387096774193544,0.0,0.0,0.0,0.0,0.0,0.0,0.0,False
atheism,positive,positive,50.0,0.0,0.0,0.0,0.0,0.0,0.0,0.0,False
atheism,positive,positive,0.0,0.0,0.0,0.0,0.0,0.0,0.0,0.0,False
atheism,negative,negative,46.29629629629629,0.0,0.0,0.0,0.0,0.0,0.0,0.0,False
atheism,positive,positive,111.1111111111111,111.1111111111111,0.0,0.0,0.0,0.0,0.0,0.0,False
atheism,negative,negative,72.72727272727272,0.0,0.0,18.18181818181818,0.0,0.0,0.0,0.0,False
atheism,positive,positive,41.53354632587859,3.1948881789137378,0.0,9.584664536741213,0.0,0.0,0.0,0.0,False
atheism,positive,positive,128.2051282051282,0.0,0.0,0.0,0.0,0.0,0.0,0.0,False
atheism,negative,negative,45.714285714285715,0.0,0.0,0.0,0.0,0.0,0.0,0.0,False
atheism,positive,positive,35.055350553505534,0.0,5.535055350553505,1.8450184501845017,0.0,0.0,0.0,0.0,False
atheism,negative,negative,51.28205128205128,0.0,0.0,0.0,0.0,0.0,0.0,0.0,False
atheism,negative,negative,38.186157517899765,0.0,2.3866348448687353,0.0,0.0,0.0,0.0,0.0,False
atheism,negative,negative,0.0,0.0,29.41176470588235,0.0,0.0,0.0,0.0,0.0,False
atheism,positive,positive,62.06896551724138,13.793103448275861,0.0,0.0,0.0,0.0,0.0,0.0,False
atheism,positive,positive,75.47169811320754,0.0,0.0,0.0,0.0,0.0,0.0,0.0,False
atheism,positive,positive,33.67875647668394,0.0,7.772020725388601,0.0,0.0,0.0,0.0,0.0,False
atheism,negative,negative,66.66666666666667,0.0,0.0,0.0,0.0,0.0,0.0,0.0,False
atheism,positive,positive,67.6328502415459,0.0,4.830917874396135,0.0,0.0,0.0,0.0,0.0,False
atheism,negative,negative,42.10526315789473,0.0,0.0,0.0,0.0,0.0,0.0,0.0,False
atheism,positive,positive,48.67256637168141,0.0,8.849557522123893,8.849557522123893,0.0,0.0,0.0,0.0,False
atheism,negative,negative,68.75,0.0,0.0,0.0,0.0,0.0,0.0,0.0,False
atheism,negative,negative,24.390243902439025,0.0,24.390243902439025,24.390243902439025,0.0,0.0,0.0,0.0,False
atheism,positive,positive,55.55555555555555,0.0,0.0,0.0,0.0,0.0,0.0,0.0,False
atheism,positive,positive,57.59162303664921,15.706806282722512,10.471204188481677,0.0,0.0,0.0,0.0,0.0,False
atheism,positive,positive,38.96103896103896,0.0,0.0,0.0,0.0,0.0,0.0,0.0,False
atheism,positive,positive,44.9438202247191,0.0,11.235955056179774,0.0,0.0,0.0,0.0,0.0,False
atheism,positive,positive,50.2283105022831,0.0,0.0,0.0,0.0,0.0,0.0,0.0,False
atheism,negative,negative,52.63157894736842,0.0,0.0,0.0,0.0,0.0,0.0,0.0,False
atheism,positive,positive,25.039123630672925,0.0,0.0,0.0,0.0,0.0,0.0,0.0,False
atheism,negative,negative,55.172413793103445,0.0,13.793103448275861,6.896551724137931,0.0,0.0,0.0,0.0,False
atheism,positive,positive,41.666666666666664,0.0,0.0,0.0,0.0,0.0,0.0,0.0,False
atheism,positive,positive,33.003300330033,3.3003300330033003,19.801980198019802,3.3003300330033003,0.0,0.0,0.0,0.0,False
atheism,positive,positive,42.9948109710897,1.4825796886582654,2.223869532987398,0.0,0.0,0.0,0.0,0.0,False
atheism,positive,positive,50.0,0.0,0.0,0.0,0.0,0.0,0.0,0.0,False
atheism,positive,positive,39.21568627450981,0.0,0.0,0.0,0.0,0.0,0.0,0.0,False
atheism,positive,positive,70.17543859649122,0.0,0.0,17.543859649122805,0.0,0.0,0.0,0.0,False
atheism,positive,positive,41.75365344467641,0.0,4.17536534446764,0.0,0.0,0.0,0.0,0.0,False
atheism,positive,positive,30.303030303030305,0.0,0.0,0.0,0.0,0.0,0.0,0.0,False
atheism,negative,negative,45.31722054380664,9.06344410876133,0.0,0.0,0.0,0.0,0.0,0.0,False
atheism,negative,negative,49.382716049382715,0.0,0.0,0.0,0.0,0.0,0.0,0.0,False
atheism,positive,positive,42.780748663101605,0.0,0.0,0.0,0.0,0.0,0.0,0.0,False
atheism,negative,negative,49.01960784313725,0.0,9.803921568627452,0.0,0.0,0.0,0.0,0.0,False
atheism,negative,negative,41.036717062634985,0.0,0.0,0.0,0.0,0.0,0.0,0.0,False
atheism,positive,positive,27.210884353741495,0.0,0.0,0.0,0.0,0.0,0.0,0.0,False
atheism,positive,positive,48.24561403508772,0.0,0.0,0.0,0.0,0.0,0.0,0.0,False
atheism,positive,positive,45.57640750670242,0.0,0.0,0.0,0.0,0.0,0.0,0.0,False
atheism,negative,negative,48.07692307692308,0.0,0.0,19.230769230769234,0.0,0.0,0.0,0.0,False
atheism,positive,negative,36.08247422680412,0.0,0.0,0.0,0.0,0.0,0.0,0.0,True
atheism,positive,positive,66.66666666666667,0.0,8.333333333333334,0.0,0.0,0.0,0.0,0.0,False
atheism,positive,positive,49.18032786885246,0.0,0.0,0.0,0.0,0.0,0.0,0.0,False
atheism,positive,positive,36.64921465968586,0.0,5.235602094240838,10.471204188481677,0.0,0.0,0.0,0.0,False
atheism,positive,positive,35.49382716049382,0.0,0.0,3.0864197530864197,0.0,0.0,0.0,0.0,False
atheism,positive,positive,45.16129032258064,0.0,0.0,0.0,0.0,0.0,0.0,0.0,False
atheism,neutral,neutral,31.007751937984494,0.0,0.0,0.0,0.0,0.0,0.0,0.0,False
atheism,negative,negative,38.46153846153847,0.0,38.46153846153847,0.0,0.0,0.0,0.0,0.0,False
atheism,negative,negative,48.543689320388346,4.854368932038835,0.0,0.0,0.0,0.0,0.0,0.0,False
atheism,positive,positive,45.16129032258064,0.0,0.0,0.0,0.0,0.0,0.0,0.0,False
atheism,negative,neutral,32.67973856209151,0.0,0.0,13.071895424836601,0.0,0.0,0.0,0.0,True
atheism,positive,positive,43.47826086956522,0.0,21.73913043478261,21.73913043478261,0.0,0.0,0.0,0.0,False
atheism,positive,positive,40.17857142857143,0.0,0.0,0.0,0.0,0.0,0.0,0.0,False
atheism,negative,negative,77.66990291262135,9.70873786407767,0.0,0.0,0.0,0.0,0.0,0.0,False
atheism,positive,positive,43.0622009569378,2.3923444976076556,2.3923444976076556,2.3923444976076556,0.0,0.0,0.0,0.0,False
todayilearned,negative,negative,45.45454545454545,0.0,0.0,0.0,0.0,0.0,0.0,0.0,False
todayilearned,neutral,positive,60.60606060606061,0.0,0.0,5.050505050505051,0.0,0.0,0.0,0.0,True
todayilearned,negative,negative,61.224489795918366,0.0,0.0,0.0,0.0,0.0,0.0,0.0,False
todayilearned,positive,positive,49.29577464788732,0.0,0.0,0.0,0.0,0.0,0.0,0.0,False
todayilearned,negative,negative,27.548209366391184,0.0,0.0,0.0,0.0,0.0,0.0,0.0,False
todayilearned,positive,positive,41.666666666666664,4.62962962962963,0.0,0.0,0.0,0.0,0.0,0.0,False
todayilearned,positive,positive,33.65384615384615,0.0,0.0,0.0,0.0,0.0,0.0,0.0,False
todayilearned,positive,positive,112.06896551724138,0.0,0.0,0.0,0.0,0.0,0.0,0.0,False
todayilearned,positive,positive,69.44444444444444,0.0,0.0,0.0,0.0,0.0,0.0,0.0,False
todayilearned,negative,negative,83.33333333333333,0.0,0.0,0.0,0.0,0.0,0.0,0.0,False
todayilearned,negative,negative,56.45161290322581,0.0,0.0,0.0,0.0,0.0,0.0,0.0,False
todayilearned,negative,negative,42.3728813559322,0.0,0.0,0.0,0.0,0.0,0.0,0.0,False
todayilearned,negative,negative,50.84745762711865,0.0,16.949152542372882,0.0,0.0,0.0,0.0,0.0,False
todayilearned,negative,negative,40.0,0.0,0.0,0.0,0.0,0.0,0.0,0.0,False
todayilearned,negative,negative,25.64102564102564,0.0,0.0,0.0,0.0,0.0,0.0,0.0,False
todayilearned,positive,positive,44.44444444444444,0.0,0.0,0.0,0.0,0.0,0.0,0.0,False
todayilearned,negative,negative,41.791044776119406,2.985074626865672,11.940298507462687,0.0,0.0,0.0,0.0,0.0,False
todayilearned,negative,negative,49.18032786885246,0.0,0.0,8.196721311475411,0.0,0.0,0.0,0.0,False
todayilearned,positive,positive,42.3728813559322,2.824858757062147,19.77401129943503,0.0,0.0,0.0,0.0,0.0,False
todayilearned,positive,positive,38.25136612021858,0.0,0.0,0.0,0.0,0.0,0.0,0.0,False
todayilearned,positive,positive,56.33802816901409,0.0,0.0,0.0,0.0,0.0,0.0,0.0,False
todayilearned,negative,negative,58.8235294117647,0.0,0.0,0.0,0.0,0.0,0.0,0.0,False
todayilearned,positive,positive,52.63157894736842,0.0,0.0,0.0,0.0,0.0,0.0,0.0,False
todayilearned,positive,positive,65.57377049180329,0.0,0.0,0.0,0.0,0.0,0.0,0.0,False
todayilearned,positive,positive,37.38317757009346,0.0,0.0,0.0,0.0,0.0,0.0,0.0,False
todayilearned,positive,positive,41.0958904109589,0.0,0.0,0.0,0.0,0.0,0.0,0.0,False
todayilearned,negative,negative,42.63565891472868,0.0,0.0,0.0,0.0,0.0,0.0,0.0,False
todayilearned,positive,positive,42.780748663101605,0.0,0.0,0.0,0.0,0.0,0.0,0.0,False
todayilearned,positive,positive,66.25258799171843,2.070393374741201,4.140786749482402,4.140786749482402,0.0,0.0,0.0,0.0,False
todayilearned,negative,negative,36.986301369863014,0.0,0.0,0.0,0.0,0.0,0.0,0.0,False
todayilearned,positive,positive,20.833333333333332,0.0,0.0,0.0,0.0,0.0,0.0,0.0,False
todayilearned,positive,positive,50.0,0.0,0.0,0.0,0.0,0.0,0.0,0.0,False
todayilearned,negative,negative,74.07407407407408,0.0,0.0,18.51851851851852,0.0,0.0,0.0,0.0,False
todayilearned,negative,negative,43.47826086956522,0.0,0.0,0.0,0.0,0.0,0.0,0.0,False
todayilearned,positive,positive,41.666666666666664,0.0,0.0,0.0,0.0,0.0,0.0,0.0,False
todayilearned,negative,negative,30.434782608695652,0.0,0.0,0.0,0.0,0.0,0.0,0.0,False
todayilearned,negative,negative,46.97986577181208,0.0,10.06711409395973,0.0,0.0,0.0,0.0,0.0,False
todayilearned,positive,positive,43.859649122807014,0.0,0.0,0.0,0.0,0.0,0.0,0.0,False
todayilearned,positive,positive,37.03703703703704,4.8732943469785575,7.797270955165692,7.797270955165692,0.0,0.0,0.0,0.0,False
todayilearned,positive,positive,49.72375690607735,5.524861878453039,0.0,11.049723756906078,0.0,0.0,0.0,0.0,False
todayilearned,positive,positive,64.93506493506493,0.0,0.0,0.0,0.0,0.0,0.0,0.0,False
todayilearned,positive,positive,74.07407407407408,0.0,14.814814814814815,3.7037037037037037,0.0,0.0,0.0,0.0,False
todayilearned,negative,negative,10.638297872340425,0.0,0.0,21.27659574468085,0.0,0.0,0.0,0.0,False
todayilearned,positive,positive,47.61904761904761,0.0,9.523809523809526,0.0,0.0,0.0,0.0,0.0,False
todayilearned,negative,negative,0.0,0.0,0.0,38.46153846153847,0.0,0.0,0.0,0.0,False
todayilearned,positive,positive,37.03703703703704,0.0,0.0,0.0,0.0,0.0,0.0,0.0,False
todayilearned,positive,negative,30.18867924528302,0.0,0.0,0.0,0.0,0.0,0.0,0.0,True
todayilearned,negative,negative,46.875,0.0,0.0,0.0,0.0,0.0,0.0,0.0,False
todayilearned,positive,negative,49.504950495049506,3.3003300330033003,6.600660066006601,0.0,0.0,0.0,0.0,0.0,True
todayilearned,positive,positive,20.64896755162242,0.0,0.0,0.0,0.0,0.0,0.0,0.0,False
todayilearned,positive,positive,48.64864864864865,0.0,0.0,0.0,0.0,0.0,0.0,0.0,False
todayilearned,positive,positive,44.03669724770643,1.834862385321101,0.9174311926605505,1.834862385321101,0.0,0.0,0.0,0.0,False
todayilearned,positive,positive,33.557046979865774,0.0,0.0,0.0,0.0,0.0,0.0,0.0,False
todayilearned,positive,positive,30.303030303030305,0.0,0.0,0.0,0.0,0.0,0.0,0.0,False
todayilearned,positive,positive,43.47826086956522,0.0,0.0,0.0,0.0,0.0,0.0,0.0,False
todayilearned,negative,negative,39.473684210526315,0.0,0.0,0.0,0.0,0.0,0.0,0.0,False
todayilearned,neutral,neutral,0.0,0.0,0.0,0.0,0.0,0.0,0.0,0.0,False
todayilearned,negative,negative,9.433962264150942,18.867924528301884,0.0,0.0,0.0,0.0,0.0,0.0,False
todayilearned,negative,negative,78.94736842105263,0.0,26.31578947368421,0.0,0.0,0.0,0.0,0.0,False
todayilearned,negative,negative,35.714285714285715,0.0,0.0,0.0,0.0,0.0,0.0,0.0,False
todayilearned,negative,negative,58.25242718446602,0.0,0.0,0.0,0.0,0.0,0.0,0.0,False
todayilearned,positive,positive,44.44444444444444,0.0,11.11111111111111,0.0,0.0,0.0,0.0,0.0,False
todayilearned,positive,positive,44.44444444444444,0.0,11.11111111111111,0.0,0.0,0.0,0.0,0.0,False
todayilearned,positive,positive,44.44444444444444,0.0,11.11111111111111,0.0,0.0,0.0,0.0,0.0,False
todayilearned,positive,positive,44.44444444444444,0.0,11.11111111111111,0.0,0.0,0.0,0.0,0.0,False
todayilearned,positive,positive,27.27272727272727,0.0,0.0,0.0,0.0,0.0,0.0,0.0,False
todayilearned,positive,positive,24.390243902439025,0.0,48.78048780487805,0.0,0.0,0.0,0.0,0.0,False
todayilearned,positive,positive,82.47422680412372,0.0,0.0,0.0,0.0,0.0,0.0,0.0,False
todayilearned,positive,positive,46.51162790697674,0.0,0.0,11.627906976744185,0.0,0.0,0.0,0.0,False
todayilearned,positive,positive,40.697674418604656,0.0,0.0,0.0,0.0,0.0,0.0,0.0,False
todayilearned,negative,neutral,23.27586206896552,0.8620689655172413,0.0,0.8620689655172413,0.0,0.0,0.0,0.0,True
todayilearned,positive,positive,26.50602409638554,0.0,0.0,2.4096385542168677,0.0,0.0,0.0,0.0,False
todayilearned,positive,positive,48.484848484848484,0.0,6.0606060606060606,0.0,0.0,0.0,0.0,0.0,False
todayilearned,positive,positive,49.18032786885246,0.0,10.92896174863388,0.0,0.0,0.0,0.0,0.0,False
todayilearned,positive,positive,41.666666666666664,0.0,0.0,0.0,0.0,0.0,0.0,0.0,False
todayilearned,negative,negative,45.662100456621005,0.0,0.0,0.0,0.0,0.0,0.0,0.0,False
todayilearned,negative,negative,54.54545454545454,118.18181818181817,0.0,0.0,0.0,27.27272727272727,0.0,0.0,False
todayilearned,negative,negative,40.0,20.0,0.0,0.0,0.0,0.0,0.0,0.0,False
todayilearned,negative,negative,40.816326530612244,0.0,0.0,0.0,0.0,0.0,0.0,0.0,False
todayilearned,negative,negative,42.5531914893617,0.0,0.0,0.0,0.0,0.0,0.0,0.0,False
todayilearned,negative,negative,50.314465408805034,0.0,0.0,0.0,0.0,0.0,0.0,0.0,False
todayilearned,positive,positive,41.666666666666664,0.0,0.0,0.0,0.0,0.0,0.0,0.0,False
todayilearned,positive,positive,70.75471698113208,0.0,0.0,0.0,0.0,0.0,0.0,0.0,False
todayilearned,negative,negative,65.21739130434783,0.0,0.0,0.0,0.0,0.0,0.0,0.0,False
todayilearned,negative,negative,62.5,0.0,0.0,0.0,0.0,0.0,0.0,0.0,False
todayilearned,positive,positive,25.210084033613445,0.0,0.0,0.0,0.0,0.0,0.0,0.0,False
todayilearned,positive,positive,49.18032786885246,8.196721311475411,0.0,0.0,0.0,0.0,0.0,0.0,False
todayilearned,positive,positive,41.666666666666664,0.0,0.0,0.0,0.0,0.0,0.0,0.0,False
todayilearned,negative,negative,46.72897196261682,0.0,0.0,0.0,0.0,0.0,0.0,0.0,False
todayilearned,negative,negative,41.54302670623145,0.0,0.0,0.0,0.0,0.0,0.0,0.0,False
todayilearned,negative,negative,29.9625468164794,0.0,5.617977528089887,0.0,0.0,0.0,0.0,0.0,False
todayilearned,negative,negative,32.17821782178218,0.0,0.0,0.0,0.0,0.0,0.0,0.0,False
todayilearned,positive,positive,25.280898876404493,0.0,0.0,0.0,0.0,0.0,0.0,0.0,False
todayilearned,positive,positive,56.17977528089887,0.0,0.0,0.0,0.0,0.0,0.0,0.0,False
todayilearned,negative,negative,39.823008849557525,0.0,0.0,0.0,0.0,0.0,0.0,0.0,False
todayilearned,negative,negative,51.06382978723404,0.0,0.0,0.0,0.0,0.0,0.0,0.0,False
todayilearned,positive,positive,56.17977528089887,0.0,0.0,0.0,0.0,0.0,0.0,0.0,False
todayilearned,negative,negative,73.17073170731707,0.0,0.0,0.0,0.0,0.0,0.0,0.0,False
todayilearned,negative,negative,44.0,0.0,0.0,4.0,0.0,0.0,0.0,0.0,False
todayilearned,negative,negative,27.397260273972602,0.0,0.0,0.0,0.0,0.0,0.0,0.0,False
todayilearned,positive,positive,66.29834254143645,0.0,0.0,0.0,0.0,0.0,0.0,0.0,False
todayilearned,positive,positive,44.776119402985074,0.0,0.0,0.0,0.0,0.0,0.0,0.0,False
todayilearned,negative,negative,28.90173410404624,0.0,0.0,0.0,0.0,0.0,0.0,0.0,False
todayilearned,positive,positive,19.157088122605362,0.0,0.0,3.8314176245210727,0.0,0.0,0.0,0.0,False
todayilearned,neutral,neutral,57.14285714285714,0.0,28.57142857142857,0.0,0.0,0.0,0.0,0.0,False
todayilearned,negative,negative,52.0,0.0,4.0,0.0,0.0,0.0,0.0,0.0,False
todayilearned,neutral,neutral,0.0,0.0,0.0,0.0,0.0,0.0,0.0,0.0,False
todayilearned,negative,negative,96.15384615384616,0.0,0.0,0.0,0.0,0.0,0.0,0.0,False
todayilearned,positive,positive,25.974025974025977,0.0,0.0,0.0,0.0,0.0,0.0,0.0,False
todayilearned,positive,positive,28.985507246376812,0.0,0.0,7.246376811594203,0.0,0.0,0.0,0.0,False
todayilearned,positive,positive,51.28205128205128,0.0,0.0,0.0,0.0,0.0,0.0,0.0,False
todayilearned,positive,negative,50.0,0.0,0.0,0.0,0.0,0.0,0.0,0.0,True
todayilearned,positive,positive,70.94594594594594,0.0,0.0,0.0,0.0,0.0,0.0,0.0,False
todayilearned,positive,positive,23.809523809523807,0.0,0.0,11.904761904761903,0.0,0.0,0.0,0.0,False
todayilearned,negative,negative,58.8235294117647,0.0,14.705882352941176,0.0,0.0,0.0,0.0,0.0,False
todayilearned,negative,negative,45.45454545454545,0.0,0.0,0.0,0.0,0.0,0.0,0.0,False
todayilearned,positive,positive,49.382716049382715,0.0,0.0,0.0,0.0,0.0,0.0,0.0,False
todayilearned,negative,negative,58.09128630705394,0.0,0.0,0.0,0.0,0.0,0.0,0.0,False
todayilearned,positive,positive,43.20987654320987,0.0,0.0,0.0,0.0,0.0,0.0,0.0,False
todayilearned,negative,negative,57.47126436781609,0.0,0.0,0.0,0.0,0.0,0.0,0.0,False
todayilearned,neutral,neutral,84.7457627118644,0.0,0.0,0.0,0.0,0.0,0.0,0.0,False
todayilearned,positive,positive,86.37469586374696,10.948905109489052,3.6496350364963503,1.2165450121654502,1.2165450121654502,4.866180048661801,0.0,0.0,False
todayilearned,positive,positive,37.03703703703704,5.698005698005698,2.849002849002849,5.698005698005698,0.0,0.0,0.0,0.0,False
todayilearned,positive,positive,71.42857142857143,0.0,0.0,0.0,0.0,0.0,0.0,0.0,False
todayilearned,positive,positive,65.21739130434783,0.0,0.0,0.0,0.0,0.0,0.0,0.0,False
todayilearned,negative,negative,67.46031746031746,0.0,0.0,7.936507936507936,0.0,0.0,0.0,0.0,False
todayilearned,positive,positive,61.224489795918366,6.802721088435374,6.802721088435374,13.605442176870747,0.0,0.0,0.0,0.0,False
todayilearned,negative,negative,71.42857142857143,0.0,20.408163265306122,0.0,0.0,0.0,0.0,0.0,False
todayilearned,positive,positive,39.823008849557525,0.0,0.0,0.0,0.0,0.0,0.0,0.0,False
todayilearned,positive,positive,50.63291139240506,7.594936708860759,0.0,5.063291139240507,0.0,0.0,0.0,0.0,False
todayilearned,negative,negative,32.05128205128205,0.0,0.0,6.41025641025641,0.0,0.0,0.0,0.0,False
todayilearned,negative,negative,23.25581395348837,15.503875968992247,0.0,0.0,0.0,0.0,0.0,0.0,False
todayilearned,negative,negative,32.25806451612903,0.0,0.0,0.0,0.0,0.0,0.0,0.0,False
todayilearned,positive,positive,56.81818181818181,0.0,0.0,0.0,0.0,0.0,0.0,0.0,False
todayilearned,positive,positive,24.0,0.0,0.0,0.0,0.0,0.0,0.0,0.0,False
todayilearned,positive,positive,20.0,0.0,0.0,0.0,0.0,0.0,0.0,0.0,False
todayilearned,positive,positive,96.0,0.0,12.0,0.0,0.0,0.0,0.0,0.0,False
todayilearned,negative,negative,39.21568627450981,0.0,9.803921568627452,0.0,0.0,0.0,0.0,0.0,False
todayilearned,positive,positive,49.586776859504134,0.0,0.0,8.264462809917356,0.0,0.0,0.0,0.0,False
todayilearned,negative,negative,48.19277108433735,0.0,0.0,0.0,0.0,0.0,0.0,0.0,False
todayilearned,positive,positive,73.17073170731707,0.0,0.0,8.130081300813009,0.0,0.0,0.0,0.0,False
todayilearned,negative,negative,55.55555555555555,0.0,0.0,0.0,0.0,0.0,0.0,0.0,False
todayilearned,negative,negative,53.89221556886228,0.0,0.0,0.0,0.0,0.0,0.0,0.0,False
todayilearned,positive,positive,49.586776859504134,0.0,0.0,0.0,0.0,0.0,0.0,0.0,False
todayilearned,positive,positive,62.5,0.0,0.0,0.0,0.0,0.0,0.0,0.0,False
todayilearned,positive,positive,73.52941176470588,0.0,0.0,0.0,0.0,0.0,0.0,0.0,False
todayilearned,negative,negative,31.746031746031743,0.0,0.0,0.0,0.0,0.0,0.0,0.0,False
todayilearned,negative,negative,53.27868852459016,0.0,0.0,0.0,0.0,0.0,0.0,0.0,False
todayilearned,positive,positive,58.8235294117647,0.0,0.0,0.0,0.0,0.0,0.0,0.0,False
todayilearned,positive,positive,25.24271844660194,0.0,13.592233009708737,0.0,0.0,0.0,0.0,0.0,False
todayilearned,positive,positive,62.780269058295964,0.0,6.72645739910314,2.242152466367713,2.242152466367713,0.0,0.0,0.0,False
todayilearned,neutral,neutral,40.816326530612244,0.0,0.0,0.0,0.0,0.0,0.0,0.0,False
todayilearned,positive,positive,52.26480836236934,0.0,0.0,0.0,0.0,0.0,0.0,0.0,False
todayilearned,negative,negative,22.727272727272727,0.0,0.0,0.0,0.0,0.0,0.0,0.0,False
todayilearned,negative,negative,60.869565217391305,0.0,0.0,0.0,0.0,0.0,0.0,0.0,False
todayilearned,negative,negative,32.786885245901644,0.0,16.393442622950822,24.59016393442623,8.196721311475411,0.0,0.0,0.0,False
todayilearned,neutral,neutral,76.92307692307693,0.0,0.0,0.0,0.0,0.0,0.0,0.0,False
todayilearned,positive,positive,16.949152542372882,0.0,0.0,0.0,0.0,0.0,0.0,0.0,False
todayilearned,negative,negative,48.19277108433735,0.0,0.0,24.096385542168676,0.0,0.0,0.0,0.0,False
todayilearned,negative,negative,0.0,0.0,0.0,0.0,0.0,0.0,0.0,0.0,False
todayilearned,positive,positive,59.21052631578947,0.0,46.05263157894736,0.0,13.157894736842104,0.0,0.0,0.0,False
todayilearned,negative,negative,62.5,20.833333333333332,10.416666666666666,10.416666666666666,0.0,0.0,0.0,0.0,False
todayilearned,negative,negative,38.73239436619718,3.5211267605633805,3.5211267605633805,0.0,0.0,0.0,0.0,0.0,False
todayilearned,positive,positive,44.87179487179487,0.0,6.41025641025641,0.0,0.0,0.0,0.0,0.0,False
todayilearned,positive,positive,46.05263157894736,0.0,0.0,0.0,0.0,0.0,0.0,0.0,False
todayilearned,positive,positive,53.763440860215056,0.0,0.0,0.0,0.0,0.0,0.0,0.0,False
todayilearned,neutral,neutral,58.8235294117647,0.0,0.0,0.0,0.0,0.0,0.0,0.0,False
todayilearned,negative,negative,81.63265306122449,0.0,0.0,0.0,0.0,0.0,0.0,0.0,False
todayilearned,negative,negative,52.910052910052904,0.0,0.0,0.0,0.0,0.0,0.0,0.0,False
todayilearned,negative,negative,40.0,0.0,0.0,0.0,0.0,0.0,0.0,0.0,False
todayilearned,positive,positive,0.0,0.0,25.64102564102564,0.0,0.0,0.0,0.0,0.0,False
todayilearned,positive,positive,63.82978723404255,0.0,0.0,0.0,0.0,0.0,0.0,0.0,False
todayilearned,positive,positive,34.78260869565217,0.0,0.0,0.0,0.0,0.0,0.0,0.0,False
todayilearned,negative,negative,37.9746835443038,0.0,0.0,0.0,0.0,0.0,0.0,0.0,False
todayilearned,negative,negative,43.10344827586207,0.0,4.310344827586206,0.0,0.0,0.0,0.0,0.0,False
todayilearned,negative,negative,24.282560706401764,0.0,4.415011037527594,4.415011037527594,0.0,0.0,0.0,0.0,False
todayilearned,negative,negative,44.397463002114165,0.0,4.2283298097251585,4.2283298097251585,0.0,0.0,0.0,0.0,False
todayilearned,positive,positive,26.119402985074625,3.7313432835820897,7.462686567164179,29.850746268656717,0.0,0.0,0.0,0.0,False
todayilearned,positive,positive,50.63291139240506,0.0,0.0,0.0,0.0,0.0,0.0,0.0,False
todayilearned,negative,negative,34.48275862068965,0.0,0.0,0.0,0.0,0.0,0.0,0.0,False
todayilearned,positive,positive,41.95804195804196,0.0,0.0,0.0,0.0,0.0,0.0,0.0,False
todayilearned,negative,negative,80.0,0.0,0.0,0.0,0.0,0.0,0.0,0.0,False
todayilearned,negative,negative,40.0,0.0,0.0,0.0,0.0,0.0,0.0,0.0,False
todayilearned,positive,neutral,28.57142857142857,0.0,0.0,0.0,0.0,0.0,0.0,0.0,True
todayilearned,positive,negative,38.70162297128589,0.0,6.242197253433208,2.4968789013732833,0.0,0.0,0.0,0.0,True
todayilearned,positive,positive,30.303030303030305,0.0,0.0,0.0,0.0,0.0,0.0,0.0,False
todayilearned,negative,negative,47.8955007256894,0.0,4.354136429608127,0.0,0.0,0.0,0.0,0.0,False
todayilearned,positive,positive,39.75903614457831,1.2048192771084338,6.024096385542169,0.0,0.0,0.0,0.0,0.0,False
todayilearned,neutral,neutral,0.0,0.0,0.0,0.0,0.0,0.0,0.0,0.0,False
todayilearned,negative,negative,29.850746268656717,0.0,0.0,0.0,0.0,0.0,0.0,0.0,False
todayilearned,negative,negative,52.63157894736842,0.0,0.0,0.0,0.0,0.0,0.0,0.0,False
todayilearned,positive,positive,50.561797752808985,0.0,0.0,0.0,0.0,0.0,0.0,0.0,False
todayilearned,positive,positive,64.93506493506493,0.0,0.0,0.0,0.0,0.0,0.0,0.0,False
todayilearned,positive,positive,59.32203389830509,0.0,8.474576271186441,8.474576271186441,0.0,0.0,0.0,0.0,False
todayilearned,positive,positive,47.61904761904761,0.0,0.0,0.0,0.0,0.0,0.0,0.0,False
todayilearned,neutral,neutral,47.61904761904761,0.0,0.0,0.0,0.0,0.0,0.0,0.0,False
todayilearned,negative,negative,36.36363636363636,0.0,0.0,0.0,0.0,0.0,0.0,0.0,False
todayilearned,positive,positive,38.83495145631068,0.0,0.0,0.0,0.0,0.0,0.0,0.0,False
todayilearned,positive,positive,50.0,0.0,16.666666666666668,0.0,0.0,0.0,0.0,0.0,False
todayilearned,positive,positive,62.5,0.0,0.0,0.0,0.0,0.0,0.0,0.0,False
todayilearned,positive,positive,32.25806451612903,0.0,24.193548387096772,0.0,0.0,0.0,0.0,0.0,False
todayilearned,negative,negative,49.853372434017594,0.0,0.0,0.0,0.0,0.0,0.0,0.0,False
todayilearned,positive,positive,63.49206349206349,0.0,0.0,0.0,0.0,0.0,0.0,0.0,False
todayilearned,positive,positive,73.39449541284404,0.0,0.0,0.0,0.0,0.0,0.0,0.0,False
todayilearned,negative,negative,46.875,0.0,0.0,0.0,0.0,0.0,0.0,0.0,False
todayilearned,positive,positive,41.597337770382694,1.663893510815308,3.327787021630616,0.0,0.0,0.0,0.0,0.0,False
todayilearned,positive,positive,43.343653250774,0.0,0.0,9.287925696594426,0.0,0.0,0.0,0.0,False
todayilearned,positive,positive,40.48582995951417,0.0,0.0,0.0,0.0,0.0,0.0,0.0,False
todayilearned,neutral,neutral,71.42857142857143,0.0,0.0,0.0,0.0,0.0,0.0,0.0,False
todayilearned,positive,positive,48.19277108433735,0.0,0.0,24.096385542168676,0.0,0.0,0.0,0.0,False
todayilearned,positive,positive,52.63157894736842,0.0,0.0,0.0,0.0,0.0,0.0,0.0,False
todayilearned,negative,negative,49.079754601226995,0.0,0.0,0.0,0.0,0.0,0.0,0.0,False
todayilearned,positive,positive,0.0,0.0,0.0,0.0,0.0,0.0,0.0,0.0,False
todayilearned,positive,positive,35.08771929824561,0.0,8.771929824561402,0.0,0.0,0.0,0.0,0.0,False
todayilearned,negative,negative,26.431718061674008,0.0,0.0,0.0,0.0,0.0,0.0,0.0,False
todayilearned,negative,negative,62.5,0.0,0.0,0.0,0.0,0.0,0.0,0.0,False
todayilearned,negative,negative,44.44444444444444,0.0,0.0,0.0,0.0,0.0,0.0,0.0,False
todayilearned,positive,positive,71.42857142857143,0.0,0.0,0.0,0.0,0.0,0.0,0.0,False
todayilearned,positive,positive,34.883720930232556,0.0,0.0,0.0,0.0,0.0,0.0,0.0,False
todayilearned,positive,positive,42.780748663101605,0.0,0.0,0.0,0.0,0.0,0.0,0.0,False
todayilearned,positive,positive,64.1025641025641,0.0,0.0,0.0,0.0,0.0,0.0,0.0,False
todayilearned,negative,negative,71.00591715976331,0.0,3.9447731755424065,0.0,0.0,0.0,0.0,0.0,False
todayilearned,negative,negative,51.28205128205128,0.0,0.0,0.0,0.0,0.0,0.0,0.0,False
todayilearned,negative,negative,57.14285714285714,0.0,0.0,0.0,0.0,0.0,0.0,0.0,False
todayilearned,positive,positive,49.18032786885246,0.0,0.0,0.0,0.0,0.0,0.0,0.0,False
todayilearned,positive,positive,52.63157894736842,0.0,0.0,0.0,0.0,0.0,0.0,0.0,False
todayilearned,positive,positive,31.25,0.0,0.0,0.0,0.0,0.0,0.0,0.0,False
todayilearned,positive,positive,111.1111111111111,0.0,0.0,0.0,0.0,0.0,0.0,0.0,False
todayilearned,positive,positive,62.5,0.0,7.8125,0.0,0.0,0.0,0.0,0.0,False
todayilearned,positive,positive,40.93567251461988,0.0,0.0,0.0,0.0,0.0,0.0,0.0,False
todayilearned,neutral,neutral,67.79661016949153,0.0,0.0,0.0,0.0,0.0,0.0,0.0,False
todayilearned,negative,negative,26.402640264026402,0.0,0.0,3.3003300330033003,0.0,0.0,0.0,0.0,False
todayilearned,negative,negative,90.9090909090909,0.0,0.0,0.0,0.0,0.0,0.0,0.0,False
todayilearned,negative,negative,24.390243902439025,0.0,0.0,0.0,0.0,0.0,0.0,0.0,False
todayilearned,positive,positive,47.86150712830957,2.0366598778004072,1.0183299389002036,0.0,0.0,0.0,0.0,0.0,False
todayilearned,negative,negative,50.0,7.142857142857142,7.142857142857142,0.0,0.0,0.0,0.0,0.0,False
todayilearned,negative,negative,41.666666666666664,0.0,0.0,0.0,0.0,0.0,0.0,0.0,False
todayilearned,negative,neutral,48.484848484848484,0.0,12.121212121212121,0.0,0.0,0.0,0.0,0.0,True
todayilearned,positive,positive,41.32231404958678,0.0,0.0,0.0,0.0,0.0,0.0,0.0,False
todayilearned,negative,negative,48.611111111111114,0.0,10.416666666666666,0.0,0.0,0.0,0.0,0.0,False
todayilearned,negative,negative,32.05128205128205,0.0,0.0,0.0,0.0,0.0,0.0,0.0,False
todayilearned,positive,positive,35.714285714285715,0.0,0.0,0.0,0.0,0.0,0.0,0.0,False
todayilearned,positive,positive,62.5,0.0,20.833333333333332,0.0,0.0,0.0,0.0,0.0,False
todayilearned,positive,positive,31.25,0.0,0.0,0.0,0.0,0.0,0.0,0.0,False
todayilearned,positive,positive,40.0,0.0,0.0,0.0,0.0,0.0,0.0,0.0,False
todayilearned,negative,negative,54.23728813559322,0.0,0.0,0.0,0.0,0.0,0.0,0.0,False
todayilearned,positive,positive,53.05039787798409,0.0,7.957559681697613,7.957559681697613,0.0,0.0,0.0,0.0,False
todayilearned,positive,positive,30.76923076923077,0.0,0.0,0.0,0.0,0.0,0.0,0.0,False
todayilearned,positive,positive,48.515568428674875,0.0,0.0,0.0,0.0,0.0,0.0,0.0,False
todayilearned,negative,negative,40.0,0.0,0.0,0.0,0.0,0.0,0.0,0.0,False
todayilearned,negative,negative,50.0,0.0,0.0,0.0,0.0,0.0,0.0,0.0,False
todayilearned,positive,positive,43.01075268817205,0.0,0.0,0.0,0.0,0.0,0.0,0.0,False
todayilearned,negative,negative,56.33802816901409,0.0,0.0,0.0,0.0,0.0,0.0,0.0,False
todayilearned,negative,negative,53.763440860215056,0.0,10.752688172043012,0.0,0.0,0.0,0.0,0.0,False
todayilearned,positive,positive,74.07407407407408,0.0,0.0,0.0,0.0,0.0,0.0,0.0,False
todayilearned,negative,negative,37.9746835443038,0.0,0.0,0.0,0.0,0.0,0.0,0.0,False
todayilearned,positive,positive,42.5531914893617,10.638297872340425,0.0,0.0,0.0,0.0,0.0,0.0,False
todayilearned,positive,positive,54.054054054054056,0.0,0.0,0.0,0.0,0.0,0.0,0.0,False
todayilearned,positive,positive,17.241379310344826,0.0,0.0,0.0,0.0,0.0,0.0,0.0,False
todayilearned,positive,positive,23.25581395348837,4.651162790697675,18.6046511627907,0.0,0.0,0.0,0.0,0.0,False
todayilearned,negative,negative,43.121149897330596,0.0,2.053388090349076,2.053388090349076,0.0,0.0,0.0,0.0,False
todayilearned,negative,negative,52.78592375366569,2.932551319648094,8.797653958944283,0.0,0.0,0.0,0.0,0.0,False
todayilearned,negative,negative,44.642857142857146,0.0,0.0,0.0,0.0,0.0,0.0,0.0,False
todayilearned,negative,negative,41.666666666666664,0.0,20.833333333333332,0.0,0.0,0.0,0.0,0.0,False
todayilearned,positive,positive,59.52380952380952,0.0,0.0,0.0,0.0,0.0,0.0,0.0,False
todayilearned,positive,positive,38.75968992248062,0.0,23.25581395348837,0.0,0.0,0.0,0.0,0.0,False
todayilearned,negative,negative,76.92307692307693,0.0,0.0,0.0,0.0,0.0,0.0,0.0,False
todayilearned,positive,positive,47.337278106508876,0.0,0.0,0.0,0.0,0.0,0.0,0.0,False
todayilearned,negative,negative,51.28205128205128,0.0,0.0,0.0,0.0,0.0,0.0,0.0,False
todayilearned,negative,negative,39.21568627450981,0.0,0.0,0.0,0.0,0.0,0.0,0.0,False
todayilearned,negative,negative,34.48275862068965,0.0,4.926108374384237,0.0,0.0,0.0,0.0,0.0,False
todayilearned,negative,negative,42.10526315789473,0.0,0.0,0.0,0.0,0.0,0.0,0.0,False
todayilearned,negative,negative,36.58536585365854,0.0,0.0,0.0,0.0,0.0,0.0,0.0,False
todayilearned,negative,negative,29.7029702970297,0.0,0.0,0.0,0.0,0.0,0.0,0.0,False
todayilearned,positive,neutral,58.13953488372093,0.0,0.0,0.0,0.0,0.0,0.0,0.0,True
todayilearned,negative,negative,65.93406593406594,0.0,0.0,0.0,0.0,0.0,0.0,0.0,False
todayilearned,neutral,neutral,43.47826086956522,0.0,0.0,0.0,0.0,0.0,0.0,0.0,False
todayilearned,negative,negative,51.61290322580645,0.0,0.0,0.0,0.0,0.0,0.0,0.0,False
todayilearned,negative,negative,16.666666666666668,0.0,0.0,0.0,0.0,0.0,0.0,0.0,False
todayilearned,negative,negative,37.73584905660377,0.0,0.0,0.0,0.0,0.0,0.0,0.0,False
todayilearned,positive,positive,38.46153846153847,0.0,0.0,0.0,0.0,0.0,0.0,0.0,False
todayilearned,negative,negative,13.513513513513514,0.0,13.513513513513514,0.0,0.0,0.0,0.0,0.0,False
todayilearned,positive,positive,59.82905982905983,0.0,0.0,0.0,0.0,0.0,0.0,0.0,False
todayilearned,negative,negative,38.25136612021858,5.46448087431694,5.46448087431694,5.46448087431694,0.0,0.0,0.0,0.0,False
todayilearned,positive,positive,37.73584905660377,0.0,0.0,0.0,0.0,0.0,0.0,0.0,False
todayilearned,negative,negative,41.666666666666664,0.0,13.888888888888888,0.0,0.0,0.0,0.0,0.0,False
todayilearned,positive,positive,42.25352112676056,0.0,0.0,0.0,0.0,0.0,0.0,0.0,False
todayilearned,positive,positive,60.97560975609756,0.0,0.0,12.195121951219512,0.0,0.0,0.0,0.0,False
todayilearned,positive,positive,37.84860557768924,0.0,0.0,0.0,0.0,0.0,0.0,0.0,False
todayilearned,negative,negative,21.73913043478261,0.0,0.0,0.0,0.0,0.0,0.0,0.0,False
todayilearned,positive,positive,34.48275862068965,0.0,5.747126436781609,0.0,0.0,0.0,0.0,0.0,False
todayilearned,positive,positive,52.63157894736842,0.0,0.0,0.0,0.0,0.0,0.0,0.0,False
todayilearned,negative,negative,81.96721311475409,0.0,0.0,0.0,0.0,0.0,0.0,0.0,False
todayilearned,negative,negative,53.14009661835749,0.0,0.0,0.0,0.0,0.0,0.0,0.0,False
todayilearned,negative,negative,22.47191011235955,5.617977528089887,39.32584269662921,0.0,0.0,0.0,0.0,0.0,False
todayilearned,neutral,positive,39.37007874015748,0.0,0.0,0.0,0.0,0.0,0.0,0.0,True
todayilearned,negative,negative,31.007751937984494,0.0,0.0,0.0,0.0,0.0,0.0,0.0,False
todayilearned,positive,positive,59.907834101382484,0.0,0.0,0.0,0.0,0.0,0.0,0.0,False
todayilearned,negative,negative,46.15384615384615,0.0,15.384615384615385,0.0,0.0,0.0,0.0,0.0,False
todayilearned,negative,negative,76.92307692307693,0.0,51.28205128205128,12.82051282051282,0.0,0.0,0.0,0.0,False
explainlikeimfive,positive,positive,29.76190476190476,0.0,0.0,0.0,0.0,0.0,0.0,0.0,False
explainlikeimfive,positive,positive,36.03603603603604,0.0,3.003003003003003,0.0,0.0,0.0,0.0,0.0,False
explainlikeimfive,positive,positive,42.73504273504273,0.0,4.273504273504274,0.0,0.0,0.0,0.0,0.0,False
explainlikeimfive,positive,positive,61.611374407582936,0.0,0.0,0.0,0.0,0.0,0.0,0.0,False
explainlikeimfive,positive,positive,38.83495145631068,0.0,6.472491909385114,0.0,0.0,0.0,0.0,0.0,False
explainlikeimfive,negative,negative,74.53416149068323,0.0,6.211180124223602,0.0,0.0,0.0,0.0,0.0,False
explainlikeimfive,positive,positive,40.816326530612244,0.0,0.0,0.0,0.0,0.0,0.0,0.0,False
explainlikeimfive,positive,positive,48.206937095825985,7.054673721340388,3.527336860670194,1.1757789535567313,0.0,0.0,0.0,0.0,False
explainlikeimfive,positive,positive,31.007751937984494,7.751937984496124,11.627906976744185,3.875968992248062,0.0,0.0,0.0,0.0,False
explainlikeimfive,negative,positive,34.48275862068965,0.0,8.620689655172413,17.241379310344826,0.0,0.0,0.0,0.0,True
explainlikeimfive,positive,positive,47.16981132075472,0.0,0.0,9.433962264150942,0.0,0.0,0.0,0.0,False
explainlikeimfive,positive,positive,48.78048780487805,0.0,4.878048780487805,0.0,0.0,0.0,0.0,0.0,False
explainlikeimfive,positive,positive,47.163798597833015,8.922880815806247,3.8240917782026767,1.2746972594008923,0.0,0.0,0.0,0.0,False
explainlikeimfive,positive,positive,48.1717933836332,7.544979686593152,3.482298316889147,1.1607661056297156,0.0,0.0,0.0,0.0,False
explainlikeimfive,positive,positive,40.72398190045249,0.0,0.0,0.0,0.0,0.0,0.0,0.0,False
explainlikeimfive,positive,positive,39.859320046893316,0.0,0.0,0.0,0.0,0.0,0.0,0.0,False
explainlikeimfive,positive,positive,72.992700729927,7.299270072992701,7.299270072992701,0.0,0.0,0.0,0.0,0.0,False
explainlikeimfive,positive,positive,38.64734299516908,0.0,0.0,0.0,0.0,0.0,0.0,0.0,False
explainlikeimfive,negative,negative,34.883720930232556,11.627906976744185,0.0,0.0,0.0,0.0,0.0,0.0,False
explainlikeimfive,negative,negative,49.586776859504134,0.0,0.0,0.0,0.0,0.0,0.0,0.0,False
explainlikeimfive,positive,positive,50.84745762711865,0.0,0.0,0.0,0.0,0.0,0.0,0.0,False
explainlikeimfive,positive,positive,55.48549810844893,1.2610340479192939,8.827238335435057,2.5220680958385877,0.0,0.0,0.0,0.0,False
explainlikeimfive,negative,negative,49.079754601226995,0.0,0.0,3.067484662576687,0.0,0.0,0.0,0.0,False
explainlikeimfive,positive,positive,44.24778761061947,0.0,0.0,0.0,0.0,0.0,0.0,0.0,False
explainlikeimfive,positive,positive,22.727272727272727,2.5252525252525255,0.0,2.5252525252525255,0.0,0.0,0.0,0.0,False
explainlikeimfive,positive,positive,66.0377358490566,0.0,0.0,0.0,0.0,0.0,0.0,0.0,False
explainlikeimfive,positive,positive,55.85106382978723,2.6595744680851063,0.0,0.0,0.0,0.0,0.0,0.0,False
explainlikeimfive,positive,positive,56.60377358490566,6.289308176100629,0.0,0.0,0.0,0.0,0.0,0.0,False
explainlikeimfive,negative,negative,82.1917808219178,0.0,0.0,0.0,0.0,0.0,0.0,0.0,False
explainlikeimfive,positive,positive,34.285714285714285,0.0,5.714285714285714,0.0,0.0,0.0,0.0,0.0,False
explainlikeimfive,positive,positive,37.704918032786885,0.0,0.0,0.0,0.0,0.0,0.0,0.0,False
explainlikeimfive,positive,positive,44.71544715447155,0.0,8.130081300813009,0.0,0.0,0.0,0.0,0.0,False
explainlikeimfive,positive,positive,40.65040650406504,0.0,0.0,0.0,0.0,0.0,0.0,0.0,False
explainlikeimfive,negative,negative,61.64383561643835,6.8493150684931505,0.0,0.0,0.0,0.0,0.0,0.0,False
explainlikeimfive,positive,positive,44.44444444444444,0.0,0.0,0.0,0.0,0.0,0.0,0.0,False
explainlikeimfive,negative,negative,35.714285714285715,0.0,0.0,0.0,0.0,0.0,0.0,0.0,False
explainlikeimfive,positive,positive,46.875,3.125,0.0,0.0,0.0,0.0,0.0,0.0,False
explainlikeimfive,positive,positive,24.752475247524753,0.0,0.0,0.0,0.0,0.0,0.0,0.0,False
explainlikeimfive,negative,negative,51.546391752577314,0.0,0.0,0.0,0.0,0.0,0.0,0.0,False
explainlikeimfive,positive,positive,54.94505494505494,0.0,5.4945054945054945,0.0,0.0,0.0,0.0,0.0,False
explainlikeimfive,positive,positive,42.3728813559322,0.0,0.0,0.0,0.0,0.0,0.0,0.0,False
explainlikeimfive,positive,positive,41.32231404958678,0.0,8.264462809917356,0.0,0.0,0.0,0.0,0.0,False
explainlikeimfive,positive,positive,53.84615384615385,0.0,0.0,0.0,0.0,0.0,0.0,0.0,False
explainlikeimfive,negative,negative,71.11111111111111,0.0,0.0,0.0,0.0,0.0,0.0,0.0,False
explainlikeimfive,negative,negative,22.831050228310502,0.0,0.0,0.0,0.0,0.0,0.0,0.0,False
explainlikeimfive,negative,negative,25.380710659898476,0.0,0.0,0.0,0.0,0.0,0.0,0.0,False
explainlikeimfive,negative,negative,17.647058823529413,0.0,0.0,0.0,0.0,0.0,0.0,0.0,False
explainlikeimfive,negative,negative,55.610724925521346,0.0,3.972194637537239,0.9930486593843098,0.0,0.0,0.0,0.0,False
explainlikeimfive,positive,positive,55.82290664100096,0.0,3.8498556304138596,0.9624639076034649,0.0,0.0,0.0,0.0,False
explainlikeimfive,positive,positive,82.47422680412372,10.309278350515465,0.0,20.61855670103093,0.0,0.0,0.0,0.0,False
explainlikeimfive,positive,positive,58.201058201058196,0.0,0.0,0.0,0.0,0.0,0.0,0.0,False
explainlikeimfive,positive,positive,52.63157894736842,0.0,0.0,0.0,0.0,0.0,0.0,0.0,False
explainlikeimfive,negative,negative,53.191489361702125,0.0,0.0,0.0,0.0,0.0,0.0,0.0,False
explainlikeimfive,positive,positive,51.42857142857143,1.142857142857143,5.714285714285714,5.714285714285714,0.0,0.0,0.0,0.0,False
explainlikeimfive,negative,negative,33.333333333333336,0.0,0.0,0.0,0.0,0.0,0.0,0.0,False
explainlikeimfive,positive,positive,36.888532477947074,0.0,0.8019246190858059,0.0,0.0,0.0,0.0,0.0,False
explainlikeimfive,positive,positive,56.60377358490566,0.0,0.0,0.0,0.0,0.0,0.0,0.0,False
explainlikeimfive,negative,negative,58.8235294117647,0.0,0.0,0.0,0.0,0.0,0.0,0.0,False
explainlikeimfive,positive,positive,47.05882352941176,0.0,3.9215686274509802,0.0,0.0,0.0,0.0,0.0,False
explainlikeimfive,positive,positive,42.19409282700422,0.0,0.0,0.0,0.0,0.0,0.0,0.0,False
explainlikeimfive,positive,positive,40.816326530612244,0.0,0.0,0.0,0.0,0.0,0.0,0.0,False
explainlikeimfive,positive,positive,62.5,0.0,10.135135135135135,5.0675675675675675,0.0,0.0,0.0,0.0,False
explainlikeimfive,positive,positive,40.72398190045249,0.0,0.0,4.524886877828055,0.0,0.0,0.0,0.0,False
explainlikeimfive,positive,positive,51.948051948051955,0.0,0.0,0.0,0.0,0.0,0.0,0.0,False
explainlikeimfive,negative,negative,79.09604519774012,0.0,5.649717514124294,0.0,0.0,0.0,0.0,0.0,False
explainlikeimfive,positive,positive,65.93406593406594,0.0,0.0,0.0,0.0,0.0,0.0,0.0,False
explainlikeimfive,positive,positive,45.45454545454545,0.0,4.545454545454545,0.0,0.0,0.0,0.0,0.0,False
explainlikeimfive,negative,negative,61.79775280898876,0.0,0.0,0.0,0.0,0.0,0.0,0.0,False
explainlikeimfive,positive,positive,47.080979284369114,0.0,0.0,0.0,0.0,0.0,0.0,0.0,False
explainlikeimfive,negative,negative,56.45161290322581,0.0,0.0,0.0,0.0,0.0,0.0,0.0,False
explainlikeimfive,positive,positive,76.3888888888889,0.0,0.0,0.0,0.0,0.0,0.0,0.0,False
explainlikeimfive,negative,negative,46.948356807511736,0.0,0.0,0.0,0.0,0.0,0.0,0.0,False
explainlikeimfive,positive,positive,56.91056910569105,0.0,0.0,0.0,0.0,0.0,0.0,0.0,False
explainlikeimfive,positive,positive,77.66990291262135,0.0,0.0,0.0,0.0,0.0,0.0,0.0,False
explainlikeimfive,negative,negative,55.35055350553505,0.0,11.07011070110701,0.0,0.0,0.0,0.0,0.0,False
explainlikeimfive,neutral,neutral,63.063063063063055,0.0,0.0,0.0,0.0,0.0,0.0,0.0,False
explainlikeimfive,positive,positive,51.09489051094891,0.0,0.0,0.0,0.0,0.0,0.0,0.0,False
explainlikeimfive,positive,positive,53.097345132743364,0.0,0.0,0.0,0.0,0.0,0.0,0.0,False
explainlikeimfive,positive,positive,52.17391304347826,0.0,0.0,0.0,0.0,0.0,0.0,0.0,False
explainlikeimfive,negative,negative,61.04651162790697,2.9069767441860463,0.0,0.0,0.0,0.0,0.0,0.0,False
explainlikeimfive,neutral,negative,100.0,0.0,0.0,0.0,0.0,0.0,0.0,0.0,True
explainlikeimfive,negative,negative,37.03703703703704,0.0,0.0,0.0,0.0,0.0,0.0,0.0,False
explainlikeimfive,neutral,neutral,42.5531914893617,0.0,0.0,0.0,0.0,0.0,0.0,0.0,False
explainlikeimfive,positive,positive,47.46835443037975,0.0,4.746835443037975,0.0,0.0,0.0,0.0,0.0,False
explainlikeimfive,positive,positive,36.4963503649635,0.0,0.0,0.0,0.0,0.0,0.0,0.0,False
explainlikeimfive,positive,positive,54.187192118226605,0.0,0.0,0.0,0.0,0.0,0.0,0.0,False
explainlikeimfive,negative,negative,37.8657487091222,0.0,3.442340791738382,0.0,0.0,0.0,0.0,0.0,False
explainlikeimfive,positive,positive,47.61904761904761,0.0,0.0,0.0,0.0,0.0,0.0,0.0,False
explainlikeimfive,negative,negative,64.93506493506493,0.0,6.493506493506494,0.0,0.0,0.0,0.0,0.0,False
explainlikeimfive,negative,positive,60.24096385542169,0.0,0.0,0.0,0.0,0.0,0.0,0.0,True
explainlikeimfive,positive,positive,58.25242718446602,0.0,0.0,0.0,0.0,0.0,0.0,0.0,False
explainlikeimfive,positive,positive,43.01075268817205,0.0,0.0,0.0,0.0,0.0,0.0,0.0,False
explainlikeimfive,positive,positive,56.17977528089887,0.0,0.0,0.0,0.0,0.0,0.0,0.0,False
explainlikeimfive,positive,positive,33.78378378378378,0.0,0.0,0.0,0.0,0.0,0.0,0.0,False
explainlikeimfive,positive,positive,47.61904761904761,0.0,0.0,0.0,0.0,0.0,0.0,0.0,False
explainlikeimfive,positive,positive,30.211480362537767,0.0,0.0,0.0,0.0,0.0,0.0,0.0,False
explainlikeimfive,positive,positive,28.824833702882483,0.0,8.869179600886918,8.869179600886918,0.0,0.0,0.0,0.0,False
explainlikeimfive,positive,positive,53.57142857142857,0.0,0.0,0.0,0.0,0.0,0.0,0.0,False
explainlikeimfive,positive,positive,47.05882352941176,0.0,0.0,0.0,0.0,0.0,0.0,0.0,False
explainlikeimfive,positive,positive,45.68527918781726,0.0,0.0,0.0,0.0,0.0,0.0,0.0,False
explainlikeimfive,neutral,neutral,37.5,0.0,0.0,0.0,0.0,0.0,0.0,0.0,False
explainlikeimfive,negative,negative,51.28205128205128,0.0,12.82051282051282,0.0,0.0,0.0,0.0,0.0,False
explainlikeimfive,positive,positive,43.859649122807014,0.0,0.0,0.0,0.0,0.0,0.0,0.0,False
explainlikeimfive,negative,negative,25.0,0.0,0.0,0.0,0.0,0.0,0.0,0.0,False
explainlikeimfive,positive,positive,40.0,0.0,0.0,0.0,0.0,0.0,0.0,0.0,False
explainlikeimfive,negative,negative,42.780748663101605,2.6737967914438503,5.347593582887701,0.0,0.0,0.0,0.0,0.0,False
explainlikeimfive,negative,negative,42.10526315789473,0.0,0.0,0.0,0.0,0.0,0.0,0.0,False
explainlikeimfive,neutral,neutral,50.0,0.0,0.0,0.0,0.0,0.0,0.0,0.0,False
explainlikeimfive,positive,positive,46.51162790697674,0.0,0.0,0.0,0.0,0.0,0.0,0.0,False
explainlikeimfive,positive,positive,41.45077720207254,0.0,0.0,0.0,0.0,0.0,0.0,0.0,False
explainlikeimfive,negative,negative,30.434782608695652,0.0,4.3478260869565215,0.0,0.0,0.0,0.0,0.0,False
explainlikeimfive,positive,positive,50.595238095238095,0.0,0.0,0.0,0.0,0.0,0.0,0.0,False
explainlikeimfive,negative,negative,109.58904109589041,0.0,0.0,0.0,0.0,0.0,0.0,0.0,False
explainlikeimfive,positive,positive,66.21004566210046,0.0,0.0,0.0,0.0,0.0,0.0,0.0,False
explainlikeimfive,positive,positive,41.666666666666664,0.0,0.0,4.62962962962963,0.0,0.0,0.0,0.0,False
explainlikeimfive,positive,positive,83.33333333333333,0.0,0.0,0.0,0.0,0.0,0.0,0.0,False
explainlikeimfive,positive,positive,62.5,0.0,0.0,0.0,0.0,0.0,0.0,0.0,False
explainlikeimfive,positive,positive,44.44444444444444,0.0,0.0,0.0,0.0,0.0,0.0,0.0,False
explainlikeimfive,positive,positive,61.72839506172839,0.0,0.0,0.0,0.0,0.0,0.0,0.0,False
explainlikeimfive,positive,positive,58.13953488372093,0.0,0.0,0.0,0.0,0.0,0.0,0.0,False
explainlikeimfive,negative,negative,35.714285714285715,0.0,0.0,0.0,0.0,0.0,0.0,0.0,False
explainlikeimfive,positive,positive,73.97260273972603,0.0,2.73972602739726,0.0,0.0,0.0,0.0,0.0,False
explainlikeimfive,negative,negative,17.587939698492463,0.0,5.025125628140704,0.0,0.0,0.0,0.0,0.0,False
explainlikeimfive,positive,positive,48.048048048048045,0.0,0.0,6.006006006006006,0.0,0.0,0.0,0.0,False
explainlikeimfive,positive,positive,57.971014492753625,0.0,0.0,0.0,0.0,0.0,0.0,0.0,False
explainlikeimfive,positive,positive,29.850746268656717,0.0,0.0,0.0,0.0,0.0,0.0,0.0,False
explainlikeimfive,negative,negative,43.79562043795621,0.0,0.0,7.299270072992701,0.0,0.0,0.0,0.0,False
explainlikeimfive,positive,positive,64.1025641025641,0.0,0.0,0.0,0.0,0.0,0.0,0.0,False
explainlikeimfive,negative,negative,50.505050505050505,0.0,10.101010101010102,0.0,0.0,0.0,0.0,0.0,False
explainlikeimfive,positive,positive,51.02040816326531,0.0,0.0,0.0,0.0,0.0,0.0,0.0,False
explainlikeimfive,positive,positive,0.0,0.0,0.0,0.0,0.0,0.0,0.0,0.0,False
explainlikeimfive,positive,positive,31.25,0.0,0.0,13.392857142857142,0.0,0.0,0.0,0.0,False
explainlikeimfive,positive,positive,53.763440860215056,0.0,10.752688172043012,0.0,0.0,0.0,0.0,0.0,False
explainlikeimfive,negative,negative,51.948051948051955,0.0,0.0,0.0,0.0,0.0,0.0,0.0,False
explainlikeimfive,positive,positive,23.25581395348837,0.0,0.0,0.0,0.0,0.0,0.0,0.0,False
explainlikeimfive,negative,negative,39.6600566572238,0.0,0.0,0.0,0.0,0.0,0.0,0.0,False
explainlikeimfive,positive,positive,55.666003976143145,1.9880715705765406,7.952286282306162,0.0,0.0,0.0,0.0,0.0,False
explainlikeimfive,negative,negative,32.128514056224894,4.016064257028112,4.016064257028112,0.0,0.0,0.0,0.0,0.0,False
explainlikeimfive,neutral,neutral,0.0,0.0,66.66666666666667,0.0,0.0,0.0,0.0,0.0,False
explainlikeimfive,positive,positive,53.57142857142857,0.0,0.0,0.0,0.0,0.0,0.0,0.0,False
explainlikeimfive,positive,positive,54.6875,0.0,0.0,0.0,0.0,0.0,0.0,0.0,False
explainlikeimfive,positive,positive,56.33802816901409,0.0,2.347417840375587,2.347417840375587,0.0,0.0,0.0,0.0,False
explainlikeimfive,positive,positive,39.58333333333333,10.416666666666666,0.0,0.0,0.0,0.0,0.0,0.0,False
explainlikeimfive,positive,positive,46.97986577181208,0.0,0.0,0.0,0.0,0.0,0.0,0.0,False
explainlikeimfive,negative,negative,40.0,0.0,0.0,0.0,0.0,0.0,0.0,0.0,False
explainlikeimfive,negative,negative,47.16981132075472,0.0,0.0,0.0,0.0,0.0,0.0,0.0,False
explainlikeimfive,positive,positive,27.777777777777775,0.0,13.888888888888888,0.0,0.0,0.0,0.0,0.0,False
explainlikeimfive,positive,positive,50.2092050209205,0.0,0.0,0.0,0.0,0.0,0.0,0.0,False
explainlikeimfive,negative,negative,43.47826086956522,0.0,0.0,0.0,0.0,0.0,0.0,0.0,False
explainlikeimfive,positive,positive,29.940119760479043,0.0,0.0,0.0,0.0,0.0,0.0,0.0,False
explainlikeimfive,positive,positive,42.19409282700422,0.0,0.0,0.0,0.0,0.0,0.0,0.0,False
explainlikeimfive,positive,positive,76.92307692307693,0.0,0.0,0.0,0.0,0.0,0.0,0.0,False
explainlikeimfive,positive,positive,40.37267080745342,0.0,1.5527950310559004,7.763975155279503,0.0,0.0,0.0,0.0,False
explainlikeimfive,positive,positive,45.146726862302486,0.0,0.0,0.0,0.0,0.0,0.0,0.0,False
explainlikeimfive,positive,positive,51.344743276283616,4.88997555012225,7.334963325183374,2.444987775061125,0.0,0.0,0.0,0.0,False
explainlikeimfive,positive,positive,56.60377358490566,0.0,0.0,0.0,0.0,0.0,0.0,0.0,False
explainlikeimfive,positive,positive,40.880503144654085,0.0,0.0,0.0,0.0,0.0,0.0,0.0,False
explainlikeimfive,positive,positive,46.875,7.8125,0.0,0.0,0.0,0.0,0.0,0.0,False
explainlikeimfive,positive,positive,41.23711340206186,0.0,0.0,0.0,0.0,0.0,0.0,0.0,False
explainlikeimfive,positive,positive,88.47184986595174,5.361930294906166,0.0,0.0,0.0,0.0,0.0,0.0,False
explainlikeimfive,positive,positive,25.157232704402517,0.0,0.0,0.0,0.0,0.0,0.0,0.0,False
explainlikeimfive,negative,negative,48.23151125401929,0.0,0.0,0.0,0.0,0.0,0.0,0.0,False
explainlikeimfive,positive,positive,51.28205128205128,0.0,0.0,0.0,0.0,0.0,0.0,0.0,False
explainlikeimfive,positive,positive,46.25850340136054,2.7210884353741496,1.3605442176870748,0.0,0.0,0.0,0.0,0.0,False
explainlikeimfive,negative,negative,83.33333333333333,0.0,0.0,0.0,0.0,0.0,0.0,0.0,False
explainlikeimfive,negative,negative,66.66666666666667,0.0,0.0,0.0,0.0,0.0,0.0,0.0,False
explainlikeimfive,positive,positive,26.08695652173913,0.0,0.0,0.0,0.0,0.0,0.0,0.0,False
explainlikeimfive,positive,positive,86.41975308641975,0.0,0.0,0.0,0.0,0.0,0.0,0.0,False
explainlikeimfive,negative,negative,45.060658578856156,0.0,0.0,0.0,0.0,0.0,0.0,0.0,False
explainlikeimfive,negative,negative,62.85714285714286,0.0,0.0,0.0,0.0,0.0,0.0,0.0,False
explainlikeimfive,positive,positive,125.0,31.25,0.0,0.0,0.0,0.0,0.0,0.0,False
explainlikeimfive,positive,positive,39.21568627450981,0.0,0.0,0.0,0.0,0.0,0.0,0.0,False
explainlikeimfive,negative,negative,24.390243902439025,0.0,0.0,0.0,0.0,0.0,0.0,0.0,False
explainlikeimfive,positive,positive,58.13953488372093,0.0,0.0,0.0,0.0,0.0,0.0,0.0,False
explainlikeimfive,positive,positive,34.54545454545455,0.0,3.6363636363636362,0.0,0.0,0.0,0.0,0.0,False
explainlikeimfive,negative,negative,48.0,0.0,0.0,0.0,0.0,0.0,0.0,0.0,False
explainlikeimfive,negative,negative,42.05607476635514,0.0,0.0,0.0,0.0,0.0,0.0,0.0,False
explainlikeimfive,neutral,neutral,40.816326530612244,0.0,0.0,0.0,0.0,0.0,0.0,0.0,False
explainlikeimfive,negative,negative,48.8599348534202,0.0,6.514657980456026,0.0,0.0,0.0,0.0,0.0,False
explainlikeimfive,positive,positive,50.505050505050505,0.0,0.0,0.0,0.0,0.0,0.0,0.0,False
explainlikeimfive,positive,positive,88.23529411764706,0.0,0.0,0.0,0.0,0.0,0.0,0.0,False
explainlikeimfive,positive,positive,35.820895522388064,0.0,0.0,0.0,0.0,0.0,0.0,0.0,False
explainlikeimfive,positive,positive,48.19277108433735,0.0,0.0,0.0,0.0,0.0,0.0,0.0,False
explainlikeimfive,positive,positive,45.19774011299435,5.649717514124294,5.649717514124294,0.0,0.0,0.0,0.0,0.0,False
explainlikeimfive,positive,positive,60.24096385542169,0.0,0.0,0.0,0.0,0.0,0.0,0.0,False
explainlikeimfive,negative,negative,33.333333333333336,0.0,33.333333333333336,0.0,0.0,0.0,0.0,0.0,False
explainlikeimfive,negative,negative,65.93406593406594,0.0,0.0,0.0,0.0,0.0,0.0,0.0,False
explainlikeimfive,positive,positive,47.90419161676647,0.0,0.0,0.0,0.0,0.0,0.0,0.0,False
explainlikeimfive,positive,positive,55.19480519480519,0.0,3.246753246753247,0.0,0.0,0.0,0.0,0.0,False
explainlikeimfive,positive,positive,39.735099337748345,0.0,0.0,0.0,0.0,0.0,0.0,0.0,False
explainlikeimfive,positive,positive,24.291497975708502,6.0728744939271255,0.0,4.048582995951417,0.0,0.0,0.0,0.0,False
explainlikeimfive,positive,positive,26.785714285714285,0.0,8.928571428571429,0.0,0.0,0.0,0.0,0.0,False
explainlikeimfive,positive,positive,62.5,0.0,0.0,0.0,0.0,0.0,0.0,0.0,False
explainlikeimfive,negative,negative,57.69230769230769,0.0,0.0,0.0,0.0,0.0,0.0,0.0,False
explainlikeimfive,negative,negative,56.33802816901409,0.0,0.0,0.0,0.0,0.0,0.0,0.0,False
explainlikeimfive,positive,neutral,45.20396912899669,1.1025358324145536,1.1025358324145536,14.332965821389196,0.0,0.0,0.0,0.0,True
explainlikeimfive,positive,positive,50.3875968992248,0.0,0.0,0.0,0.0,0.0,0.0,0.0,False
explainlikeimfive,positive,positive,24.390243902439025,0.0,0.0,0.0,0.0,0.0,0.0,0.0,False
explainlikeimfive,positive,positive,58.020477815699664,0.0,0.0,0.0,0.0,0.0,0.0,0.0,False
explainlikeimfive,positive,positive,27.397260273972602,0.0,6.8493150684931505,0.0,0.0,0.0,0.0,0.0,False
explainlikeimfive,positive,positive,62.33766233766234,0.0,0.0,0.0,0.0,0.0,0.0,0.0,False
explainlikeimfive,positive,positive,31.746031746031743,0.0,0.0,23.809523809523807,0.0,0.0,0.0,0.0,False
explainlikeimfive,neutral,neutral,34.96503496503497,0.0,0.0,0.0,0.0,0.0,0.0,0.0,False
explainlikeimfive,negative,negative,44.60966542750929,0.0,14.869888475836431,0.0,0.0,0.0,0.0,0.0,False
explainlikeimfive,positive,positive,39.301310043668124,0.0,0.0,0.0,0.0,0.0,0.0,0.0,False
explainlikeimfive,negative,negative,85.9375,0.0,0.0,0.0,0.0,0.0,0.0,0.0,False
explainlikeimfive,negative,negative,54.054054054054056,0.0,0.0,0.0,0.0,0.0,0.0,0.0,False
explainlikeimfive,neutral,neutral,0.0,0.0,0.0,0.0,0.0,0.0,0.0,0.0,False
explainlikeimfive,positive,positive,46.875,0.0,0.0,0.0,0.0,0.0,0.0,0.0,False
explainlikeimfive,negative,negative,65.57377049180329,0.0,0.0,0.0,0.0,0.0,0.0,0.0,False
explainlikeimfive,positive,positive,52.63157894736842,0.0,0.0,0.0,0.0,0.0,0.0,0.0,False
explainlikeimfive,negative,negative,68.80733944954129,0.0,0.0,0.0,0.0,0.0,0.0,0.0,False
explainlikeimfive,positive,positive,31.645569620253166,0.0,0.0,0.0,0.0,0.0,0.0,0.0,False
explainlikeimfive,negative,negative,35.23489932885906,0.0,0.0,0.0,0.0,0.0,0.0,0.0,False
explainlikeimfive,negative,negative,66.66666666666667,0.0,0.0,5.128205128205129,0.0,0.0,0.0,0.0,False
explainlikeimfive,negative,negative,47.61904761904761,0.0,0.0,0.0,0.0,0.0,0.0,0.0,False
explainlikeimfive,positive,positive,52.083333333333336,0.0,0.0,0.0,0.0,0.0,0.0,0.0,False
explainlikeimfive,positive,positive,15.384615384615385,61.53846153846154,15.384615384615385,0.0,0.0,15.384615384615385,0.0,0.0,False
explainlikeimfive,negative,negative,25.0,0.0,0.0,0.0,0.0,0.0,0.0,0.0,False
explainlikeimfive,negative,negative,56.074766355140184,0.0,0.0,9.345794392523365,0.0,0.0,0.0,0.0,False
explainlikeimfive,negative,negative,84.11214953271028,0.0,0.0,0.0,0.0,0.0,0.0,0.0,False
explainlikeimfive,negative,negative,50.17921146953405,14.336917562724015,3.5842293906810037,0.0,0.0,0.0,0.0,0.0,False
explainlikeimfive,negative,negative,43.0622009569378,0.0,4.784688995215311,4.784688995215311,0.0,0.0,0.0,0.0,False
explainlikeimfive,positive,positive,21.505376344086024,0.0,0.0,0.0,0.0,0.0,0.0,0.0,False
explainlikeimfive,negative,negative,66.66666666666667,0.0,0.0,0.0,0.0,0.0,0.0,0.0,False
explainlikeimfive,negative,negative,42.42424242424243,12.121212121212121,9.09090909090909,9.09090909090909,0.0,0.0,0.0,0.0,False
explainlikeimfive,negative,negative,63.15789473684211,0.0,0.0,0.0,0.0,0.0,0.0,0.0,False
explainlikeimfive,negative,negative,45.87155963302752,0.0,0.0,0.0,0.0,0.0,0.0,0.0,False
explainlikeimfive,negative,negative,65.78947368421052,0.0,0.0,0.0,0.0,0.0,0.0,0.0,False
explainlikeimfive,negative,negative,38.61003861003861,0.0,0.0,0.0,0.0,0.0,0.0,0.0,False
explainlikeimfive,negative,negative,36.144578313253014,0.0,0.0,0.0,0.0,0.0,0.0,0.0,False
explainlikeimfive,positive,positive,49.18032786885246,8.196721311475411,0.0,8.196721311475411,0.0,0.0,0.0,0.0,False
explainlikeimfive,negative,negative,44.145873320537426,0.0,0.0,0.0,0.0,0.0,0.0,0.0,False
explainlikeimfive,positive,positive,47.24409448818898,0.0,0.0,7.874015748031496,0.0,0.0,0.0,0.0,False
explainlikeimfive,negative,negative,40.983606557377044,0.0,0.0,0.0,0.0,0.0,0.0,0.0,False
explainlikeimfive,positive,positive,40.0,0.0,0.0,0.0,0.0,0.0,0.0,0.0,False
explainlikeimfive,positive,positive,52.18216318785579,0.9487666034155597,1.8975332068311195,1.8975332068311195,0.0,0.0,0.0,0.0,False
explainlikeimfive,positive,positive,11.834319526627219,0.0,0.0,5.9171597633136095,0.0,0.0,0.0,0.0,False
explainlikeimfive,positive,positive,48.611111111111114,0.0,0.0,0.0,0.0,0.0,0.0,0.0,False
explainlikeimfive,negative,negative,48.19277108433735,0.0,0.0,0.0,0.0,0.0,0.0,0.0,False
explainlikeimfive,positive,positive,37.47072599531616,2.34192037470726,0.0,0.0,0.0,0.0,0.0,0.0,False
explainlikeimfive,positive,positive,31.818181818181817,0.0,4.545454545454545,0.0,0.0,0.0,0.0,0.0,False
explainlikeimfive,negative,negative,61.40350877192982,0.0,0.0,0.0,0.0,0.0,0.0,0.0,False
explainlikeimfive,negative,negative,22.727272727272727,0.0,0.0,0.0,0.0,0.0,0.0,0.0,False
explainlikeimfive,positive,positive,39.85507246376811,3.6231884057971016,10.869565217391305,0.0,0.0,0.0,0.0,0.0,False
explainlikeimfive,negative,negative,69.8529411764706,3.676470588235294,7.352941176470588,0.0,0.0,0.0,0.0,0.0,False
explainlikeimfive,positive,positive,62.93706293706294,0.0,0.0,0.0,0.0,0.0,0.0,0.0,False
explainlikeimfive,positive,positive,54.140127388535035,0.0,0.0,0.0,0.0,0.0,0.0,0.0,False
explainlikeimfive,positive,positive,43.63001745200698,1.7452006980802792,6.980802792321117,1.7452006980802792,0.0,0.0,0.0,0.0,False
explainlikeimfive,positive,positive,64.51612903225806,0.0,0.0,0.0,0.0,0.0,0.0,0.0,False
explainlikeimfive,positive,positive,47.16981132075472,0.0,0.0,0.0,0.0,0.0,0.0,0.0,False
explainlikeimfive,positive,positive,44.87179487179487,0.0,0.0,0.0,0.0,0.0,0.0,0.0,False
explainlikeimfive,positive,positive,44.44444444444444,0.0,0.0,0.0,0.0,0.0,0.0,0.0,False
explainlikeimfive,negative,negative,53.57142857142857,0.0,0.0,0.0,0.0,0.0,0.0,0.0,False
explainlikeimfive,negative,negative,61.224489795918366,0.0,0.0,0.0,0.0,0.0,0.0,0.0,False
explainlikeimfive,neutral,neutral,40.0,0.0,0.0,0.0,0.0,0.0,0.0,0.0,False
explainlikeimfive,positive,positive,87.1369294605809,0.0,0.0,0.0,0.0,0.0,0.0,0.0,False
explainlikeimfive,positive,positive,39.473684210526315,0.0,0.0,0.0,0.0,0.0,0.0,0.0,False
explainlikeimfive,negative,negative,26.385224274406333,0.0,2.638522427440633,0.0,0.0,0.0,0.0,0.0,False
explainlikeimfive,positive,positive,49.18032786885246,0.0,0.0,0.0,0.0,0.0,0.0,0.0,False
explainlikeimfive,positive,positive,37.59942154736081,0.0,0.0,1.4461315979754157,0.0,0.0,0.0,0.0,False
explainlikeimfive,positive,positive,63.29113924050633,0.0,0.0,0.0,0.0,0.0,0.0,0.0,False
explainlikeimfive,negative,negative,33.333333333333336,0.0,0.0,11.11111111111111,0.0,0.0,0.0,0.0,False
explainlikeimfive,positive,positive,92.59259259259258,0.0,0.0,0.0,0.0,0.0,0.0,0.0,False
explainlikeimfive,negative,negative,54.21686746987952,0.0,0.0,0.0,0.0,0.0,0.0,0.0,False
explainlikeimfive,positive,positive,76.64233576642336,0.0,0.0,0.0,0.0,0.0,0.0,0.0,False
explainlikeimfive,positive,positive,44.44444444444444,0.0,0.0,0.0,0.0,0.0,0.0,0.0,False
explainlikeimfive,positive,positive,47.76119402985075,0.0,2.985074626865672,2.985074626865672,0.0,0.0,0.0,0.0,False
explainlikeimfive,positive,positive,57.25190839694656,0.0,0.0,0.0,0.0,0.0,0.0,0.0,False
explainlikeimfive,positive,positive,73.68421052631578,0.0,0.0,0.0,0.0,0.0,0.0,0.0,False
explainlikeimfive,positive,positive,62.5,0.0,0.0,0.0,0.0,0.0,0.0,0.0,False
explainlikeimfive,negative,negative,80.53691275167785,0.0,6.7114093959731544,0.0,0.0,0.0,0.0,0.0,False
explainlikeimfive,positive,positive,53.57142857142857,0.0,17.857142857142858,0.0,0.0,0.0,0.0,0.0,False
explainlikeimfive,positive,positive,63.82978723404255,0.0,0.0,0.0,0.0,0.0,0.0,0.0,False
explainlikeimfive,positive,positive,37.87878787878788,7.575757575757576,0.0,0.0,0.0,0.0,0.0,0.0,False
explainlikeimfive,positive,positive,48.611111111111114,0.0,0.0,0.0,0.0,0.0,0.0,0.0,False
explainlikeimfive,positive,positive,70.51282051282051,9.615384615384617,0.0,0.0,0.0,3.205128205128205,0.0,0.0,False
explainlikeimfive,positive,positive,52.63157894736842,0.0,0.0,0.0,0.0,0.0,0.0,0.0,False
explainlikeimfive,positive,positive,48.8599348534202,0.0,3.257328990228013,0.0,0.0,0.0,0.0,0.0,False
explainlikeimfive,positive,positive,43.20987654320987,0.0,0.0,0.0,0.0,0.0,0.0,0.0,False
explainlikeimfive,negative,negative,50.2283105022831,0.0,0.0,0.0,0.0,0.0,0.0,0.0,False
explainlikeimfive,negative,negative,33.088235294117645,0.0,0.0,14.705882352941176,0.0,0.0,0.0,0.0,False
explainlikeimfive,positive,positive,51.16279069767442,0.0,4.651162790697675,0.0,0.0,0.0,0.0,0.0,False
explainlikeimfive,negative,negative,48.24561403508772,0.0,4.385964912280701,0.0,0.0,0.0,0.0,0.0,False
explainlikeimfive,positive,positive,41.92546583850932,0.0,0.0,0.0,0.0,0.0,0.0,0.0,False
explainlikeimfive,positive,positive,44.642857142857146,0.0,0.0,0.0,0.0,0.0,0.0,0.0,False
explainlikeimfive,positive,positive,45.936395759717314,0.0,0.0,0.0,0.0,0.0,0.0,0.0,False
explainlikeimfive,positive,positive,67.56756756756756,0.0,0.0,0.0,0.0,0.0,0.0,0.0,False
explainlikeimfive,positive,positive,41.666666666666664,0.0,0.0,0.0,0.0,0.0,0.0,0.0,False
explainlikeimfive,positive,positive,60.10016694490818,3.33889816360601,3.33889816360601,0.0,0.0,0.0,0.0,0.0,False
explainlikeimfive,positive,positive,59.32203389830509,2.824858757062147,0.0,0.0,0.0,0.0,0.0,0.0,False
explainlikeimfive,positive,positive,34.48275862068965,0.0,0.0,0.0,0.0,0.0,0.0,0.0,False
explainlikeimfive,positive,positive,49.504950495049506,0.0,0.0,0.0,0.0,0.0,0.0,0.0,False
explainlikeimfive,positive,positive,52.63157894736842,0.0,0.0,0.0,0.0,0.0,0.0,0.0,False
explainlikeimfive,positive,positive,25.974025974025977,0.0,12.987012987012989,0.0,0.0,0.0,0.0,0.0,False
explainlikeimfive,positive,positive,47.12041884816754,0.0,10.471204188481677,0.0,0.0,0.0,0.0,0.0,False
explainlikeimfive,negative,negative,52.63157894736842,0.0,0.0,0.0,0.0,0.0,0.0,0.0,False
explainlikeimfive,neutral,neutral,54.6875,0.0,0.0,0.0,0.0,0.0,0.0,0.0,False
explainlikeimfive,positive,positive,44.776119402985074,0.0,0.0,0.0,0.0,0.0,0.0,0.0,False
explainlikeimfive,positive,positive,33.898305084745765,0.0,0.0,0.0,0.0,0.0,0.0,0.0,False
